rank,track_name,artist_name,playcount,playcount_pct
1,Coney Island Baby,Lou Reed,80,0.19
2,Beetlebum,Blur,73,0.17
3,Oh Darling,Supertramp,71,0.17
4,That's Life,Frank Sinatra,69,0.16
5,City Lights,Lou Reed,69,0.16
6,Proud Mary,Creedence Clearwater Revival,66,0.15
7,Life on Mars?,David Bowie,62,0.15
8,Metal Gods,Judas Priest,58,0.14
9,This Is a Low,Blur,56,0.13
10,Once In The Morning,Diana Ross,54,0.13
11,The Boss,Diana Ross,53,0.12
12,Tenderness,Diana Ross,51,0.12
13,Goodbye Stranger,Supertramp,51,0.12
14,I'm Coming Out,Diana Ross,49,0.12
15,Casual Conversations,Supertramp,48,0.11
16,Fantastic Voyage,David Bowie,46,0.11
17,Gimme Some Truth,John Lennon,46,0.11
18,Have Fun (Again),Diana Ross,45,0.11
19,I Ain't Been Licked,Diana Ross,45,0.11
20,Hold On,John Lennon,45,0.11
21,Home Tonight,Aerosmith,44,0.1
22,I'm In The World,Diana Ross,44,0.1
23,The Blue Mask,Lou Reed,44,0.1
24,Grinder,Judas Priest,43,0.1
25,Turn to Stone,Electric Light Orchestra,41,0.1
26,Thought I Was a Spaceman,Blur,40,0.09
27,Sparkle,Diana Ross,40,0.09
28,A Gift,Lou Reed,40,0.09
29,Isn't She Lovely,Stevie Wonder,40,0.09
30,Joy Inside My Tears,Stevie Wonder,40,0.09
31,Badhead,Blur,39,0.09
32,It's My House,Diana Ross,39,0.09
33,Living After Midnight,Judas Priest,39,0.09
34,Gigantic,Pixies,39,0.09
35,Song 2,Blur,38,0.09
36,Ride Into The Sun,Lou Reed,38,0.09
37,She's My Best Friend,Lou Reed,38,0.09
38,Cool Cat,Queen,38,0.09
39,Karma Police,Radiohead,38,0.09
40,Light My Fire,The Doors,38,0.09
41,The End,The Doors,37,0.09
42,Starlight,Electric Light Orchestra,36,0.08
43,Don't Look Back in Anger,Oasis,36,0.08
44,Space Oddity,David Bowie,35,0.08
45,Berlin,Lou Reed,35,0.08
46,Waves Of Fear,Lou Reed,35,0.08
47,The Weight,The Band,34,0.08
48,Blue Sunday,The Doors,34,0.08
49,Indian Summer,The Doors,34,0.08
50,Dancing in the Moonlight,Thin Lizzy,34,0.08
51,Chemical World,Blur,33,0.08
52,You're So Great,Blur,33,0.08
53,How Do You Think It Feels,Lou Reed,33,0.08
54,Goodnight Tonight,Paul McCartney,33,0.08
55,Knocks Me Off My Feet,Stevie Wonder,33,0.08
56,Alabama Song (Whisky Bar),The Doors,33,0.08
57,"Yes Sir, No Sir",The Kinks,33,0.08
58,Parklife,Blur,32,0.08
59,Average Guy,Lou Reed,32,0.08
60,Heavenly Arms,Lou Reed,32,0.08
61,"Oh, Jim",Lou Reed,32,0.08
62,Velouria,Pixies,32,0.08
63,Break on Through (to the Other Side),The Doors,32,0.08
64,The Crystal Ship,The Doors,32,0.08
65,Clover Over Dover,Blur,31,0.07
66,The Universal,Blur,31,0.07
67,Tracy Jacks,Blur,31,0.07
68,All For One,Diana Ross,31,0.07
69,What You Gave Me,Diana Ross,31,0.07
70,Soul Kitchen,The Doors,31,0.07
71,End of a Century,Blur,30,0.07
72,To the End,Blur,30,0.07
73,Jamming,Bob Marley,30,0.07
74,Mind Games,John Lennon,30,0.07
75,Sad Song,Lou Reed,30,0.07
76,You're My Best Friend,Queen,30,0.07
77,Take the Long Way Home,Supertramp,30,0.07
78,Spanish Bombs,The Clash,30,0.07
79,End of the Night,The Doors,30,0.07
80,I Looked at You,The Doors,30,0.07
81,Southbound,Thin Lizzy,30,0.07
82,For Tomorrow,Blur,29,0.07
83,Jubilee,Blur,29,0.07
84,Back Door Man,The Doors,29,0.07
85,Queen of the Highway,The Doors,29,0.07
86,Take It as It Comes,The Doors,29,0.07
87,Twentieth Century Fox,The Doors,29,0.07
88,Bank Holiday,Blur,28,0.07
89,Girls & Boys,Blur,28,0.07
90,Theme From New York New York,Frank Sinatra,28,0.07
91,You Don't Have To Be Old To Be,Judas Priest,28,0.07
92,Nangs,Tame Impala,28,0.07
93,Mr. Churchill Says,The Kinks,28,0.07
94,Dear Heart,Thin Lizzy,28,0.07
95,Ghost Ship,Blur,27,0.06
96,There Are Too Many of Us,Blur,27,0.06
97,No One Gets The Prize,Diana Ross,27,0.06
98,Barriers,Suede,27,0.06
99,Feels Like We Only Go Backwards,Tame Impala,27,0.06
100,Nothing To Say,The Kinks,27,0.06
101,Fight or Fall,Thin Lizzy,27,0.06
102,The Boys Are Back in Town,Thin Lizzy,27,0.06
103,Charmless Man,Blur,26,0.06
104,Trouble in the Message Centre,Blur,26,0.06
105,Villa Rosie,Blur,26,0.06
106,Mulder and Scully,Catatonia,26,0.06
107,Low,Coldplay,26,0.06
108,Wrote a Song for Everyone,Creedence Clearwater Revival,26,0.06
109,A New Career in a New Town,David Bowie,26,0.06
110,Soul Love,David Bowie,26,0.06
111,Imagine,John Lennon,26,0.06
112,Jealous Guy,John Lennon,26,0.06
113,Breaking the Law,Judas Priest,26,0.06
114,No Surprises,Radiohead,26,0.06
115,Love So Right,Bee Gees,25,0.06
116,Far Out,Blur,25,0.06
117,Go Out,Blur,25,0.06
118,Sons of the Silent Age,David Bowie,25,0.06
119,Where Are We Now?,David Bowie,25,0.06
120,Midnight Train to Georgia,Gladys Knight & The Pips,25,0.06
121,United,Judas Priest,25,0.06
122,Men of Good Fortune,Lou Reed,25,0.06
123,Bohemian Rhapsody,Queen,25,0.06
124,Sir Duke,Stevie Wonder,25,0.06
125,Trash,Suede,25,0.06
126,The Logical Song,Supertramp,25,0.06
127,Peace Frog,The Doors,25,0.06
128,Roadhouse Blues,The Doors,25,0.06
129,Waiting for the Sun,The Doors,25,0.06
130,Subway,Bee Gees,24,0.06
131,Coffee & TV,Blur,24,0.06
132,Lot 105,Blur,24,0.06
133,Ong Ong,Blur,24,0.06
134,The Debt Collector,Blur,24,0.06
135,Hungry Heart,Bruce Springsteen,24,0.06
136,"""Heroes""",David Bowie,24,0.06
137,D.J.,David Bowie,24,0.06
138,Welcome to the World of the Plastic Beach,Gorillaz,24,0.06
139,Lady Day,Lou Reed,24,0.06
140,Satellite of Love,Lou Reed,24,0.06
141,Off the Wall,Michael Jackson,24,0.06
142,Where Is My Mind?,Pixies,24,0.06
143,Ship of Fools,The Doors,24,0.06
144,"Yes, the River Knows",The Doors,24,0.06
145,You Make Me Real,The Doors,24,0.06
146,Dear Lord,Thin Lizzy,24,0.06
147,Downtown Sundown,Thin Lizzy,24,0.06
148,Advert,Blur,23,0.05
149,Colin Zeal,Blur,23,0.05
150,London Loves,Blur,23,0.05
151,Lonesome Street,Blur,23,0.05
152,Magic America,Blur,23,0.05
153,Isolation,John Lennon,23,0.05
154,I Want to Boogie With You,Lou Reed,23,0.05
155,Allison,Pixies,23,0.05
156,We Are the Champions,Queen,23,0.05
157,The Tourist,Radiohead,23,0.05
158,Born to Be Wild,Steppenwolf,23,0.05
159,Golden Lady,Stevie Wonder,23,0.05
160,Just Like a Woman,Bob Dylan,22,0.05
161,Bennie and the Jets,Elton John,22,0.05
162,Bad Bad Leroy Brown,Frank Sinatra,22,0.05
163,Moon River,Frank Sinatra,22,0.05
164,My Way,Frank Sinatra,22,0.05
165,Last Living Souls,Gorillaz,22,0.05
166,Bittersweet Bundle Of Misery,Graham Coxon,22,0.05
167,Virtual Insanity,Jamiroquai,22,0.05
168,Nobody Loves You (When You're Down and Out),John Lennon,22,0.05
169,Steeler,Judas Priest,22,0.05
170,Letter to Memphis,Pixies,22,0.05
171,Sexy Sadie,The Beatles,22,0.05
172,Land Ho,The Doors,22,0.05
173,Children Of The World,Bee Gees,21,0.05
174,I Broadcast,Blur,21,0.05
175,I Am the Mob,Catatonia,21,0.05
176,Bad Moon Rising,Creedence Clearwater Revival,21,0.05
177,Upside Down,Diana Ross,21,0.05
178,Last Train to London,Electric Light Orchestra,21,0.05
179,Cosmic Girl,Jamiroquai,21,0.05
180,Intuition,John Lennon,21,0.05
181,Evening Star,Judas Priest,21,0.05
182,Sudden Ray of Hope,Mercury Rev,21,0.05
183,Champagne Supernova,Oasis,21,0.05
184,Too Young,Phoenix,21,0.05
185,The Great Gig in the Sky,Pink Floyd,21,0.05
186,Dishes,Pulp,21,0.05
187,Condena De Amor,Radio Futura,21,0.05
188,The Spy,The Doors,21,0.05
189,Showdown,Thin Lizzy,21,0.05
190,Blue Jeans,Blur,20,0.05
191,Sunday Sunday,Blur,20,0.05
192,Road Rage,Catatonia,20,0.05
193,My Old Piano,Diana Ross,20,0.05
194,The Whale,Electric Light Orchestra,20,0.05
195,Mack the Knife,Frank Sinatra,20,0.05
196,Busted and Blue,Gorillaz,20,0.05
197,Spend a Lifetime,Jamiroquai,20,0.05
198,Rapid Fire,Judas Priest,20,0.05
199,The Rage,Judas Priest,20,0.05
200,Kill Your Sons,Lou Reed,20,0.05
201,First-Time Mothers Joy (Flying),Mercury Rev,20,0.05
202,Rock with You,Michael Jackson,20,0.05
203,Live to Win,Motörhead,20,0.05
204,Some Might Say,Oasis,20,0.05
205,Something Changed,Pulp,20,0.05
206,Creepin',Stevie Wonder,20,0.05
207,He's Misstra Know-It-All,Stevie Wonder,20,0.05
208,Child of Vision,Supertramp,20,0.05
209,Gone Hollywood,Supertramp,20,0.05
210,Something,The Beatles,20,0.05
211,Maggie M'Gill,The Doors,20,0.05
212,Shangri-La,The Kinks,20,0.05
213,Death on the Stairs,The Libertines,20,0.05
214,Ava Adore,The Smashing Pumpkins,20,0.05
215,"One More Kiss, Dear",Vangelis,20,0.05
216,Caravan,Blur,19,0.04
217,Coping,Blur,19,0.04
218,He Thought of Cars,Blur,19,0.04
219,Pyongyang,Blur,19,0.04
220,Star Shaped,Blur,19,0.04
221,Turn It Up,Blur,19,0.04
222,I Heard It Through the Grapevine,Creedence Clearwater Revival,19,0.04
223,Courtship Dating,Crystal Castles,19,0.04
224,Nightvision,Daft Punk,19,0.04
225,Friend To Friend,Diana Ross,19,0.04
226,Strangers in the Night,Frank Sinatra,19,0.04
227,Give Me Love (Give Me Peace on Earth),George Harrison,19,0.04
228,Going Down on Love,John Lennon,19,0.04
229,"White Heat, Red Hot",Judas Priest,19,0.04
230,Across Yer Ocean,Mercury Rev,19,0.04
231,It's the Falling in Love,Michael Jackson,19,0.04
232,Lithium,Nirvana,19,0.04
233,River Euphrates,Pixies,19,0.04
234,The Happening,Pixies,19,0.04
235,Creep,Radiohead,19,0.04
236,Breakfast in America,Supertramp,19,0.04
237,Just Another Nervous Wreck,Supertramp,19,0.04
238,Lord Is It Mine,Supertramp,19,0.04
239,I Shall Be Released,The Band,19,0.04
240,I'm So Tired,The Beatles,19,0.04
241,While My Guitar Gently Weeps,The Beatles,19,0.04
242,Spanish Caravan,The Doors,19,0.04
243,Time for Heroes,The Libertines,19,0.04
244,M.O.R.,Blur,18,0.04
245,No Distance Left to Run,Blur,18,0.04
246,Crimewave,Crystal Castles,18,0.04
247,Vanished,Crystal Castles,18,0.04
248,On the Run,Electric Light Orchestra,18,0.04
249,Shine a Little Love,Electric Light Orchestra,18,0.04
250,Storms of Troubled Times,Gladys Knight & The Pips,18,0.04
251,In the Mood,Glenn Miller,18,0.04
252,Andromeda,Gorillaz,18,0.04
253,Hallelujah Money,Gorillaz,18,0.04
254,Maybe,Janis Joplin,18,0.04
255,We Used to Know,Jethro Tull,18,0.04
256,Stairway to Heaven,Led Zeppelin,18,0.04
257,When the Levee Breaks,Led Zeppelin,18,0.04
258,Spiders And Flies,Mercury Rev,18,0.04
259,She's Electric,Oasis,18,0.04
260,Steal Away,Robbie Dupree,18,0.04
261,Swallow,Sleeper,18,0.04
262,Why Won't You Make Up Your Mind?,Tame Impala,18,0.04
263,Love Street,The Doors,18,0.04
264,Australia,The Kinks,18,0.04
265,Don't Believe a Word,Thin Lizzy,18,0.04
266,Jump,Van Halen,18,0.04
267,Love Theme,Vangelis,18,0.04
268,Memories of Green,Vangelis,18,0.04
269,Bugman,Blur,17,0.04
270,Oily Water,Blur,17,0.04
271,Out of Time,Blur,17,0.04
272,Sound and Vision,David Bowie,17,0.04
273,Speed of Life,David Bowie,17,0.04
274,Give Up,Diana Ross,17,0.04
275,I'm Still Standing,Elton John,17,0.04
276,Sweet Painted Lady,Elton John,17,0.04
277,L.A. Is My Lady,Frank Sinatra,17,0.04
278,The Lady Is a Tramp,Frank Sinatra,17,0.04
279,Alone Again (Naturally),Gilbert O'Sullivan,17,0.04
280,Caroline Says I,Lou Reed,17,0.04
281,Caroline Says II,Lou Reed,17,0.04
282,Going Down,Lou Reed,17,0.04
283,The Day John Kennedy Died,Lou Reed,17,0.04
284,Holding on together,Phoenix,17,0.04
285,Time,Pink Floyd,17,0.04
286,All Over the World,Pixies,17,0.04
287,Hang Wire,Pixies,17,0.04
288,Help the Aged,Pulp,17,0.04
289,Party Hard,Pulp,17,0.04
290,We Can Talk,The Band,17,0.04
291,With a Little Help From My Friends,The Beatles,17,0.04
292,Hyacinth House,The Doors,17,0.04
293,Some Mother's Son,The Kinks,17,0.04
294,Waterloo Sunset,The Kinks,17,0.04
295,Girl From Mars,Ash,16,0.04
296,Ice Cream Man,Blur,16,0.04
297,Pressure on Julian,Blur,16,0.04
298,There's No Other Way,Blur,16,0.04
299,Bluebird Is Dead,Electric Light Orchestra,16,0.04
300,Fly Me to the Moon,Frank Sinatra,16,0.04
301,Once in a Lifetime Thing,Gladys Knight & The Pips,16,0.04
302,We Got the Power,Gorillaz,16,0.04
303,Love,John Lennon,16,0.04
304,Families,Lou Reed,16,0.04
305,The Kids,Lou Reed,16,0.04
306,Someone's Missing,MGMT,16,0.04
307,Ana,Pixies,16,0.04
308,Blown Away,Pixies,16,0.04
309,Brick Is Red,Pixies,16,0.04
310,Rock Music,Pixies,16,0.04
311,The Sad Punk,Pixies,16,0.04
312,Common People,Pulp,16,0.04
313,Happy Endings,Pulp,16,0.04
314,Don't Stop Me Now,Queen,16,0.04
315,Paranoid Android,Radiohead,16,0.04
316,Anarchy in the U.K.,Sex Pistols,16,0.04
317,It Ain't No Use,Stevie Wonder,16,0.04
318,Beautiful Ones,Suede,16,0.04
319,Sometimes I Feel I’ll Float Away,Suede,16,0.04
320,Psycho Killer,Talking Heads,16,0.04
321,Cry Baby Cry,The Beatles,16,0.04
322,Let It Be,The Beatles,16,0.04
323,Martha My Dear,The Beatles,16,0.04
324,Lola,The Kinks,16,0.04
325,Soldier of Fortune,Thin Lizzy,16,0.04
326,That Woman's Gonna Break You Heart,Thin Lizzy,16,0.04
327,Complicated Game,XTC,16,0.04
328,Death Of A Party,Blur,15,0.04
329,Mirrorball,Blur,15,0.04
330,Miss America,Blur,15,0.04
331,My Terracotta Heart,Blur,15,0.04
332,New World Towers,Blur,15,0.04
333,Tender,Blur,15,0.04
334,Is This Love,Bob Marley,15,0.04
335,Game On,Catatonia,15,0.04
336,All the Madmen,David Bowie,15,0.04
337,Kooks,David Bowie,15,0.04
338,It's Over,Electric Light Orchestra,15,0.04
339,Summer and Lightning,Electric Light Orchestra,15,0.04
340,Sweet Talkin' Woman,Electric Light Orchestra,15,0.04
341,Best Thing That Ever Happened to Me,Gladys Knight & The Pips,15,0.04
342,All Alone,Gorillaz,15,0.04
343,Tripping Over,Graham Coxon,15,0.04
344,La Casa del Misterio,Ilegales,15,0.04
345,"Better by You, Better Than Me",Judas Priest,15,0.04
346,Last Rose of Summer,Judas Priest,15,0.04
347,Stained Class,Judas Priest,15,0.04
348,Tattva,Kula Shaker,15,0.04
349,In the Light,Led Zeppelin,15,0.04
350,Make Up,Lou Reed,15,0.04
351,Perfect Day,Lou Reed,15,0.04
352,The Bed,Lou Reed,15,0.04
353,Walk on the Wild Side,Lou Reed,15,0.04
354,Opus 40,Mercury Rev,15,0.04
355,Straight Edge,NOFX,15,0.04
356,Live Forever,Oasis,15,0.04
357,Is She Weird,Pixies,15,0.04
358,Palace of the Brine,Pixies,15,0.04
359,Baby Come Back,Player,15,0.04
360,Purple Rain,Prince,15,0.04
361,Death Goes To The Disco,Pulp,15,0.04
362,Underwear,Pulp,15,0.04
363,We Will Rock You,Queen,15,0.04
364,Viajero Nocturno,Sidonie,15,0.04
365,Delicious,Sleeper,15,0.04
366,Inbetweener,Sleeper,15,0.04
367,Vegas,Sleeper,15,0.04
368,Ordinary Pain,Stevie Wonder,15,0.04
369,Drivin',The Kinks,15,0.04
370,Sway,The Rolling Stones,15,0.04
371,1979,The Smashing Pumpkins,15,0.04
372,Rolling People,The Verve,15,0.04
373,Bad Reputation,Thin Lizzy,15,0.04
374,Roads Girdle the Globe,XTC,15,0.04
375,Barbaric,Blur,14,0.03
376,St. Charles Square,Blur,14,0.03
377,The Narcissist,Blur,14,0.03
378,I Shot The Sheriff,Bob Marley,14,0.03
379,Born on the Bayou,Creedence Clearwater Revival,14,0.03
380,Knights,Crystal Castles,14,0.03
381,Lady Stardust,David Bowie,14,0.03
382,Sweet Thing,David Bowie,14,0.03
383,Instant Street,dEUS,14,0.03
384,Now That You're Gone,Diana Ross,14,0.03
385,Big Wheels,Electric Light Orchestra,14,0.03
386,Latitude 88 North (Previously Unreleased),Electric Light Orchestra,14,0.03
387,Need Her Love,Electric Light Orchestra,14,0.03
388,Tightrope,Electric Light Orchestra,14,0.03
389,My Sweet Lord,George Harrison,14,0.03
390,Where Peaceful Waters Flow,Gladys Knight & The Pips,14,0.03
391,Humility,Gorillaz,14,0.03
392,God,John Lennon,14,0.03
393,Delivering the Goods,Judas Priest,14,0.03
394,Invader,Judas Priest,14,0.03
395,Riding on the Wind,Judas Priest,14,0.03
396,Saints in Hell,Judas Priest,14,0.03
397,Celebration Day,Led Zeppelin,14,0.03
398,Claim To Fame,Lou Reed,14,0.03
399,Underneath The Bottle,Lou Reed,14,0.03
400,A Kiss from an Old Flame (A Trip to the Moon),Mercury Rev,14,0.03
401,Girlfriend,Michael Jackson,14,0.03
402,I Can't Help It,Michael Jackson,14,0.03
403,Liza and Louise,NOFX,14,0.03
404,Wonderwall,Oasis,14,0.03
405,Dig for Fire,Pixies,14,0.03
406,Havalina,Pixies,14,0.03
407,Motorway to Roswell,Pixies,14,0.03
408,The Navajo Know,Pixies,14,0.03
409,Disco 2000,Pulp,14,0.03
410,Pyrotechnician,Sleeper,14,0.03
411,Female of the Species,Space,14,0.03
412,Alright,Supergrass,14,0.03
413,Sofa (of My Lethargy),Supergrass,14,0.03
414,"Uh-Oh, Love Comes to Town",Talking Heads,14,0.03
415,Blackbird,The Beatles,14,0.03
416,In My Life,The Beatles,14,0.03
417,Nowhere Man,The Beatles,14,0.03
418,Wintertime Love,The Doors,14,0.03
419,Wishful Sinful,The Doors,14,0.03
420,Arthur,The Kinks,14,0.03
421,She's Bought A Hat Like Princess Marina,The Kinks,14,0.03
422,Situation Vacant,The Kinks,14,0.03
423,Young And Innocent Days,The Kinks,14,0.03
424,Moonlight Mile,The Rolling Stones,14,0.03
425,Killer Without a Cause,Thin Lizzy,14,0.03
426,Opium Trail,Thin Lizzy,14,0.03
427,Tears in Rain,Vangelis,14,0.03
428,Day in Day Out,XTC,14,0.03
429,Cuando te conocí,Andrés Calamaro,13,0.03
430,Loco,Andrés Calamaro,13,0.03
431,Can't Keep A Good Man Down,Bee Gees,13,0.03
432,Love Me,Bee Gees,13,0.03
433,Wind Of Change,Bee Gees,13,0.03
434,Battle,Blur,13,0.03
435,Birthday,Blur,13,0.03
436,Fade Away,Blur,13,0.03
437,Look Inside America,Blur,13,0.03
438,Movin' On,Blur,13,0.03
439,On Your Own,Blur,13,0.03
440,Popscene,Blur,13,0.03
441,Sing,Blur,13,0.03
442,The Ballad,Blur,13,0.03
443,The Heights,Blur,13,0.03
444,We've Got a File on You,Blur,13,0.03
445,Tenth Avenue Freeze-Out,Bruce Springsteen,13,0.03
446,Real World,Buzzcocks,13,0.03
447,X&Y,Coldplay,13,0.03
448,Penthouse Pauper,Creedence Clearwater Revival,13,0.03
449,xxzxcuzx me,Crystal Castles,13,0.03
450,Digital Love,Daft Punk,13,0.03
451,Be My Wife,David Bowie,13,0.03
452,Fashion,David Bowie,13,0.03
453,Look Back in Anger,David Bowie,13,0.03
454,Confusion,Electric Light Orchestra,13,0.03
455,Night in the City,Electric Light Orchestra,13,0.03
456,Steppin' Out,Electric Light Orchestra,13,0.03
457,Epic,Faith No More,13,0.03
458,For Once in My Life,Frank Sinatra,13,0.03
459,Como Un Animal,Gabinete Caligari,13,0.03
460,"Try Some, Buy Some",George Harrison,13,0.03
461,I've Got to Use My Imagination,Gladys Knight & The Pips,13,0.03
462,HillBilly Man,Gorillaz,13,0.03
463,White Light,Gorillaz,13,0.03
464,Freakin' Out,Graham Coxon,13,0.03
465,Don't Let Him Waste Your Time,Jarvis Cocker,13,0.03
466,(Just Like) Starting Over,John Lennon,13,0.03
467,Diamonds and Rust,Judas Priest,13,0.03
468,Dissident Aggressor,Judas Priest,13,0.03
469,Sinner,Judas Priest,13,0.03
470,Starbreaker,Judas Priest,13,0.03
471,You've Got Another Thing Comin',Judas Priest,13,0.03
472,Whole Lotta Love,Led Zeppelin,13,0.03
473,Be Thankful for What You've Got,Massive Attack,13,0.03
474,Love Me Like a Reptile,Motörhead,13,0.03
475,Leave It Alone,NOFX,13,0.03
476,Cast No Shadow,Oasis,13,0.03
477,Digsy's Dinner,Oasis,13,0.03
478,On Fire,Phoenix,13,0.03
479,A Saucerful of Secrets,Pink Floyd,13,0.03
480,Down to the Well,Pixies,13,0.03
481,Something Against You,Pixies,13,0.03
482,Stormy Weather,Pixies,13,0.03
483,Wave of Mutilation,Pixies,13,0.03
484,You're a Nightmare [John Peel 07/02.93] [BBC John Peel Session '78][#][,Pulp,13,0.03
485,Just,Radiohead,13,0.03
486,Subterranean Homesick Alien,Radiohead,13,0.03
487,Der Meister,Rammstein,13,0.03
488,God Save the Queen,Sex Pistols,13,0.03
489,Saturn,Stevie Wonder,13,0.03
490,New Generation,Suede,13,0.03
491,Here I Go,Syd Barrett,13,0.03
492,Life's a Gas,T. Rex,13,0.03
493,Pet Sounds,The Beach Boys,13,0.03
494,Wouldn't It Be Nice,The Beach Boys,13,0.03
495,What Goes On,The Beatles,13,0.03
496,You Won't See Me,The Beatles,13,0.03
497,Drug-Stabbing Time,The Clash,13,0.03
498,Carnation,The Jam,13,0.03
499,Here Is No Why,The Smashing Pumpkins,13,0.03
500,Blade Runner Blues,Vangelis,13,0.03
501,Main Titles,Vangelis,13,0.03
502,Outside World,XTC,13,0.03
503,Real by Reel,XTC,13,0.03
504,Scissor Man,XTC,13,0.03
505,When You're Near Me I Have Difficulty,XTC,13,0.03
506,You See Me Crying,Aerosmith,12,0.03
507,Goldfinger,Ash,12,0.03
508,Lovers,Bee Gees,12,0.03
509,Killing Yourself to Live,Black Sabbath,12,0.03
510,Paranoid,Black Sabbath,12,0.03
511,Avalon,Blur,12,0.03
512,B.L.U.R.E.M.I.,Blur,12,0.03
513,Chinese Bombs,Blur,12,0.03
514,Country House,Blur,12,0.03
515,Country Sad Ballad Man,Blur,12,0.03
516,Far Away Island,Blur,12,0.03
517,Goodbye Albert,Blur,12,0.03
518,Resigned,Blur,12,0.03
519,Russian Strings,Blur,12,0.03
520,She's So High,Blur,12,0.03
521,Strange News From Another Star,Blur,12,0.03
522,The Everglades (For Leonard),Blur,12,0.03
523,Ever Fallen in Love (With Someone You Shouldn't've)?,Buzzcocks,12,0.03
524,What If,Coldplay,12,0.03
525,Graveyard Train,Creedence Clearwater Revival,12,0.03
526,Alice Practice,Crystal Castles,12,0.03
527,Changes,David Bowie,12,0.03
528,Moonage Daydream,David Bowie,12,0.03
529,Quicksand,David Bowie,12,0.03
530,Somebody Up There Likes Me,David Bowie,12,0.03
531,Believe Me Now,Electric Light Orchestra,12,0.03
532,Jungle,Electric Light Orchestra,12,0.03
533,Livin' Thing,Electric Light Orchestra,12,0.03
534,Mission (A World Record),Electric Light Orchestra,12,0.03
535,Don't Be Cruel,Elvis Presley,12,0.03
536,Girl From Ipanema,Frank Sinatra,12,0.03
537,Summer Wind,Frank Sinatra,12,0.03
538,What Now My Love,Frank Sinatra,12,0.03
539,Wah-Wah,George Harrison,12,0.03
540,Fastlove,George Michael,12,0.03
541,Dead Bees,Graham Coxon,12,0.03
542,I Wish,Graham Coxon,12,0.03
543,Iberia Sumergida,Héroes del Silencio,12,0.03
544,Tesoro,Héroes del Silencio,12,0.03
545,"Tiempos Nuevos, Tiempos Salvajes",Ilegales,12,0.03
546,Tonite,Jarvis Cocker,12,0.03
547,"Eh, Sabina",Joaquín Sabina,12,0.03
548,Woman Is the Nigger of the World,John Lennon,12,0.03
549,Savage,Judas Priest,12,0.03
550,Screaming for Vengeance,Judas Priest,12,0.03
551,Hey Dude,Kula Shaker,12,0.03
552,Start All Over,Kula Shaker,12,0.03
553,All My Love,Led Zeppelin,12,0.03
554,Immigrant Song,Led Zeppelin,12,0.03
555,Ten Years Gone,Led Zeppelin,12,0.03
556,Vicious,Lou Reed,12,0.03
557,A Design for Life,Manic Street Preachers,12,0.03
558,Song for Dan Treacy,MGMT,12,0.03
559,Come as You Are,Nirvana,12,0.03
560,Territorial Pissings,Nirvana,12,0.03
561,Columbia,Oasis,12,0.03
562,Money,Pink Floyd,12,0.03
563,Cecilia Ann,Pixies,12,0.03
564,Bar Italia,Pulp,12,0.03
565,Do You Remember the First Time?,Pulp,12,0.03
566,Pencil Skirt,Pulp,12,0.03
567,Airbag,Radiohead,12,0.03
568,Let Down,Radiohead,12,0.03
569,My Iron Lung,Radiohead,12,0.03
570,There There. (The Boney King of Nowhere.),Radiohead,12,0.03
571,Bodies,Sex Pistols,12,0.03
572,Why Can't We Be Friends,Smash Mouth,12,0.03
573,A Ballad to Forget,Soulwax,12,0.03
574,Animal Nitrate,Suede,12,0.03
575,It Starts and Ends With You,Suede,12,0.03
576,Saturday Night,Suede,12,0.03
577,Caught by the Fuzz,Supergrass,12,0.03
578,Get It On,T. Rex,12,0.03
579,The Book I Read,Talking Heads,12,0.03
580,Alter Ego,Tame Impala,12,0.03
581,Don't Talk (Put Your Head on My Shoulder),The Beach Boys,12,0.03
582,Drive My Car,The Beatles,12,0.03
583,Girl,The Beatles,12,0.03
584,Glass Onion,The Beatles,12,0.03
585,I'm Looking Through You,The Beatles,12,0.03
586,If I Needed Someone,The Beatles,12,0.03
587,Michelle,The Beatles,12,0.03
588,Norwegian Wood (This Bird Has Flown),The Beatles,12,0.03
589,Oh! Darling,The Beatles,12,0.03
590,Rocky Raccoon,The Beatles,12,0.03
591,Run for Your Life,The Beatles,12,0.03
592,Sun King,The Beatles,12,0.03
593,The Word,The Beatles,12,0.03
594,Think for Yourself,The Beatles,12,0.03
595,Wait,The Beatles,12,0.03
596,I'm Not Down,The Clash,12,0.03
597,Train in Vain,The Clash,12,0.03
598,Five to One,The Doors,12,0.03
599,Tin Soldier Man,The Kinks,12,0.03
600,You Really Got Me,The Kinks,12,0.03
601,Brown Sugar,The Rolling Stones,12,0.03
602,Dead Flowers,The Rolling Stones,12,0.03
603,This Charming Man,The Smiths,12,0.03
604,Mama Nature Said,Thin Lizzy,12,0.03
605,Suicide,Thin Lizzy,12,0.03
606,Rachel's Song,Vangelis,12,0.03
607,Wait for Me,Vangelis,12,0.03
608,Helicopter,XTC,12,0.03
609,Making Plans for Nigel,XTC,12,0.03
610,That Is the Way,XTC,12,0.03
611,Just The Way You Are,Barry White,11,0.03
612,You Should Be Dancing,Bee Gees,11,0.03
613,You Stepped Into My Life,Bee Gees,11,0.03
614,Looking for Today,Black Sabbath,11,0.03
615,Sabbra Cadabra,Black Sabbath,11,0.03
616,Globe Alone,Blur,11,0.03
617,I'm Just A Killer For Your Love,Blur,11,0.03
618,Theme From Retro,Blur,11,0.03
619,Yuko and Hiro,Blur,11,0.03
620,Waiting In Vain,Bob Marley,11,0.03
621,Sixteen Again,Buzzcocks,11,0.03
622,Indicios de arrepentimiento,Carlos Berlanga,11,0.03
623,Bootleg,Creedence Clearwater Revival,11,0.03
624,Good Golly Miss Molly,Creedence Clearwater Revival,11,0.03
625,Lodi,Creedence Clearwater Revival,11,0.03
626,Air War,Crystal Castles,11,0.03
627,Good Time,Crystal Castles,11,0.03
628,Boys Keep Swinging,David Bowie,11,0.03
629,Oh! You Pretty Things,David Bowie,11,0.03
630,Wild Is the Wind,David Bowie,11,0.03
631,Smoke on the Water,Deep Purple,11,0.03
632,The Lung,Dinosaur Jr.,11,0.03
633,Across the Border,Electric Light Orchestra,11,0.03
634,Shangri-La,Electric Light Orchestra,11,0.03
635,So Fine,Electric Light Orchestra,11,0.03
636,Standin' in the Rain,Electric Light Orchestra,11,0.03
637,Hound Dog,Elvis Presley,11,0.03
638,Chicago Is My Kind of Town,Frank Sinatra,11,0.03
639,Somethin' Stupid,Frank Sinatra,11,0.03
640,Living in the Material World,George Harrison,11,0.03
641,El Camino Del Exceso,Héroes del Silencio,11,0.03
642,#9 Dream,John Lennon,11,0.03
643,Cold Turkey,John Lennon,11,0.03
644,I Found Out,John Lennon,11,0.03
645,Instant Karma!,John Lennon,11,0.03
646,(Take These) Chains,Judas Priest,11,0.03
647,Bloodstone,Judas Priest,11,0.03
648,Devil's Child,Judas Priest,11,0.03
649,Fever,Judas Priest,11,0.03
650,Pain and Pleasure,Judas Priest,11,0.03
651,Raw Deal,Judas Priest,11,0.03
652,Santos Que Yo Te Pinté,Los Planetas,11,0.03
653,Extraño,Los Rodríguez,11,0.03
654,Gimme Some Good Times,Lou Reed,11,0.03
655,Nobody's Business,Lou Reed,11,0.03
656,Ooohhh Baby,Lou Reed,11,0.03
657,Wide Open Space,Mansun,11,0.03
658,Tides Of The Moon,Mercury Rev,11,0.03
659,Fast and Loose,Motörhead,11,0.03
660,Drain You,Nirvana,11,0.03
661,In Bloom,Nirvana,11,0.03
662,Dig,NOFX,11,0.03
663,Hey Now!,Oasis,11,0.03
664,Morning Glory,Oasis,11,0.03
665,Roll with It,Oasis,11,0.03
666,The Swamp Song [excerpt 2],Oasis,11,0.03
667,Brinx Job,Pavement,11,0.03
668,Any Colour You Like,Pink Floyd,11,0.03
669,Brain Damage,Pink Floyd,11,0.03
670,In the Flesh?,Pink Floyd,11,0.03
671,Us and Them,Pink Floyd,11,0.03
672,Head On,Pixies,11,0.03
673,Hey,Pixies,11,0.03
674,Levitate Me,Pixies,11,0.03
675,Planet of Sound,Pixies,11,0.03
676,Tame,Pixies,11,0.03
677,Trompe le Monde,Pixies,11,0.03
678,Vamos,Pixies,11,0.03
679,Live Bed Show,Pulp,11,0.03
680,The Birds in Your Garden,Pulp,11,0.03
681,El Amigo Desconocido,Radio Futura,11,0.03
682,Electioneering,Radiohead,11,0.03
683,Exit Music (for a Film),Radiohead,11,0.03
684,I Wanna Be Sedated,Ramones,11,0.03
685,Rockaway Beach,Ramones,11,0.03
686,This Is How It Feels,Richard Ashcroft,11,0.03
687,Disconnect the Dots,Smash Mouth,11,0.03
688,Love's in Need of Love Today,Stevie Wonder,11,0.03
689,Smile Please,Stevie Wonder,11,0.03
690,Summer Soft,Stevie Wonder,11,0.03
691,Girl,T. Rex,11,0.03
692,Found a Job,Talking Heads,11,0.03
693,Mind,Talking Heads,11,0.03
694,With Our Love,Talking Heads,11,0.03
695,Everything Flows,Teenage Fanclub,11,0.03
696,All the Young Punks (New Boots and Contracts),The Clash,11,0.03
697,"Hello, I Love You",The Doors,11,0.03
698,Love Me Two Times,The Doors,11,0.03
699,Big Sky,The Kinks,11,0.03
700,Brainwashed,The Kinks,11,0.03
701,Do You Remember Walter?,The Kinks,11,0.03
702,Sitting by the Riverside,The Kinks,11,0.03
703,Village Green,The Kinks,11,0.03
704,Can't Stand Me Now,The Libertines,11,0.03
705,Up the Bracket,The Libertines,11,0.03
706,Miss You,The Rolling Stones,11,0.03
707,Wild Horses,The Rolling Stones,11,0.03
708,You Gotta Move,The Rolling Stones,11,0.03
709,Drugs Don't Work,The Verve,11,0.03
710,Rosalie,Thin Lizzy,11,0.03
711,Blade Runner (End Titles),Vangelis,11,0.03
712,Blush Response,Vangelis,11,0.03
713,Living Through Another Cuba,XTC,11,0.03
714,Millions,XTC,11,0.03
715,Respectable Street,XTC,11,0.03
716,Ten Feet Tall,XTC,11,0.03
717,EL HOSPITAL,Alaska y Dinarama,10,0.02
718,I Just Want to Be Your Everything,Andy Gibb,10,0.02
719,Intervention,Arcade Fire,10,0.02
720,The Way It Was,Bee Gees,10,0.02
721,Fluff,Black Sabbath,10,0.02
722,Iron Man,Black Sabbath,10,0.02
723,Pretty Baby,Blondie,10,0.02
724,Ambulance,Blur,10,0.02
725,Bad Day,Blur,10,0.02
726,Bang,Blur,10,0.02
727,Battery in Your Leg,Blur,10,0.02
728,Crazy Beat,Blur,10,0.02
729,Essex Dogs,Blur,10,0.02
730,Good Song,Blur,10,0.02
731,Trailerpark,Blur,10,0.02
732,Trimm Trabb,Blur,10,0.02
733,Under the Westway,Blur,10,0.02
734,Could You Be Loved,Bob Marley,10,0.02
735,I Don't Mind,Buzzcocks,10,0.02
736,Nostalgia,Buzzcocks,10,0.02
737,Nothing Left,Buzzcocks,10,0.02
738,Johnny Come Lately,Catatonia,10,0.02
739,I'm So Glad,Cream,10,0.02
740,Keep on Chooglin',Creedence Clearwater Revival,10,0.02
741,Love and Caring,Crystal Castles,10,0.02
742,The Selfish Giant,Damon Albarn,10,0.02
743,Ashes to Ashes,David Bowie,10,0.02
744,Eight Line Poem,David Bowie,10,0.02
745,Queen Bitch,David Bowie,10,0.02
746,Rebel Rebel,David Bowie,10,0.02
747,Up the Hill Backwards,David Bowie,10,0.02
748,The Killing Moon,Echo & the Bunnymen,10,0.02
749,Close...But,Echobelly,10,0.02
750,Evil Woman,Electric Light Orchestra,10,0.02
751,Wishing,Electric Light Orchestra,10,0.02
752,Heartbreak Hotel,Elvis Presley,10,0.02
753,I Get a Kick Out of You,Frank Sinatra,10,0.02
754,Mr. Bad Guy,Freddie Mercury,10,0.02
755,Amor De Madre,Gabinete Caligari,10,0.02
756,Run of the Mill,George Harrison,10,0.02
757,The Light That Has Lighted the World,George Harrison,10,0.02
758,Window Raisin' Granny,Gladys Knight & The Pips,10,0.02
759,American Patrol,Glenn Miller,10,0.02
760,Charger,Gorillaz,10,0.02
761,Souk Eye,Gorillaz,10,0.02
762,That's All I Wanna Do,Graham Coxon,10,0.02
763,El último hombre,Ilegales,10,0.02
764,Another Life,Iron Maiden,10,0.02
765,Somebody to Love,Jefferson Airplane,10,0.02
766,Power to the People,John Lennon,10,0.02
767,Working Class Hero,John Lennon,10,0.02
768,Electric Eye,Judas Priest,10,0.02
769,Exciter,Judas Priest,10,0.02
770,Here Come the Tears,Judas Priest,10,0.02
771,Let Us Prey / Call for the Priest,Judas Priest,10,0.02
772,The Hellion,Judas Priest,10,0.02
773,Misty Mountain Hop,Led Zeppelin,10,0.02
774,The Wanton Song,Led Zeppelin,10,0.02
775,Pesadilla En El Parque De Atracciones,Los Planetas,10,0.02
776,Charley's Girl,Lou Reed,10,0.02
777,My House,Lou Reed,10,0.02
778,The Heroine,Lou Reed,10,0.02
779,Elvis Impersonator: Blackpool Pier,Manic Street Preachers,10,0.02
780,Enola/Alone,Manic Street Preachers,10,0.02
781,Brian Eno,MGMT,10,0.02
782,Soft as Snow (But Warm Inside),my bloody valentine,10,0.02
783,Smells Like Teen Spirit,Nirvana,10,0.02
784,Slide Away,Oasis,10,0.02
785,The Swamp Song [excerpt 1],Oasis,10,0.02
786,The Day We Caught the Train,Ocean Colour Scene,10,0.02
787,The Riverboat Song,Ocean Colour Scene,10,0.02
788,Break It Up,Patti Smith,10,0.02
789,Motion Suggests Itself,Pavement,10,0.02
790,Another Brick in the Wall (Part 2),Pink Floyd,10,0.02
791,Breathe,Pink Floyd,10,0.02
792,Eclipse,Pink Floyd,10,0.02
793,Mother,Pink Floyd,10,0.02
794,Speak to Me,Pink Floyd,10,0.02
795,Alec Eiffel,Pixies,10,0.02
796,Break My Body,Pixies,10,0.02
797,Crackity Jones,Pixies,10,0.02
798,Debaser,Pixies,10,0.02
799,Mr. Grieves,Pixies,10,0.02
800,El roce de tu cuerpo,Platero y tú,10,0.02
801,Let's Go Crazy,Prince,10,0.02
802,Babies,Pulp,10,0.02
803,F.E.E.L.I.N.G.C.A.L.L.E.D.L.O.V.E,Pulp,10,0.02
804,I Love Life,Pulp,10,0.02
805,I Spy,Pulp,10,0.02
806,Mis-Shapes,Pulp,10,0.02
807,Monday Morning,Pulp,10,0.02
808,Sorted for E's & Wizz,Pulp,10,0.02
809,The Boss [#][*][Demo Previously Unreleased][Demo Version],Pulp,10,0.02
810,This Is Hardcore,Pulp,10,0.02
811,Spread Your Wings,Queen,10,0.02
812,Climbing Up the Walls,Radiohead,10,0.02
813,The National Anthem,Radiohead,10,0.02
814,She's the One,Ramones,10,0.02
815,Crucifixión,Rosendo,10,0.02
816,EMI,Sex Pistols,10,0.02
817,Holidays in the Sun,Sex Pistols,10,0.02
818,Boheme,Sidonie,10,0.02
819,Tienes Gracia,Sidonie,10,0.02
820,Todo Lo Que Nos Gusta,Sidonie,10,0.02
821,Bedhead,Sleeper,10,0.02
822,Hunch,Sleeper,10,0.02
823,Lady Love Your Countryside,Sleeper,10,0.02
824,Compute,Soulwax,10,0.02
825,Ebony Eyes,Stevie Wonder,10,0.02
826,She's So Loose,Supergrass,10,0.02
827,Sitting Up Straight,Supergrass,10,0.02
828,Take Me to the River,Talking Heads,10,0.02
829,Thank You for Sending Me an Angel,Talking Heads,10,0.02
830,The Girls Want to Be With the Girls,Talking Heads,10,0.02
831,The Good Thing,Talking Heads,10,0.02
832,Warning Sign,Talking Heads,10,0.02
833,Let It Happen,Tame Impala,10,0.02
834,Nothing That Has Happened So Far Has Been Anything We Could Control,Tame Impala,10,0.02
835,Lonesome Suzie,The Band,10,0.02
836,A Day in the Life,The Beatles,10,0.02
837,For No One,The Beatles,10,0.02
838,Happiness Is a Warm Gun,The Beatles,10,0.02
839,Stay Free,The Clash,10,0.02
840,Riders on the Storm,The Doors,10,0.02
841,The Unknown Soldier,The Doors,10,0.02
842,Nineteen Seventeen,"The Good, the Bad & the Queen",10,0.02
843,All of My Friends Were There,The Kinks,10,0.02
844,Denmark Street,The Kinks,10,0.02
845,Picture Book,The Kinks,10,0.02
846,Victoria,The Kinks,10,0.02
847,What Katie Did,The Libertines,10,0.02
848,Diesel Power,The Prodigy,10,0.02
849,Bitch,The Rolling Stones,10,0.02
850,Can't You Hear Me Knocking,The Rolling Stones,10,0.02
851,I Got the Blues,The Rolling Stones,10,0.02
852,Jigsaw Puzzle,The Rolling Stones,10,0.02
853,Sister Morphine,The Rolling Stones,10,0.02
854,Heaven Knows I'm Miserable Now,The Smiths,10,0.02
855,I Can't Stand It,The Specials,10,0.02
856,Hard to Explain,The Strokes,10,0.02
857,Under Control,The Strokes,10,0.02
858,Sonnet,The Verve,10,0.02
859,Maradona,Andrés Calamaro,9,0.02
860,The Beat Goes On,Beady Eye,9,0.02
861,Fanny (Be Tender With My Love),Bee Gees,9,0.02
862,How Deep Is Your Love,Bee Gees,9,0.02
863,Brothers and Sisters,Blur,9,0.02
864,Fool,Blur,9,0.02
865,It Could Be You,Blur,9,0.02
866,Moroccan Peoples Revolutionary Bowls Club,Blur,9,0.02
867,On the Way to the Club,Blur,9,0.02
868,Polished Stone,Blur,9,0.02
869,Slow Down,Blur,9,0.02
870,Like a Rolling Stone,Bob Dylan,9,0.02
871,Jungleland,Bruce Springsteen,9,0.02
872,E.S.P.,Buzzcocks,9,0.02
873,Goldfish and Paracetamol,Catatonia,9,0.02
874,Everybody Dance,Chic,9,0.02
875,Swallowed in the Sea,Coldplay,9,0.02
876,I Feel Free,Cream,9,0.02
877,Green River,Creedence Clearwater Revival,9,0.02
878,Baptism,Crystal Castles,9,0.02
879,Birds,Crystal Castles,9,0.02
880,Celestica,Crystal Castles,9,0.02
881,Magic Spells,Crystal Castles,9,0.02
882,Pap Smear,Crystal Castles,9,0.02
883,Untrust Us,Crystal Castles,9,0.02
884,Violent Dreams,Crystal Castles,9,0.02
885,Fill Your Heart,David Bowie,9,0.02
886,It's No Game (Part 1),David Bowie,9,0.02
887,Rock 'n' Roll Suicide,David Bowie,9,0.02
888,Rock 'n' Roll With Me,David Bowie,9,0.02
889,Scary Monsters (and Super Creeps),David Bowie,9,0.02
890,The Prettiest Star,David Bowie,9,0.02
891,Thursday's Child,David Bowie,9,0.02
892,Demon's Eye,Deep Purple,9,0.02
893,Highway Star,Deep Purple,9,0.02
894,Branquias bajo el agua,Derribos Arias,9,0.02
895,You Were The One,Diana Ross,9,0.02
896,Laredo Tornado,Electric Light Orchestra,9,0.02
897,Midnight Blue,Electric Light Orchestra,9,0.02
898,Sweet Is the Night,Electric Light Orchestra,9,0.02
899,The Diary of Horace Wimp,Electric Light Orchestra,9,0.02
900,Goodbye Yellow Brick Road,Elton John,9,0.02
901,The Ballad Of Danny Bailey (1909-34),Elton John,9,0.02
902,A Small Victory,Faith No More,9,0.02
903,Don't Stop,Fleetwood Mac,9,0.02
904,I've Got You Under My Skin,Frank Sinatra,9,0.02
905,Exercises In Free Love,Freddie Mercury,9,0.02
906,In My Defence,Freddie Mercury,9,0.02
907,Mi Buena Estrella,Gabinete Caligari,9,0.02
908,Don't Let Me Wait Too Long,George Harrison,9,0.02
909,Isn't It a Pity (version two),George Harrison,9,0.02
910,That Is All,George Harrison,9,0.02
911,Perfect Love,Gladys Knight & The Pips,9,0.02
912,(I've Got a Gal In) Kalamazoo,Glenn Miller,9,0.02
913,Moonlight Serenade,Glenn Miller,9,0.02
914,Magic City,Gorillaz,9,0.02
915,O Green World,Gorillaz,9,0.02
916,Strobelite,Gorillaz,9,0.02
917,Don't Let Your Man Know,Graham Coxon,9,0.02
918,If You Want Me,Graham Coxon,9,0.02
919,Just A State Of Mind,Graham Coxon,9,0.02
920,Despertar,Héroes del Silencio,9,0.02
921,Genghis Khan,Iron Maiden,9,0.02
922,Innocent Exile,Iron Maiden,9,0.02
923,Killers,Iron Maiden,9,0.02
924,Murders in the Rue Morgue,Iron Maiden,9,0.02
925,Prodigal Son,Iron Maiden,9,0.02
926,The Ides of March,Iron Maiden,9,0.02
927,Twilight Zone,Iron Maiden,9,0.02
928,Wrathchild,Iron Maiden,9,0.02
929,Crippled Inside,John Lennon,9,0.02
930,It's So Hard,John Lennon,9,0.02
931,Rock Forever,Judas Priest,9,0.02
932,Black Dog,Led Zeppelin,9,0.02
933,D'yer Mak'er,Led Zeppelin,9,0.02
934,Four Sticks,Led Zeppelin,9,0.02
935,Going to California,Led Zeppelin,9,0.02
936,Rock and Roll,Led Zeppelin,9,0.02
937,The Battle of Evermore,Led Zeppelin,9,0.02
938,Me Estás Atrapando Otra Vez,Los Rodríguez,9,0.02
939,All Through The Night,Lou Reed,9,0.02
940,Animal Language,Lou Reed,9,0.02
941,Crazy Feeling,Lou Reed,9,0.02
942,Kicks,Lou Reed,9,0.02
943,Women,Lou Reed,9,0.02
944,From Despair to Where,Manic Street Preachers,9,0.02
945,Chains,Mercury Rev,9,0.02
946,In A Funny Way,Mercury Rev,9,0.02
947,In The Wilderness,Mercury Rev,9,0.02
948,Congratulations,MGMT,9,0.02
949,It's Working,MGMT,9,0.02
950,Tubular Bells. Part One,Mike Oldfield,9,0.02
951,Out of Control,Miles Kane,9,0.02
952,Ace of Spades,Motörhead,9,0.02
953,Breed,Nirvana,9,0.02
954,Lounge Act,Nirvana,9,0.02
955,On a Plain,Nirvana,9,0.02
956,Pennyroyal Tea,Nirvana,9,0.02
957,Stay Away,Nirvana,9,0.02
958,Stickin in My Eye,NOFX,9,0.02
959,The Bag,NOFX,9,0.02
960,You're Bleeding,NOFX,9,0.02
961,Bring It on Down,Oasis,9,0.02
962,Cigarettes & Alcohol,Oasis,9,0.02
963,Fade Away,Oasis,9,0.02
964,Hello,Oasis,9,0.02
965,Rock'n'roll Star,Oasis,9,0.02
966,Supersonic,Oasis,9,0.02
967,Up on the Downside,Ocean Colour Scene,9,0.02
968,Everything Is Everything,Phoenix,9,0.02
969,Honeymoon,Phoenix,9,0.02
970,Corporal Clegg,Pink Floyd,9,0.02
971,Empty Spaces,Pink Floyd,9,0.02
972,Let There Be More Light,Pink Floyd,9,0.02
973,On the Run,Pink Floyd,9,0.02
974,Remember a Day,Pink Floyd,9,0.02
975,See Saw,Pink Floyd,9,0.02
976,Set the Controls for the Heart of the Sun,Pink Floyd,9,0.02
977,Wish You Were Here,Pink Floyd,9,0.02
978,Young Lust,Pink Floyd,9,0.02
979,Cactus,Pixies,9,0.02
980,Dead,Pixies,9,0.02
981,Distance Equals Rate Times Time,Pixies,9,0.02
982,Gouge Away,Pixies,9,0.02
983,Here Comes Your Man,Pixies,9,0.02
984,I Bleed,Pixies,9,0.02
985,La La Love You,Pixies,9,0.02
986,Monkey Gone to Heaven,Pixies,9,0.02
987,No. 13 Baby,Pixies,9,0.02
988,There Goes My Gun,Pixies,9,0.02
989,U-Mass,Pixies,9,0.02
990,Si tú te vas,Platero y tú,9,0.02
991,I Would Die 4 U,Prince,9,0.02
992,When Doves Cry,Prince,9,0.02
993,I'm a Man,Pulp,9,0.02
994,Lipgloss,Pulp,9,0.02
995,TV Movie,Pulp,9,0.02
996,'39,Queen,9,0.02
997,Back Chat,Queen,9,0.02
998,Death On Two Legs,Queen,9,0.02
999,God Save the Queen,Queen,9,0.02
1000,Lazing on a Sunday Afternoon,Queen,9,0.02
1001,Corazón De Tiza,Radio Futura,9,0.02
1002,Fitter Happier,Radiohead,9,0.02
1003,Lucky,Radiohead,9,0.02
1004,Du hast,Rammstein,9,0.02
1005,Loco Por Incordiar,Rosendo,9,0.02
1006,Liar,Sex Pistols,9,0.02
1007,No Feelings,Sex Pistols,9,0.02
1008,Submission,Sex Pistols,9,0.02
1009,Alice in Vain,Sleeper,9,0.02
1010,Amuse,Sleeper,9,0.02
1011,Poor Flying Man,Sleeper,9,0.02
1012,Flo,Smash Mouth,9,0.02
1013,Any Minute Now,Soulwax,9,0.02
1014,E Talking,Soulwax,9,0.02
1015,Black Man,Stevie Wonder,9,0.02
1016,Contusion,Stevie Wonder,9,0.02
1017,Have a Talk with God,Stevie Wonder,9,0.02
1018,I Wish,Stevie Wonder,9,0.02
1019,Pastime Paradise,Stevie Wonder,9,0.02
1020,Village Ghetto Land,Stevie Wonder,9,0.02
1021,Breakdown,Suede,9,0.02
1022,Pantomime Horse,Suede,9,0.02
1023,Sleeping Pills,Suede,9,0.02
1024,Snowblind,Suede,9,0.02
1025,So Young,Suede,9,0.02
1026,Eon,Supergrass,9,0.02
1027,Mansize Rooster,Supergrass,9,0.02
1028,You Make Me Feel (Mighty Real),Sylvester,9,0.02
1029,Artists Only,Talking Heads,9,0.02
1030,Cities,Talking Heads,9,0.02
1031,Happy Day,Talking Heads,9,0.02
1032,Heaven,Talking Heads,9,0.02
1033,I'm Not in Love,Talking Heads,9,0.02
1034,Life During Wartime,Talking Heads,9,0.02
1035,Memories Can't Wait,Talking Heads,9,0.02
1036,New Feeling,Talking Heads,9,0.02
1037,No Compassion,Talking Heads,9,0.02
1038,Stay Hungry,Talking Heads,9,0.02
1039,Tentative Decisions,Talking Heads,9,0.02
1040,The Big Country,Talking Heads,9,0.02
1041,Who Is It?,Talking Heads,9,0.02
1042,The Moment,Tame Impala,9,0.02
1043,All Summer Long,The Beach Boys,9,0.02
1044,Back in the U.S.S.R.,The Beatles,9,0.02
1045,Can't Buy Me Love,The Beatles,9,0.02
1046,Come Together,The Beatles,9,0.02
1047,Dear Prudence,The Beatles,9,0.02
1048,Helter Skelter,The Beatles,9,0.02
1049,"Long, Long, Long",The Beatles,9,0.02
1050,Love Me Do,The Beatles,9,0.02
1051,Mean Mr. Mustard,The Beatles,9,0.02
1052,"Ob-La-Di, Ob-La-Da",The Beatles,9,0.02
1053,Octopus's Garden,The Beatles,9,0.02
1054,She Loves You,The Beatles,9,0.02
1055,The Continuing Story of Bungalow Bill,The Beatles,9,0.02
1056,Why Don't We Do It in the Road?,The Beatles,9,0.02
1057,Wild Honey Pie,The Beatles,9,0.02
1058,You Never Give Me Your Money,The Beatles,9,0.02
1059,Boys Don't Cry,The Cure,9,0.02
1060,Been Down So Long,The Doors,9,0.02
1061,Cars Hiss by My Window,The Doors,9,0.02
1062,Do It,The Doors,9,0.02
1063,L'America,The Doors,9,0.02
1064,Love Her Madly,The Doors,9,0.02
1065,Not to Touch the Earth,The Doors,9,0.02
1066,Summer's Almost Gone,The Doors,9,0.02
1067,Tell All the People,The Doors,9,0.02
1068,The Changeling,The Doors,9,0.02
1069,Touch Me,The Doors,9,0.02
1070,We Could Be So Good Together,The Doors,9,0.02
1071,When the Music's Over,The Doors,9,0.02
1072,The Poison Tree,"The Good, the Bad & the Queen",9,0.02
1073,The Hardest Walk,The Jesus and Mary Chain,9,0.02
1074,Afternoon Tea,The Kinks,9,0.02
1075,Animal Farm,The Kinks,9,0.02
1076,Death of a Clown,The Kinks,9,0.02
1077,Lazy Old Sun,The Kinks,9,0.02
1078,Love Me Till The Sun Shines,The Kinks,9,0.02
1079,Polly,The Kinks,9,0.02
1080,Starstruck,The Kinks,9,0.02
1081,Wonderboy,The Kinks,9,0.02
1082,I Get Along,The Libertines,9,0.02
1083,Last Post on the Bugle,The Libertines,9,0.02
1084,Tell the King,The Libertines,9,0.02
1085,California Dreamin',The Mamas & the Papas,9,0.02
1086,Love Train,The O'Jays,9,0.02
1087,Breathe,The Prodigy,9,0.02
1088,Firestarter,The Prodigy,9,0.02
1089,Funky Shit,The Prodigy,9,0.02
1090,Serial Thrilla,The Prodigy,9,0.02
1091,Monkey Man,The Rolling Stones,9,0.02
1092,"Tonight, Tonight",The Smashing Pumpkins,9,0.02
1093,"William, It Was Really Nothing",The Smiths,9,0.02
1094,Last Nite,The Strokes,9,0.02
1095,Bitter Sweet Symphony,The Verve,9,0.02
1096,Old Flame,Thin Lizzy,9,0.02
1097,Running Back,Thin Lizzy,9,0.02
1098,It's Not Unusual,Tom Jones,9,0.02
1099,Buddy Holly,Weezer,9,0.02
1100,Tired of Sex,Weezer,9,0.02
1101,Love At First Sight,XTC,9,0.02
1102,Girls Got Rhythm,AC/DC,8,0.02
1103,Highway to Hell,AC/DC,8,0.02
1104,Love Hungry Man,AC/DC,8,0.02
1105,Night Prowler,AC/DC,8,0.02
1106,Riff Raff,AC/DC,8,0.02
1107,Shot Down in Flames,AC/DC,8,0.02
1108,Touch Too Much,AC/DC,8,0.02
1109,Walk All Over You,AC/DC,8,0.02
1110,Efilnikufesin (N.F.L.),Anthrax,8,0.02
1111,Boogie Child,Bee Gees,8,0.02
1112,Love You Inside Out,Bee Gees,8,0.02
1113,Don't Let It Go to Your Head,Black Harmony,8,0.02
1114,A National Acrobat,Black Sabbath,8,0.02
1115,N.I.B.,Black Sabbath,8,0.02
1116,Sabbath Bloody Sabbath,Black Sabbath,8,0.02
1117,Spiral Architect,Black Sabbath,8,0.02
1118,Best Days,Blur,8,0.02
1119,Chemical World (Reworked),Blur,8,0.02
1120,Gene By Gene,Blur,8,0.02
1121,Jets,Blur,8,0.02
1122,Mellow Song,Blur,8,0.02
1123,Stereotypes,Blur,8,0.02
1124,Sweet Song,Blur,8,0.02
1125,Born to Run,Bruce Springsteen,8,0.02
1126,¿qué hace una chica como tú en un sitio como éste?,Burning,8,0.02
1127,Lujuria,Burning,8,0.02
1128,Just Lust,Buzzcocks,8,0.02
1129,Vivir así es morir de amor,Camilo Sesto,8,0.02
1130,Tombstone Shadow,Creedence Clearwater Revival,8,0.02
1131,Doe Deer,Crystal Castles,8,0.02
1132,Suffocation,Crystal Castles,8,0.02
1133,Through the Hosiery,Crystal Castles,8,0.02
1134,Year of Silence,Crystal Castles,8,0.02
1135,Mr Tembo,Damon Albarn,8,0.02
1136,Andy Warhol,David Bowie,8,0.02
1137,It Ain't Easy,David Bowie,8,0.02
1138,Saviour Machine,David Bowie,8,0.02
1139,Song for Bob Dylan,David Bowie,8,0.02
1140,Teenage Wildlife,David Bowie,8,0.02
1141,The Bewlay Brothers,David Bowie,8,0.02
1142,The Supermen,David Bowie,8,0.02
1143,We Are the Dead,David Bowie,8,0.02
1144,Never Say I Don't Love You,Diana Ross,8,0.02
1145,Show Me the Way,Dinosaur Jr.,8,0.02
1146,Sultans of Swing,Dire Straits,8,0.02
1147,Don't Bring Me Down,Electric Light Orchestra,8,0.02
1148,Mr. Blue Sky,Electric Light Orchestra,8,0.02
1149,Strange Magic,Electric Light Orchestra,8,0.02
1150,Telephone Line,Electric Light Orchestra,8,0.02
1151,Love Me Tender,Elvis Presley,8,0.02
1152,"Ama, Ama, Ama y Ensancha el Alma",Extremoduro,8,0.02
1153,Quemando Tus Recuerdos,Extremoduro,8,0.02
1154,Best Is Yet To Come,Frank Sinatra,8,0.02
1155,Come Fly With Me,Frank Sinatra,8,0.02
1156,Love and Marriage,Frank Sinatra,8,0.02
1157,Love's Been Good to Me,Frank Sinatra,8,0.02
1158,Grease,Frankie Valli,8,0.02
1159,Fresh Strawberries,Franz Ferdinand,8,0.02
1160,Take Me Out,Franz Ferdinand,8,0.02
1161,Foolin' Around,Freddie Mercury,8,0.02
1162,Living On My Own,Freddie Mercury,8,0.02
1163,Time,Freddie Mercury,8,0.02
1164,Your Kind Of Lover,Freddie Mercury,8,0.02
1165,A Dormir,Gabinete Caligari,8,0.02
1166,Lo Mejor De Ti,Gabinete Caligari,8,0.02
1167,Por la Paz,Gabinete Caligari,8,0.02
1168,Who Can See It,George Harrison,8,0.02
1169,Pennsylvania Six-Five Thousand,Glenn Miller,8,0.02
1170,Malos tiempos para la lírica,Golpes Bajos,8,0.02
1171,DARE,Gorillaz,8,0.02
1172,Dirty Harry,Gorillaz,8,0.02
1173,Feel Good Inc.,Gorillaz,8,0.02
1174,Submission,Gorillaz,8,0.02
1175,We Are Happy Landfill,Gorillaz,8,0.02
1176,Running for Your Life,Graham Coxon,8,0.02
1177,Sorrow's Army,Graham Coxon,8,0.02
1178,Spectacular,Graham Coxon,8,0.02
1179,La Herida,Héroes del Silencio,8,0.02
1180,Lust For Life,Iggy Pop,8,0.02
1181,Soy un Macarra,Ilegales,8,0.02
1182,Mammoth,Interpol,8,0.02
1183,Drifter,Iron Maiden,8,0.02
1184,Purgatory,Iron Maiden,8,0.02
1185,Pongamos Que Hablo De Madrid,Joaquín Sabina,8,0.02
1186,Surfing with the Alien,Joe Satriani,8,0.02
1187,How Do You Sleep?,John Lennon,8,0.02
1188,I'm Losing You,John Lennon,8,0.02
1189,Oh My Love,John Lennon,8,0.02
1190,Stand by Me,John Lennon,8,0.02
1191,Beyond the Realms of Death,Judas Priest,8,0.02
1192,Burnin' Up,Judas Priest,8,0.02
1193,Hell Bent for Leather,Judas Priest,8,0.02
1194,Heroes End,Judas Priest,8,0.02
1195,Killing Machine,Judas Priest,8,0.02
1196,Running Wild,Judas Priest,8,0.02
1197,Take on the World,Judas Priest,8,0.02
1198,The Green Manalishi (With the Two-Pronged Crown),Judas Priest,8,0.02
1199,The Sentinel,Judas Priest,8,0.02
1200,Govinda,Kula Shaker,8,0.02
1201,Knight On The Town,Kula Shaker,8,0.02
1202,Smart Dogs,Kula Shaker,8,0.02
1203,Temple of Everlasting Light,Kula Shaker,8,0.02
1204,Dancing Days,Led Zeppelin,8,0.02
1205,Heartbreaker,Led Zeppelin,8,0.02
1206,Houses of the Holy,Led Zeppelin,8,0.02
1207,Un Buen Día,Los Planetas,8,0.02
1208,The Gun,Lou Reed,8,0.02
1209,Sweet Home Alabama,Lynyrd Skynyrd,8,0.02
1210,Our House,Madness,8,0.02
1211,Primrose Hill,Madness,8,0.02
1212,Everything Must Go,Manic Street Preachers,8,0.02
1213,The Girl Who Wanted to Be God,Manic Street Preachers,8,0.02
1214,Nite and Fog,Mercury Rev,8,0.02
1215,Flash Delirium,MGMT,8,0.02
1216,I Found a Whistle,MGMT,8,0.02
1217,Lady Dada's Nightmare,MGMT,8,0.02
1218,Siberian Breaks,MGMT,8,0.02
1219,She's Out of My Life,Michael Jackson,8,0.02
1220,Tubular Bells. Part Two,Mike Oldfield,8,0.02
1221,Shoot You in the Back,Motörhead,8,0.02
1222,Plug In Baby,Muse,8,0.02
1223,Polly,Nirvana,8,0.02
1224,Bob,NOFX,8,0.02
1225,Please Play This Song on the Radio,NOFX,8,0.02
1226,Soul Doubt,NOFX,8,0.02
1227,The Shock of the Lightning,Oasis,8,0.02
1228,Up in the Sky,Oasis,8,0.02
1229,Uncle Albert - Admiral Halsey,Paul McCartney,8,0.02
1230,Father to a Sister of Thought,Pavement,8,0.02
1231,Do the Evolution,Pearl Jam,8,0.02
1232,Another Brick in the Wall (Part 1),Pink Floyd,8,0.02
1233,Bird Dream of the Olympus Mons,Pixies,8,0.02
1234,Bone Machine,Pixies,8,0.02
1235,I'm Amazed,Pixies,8,0.02
1236,Lovely Day,Pixies,8,0.02
1237,Silver,Pixies,8,0.02
1238,Space (I Believe In),Pixies,8,0.02
1239,Subbacultcha,Pixies,8,0.02
1240,You Don't Care About Us,Placebo,8,0.02
1241,Computer Blue,Prince,8,0.02
1242,Darling Nikki,Prince,8,0.02
1243,Take Me With U,Prince,8,0.02
1244,Poptones,Public Image Ltd.,8,0.02
1245,A Little Soul,Pulp,8,0.02
1246,Glory Days,Pulp,8,0.02
1247,Sylvia,Pulp,8,0.02
1248,The Fear,Pulp,8,0.02
1249,Friends Will Be Friends,Queen,8,0.02
1250,Good Company,Queen,8,0.02
1251,I'm in Love with My Car,Queen,8,0.02
1252,Love of My Life,Queen,8,0.02
1253,Seaside Rendezvous,Queen,8,0.02
1254,Sweet Lady,Queen,8,0.02
1255,The Prophet's Song,Queen,8,0.02
1256,Ripcord,Radiohead,8,0.02
1257,Don't Come Close,Ramones,8,0.02
1258,Now I Wanna Sniff Some Glue,Ramones,8,0.02
1259,Pretty Vacant,Sex Pistols,8,0.02
1260,Problems,Sex Pistols,8,0.02
1261,Los Olvidados,Sidonie,8,0.02
1262,Twisted,Sleeper,8,0.02
1263,Beer Goggles,Smash Mouth,8,0.02
1264,Heave-Ho,Smash Mouth,8,0.02
1265,Let's Rock,Smash Mouth,8,0.02
1266,Walkin' on the Sun,Smash Mouth,8,0.02
1267,The Pusher,Steppenwolf,8,0.02
1268,All Day Sucker,Stevie Wonder,8,0.02
1269,Animal Lover,Suede,8,0.02
1270,Metal Mickey,Suede,8,0.02
1271,Moving,Suede,8,0.02
1272,Picnic by the Motorway,Suede,8,0.02
1273,Sabotage,Suede,8,0.02
1274,She's Not Dead,Suede,8,0.02
1275,The Drowners,Suede,8,0.02
1276,Beautiful People,Supergrass,8,0.02
1277,Lose It,Supergrass,8,0.02
1278,Sun Hits the Sky,Supergrass,8,0.02
1279,Time,Supergrass,8,0.02
1280,Mambo Sun,T. Rex,8,0.02
1281,Get Yourself Together,Tahiti 80,8,0.02
1282,Air,Talking Heads,8,0.02
1283,Animals,Talking Heads,8,0.02
1284,Don't Worry About the Government,Talking Heads,8,0.02
1285,First Week / Last Week...Carefree,Talking Heads,8,0.02
1286,Pulled Up,Talking Heads,8,0.02
1287,Disciples,Tame Impala,8,0.02
1288,Expectation,Tame Impala,8,0.02
1289,The Concept,Teenage Fanclub,8,0.02
1290,Caledonia Mission,The Band,8,0.02
1291,Chest Fever,The Band,8,0.02
1292,Long Black Veil,The Band,8,0.02
1293,This Wheel's on Fire,The Band,8,0.02
1294,That's Not Me,The Beach Boys,8,0.02
1295,Because,The Beatles,8,0.02
1296,Carry That Weight,The Beatles,8,0.02
1297,Don't Pass Me By,The Beatles,8,0.02
1298,Golden Slumbers,The Beatles,8,0.02
1299,Here Comes the Sun,The Beatles,8,0.02
1300,Honey Pie,The Beatles,8,0.02
1301,I Want You (She's So Heavy),The Beatles,8,0.02
1302,I Will,The Beatles,8,0.02
1303,Julia,The Beatles,8,0.02
1304,Maxwell's Silver Hammer,The Beatles,8,0.02
1305,Piggies,The Beatles,8,0.02
1306,Polythene Pam,The Beatles,8,0.02
1307,Revolution 1,The Beatles,8,0.02
1308,She Came In Throught The Bathroom Window,The Beatles,8,0.02
1309,The End,The Beatles,8,0.02
1310,Safe European Home,The Clash,8,0.02
1311,10.15 Saturday Night,The Cure,8,0.02
1312,Crawling King Snake,The Doors,8,0.02
1313,Easy Ride,The Doors,8,0.02
1314,L.A. Woman,The Doors,8,0.02
1315,Moonlight Drive,The Doors,8,0.02
1316,My Wild Love,The Doors,8,0.02
1317,People Are Strange,The Doors,8,0.02
1318,Runnin' Blue,The Doors,8,0.02
1319,Shaman's Blues,The Doors,8,0.02
1320,Strange Days,The Doors,8,0.02
1321,The Soft Parade,The Doors,8,0.02
1322,The Wasp (Texas Radio and the Big Beat),The Doors,8,0.02
1323,Wild Child,The Doors,8,0.02
1324,Lady Boston,"The Good, the Bad & the Queen",8,0.02
1325,The Truce of Twilight,"The Good, the Bad & the Queen",8,0.02
1326,Autumn Almanac,The Kinks,8,0.02
1327,Cadillac,The Kinks,8,0.02
1328,David Watts,The Kinks,8,0.02
1329,End of the Season,The Kinks,8,0.02
1330,Funny Face,The Kinks,8,0.02
1331,Harry Rag,The Kinks,8,0.02
1332,Johnny Thunder,The Kinks,8,0.02
1333,Last of the Steam Powered Trains,The Kinks,8,0.02
1334,Monica,The Kinks,8,0.02
1335,No Return,The Kinks,8,0.02
1336,People Take Pictures of Each Other,The Kinks,8,0.02
1337,Phenomenal Cat,The Kinks,8,0.02
1338,Two Sisters,The Kinks,8,0.02
1339,Wicked Annabella,The Kinks,8,0.02
1340,Boys in the Band,The Libertines,8,0.02
1341,Horrorshow,The Libertines,8,0.02
1342,Music When the Lights Go Out,The Libertines,8,0.02
1343,Radio America,The Libertines,8,0.02
1344,The Boy Looked at Johnny,The Libertines,8,0.02
1345,Vertigo,The Libertines,8,0.02
1346,So Lonely,The Police,8,0.02
1347,Under My Thumb,The Rolling Stones,8,0.02
1348,Bullet With Butterfly Wings,The Smashing Pumpkins,8,0.02
1349,I Wanna Be Adored,The Stone Roses,8,0.02
1350,Someday,The Strokes,8,0.02
1351,Lucky Man,The Verve,8,0.02
1352,Eminence Front,The Who,8,0.02
1353,Odorono,The Who,8,0.02
1354,Our Love Was,The Who,8,0.02
1355,Fools Gold,Thin Lizzy,8,0.02
1356,Damask Rose,Vangelis,8,0.02
1357,Generals And Majors,XTC,8,0.02
1358,No Language in Our Lungs,XTC,8,0.02
1359,Rocket From a Bottle,XTC,8,0.02
1360,Beating Around the Bush,AC/DC,7,0.02
1361,Get It Hot,AC/DC,7,0.02
1362,If You Want Blood (You've Got It),AC/DC,7,0.02
1363,Sin City,AC/DC,7,0.02
1364,Adam's Apple,Aerosmith,7,0.02
1365,Ain't That a Bitch,Aerosmith,7,0.02
1366,Children of the Grave,Black Sabbath,7,0.02
1367,Who Are You,Black Sabbath,7,0.02
1368,11-59,Blondie,7,0.02
1369,1992,Blur,7,0.02
1370,Bone Bag,Blur,7,0.02
1371,Caramel,Blur,7,0.02
1372,Come Together,Blur,7,0.02
1373,Dan Abnormal,Blur,7,0.02
1374,Entertain Me,Blur,7,0.02
1375,Ernold Same,Blur,7,0.02
1376,High Cool,Blur,7,0.02
1377,Mr. Robinson's Quango,Blur,7,0.02
1378,Swamp Song,Blur,7,0.02
1379,Wear Me Down,Blur,7,0.02
1380,Young and Lovely,Blur,7,0.02
1381,I Want You,Bob Dylan,7,0.02
1382,Queen Jane Approximately,Bob Dylan,7,0.02
1383,Exodus,Bob Marley,7,0.02
1384,Get Up Stand Up,Bob Marley,7,0.02
1385,Three Little Birds,Bob Marley,7,0.02
1386,Backstreets,Bruce Springsteen,7,0.02
1387,She's the One,Bruce Springsteen,7,0.02
1388,Thunder Road,Bruce Springsteen,7,0.02
1389,Love Is Lies,Buzzcocks,7,0.02
1390,Operator's Manual,Buzzcocks,7,0.02
1391,In My Place,Coldplay,7,0.02
1392,Commotion,Creedence Clearwater Revival,7,0.02
1393,Cotton Fields,Creedence Clearwater Revival,7,0.02
1394,Down on the Corner,Creedence Clearwater Revival,7,0.02
1395,Sinister Purpose,Creedence Clearwater Revival,7,0.02
1396,Don't Dream It's Over,Crowded House,7,0.02
1397,1991,Crystal Castles,7,0.02
1398,Intimate,Crystal Castles,7,0.02
1399,Not in Love,Crystal Castles,7,0.02
1400,Reckless,Crystal Castles,7,0.02
1401,Sad Eyes,Crystal Castles,7,0.02
1402,Superheroes,Daft Punk,7,0.02
1403,African Night Flight,David Bowie,7,0.02
1404,Because You're Young,David Bowie,7,0.02
1405,Blackout,David Bowie,7,0.02
1406,China Girl,David Bowie,7,0.02
1407,Cracked Actor,David Bowie,7,0.02
1408,Kingdom Come,David Bowie,7,0.02
1409,Miracle Goodnight,David Bowie,7,0.02
1410,Red Money,David Bowie,7,0.02
1411,Scream Like a Baby,David Bowie,7,0.02
1412,Young Americans,David Bowie,7,0.02
1413,Oi! Oi! Oi!,Decibelios,7,0.02
1414,Where Did We Go Wrong,Diana Ross,7,0.02
1415,In a Jar,Dinosaur Jr.,7,0.02
1416,Planet Earth,Duran Duran,7,0.02
1417,Give Her a Gun,Echobelly,7,0.02
1418,All-Nighter,Elastica,7,0.02
1419,Birmingham Blues,Electric Light Orchestra,7,0.02
1420,Rockaria!,Electric Light Orchestra,7,0.02
1421,Wild West Hero,Electric Light Orchestra,7,0.02
1422,Candle in the Wind,Elton John,7,0.02
1423,Dirty Little Girl,Elton John,7,0.02
1424,(Let Me Be Your) Teddy Bear,Elvis Presley,7,0.02
1425,All Shook Up,Elvis Presley,7,0.02
1426,Burning Love,Elvis Presley,7,0.02
1427,Surrender,Elvis Presley,7,0.02
1428,Too Much,Elvis Presley,7,0.02
1429,Tu Corazón,Extremoduro,7,0.02
1430,They Can't Take That Away from Me,Frank Sinatra,7,0.02
1431,The Great Pretender,Freddie Mercury,7,0.02
1432,Isn't It a Pity,George Harrison,7,0.02
1433,"Sue Me, Sue You Blues",George Harrison,7,0.02
1434,Kansas,Gorillaz,7,0.02
1435,Rockit,Gorillaz,7,0.02
1436,Saturnz Barz,Gorillaz,7,0.02
1437,Tomorrow Comes Today,Gorillaz,7,0.02
1438,Tranz,Gorillaz,7,0.02
1439,I Don't Wanna Go Out,Graham Coxon,7,0.02
1440,No Good Time,Graham Coxon,7,0.02
1441,Oochy Woochy,Graham Coxon,7,0.02
1442,What's He Got?,Graham Coxon,7,0.02
1443,You & I,Graham Coxon,7,0.02
1444,Suburban Knights,Hard-Fi,7,0.02
1445,Television,Hard-Fi,7,0.02
1446,Con Nombre De Guerra,Héroes del Silencio,7,0.02
1447,Ángel exterminador,Ilegales,7,0.02
1448,Destruye,Ilegales,7,0.02
1449,Quiero Ser Millonario,Ilegales,7,0.02
1450,I Never Said I Was Deep,Jarvis Cocker,7,0.02
1451,Ciudadano cero,Joaquín Sabina,7,0.02
1452,Cuando era más joven,Joaquín Sabina,7,0.02
1453,El joven aprendiz de pintor,Joaquín Sabina,7,0.02
1454,Princesa,Joaquín Sabina,7,0.02
1455,Look at Me,John Lennon,7,0.02
1456,Out the Blue,John Lennon,7,0.02
1457,Remember,John Lennon,7,0.02
1458,Well Well Well,John Lennon,7,0.02
1459,Whatever Gets You Thru the Night,John Lennon,7,0.02
1460,Before the Dawn,Judas Priest,7,0.02
1461,Evil Fantasies,Judas Priest,7,0.02
1462,Rock Hard Ride Free,Judas Priest,7,0.02
1463,Turbo Lover,Judas Priest,7,0.02
1464,Na Na Na Na Naa,Kaiser Chiefs,7,0.02
1465,Into the Deep,Kula Shaker,7,0.02
1466,Magic Theatre,Kula Shaker,7,0.02
1467,Down by the Seaside,Led Zeppelin,7,0.02
1468,In the Evening,Led Zeppelin,7,0.02
1469,Kashmir,Led Zeppelin,7,0.02
1470,Night Flight,Led Zeppelin,7,0.02
1471,No Quarter,Led Zeppelin,7,0.02
1472,Over the Hills and Far Away,Led Zeppelin,7,0.02
1473,The Crunge,Led Zeppelin,7,0.02
1474,The Ocean,Led Zeppelin,7,0.02
1475,The Rain Song,Led Zeppelin,7,0.02
1476,The Rover,Led Zeppelin,7,0.02
1477,The Song Remains the Same,Led Zeppelin,7,0.02
1478,Trampled Under Foot,Led Zeppelin,7,0.02
1479,Barcelona ciudad,Loquillo y Trogloditas,7,0.02
1480,El equilibrio es imposible,Los Piratas,7,0.02
1481,La Cara De Niki Lauda,Los Planetas,7,0.02
1482,Cuando La Musica Termina,Los Suaves,7,0.02
1483,Andy's Chest,Lou Reed,7,0.02
1484,Ladies Pay,Lou Reed,7,0.02
1485,Lisa Says,Lou Reed,7,0.02
1486,N.Y. Stars,Lou Reed,7,0.02
1487,Stupid Man,Lou Reed,7,0.02
1488,Wagon Wheel,Lou Reed,7,0.02
1489,Besos Como Balas,Luis Eduardo Aute,7,0.02
1490,Imán De Mujer,Luis Eduardo Aute,7,0.02
1491,Tiro Por La Culata,Luis Eduardo Aute,7,0.02
1492,Kevin Carter,Manic Street Preachers,7,0.02
1493,Small Black Flowers That Grow in the Sky,Manic Street Preachers,7,0.02
1494,Me gustas tú,Manu Chao,7,0.02
1495,Close Encounters of the 3rd Grade,Mercury Rev,7,0.02
1496,Endlessly,Mercury Rev,7,0.02
1497,Everlasting Arm,Mercury Rev,7,0.02
1498,I Collect Coins,Mercury Rev,7,0.02
1499,Racing the Tide,Mercury Rev,7,0.02
1500,The Funny Bird,Mercury Rev,7,0.02
1501,Tonite It Shows,Mercury Rev,7,0.02
1502,Burn This Disco Out,Michael Jackson,7,0.02
1503,Don't Stop 'Til You Get Enough,Michael Jackson,7,0.02
1504,Get on the Floor,Michael Jackson,7,0.02
1505,P.Y.T (Pretty Young Thing),Michael Jackson,7,0.02
1506,The Girl Is Mine (Featuring Paul McCartney),Michael Jackson,7,0.02
1507,Thriller,Michael Jackson,7,0.02
1508,Working Day and Night,Michael Jackson,7,0.02
1509,(We Are) The Road Crew,Motörhead,7,0.02
1510,Bite the Bullet,Motörhead,7,0.02
1511,Dance,Motörhead,7,0.02
1512,Fire Fire,Motörhead,7,0.02
1513,Jailbait,Motörhead,7,0.02
1514,The Chase Is Better Than the Catch,Motörhead,7,0.02
1515,The Hammer,Motörhead,7,0.02
1516,Supermassive Black Hole,Muse,7,0.02
1517,Scentless Apprentice,Nirvana,7,0.02
1518,Something in the Way,Nirvana,7,0.02
1519,Buggley Eyes,NOFX,7,0.02
1520,I Wanna Be Your Baby,NOFX,7,0.02
1521,Johnny Appleseed,NOFX,7,0.02
1522,She's Gone,NOFX,7,0.02
1523,Warm,NOFX,7,0.02
1524,Married With Children,Oasis,7,0.02
1525,Mucky Fingers,Oasis,7,0.02
1526,Shakermaker,Oasis,7,0.02
1527,Waiting for the Rapture,Oasis,7,0.02
1528,My Girl,Otis Redding,7,0.02
1529,Summer Days,Phoenix,7,0.02
1530,Another Brick in the Wall (Part 3),Pink Floyd,7,0.02
1531,Don't Leave Me Now,Pink Floyd,7,0.02
1532,Echoes,Pink Floyd,7,0.02
1533,Fearless,Pink Floyd,7,0.02
1534,Goodbye Blue Sky,Pink Floyd,7,0.02
1535,Goodbye Cruel World,Pink Floyd,7,0.02
1536,Jugband Blues,Pink Floyd,7,0.02
1537,One of My Turns,Pink Floyd,7,0.02
1538,One of These Days,Pink Floyd,7,0.02
1539,San Tropez,Pink Floyd,7,0.02
1540,The Happiest Days of Our Lives,Pink Floyd,7,0.02
1541,The Thin Ice,Pink Floyd,7,0.02
1542,Broken Face,Pixies,7,0.02
1543,Oh My Golly!,Pixies,7,0.02
1544,Tony's Theme,Pixies,7,0.02
1545,You Fucking Die! I Said...,Pixies,7,0.02
1546,Every You Every Me,Placebo,7,0.02
1547,Rompe Los Cristales,Platero y tú,7,0.02
1548,Baby I'm a Star,Prince,7,0.02
1549,The Beautiful Ones,Prince,7,0.02
1550,Bob Lind (The Only Way Is Down),Pulp,7,0.02
1551,David's Last Summer,Pulp,7,0.02
1552,Have You Seen Her Lately?,Pulp,7,0.02
1553,Joyriders,Pulp,7,0.02
1554,Pink Glove,Pulp,7,0.02
1555,The Day After the Revolution,Pulp,7,0.02
1556,Under Pressure,Queen,7,0.02
1557,Man on the Moon,R.E.M.,7,0.02
1558,2 + 2 = 5 (The Lukewarm.),Radiohead,7,0.02
1559,In Limbo,Radiohead,7,0.02
1560,Optimistic,Radiohead,7,0.02
1561,Commando,Ramones,7,0.02
1562,Surfin' Bird,Ramones,7,0.02
1563,Teenage Lobotomy,Ramones,7,0.02
1564,...Y Dale,Rosendo,7,0.02
1565,Beauty Queen,Roxy Music,7,0.02
1566,New York,Sex Pistols,7,0.02
1567,Seventeen,Sex Pistols,7,0.02
1568,Fascinado,Sidonie,7,0.02
1569,Nervous in the Alley,Smash Mouth,7,0.02
1570,Desperation,Steppenwolf,7,0.02
1571,Your Wall's Too High,Steppenwolf,7,0.02
1572,Easy Goin' Evening (My Mama's,Stevie Wonder,7,0.02
1573,Elephant Man,Suede,7,0.02
1574,For the Strangers,Suede,7,0.02
1575,Heroine,Suede,7,0.02
1576,Hit Me,Suede,7,0.02
1577,She,Suede,7,0.02
1578,Starcrazy,Suede,7,0.02
1579,The Next Life,Suede,7,0.02
1580,What Are You Not Telling Me?,Suede,7,0.02
1581,I'd Like to Know,Supergrass,7,0.02
1582,Lenny,Supergrass,7,0.02
1583,Strange Ones,Supergrass,7,0.02
1584,Time to Go,Supergrass,7,0.02
1585,We're Not Supposed To,Supergrass,7,0.02
1586,Asylum,Supertramp,7,0.02
1587,From Now On,Supertramp,7,0.02
1588,"1,000 Times",Tahiti 80,7,0.02
1589,Drugs,Talking Heads,7,0.02
1590,Electric Guitar,Talking Heads,7,0.02
1591,I Zimbra,Talking Heads,7,0.02
1592,Paper,Talking Heads,7,0.02
1593,The Less I Know the Better,Tame Impala,7,0.02
1594,In a Station,The Band,7,0.02
1595,King Harvest (Has Surely Come),The Band,7,0.02
1596,Tears Of Rage,The Band,7,0.02
1597,To Kingdom Come,The Band,7,0.02
1598,God Only Knows,The Beach Boys,7,0.02
1599,Here Today,The Beach Boys,7,0.02
1600,I Get Around,The Beach Boys,7,0.02
1601,I Just Wasn't Made for These Times,The Beach Boys,7,0.02
1602,Let's Go Away for a While,The Beach Boys,7,0.02
1603,You Still Believe in Me,The Beach Boys,7,0.02
1604,A Hard Day's Night,The Beatles,7,0.02
1605,And Your Bird Can Sing,The Beatles,7,0.02
1606,Birthday,The Beatles,7,0.02
1607,Everybody's Got Something to Hide Except Me and My Monkey,The Beatles,7,0.02
1608,Get Back,The Beatles,7,0.02
1609,Help!,The Beatles,7,0.02
1610,Mother Nature's Son,The Beatles,7,0.02
1611,Savoy Truffle,The Beatles,7,0.02
1612,Strawberry Fields Forever,The Beatles,7,0.02
1613,Twist and Shout,The Beatles,7,0.02
1614,Yellow Submarine,The Beatles,7,0.02
1615,Yer Blues,The Beatles,7,0.02
1616,Fine,The Cardigans,7,0.02
1617,Hey Boy Hey Girl,The Chemical Brothers,7,0.02
1618,Out of Control,The Chemical Brothers,7,0.02
1619,Star Guitar,The Chemical Brothers,7,0.02
1620,Cheapskates,The Clash,7,0.02
1621,English Civil War,The Clash,7,0.02
1622,Julie's Been Working for the Drug Squad,The Clash,7,0.02
1623,Lover's Rock,The Clash,7,0.02
1624,Rock the Casbah,The Clash,7,0.02
1625,Should I Stay or Should I Go,The Clash,7,0.02
1626,Tommy Gun,The Clash,7,0.02
1627,White Riot,The Clash,7,0.02
1628,So What,The Cure,7,0.02
1629,A Woman of the World,The Divine Comedy,7,0.02
1630,Middle-Class Heroes,The Divine Comedy,7,0.02
1631,Something for the Weekend,The Divine Comedy,7,0.02
1632,Theme From Casanova,The Divine Comedy,7,0.02
1633,What a Fool Believes,The Doobie Brothers,7,0.02
1634,Horse Latitudes,The Doors,7,0.02
1635,I Can't See Your Face in My Mind,The Doors,7,0.02
1636,My Eyes Have Seen You,The Doors,7,0.02
1637,Unhappy Girl,The Doors,7,0.02
1638,You're Lost Little Girl,The Doors,7,0.02
1639,Gun to the Head,"The Good, the Bad & the Queen",7,0.02
1640,Herculean,"The Good, the Bad & the Queen",7,0.02
1641,Mr. Brightside,The Killers,7,0.02
1642,Act Nice and Gentle,The Kinks,7,0.02
1643,Beautiful Delilah,The Kinks,7,0.02
1644,Get Back in Line,The Kinks,7,0.02
1645,Rats,The Kinks,7,0.02
1646,Suzannah's Still Alive,The Kinks,7,0.02
1647,The Village Green Preservation Society,The Kinks,7,0.02
1648,Campaign of Hate,The Libertines,7,0.02
1649,The Saga,The Libertines,7,0.02
1650,What a Waster,The Libertines,7,0.02
1651,Smack My Bitch Up,The Prodigy,7,0.02
1652,I'm Waiting for the Man,The Velvet Underground,7,0.02
1653,Seven Nation Army,The White Stripes,7,0.02
1654,Cowboy Song,Thin Lizzy,7,0.02
1655,Johnny the Fox Meets Jimmy the Weed,Thin Lizzy,7,0.02
1656,Massacre,Thin Lizzy,7,0.02
1657,Night Life,Thin Lizzy,7,0.02
1658,Romeo and the Lonely Girl,Thin Lizzy,7,0.02
1659,Tales of the Future,Vangelis,7,0.02
1660,Say It Ain't So,Weezer,7,0.02
1661,Burning With Optimism's Flames,XTC,7,0.02
1662,Paper and Iron (Notes and Coins),XTC,7,0.02
1663,Sgt. Rock (Is Going To Help Me),XTC,7,0.02
1664,Towers Of London,XTC,7,0.02
1665,Travels in Nihilon,XTC,7,0.02
1666,Pink,Aerosmith,6,0.01
1667,Let's Stay Together,Al Green,6,0.01
1668,In the Backseat,Arcade Fire,6,0.01
1669,Mardy Bum,Arctic Monkeys,6,0.01
1670,Boogie,Babyshambles,6,0.01
1671,French Dog Blues,Babyshambles,6,0.01
1672,Barón Rojo,Barón Rojo,6,0.01
1673,Hair of the Dog,Bauhaus,6,0.01
1674,Lazy Flies,Beck,6,0.01
1675,Night Fever,Bee Gees,6,0.01
1676,After Forever,Black Sabbath,6,0.01
1677,Changes,Black Sabbath,6,0.01
1678,Into the Void,Black Sabbath,6,0.01
1679,Lord of This World,Black Sabbath,6,0.01
1680,Solitude,Black Sabbath,6,0.01
1681,Repetition,Blur,6,0.01
1682,Sweet Song (Demo),Blur,6,0.01
1683,The Rabbi,Blur,6,0.01
1684,The Swan,Blur,6,0.01
1685,Top Man,Blur,6,0.01
1686,Ballad of a Thin Man,Bob Dylan,6,0.01
1687,"It Takes a Lot to Laugh, It Takes a Train to Cry",Bob Dylan,6,0.01
1688,One of Us Must Know (Sooner or Later),Bob Dylan,6,0.01
1689,Pledging My Time,Bob Dylan,6,0.01
1690,Rainy Day Women #12 & 35,Bob Dylan,6,0.01
1691,Temporary Like Achilles,Bob Dylan,6,0.01
1692,Visions of Johanna,Bob Dylan,6,0.01
1693,Buffalo Solider,Bob Marley,6,0.01
1694,No Woman No Cry,Bob Marley,6,0.01
1695,Meeting Across the River,Bruce Springsteen,6,0.01
1696,Night,Bruce Springsteen,6,0.01
1697,Autonomy,Buzzcocks,6,0.01
1698,Fast Cars,Buzzcocks,6,0.01
1699,Late for the Train,Buzzcocks,6,0.01
1700,Walking Distance,Buzzcocks,6,0.01
1701,International Velvet,Catatonia,6,0.01
1702,My Selfish Gene,Catatonia,6,0.01
1703,Strange Glue,Catatonia,6,0.01
1704,20 De Abril,Celtas Cortos,6,0.01
1705,La Senda Del Tiempo,Celtas Cortos,6,0.01
1706,No Nos Podrán Parar,Celtas Cortos,6,0.01
1707,Todo Es Ponerse,Celtas Cortos,6,0.01
1708,Don't Panic,Coldplay,6,0.01
1709,Fix You,Coldplay,6,0.01
1710,Trouble,Coldplay,6,0.01
1711,Cat's Squirrel,Cream,6,0.01
1712,Dreaming,Cream,6,0.01
1713,Four Until Late,Cream,6,0.01
1714,N.S.U.,Cream,6,0.01
1715,Rollin' And Tumblin',Cream,6,0.01
1716,Sleepy Time Time,Cream,6,0.01
1717,Spoonful,Cream,6,0.01
1718,Sweet Wine,Cream,6,0.01
1719,The Coffee Song,Cream,6,0.01
1720,Toad,Cream,6,0.01
1721,Wrapping Paper,Cream,6,0.01
1722,Cross-Tie Walker,Creedence Clearwater Revival,6,0.01
1723,I Put a Spell on You,Creedence Clearwater Revival,6,0.01
1724,It Came Out of the Sky,Creedence Clearwater Revival,6,0.01
1725,The Night Time Is the Right Time,Creedence Clearwater Revival,6,0.01
1726,Black Panther,Crystal Castles,6,0.01
1727,Empathy,Crystal Castles,6,0.01
1728,Fainting Spells,Crystal Castles,6,0.01
1729,Tell Me What to Swallow,Crystal Castles,6,0.01
1730,Vietnam,Crystal Castles,6,0.01
1731,Face to Face,Daft Punk,6,0.01
1732,Voyager,Daft Punk,6,0.01
1733,"Alabama Song (UK single A-side, 1979)",David Bowie,6,0.01
1734,Always Crashing in the Same Car,David Bowie,6,0.01
1735,Black Country Rock,David Bowie,6,0.01
1736,Diamond Dogs,David Bowie,6,0.01
1737,Fame,David Bowie,6,0.01
1738,Five Years,David Bowie,6,0.01
1739,It's No Game (Part 2),David Bowie,6,0.01
1740,Janine,David Bowie,6,0.01
1741,Joe the Lion,David Bowie,6,0.01
1742,Jump They Say,David Bowie,6,0.01
1743,Modern Love,David Bowie,6,0.01
1744,Move On,David Bowie,6,0.01
1745,Repetition,David Bowie,6,0.01
1746,Starman,David Bowie,6,0.01
1747,Suffragette City,David Bowie,6,0.01
1748,Yassassin (Turkish for: Long Live),David Bowie,6,0.01
1749,Kaos,Decibelios,6,0.01
1750,Reach Out I'll Be There,Diana Ross,6,0.01
1751,To Love Again,Diana Ross,6,0.01
1752,Girls on Film,Duran Duran,6,0.01
1753,Tel Aviv,Duran Duran,6,0.01
1754,Today Tomorrow Sometime Never,Echobelly,6,0.01
1755,Car Song,Elastica,6,0.01
1756,Connection,Elastica,6,0.01
1757,Never Here,Elastica,6,0.01
1758,Leaders of the Free World,Elbow,6,0.01
1759,Above the Clouds,Electric Light Orchestra,6,0.01
1760,Do Ya,Electric Light Orchestra,6,0.01
1761,Grey Seal,Elton John,6,0.01
1762,This Song Has No Title,Elton John,6,0.01
1763,Oliver's Army,Elvis Costello,6,0.01
1764,(Now and Then There's) a Fool Such as I,Elvis Presley,6,0.01
1765,A Big Hunk o' Love,Elvis Presley,6,0.01
1766,Are You Lonesome Tonight?,Elvis Presley,6,0.01
1767,Don't,Elvis Presley,6,0.01
1768,Stuck on You,Elvis Presley,6,0.01
1769,Suspicious Minds,Elvis Presley,6,0.01
1770,Wooden Heart,Elvis Presley,6,0.01
1771,Golfa,Extremoduro,6,0.01
1772,Primer movimiento: el sueño,Extremoduro,6,0.01
1773,From Out of Nowhere,Faith No More,6,0.01
1774,Cassius,Foals,6,0.01
1775,It Was a Very Good Year,Frank Sinatra,6,0.01
1776,Barcelona,Freddie Mercury,6,0.01
1777,Let's Turn It On,Freddie Mercury,6,0.01
1778,Love Kills,Freddie Mercury,6,0.01
1779,Al Final De Todo,Gabinete Caligari,6,0.01
1780,Cuatro Rosas,Gabinete Caligari,6,0.01
1781,La Sangre De Tu Tristeza,Gabinete Caligari,6,0.01
1782,Sólo Se Vive Una Vez,Gabinete Caligari,6,0.01
1783,The Day the World Gets 'Round,George Harrison,6,0.01
1784,The Lord Loves the One (That Loves the Lord),George Harrison,6,0.01
1785,Clair,Gilbert O'Sullivan,6,0.01
1786,I Can See Clearly Now,Gladys Knight & The Pips,6,0.01
1787,Boulder Buff,Glenn Miller,6,0.01
1788,Little Brown Jug,Glenn Miller,6,0.01
1789,Fire Coming Out of the Monkey's Head,Gorillaz,6,0.01
1790,Kids with Guns,Gorillaz,6,0.01
1791,Lake Zurich,Gorillaz,6,0.01
1792,Some Kind of Nature,Gorillaz,6,0.01
1793,Hopeless Friend,Graham Coxon,6,0.01
1794,Deshacer El Mundo,Héroes del Silencio,6,0.01
1795,La Apariencia No Es Sincera,Héroes del Silencio,6,0.01
1796,La Sirena Varada,Héroes del Silencio,6,0.01
1797,Morir Todavía,Héroes del Silencio,6,0.01
1798,Nuestros Nombres,Héroes del Silencio,6,0.01
1799,The Passenger,Iggy Pop,6,0.01
1800,Agotados de Esperar El Fin,Ilegales,6,0.01
1801,El Piloto,Ilegales,6,0.01
1802,Libérate,Ilegales,6,0.01
1803,Odio Los Pasodobles,Ilegales,6,0.01
1804,Para Siempre,Ilegales,6,0.01
1805,Mentiras,Jaime Urrutia,6,0.01
1806,Everyday,Jamiroquai,6,0.01
1807,Hey Joe,Jimi Hendrix,6,0.01
1808,Love Or Confusion,Jimi Hendrix,6,0.01
1809,¿Quién me ha robado el mes de Abril?,Joaquín Sabina,6,0.01
1810,Balada de Tolito,Joaquín Sabina,6,0.01
1811,Círculos viciosos,Joaquín Sabina,6,0.01
1812,Nacidos Para Perder,Joaquín Sabina,6,0.01
1813,Rebajas de Enero,Joaquín Sabina,6,0.01
1814,I Don't Want To Be A Soldier Mama,John Lennon,6,0.01
1815,My Mummy's Dead,John Lennon,6,0.01
1816,Oh Yoko!,John Lennon,6,0.01
1817,Watching the Wheels,John Lennon,6,0.01
1818,Hot for Love,Judas Priest,6,0.01
1819,Locked In,Judas Priest,6,0.01
1820,Out in the Cold,Judas Priest,6,0.01
1821,Parental Guidance,Judas Priest,6,0.01
1822,Prelude,Judas Priest,6,0.01
1823,Private Property,Judas Priest,6,0.01
1824,Reckless,Judas Priest,6,0.01
1825,Rock You All Around the World,Judas Priest,6,0.01
1826,Victim of Changes,Judas Priest,6,0.01
1827,"Wild Nights, Hot & Crazy Days",Judas Priest,6,0.01
1828,Venusia,Klaxons,6,0.01
1829,303,Kula Shaker,6,0.01
1830,Grateful When You're Dead/Jerry Was There,Kula Shaker,6,0.01
1831,Sleeping Jiva,Kula Shaker,6,0.01
1832,Boogie With Stu,Led Zeppelin,6,0.01
1833,Bring It on Home,Led Zeppelin,6,0.01
1834,Bron-Yr-Aur,Led Zeppelin,6,0.01
1835,Carouselambra,Led Zeppelin,6,0.01
1836,Custard Pie,Led Zeppelin,6,0.01
1837,Hot Dog,Led Zeppelin,6,0.01
1838,In My Time of Dying,Led Zeppelin,6,0.01
1839,Moby Dick,Led Zeppelin,6,0.01
1840,The Lemon Song,Led Zeppelin,6,0.01
1841,Años 80,Los Piratas,6,0.01
1842,Caótico Neutral,Los Piratas,6,0.01
1843,Dulce Condena,Los Rodríguez,6,0.01
1844,A Caín,Los Suaves,6,0.01
1845,Frankenstein,Los Suaves,6,0.01
1846,Mear Contra El Viento,Los Suaves,6,0.01
1847,No Llores Más Por Mí,Los Suaves,6,0.01
1848,Por Las Noches,Los Suaves,6,0.01
1849,Siempre igual,Los Suaves,6,0.01
1850,Sospecho,Los Suaves,6,0.01
1851,Tocando Fondo,Los Suaves,6,0.01
1852,Una Ciudad Llamada Perdición,Los Suaves,6,0.01
1853,Banging On My Drum,Lou Reed,6,0.01
1854,Dirt,Lou Reed,6,0.01
1855,Follow The Leader,Lou Reed,6,0.01
1856,Hangin' 'Round,Lou Reed,6,0.01
1857,I Love You,Lou Reed,6,0.01
1858,My Friend George,Lou Reed,6,0.01
1859,My Old Man,Lou Reed,6,0.01
1860,Vicious Circle,Lou Reed,6,0.01
1861,You Wear It So Well,Lou Reed,6,0.01
1862,I Need You,Lynyrd Skynyrd,6,0.01
1863,Further Away,Manic Street Preachers,6,0.01
1864,No Surface All Feeling,Manic Street Preachers,6,0.01
1865,Removables,Manic Street Preachers,6,0.01
1866,Delta Sun Bottleneck Stomp,Mercury Rev,6,0.01
1867,Empire State (Son House in Excelsis),Mercury Rev,6,0.01
1868,Goddess On A Hiway,Mercury Rev,6,0.01
1869,Holes,Mercury Rev,6,0.01
1870,Hudson Line,Mercury Rev,6,0.01
1871,Peaceful Night,Mercury Rev,6,0.01
1872,Pick Up If You're There,Mercury Rev,6,0.01
1873,The Happy End (The Drunk Room),Mercury Rev,6,0.01
1874,Young Man's Stride,Mercury Rev,6,0.01
1875,Electric Feel,MGMT,6,0.01
1876,Billie Jean,Michael Jackson,6,0.01
1877,About a Girl,Nirvana,6,0.01
1878,Dumb,Nirvana,6,0.01
1879,Frances Farmer Will Have Her Revenge on Seattle,Nirvana,6,0.01
1880,Serve the Servants,Nirvana,6,0.01
1881,Just a Girl,No Doubt,6,0.01
1882,Spiderwebs,No Doubt,6,0.01
1883,Listen Up,Oasis,6,0.01
1884,Coming Up,Paul McCartney,6,0.01
1885,Ram On,Paul McCartney,6,0.01
1886,Cut Your Hair,Pavement,6,0.01
1887,Serpentine Pad,Pavement,6,0.01
1888,Spin the Black Circle,Pearl Jam,6,0.01
1889,Consolation Prizes,Phoenix,6,0.01
1890,Long Distance Call,Phoenix,6,0.01
1891,Sometimes In The Fall,Phoenix,6,0.01
1892,A Pillow of Winds,Pink Floyd,6,0.01
1893,Bring the Boys Back Home,Pink Floyd,6,0.01
1894,Comfortably Numb,Pink Floyd,6,0.01
1895,Hey You,Pink Floyd,6,0.01
1896,Interstellar Overdrive,Pink Floyd,6,0.01
1897,Is There Anybody Out There?,Pink Floyd,6,0.01
1898,Nobody Home,Pink Floyd,6,0.01
1899,Seamus,Pink Floyd,6,0.01
1900,Shine On You Crazy Diamond (Parts I-V),Pink Floyd,6,0.01
1901,Shine On You Crazy Diamond (Parts VI-IX),Pink Floyd,6,0.01
1902,Vera,Pink Floyd,6,0.01
1903,Ed Is Dead,Pixies,6,0.01
1904,Allergic (to Thoughts of Mother Earth),Placebo,6,0.01
1905,Juliette,Platero y tú,6,0.01
1906,Voy a acabar borracho,Platero y tú,6,0.01
1907,Lady Cab Driver,Prince,6,0.01
1908,Let's Pretend We're Married,Prince,6,0.01
1909,Little Red Corvette,Prince,6,0.01
1910,Albatross,Public Image Ltd.,6,0.01
1911,Acrylic Afternoons,Pulp,6,0.01
1912,Love Is Blind,Pulp,6,0.01
1913,She's a Lady,Pulp,6,0.01
1914,Someone Like the Moon,Pulp,6,0.01
1915,The Trees,Pulp,6,0.01
1916,"All Dead, All Dead",Queen,6,0.01
1917,Fight From the Inside,Queen,6,0.01
1918,"Get Down, Make Love",Queen,6,0.01
1919,It's Late,Queen,6,0.01
1920,My Melancholy Blues,Queen,6,0.01
1921,Sheer Heart Attack,Queen,6,0.01
1922,Sleeping on the Sidewalk,Queen,6,0.01
1923,Who Needs You,Queen,6,0.01
1924,Black Star,Radiohead,6,0.01
1925,Bones,Radiohead,6,0.01
1926,Bullet Proof..I Wish I Was,Radiohead,6,0.01
1927,Everything in Its Right Place,Radiohead,6,0.01
1928,Fake Plastic Trees,Radiohead,6,0.01
1929,High and Dry,Radiohead,6,0.01
1930,How to Disappear Completely,Radiohead,6,0.01
1931,Idioteque,Radiohead,6,0.01
1932,Kid A,Radiohead,6,0.01
1933,Morning Bell,Radiohead,6,0.01
1934,Nice Dream,Radiohead,6,0.01
1935,Planet Telex,Radiohead,6,0.01
1936,Sail to the Moon. (Brush the Cobwebs Out of the Sky.),Radiohead,6,0.01
1937,Sit Down. Stand Up. (Snakes & Ladders.),Radiohead,6,0.01
1938,Street Spirit (Fade Out),Radiohead,6,0.01
1939,Sulk,Radiohead,6,0.01
1940,The Bends,Radiohead,6,0.01
1941,Treefingers,Radiohead,6,0.01
1942,Vegetable,Radiohead,6,0.01
1943,Seemann,Rammstein,6,0.01
1944,Wollt Ihr Das Bett In Flammen,Rammstein,6,0.01
1945,"Baby, I Love You",Ramones,6,0.01
1946,Bad Brain,Ramones,6,0.01
1947,Blitzkrieg Bop,Ramones,6,0.01
1948,Chinese Rock,Ramones,6,0.01
1949,"Here Today, Gone Tomorrow",Ramones,6,0.01
1950,I Can't Make It on Time,Ramones,6,0.01
1951,I Just Want to Have Something to Do,Ramones,6,0.01
1952,I Wanna Be Your Boyfriend,Ramones,6,0.01
1953,I'm Affected,Ramones,6,0.01
1954,Judy Is a Punk,Ramones,6,0.01
1955,The KKK Took My Baby Away,Ramones,6,0.01
1956,The Return of Jack and Judy,Ramones,6,0.01
1957,This Ain't Havana,Ramones,6,0.01
1958,Around the World,Red Hot Chili Peppers,6,0.01
1959,Easily,Red Hot Chili Peppers,6,0.01
1960,Scar Tissue,Red Hot Chili Peppers,6,0.01
1961,No Tengo Dinero,Righeira,6,0.01
1962,Vamos a la playa,Righeira,6,0.01
1963,Old Before I Die,Robbie Williams,6,0.01
1964,Agradecido,Rosendo,6,0.01
1965,Aguanta El Tipo,Rosendo,6,0.01
1966,Callejones,Rosendo,6,0.01
1967,No Son Gigantes,Rosendo,6,0.01
1968,Jardin Polar,Sidonie,6,0.01
1969,Happy House,Siouxsie and the Banshees,6,0.01
1970,Pet Names,Smash Mouth,6,0.01
1971,Gold,Spandau Ballet,6,0.01
1972,A Girl I Knew,Steppenwolf,6,0.01
1973,Berry Rides Again,Steppenwolf,6,0.01
1974,Everybody's Next One,Steppenwolf,6,0.01
1975,Hoochie Coochie Man,Steppenwolf,6,0.01
1976,Sookie Sookie,Steppenwolf,6,0.01
1977,As,Stevie Wonder,6,0.01
1978,Bird Of Beauty,Stevie Wonder,6,0.01
1979,Always,Suede,6,0.01
1980,By the Sea,Suede,6,0.01
1981,Down,Suede,6,0.01
1982,Electricity,Suede,6,0.01
1983,Faultlines,Suede,6,0.01
1984,Filmstar,Suede,6,0.01
1985,Lazy,Suede,6,0.01
1986,She's in Fashion,Suede,6,0.01
1987,The 2 of Us,Suede,6,0.01
1988,The Asphalt World,Suede,6,0.01
1989,The Chemistry Between Us,Suede,6,0.01
1990,The Wild Ones,Suede,6,0.01
1991,Moving,Supergrass,6,0.01
1992,Downstream,Supertramp,6,0.01
1993,Fool's Overture,Supertramp,6,0.01
1994,Happy End,Tahiti 80,6,0.01
1995,Open Book,Tahiti 80,6,0.01
1996,The Train,Tahiti 80,6,0.01
1997,Houses in Motion,Talking Heads,6,0.01
1998,Once in a Lifetime,Talking Heads,6,0.01
1999,Desire Be Desire Go,Tame Impala,6,0.01
2000,Eventually,Tame Impala,6,0.01
2001,Gossip,Tame Impala,6,0.01
2002,Jeremy's Storm,Tame Impala,6,0.01
2003,"Runway, Houses, City, Clouds",Tame Impala,6,0.01
2004,She Just Won't Believe Me,Tame Impala,6,0.01
2005,Solitude Is Bliss,Tame Impala,6,0.01
2006,Yes I'm Changing,Tame Impala,6,0.01
2007,Caroline No,The Beach Boys,6,0.01
2008,I Know There's An Answe,The Beach Boys,6,0.01
2009,I'm Waiting for the Day,The Beach Boys,6,0.01
2010,Sloop John B,The Beach Boys,6,0.01
2011,Baby It's You,The Beatles,6,0.01
2012,Eight Days a Week,The Beatles,6,0.01
2013,Eleanor Rigby,The Beatles,6,0.01
2014,Good Night,The Beatles,6,0.01
2015,"Here, There and Everywhere",The Beatles,6,0.01
2016,Hey Bulldog,The Beatles,6,0.01
2017,I Need You,The Beatles,6,0.01
2018,I Want to Tell You,The Beatles,6,0.01
2019,I'm Only Sleeping,The Beatles,6,0.01
2020,Lucy in the Sky With Diamonds,The Beatles,6,0.01
2021,Penny Lane,The Beatles,6,0.01
2022,Revolution 9,The Beatles,6,0.01
2023,She Said She Said,The Beatles,6,0.01
2024,The Long and Winding Road,The Beatles,6,0.01
2025,Ticket to Ride,The Beatles,6,0.01
2026,Yesterday,The Beatles,6,0.01
2027,Beautiful One,The Cardigans,6,0.01
2028,Sabbath Bloody Sabbath,The Cardigans,6,0.01
2029,Tomorrow,The Cardigans,6,0.01
2030,Garageland,The Clash,6,0.01
2031,Last Gang in Town,The Clash,6,0.01
2032,A Forest,The Cure,6,0.01
2033,Fire in Cairo,The Cure,6,0.01
2034,The Funeral Party,The Cure,6,0.01
2035,Drifters & Trawlers,"The Good, the Bad & the Queen",6,0.01
2036,Just Like Honey,The Jesus and Mary Chain,6,0.01
2037,Taste the Floor,The Jesus and Mary Chain,6,0.01
2038,Bones,The Killers,6,0.01
2039,Apeman,The Kinks,6,0.01
2040,Bald Headed Woman,The Kinks,6,0.01
2041,Dead End Street,The Kinks,6,0.01
2042,I Took My Baby Home,The Kinks,6,0.01
2043,I'm A Lover Not A Fighter,The Kinks,6,0.01
2044,Just Can't Go To Sleep,The Kinks,6,0.01
2045,Lincoln County,The Kinks,6,0.01
2046,Long Tall Shorty,The Kinks,6,0.01
2047,Powerman,The Kinks,6,0.01
2048,Revenge,The Kinks,6,0.01
2049,So Mystifying,The Kinks,6,0.01
2050,There Is No Life Without Love,The Kinks,6,0.01
2051,Top of the Pops,The Kinks,6,0.01
2052,Looking Glass,The La's,6,0.01
2053,There She Goes,The La's,6,0.01
2054,Begging,The Libertines,6,0.01
2055,The Good Old Days,The Libertines,6,0.01
2056,The Man Who Would Be King,The Libertines,6,0.01
2057,Do You Wanna Dance,The Mamas & the Papas,6,0.01
2058,Go Where You Wanna Go,The Mamas & the Papas,6,0.01
2059,Got A Feelin',The Mamas & the Papas,6,0.01
2060,I Call Your Name,The Mamas & the Papas,6,0.01
2061,"Monday, Monday",The Mamas & the Papas,6,0.01
2062,Spanish Harlem,The Mamas & the Papas,6,0.01
2063,Straight Shooter,The Mamas & the Papas,6,0.01
2064,Climbatize,The Prodigy,6,0.01
2065,Fuel My Fire,The Prodigy,6,0.01
2066,Mindfields,The Prodigy,6,0.01
2067,Narayan,The Prodigy,6,0.01
2068,Gimme Shelter,The Rolling Stones,6,0.01
2069,Sympathy for the Devil,The Rolling Stones,6,0.01
2070,Zero,The Smashing Pumpkins,6,0.01
2071,Hand in Glove,The Smiths,6,0.01
2072,Monkey Man,The Specials,6,0.01
2073,You Only Live Once,The Strokes,6,0.01
2074,Disco Inferno,The Trammps,6,0.01
2075,Sunday Morning,The Velvet Underground,6,0.01
2076,There She Goes Again,The Velvet Underground,6,0.01
2077,Catching the Butterfly,The Verve,6,0.01
2078,This Time,The Verve,6,0.01
2079,Mary Jane,The Vines,6,0.01
2080,Armenia City in the Sky,The Who,6,0.01
2081,Heinz Baked Beans,The Who,6,0.01
2082,I Can See for Miles,The Who,6,0.01
2083,I Can't Reach You,The Who,6,0.01
2084,Mary Anne with the Shaky Hand,The Who,6,0.01
2085,Medac,The Who,6,0.01
2086,Rael 1 & 2,The Who,6,0.01
2087,Relax,The Who,6,0.01
2088,Silas Stingy,The Who,6,0.01
2089,Sunrise,The Who,6,0.01
2090,Tattoo,The Who,6,0.01
2091,Won't Get Fooled Again,The Who,6,0.01
2092,Angel From the Coast,Thin Lizzy,6,0.01
2093,Borderline,Thin Lizzy,6,0.01
2094,Emerald,Thin Lizzy,6,0.01
2095,Jailbreak,Thin Lizzy,6,0.01
2096,Sweet Marie,Thin Lizzy,6,0.01
2097,Warriors,Thin Lizzy,6,0.01
2098,One,U2,6,0.01
2099,Only in Dreams,Weezer,6,0.01
2100,The Good Life,Weezer,6,0.01
2101,Are You Receiving Me?,XTC,6,0.01
2102,Battery Brides (Andy Paints Brian),XTC,6,0.01
2103,Beatown,XTC,6,0.01
2104,Buzzcity Talking,XTC,6,0.01
2105,Crowded Room,XTC,6,0.01
2106,I Am the Audience,XTC,6,0.01
2107,Jumping in Gomorrah,XTC,6,0.01
2108,Life is Good in the Greenhouse,XTC,6,0.01
2109,Meccanik Dancing (Oh We Go!),XTC,6,0.01
2110,My Weapon,XTC,6,0.01
2111,Red,XTC,6,0.01
2112,Super-Tuff,XTC,6,0.01
2113,The Rhythm,XTC,6,0.01
2114,Round and Round,Aerosmith,5,0.01
2115,Walk This Way,Aerosmith,5,0.01
2116,L-O-V-E (Love),Al Green,5,0.01
2117,Wake Up,Arcade Fire,5,0.01
2118,We Exist,Arcade Fire,5,0.01
2119,A Certain Romance,Arctic Monkeys,5,0.01
2120,I'd Give You Anything,Ash,5,0.01
2121,Chica De La Ciudad,Barón Rojo,5,0.01
2122,Son Como Hormigas,Barón Rojo,5,0.01
2123,En Blanco Y Negro,Barricada,5,0.01
2124,Passion of Lovers,Bauhaus,5,0.01
2125,Telegram Sam,Bauhaus,5,0.01
2126,Fight for Your Right,Beastie Boys,5,0.01
2127,Living Together,Bee Gees,5,0.01
2128,The Anchor Song,Björk,5,0.01
2129,Cornucopia,Black Sabbath,5,0.01
2130,Evil Woman,Black Sabbath,5,0.01
2131,FX,Black Sabbath,5,0.01
2132,Laguna Sunrise,Black Sabbath,5,0.01
2133,Orchid,Black Sabbath,5,0.01
2134,Snowblind,Black Sabbath,5,0.01
2135,St. Vitus Dance,Black Sabbath,5,0.01
2136,Supernaut,Black Sabbath,5,0.01
2137,Sweet Leaf,Black Sabbath,5,0.01
2138,Tomorrows Dream,Black Sabbath,5,0.01
2139,Under the Sun,Black Sabbath,5,0.01
2140,Wheels of Confusion,Black Sabbath,5,0.01
2141,Heart of Glass,Blondie,5,0.01
2142,Just Go Away,Blondie,5,0.01
2143,Charmless Man (Live At The Budokan),Blur,5,0.01
2144,Chemical World (Live At The Budokan),Blur,5,0.01
2145,Inertia,Blur,5,0.01
2146,Music Is My Radar,Blur,5,0.01
2147,One Born Every Minute,Blur,5,0.01
2148,Peach,Blur,5,0.01
2149,Peter Panic,Blur,5,0.01
2150,St Louis,Blur,5,0.01
2151,Ultranol,Blur,5,0.01
2152,4th Time Around,Bob Dylan,5,0.01
2153,Absolutely Sweet Marie,Bob Dylan,5,0.01
2154,Desolation Row,Bob Dylan,5,0.01
2155,From a Buick 6,Bob Dylan,5,0.01
2156,Highway 61 Revisited,Bob Dylan,5,0.01
2157,Just Like Tom Thumb's Blues,Bob Dylan,5,0.01
2158,Leopard-Skin Pill-Box Hat,Bob Dylan,5,0.01
2159,Most Likely You Go Your Way (And I'll Go Mine),Bob Dylan,5,0.01
2160,Obviously 5 Believers,Bob Dylan,5,0.01
2161,Stuck Inside of Mobile with the Memphis Blues Again,Bob Dylan,5,0.01
2162,Tombstone Blues,Bob Dylan,5,0.01
2163,Redemption Song,Bob Marley,5,0.01
2164,Satisfy My Soul,Bob Marley,5,0.01
2165,Lo que el tiempo no borró,Burning,5,0.01
2166,Paradise,Buzzcocks,5,0.01
2167,Sitting,Cat Stevens,5,0.01
2168,Don't Need the Sunshine,Catatonia,5,0.01
2169,Part of the Furniture,Catatonia,5,0.01
2170,Why I Can't Stand One Night Stands,Catatonia,5,0.01
2171,Gente Distinta,Celtas Cortos,5,0.01
2172,Tranquilo Majete,Celtas Cortos,5,0.01
2173,Everything's Not Lost,Coldplay,5,0.01
2174,High Speed,Coldplay,5,0.01
2175,Parachutes,Coldplay,5,0.01
2176,Shiver,Coldplay,5,0.01
2177,Sparks,Coldplay,5,0.01
2178,Spies,Coldplay,5,0.01
2179,The Hardest Part,Coldplay,5,0.01
2180,We Never Change,Coldplay,5,0.01
2181,Yellow,Coldplay,5,0.01
2182,Sunshine of Your Love,Cream,5,0.01
2183,Don't Look Now,Creedence Clearwater Revival,5,0.01
2184,Effigy,Creedence Clearwater Revival,5,0.01
2185,Feelin' Blue,Creedence Clearwater Revival,5,0.01
2186,Fortunate Son,Creedence Clearwater Revival,5,0.01
2187,Poorboy Shuffle,Creedence Clearwater Revival,5,0.01
2188,Side o' the Road,Creedence Clearwater Revival,5,0.01
2189,The Midnight Special,Creedence Clearwater Revival,5,0.01
2190,World Where You Live,Crowded House,5,0.01
2191,I Am Made of Chalk,Crystal Castles,5,0.01
2192,Da Funk,Daft Punk,5,0.01
2193,Everyday Robots,Damon Albarn,5,0.01
2194,Heavy Seas of Love,Damon Albarn,5,0.01
2195,Lonely Press Play,Damon Albarn,5,0.01
2196,Royal Morning Blue,Damon Albarn,5,0.01
2197,Across the Universe,David Bowie,5,0.01
2198,Beauty and the Beast,David Bowie,5,0.01
2199,Black Tie White Noise,David Bowie,5,0.01
2200,Bombers,David Bowie,5,0.01
2201,Breaking Glass,David Bowie,5,0.01
2202,Can You Hear Me,David Bowie,5,0.01
2203,Candidate,David Bowie,5,0.01
2204,Cat People,David Bowie,5,0.01
2205,Criminal World,David Bowie,5,0.01
2206,Fascination,David Bowie,5,0.01
2207,Future Legend,David Bowie,5,0.01
2208,Hang Onto Yourself,David Bowie,5,0.01
2209,I Feel Free,David Bowie,5,0.01
2210,Let's Dance,David Bowie,5,0.01
2211,Let's Spend the Night Together,David Bowie,5,0.01
2212,Moss Garden,David Bowie,5,0.01
2213,Nite Flights,David Bowie,5,0.01
2214,Red Sails,David Bowie,5,0.01
2215,Ricochet,David Bowie,5,0.01
2216,Right,David Bowie,5,0.01
2217,Sense of Doubt,David Bowie,5,0.01
2218,Star,David Bowie,5,0.01
2219,Sweet Thing (reprise),David Bowie,5,0.01
2220,The Wedding,David Bowie,5,0.01
2221,Time,David Bowie,5,0.01
2222,V-2 Schneider,David Bowie,5,0.01
2223,Valentine’s Day,David Bowie,5,0.01
2224,Watch That Man,David Bowie,5,0.01
2225,What in the World,David Bowie,5,0.01
2226,Win,David Bowie,5,0.01
2227,Without You,David Bowie,5,0.01
2228,You've Been Around,David Bowie,5,0.01
2229,Ziggy Stardust,David Bowie,5,0.01
2230,Piara Indecente,Decibelios,5,0.01
2231,Lazy,Deep Purple,5,0.01
2232,Maybe I'm a Leo,Deep Purple,5,0.01
2233,Never Before,Deep Purple,5,0.01
2234,Pictures of Home,Deep Purple,5,0.01
2235,"Lovin', Livin' &  Givin'",Diana Ross,5,0.01
2236,Sorry Doesn't Always Make It Right,Diana Ross,5,0.01
2237,Together,Diana Ross,5,0.01
2238,Miserlou,Dick Dale,5,0.01
2239,Bang Bang You're Dead,Dirty Pretty Things,5,0.01
2240,Deadwood,Dirty Pretty Things,5,0.01
2241,Beyond This Life,Dream Theater,5,0.01
2242,Anyone Out There,Duran Duran,5,0.01
2243,Careless Memories,Duran Duran,5,0.01
2244,Friends of Mine,Duran Duran,5,0.01
2245,Is There Something I Should Know,Duran Duran,5,0.01
2246,Night Boat,Duran Duran,5,0.01
2247,Sound of Thunder,Duran Duran,5,0.01
2248,Call Me Names,Echobelly,5,0.01
2249,"Father, Ruler, King, Computer",Echobelly,5,0.01
2250,Blue,Elastica,5,0.01
2251,Line Up,Elastica,5,0.01
2252,Smile,Elastica,5,0.01
2253,Stutter,Elastica,5,0.01
2254,All The Girls Love Alice,Elton John,5,0.01
2255,Funeral For A Friend (Love Lies Bleeding),Elton John,5,0.01
2256,Harmony,Elton John,5,0.01
2257,I've Seen That Movie Too,Elton John,5,0.01
2258,Jamaica Jerk-Off,Elton John,5,0.01
2259,Roy Rogers,Elton John,5,0.01
2260,Social Disease,Elton John,5,0.01
2261,Your Sister Can't Twist (But She Can Rock 'n Roll),Elton John,5,0.01
2262,(I Don't Want To Go To) Chelsea,Elvis Costello,5,0.01
2263,Good Luck Charm,Elvis Presley,5,0.01
2264,Hard Headed Woman,Elvis Presley,5,0.01
2265,It's Now or Never,Elvis Presley,5,0.01
2266,Jailhouse Rock,Elvis Presley,5,0.01
2267,De Ti Depende,Eskorbuto,5,0.01
2268,Falling to Pieces,Faith No More,5,0.01
2269,Surprise! You're Dead!,Faith No More,5,0.01
2270,The Real Thing,Faith No More,5,0.01
2271,Zombie Eaters,Faith No More,5,0.01
2272,Balloons,Foals,5,0.01
2273,Learn to Fly,Foo Fighters,5,0.01
2274,Golpes,Gabinete Caligari,5,0.01
2275,I Think I'm Paranoid,Garbage,5,0.01
2276,Push It,Garbage,5,0.01
2277,Special,Garbage,5,0.01
2278,When I Grow Up,Garbage,5,0.01
2279,Be Here Now,George Harrison,5,0.01
2280,Farewell Blues,Glenn Miller,5,0.01
2281,King Porter Stomp,Glenn Miller,5,0.01
2282,St. Louis Blues,Glenn Miller,5,0.01
2283,String of Pearls,Glenn Miller,5,0.01
2284,Tuxedo Junction,Glenn Miller,5,0.01
2285,Aries (feat. Peter Hook & Georgia),Gorillaz,5,0.01
2286,Clint Eastwood,Gorillaz,5,0.01
2287,Double Bass,Gorillaz,5,0.01
2288,Every Planet We Reach Is Dead,Gorillaz,5,0.01
2289,Glitter Freeze,Gorillaz,5,0.01
2290,Murdoc Is God,Gorillaz,5,0.01
2291,November Has Come,Gorillaz,5,0.01
2292,Strange Timez (feat. Robert Smith),Gorillaz,5,0.01
2293,The Valley of the Pagans (feat. Beck),Gorillaz,5,0.01
2294,All Over Me,Graham Coxon,5,0.01
2295,Are You Ready?,Graham Coxon,5,0.01
2296,Big Bird,Graham Coxon,5,0.01
2297,Bitter Tears,Graham Coxon,5,0.01
2298,Bottom Bunk,Graham Coxon,5,0.01
2299,Don't Be A Stranger,Graham Coxon,5,0.01
2300,Don't Believe Anything I Say,Graham Coxon,5,0.01
2301,Gimme Some Love,Graham Coxon,5,0.01
2302,Girl Done Gone,Graham Coxon,5,0.01
2303,I Can't Look At Your Skin,Graham Coxon,5,0.01
2304,In the Morning,Graham Coxon,5,0.01
2305,People Of The Earth,Graham Coxon,5,0.01
2306,Ribbons And Leaves,Graham Coxon,5,0.01
2307,See A Better Day,Graham Coxon,5,0.01
2308,You Always Let Me Down,Graham Coxon,5,0.01
2309,En Brazos De La Fiebre,Héroes del Silencio,5,0.01
2310,Los Placeres De La Pobreza,Héroes del Silencio,5,0.01
2311,Oración,Héroes del Silencio,5,0.01
2312,Celebrity Skin,Hole,5,0.01
2313,Fall In Love With Me,Iggy Pop,5,0.01
2314,Neighborhood Threat,Iggy Pop,5,0.01
2315,Sixteen,Iggy Pop,5,0.01
2316,Some Weird Sin,Iggy Pop,5,0.01
2317,Success,Iggy Pop,5,0.01
2318,Tonight,Iggy Pop,5,0.01
2319,Turn Blue,Iggy Pop,5,0.01
2320,Delincuente Habitual,Ilegales,5,0.01
2321,El norte está lleno de frío,Ilegales,5,0.01
2322,La Chica del Club de Golf,Ilegales,5,0.01
2323,Los Chicos Desconfían,Ilegales,5,0.01
2324,No Me Gusta El Blues,Ilegales,5,0.01
2325,Stick de Hockey,Ilegales,5,0.01
2326,Todo Lo Que Digais Que Somos,Ilegales,5,0.01
2327,This Is How It Feels,Inspiral Carpets,5,0.01
2328,Who Do You Think,Interpol,5,0.01
2329,Cántame,Jaime Urrutia,5,0.01
2330,Black Magic,Jarvis Cocker,5,0.01
2331,Fat Children,Jarvis Cocker,5,0.01
2332,My Best Friend,Jefferson Airplane,5,0.01
2333,The Wind Cries Mary,Jimi Hendrix,5,0.01
2334,Calle Melancolía,Joaquín Sabina,5,0.01
2335,Give Peace a Chance,John Lennon,5,0.01
2336,Happy Xmas (War Is Over),John Lennon,5,0.01
2337,How?,John Lennon,5,0.01
2338,Meat City,John Lennon,5,0.01
2339,Mother,John Lennon,5,0.01
2340,Nobody Told Me,John Lennon,5,0.01
2341,Woman,John Lennon,5,0.01
2342,Candidate,Joy Division,5,0.01
2343,Day of the Lords,Joy Division,5,0.01
2344,Disorder,Joy Division,5,0.01
2345,Insight,Joy Division,5,0.01
2346,Love Will Tear Us Apart,Joy Division,5,0.01
2347,New Dawn Fades,Joy Division,5,0.01
2348,She's Lost Control,Joy Division,5,0.01
2349,Deceiver,Judas Priest,5,0.01
2350,Defenders of the Faith,Judas Priest,5,0.01
2351,Dreamer Deceiver,Judas Priest,5,0.01
2352,Eat Me Alive,Judas Priest,5,0.01
2353,Epitaph,Judas Priest,5,0.01
2354,Freewheel Burning,Judas Priest,5,0.01
2355,Genocide,Judas Priest,5,0.01
2356,Heavy Duty,Judas Priest,5,0.01
2357,Island of Domination,Judas Priest,5,0.01
2358,Jawbreaker,Judas Priest,5,0.01
2359,Love Bites,Judas Priest,5,0.01
2360,Night Comes Down,Judas Priest,5,0.01
2361,Some Heads Are Gonna Roll,Judas Priest,5,0.01
2362,The Ripper,Judas Priest,5,0.01
2363,Tyrant,Judas Priest,5,0.01
2364,You Can Have It All,Kaiser Chiefs,5,0.01
2365,Rock And Roll All Nite,Kiss,5,0.01
2366,Black Country Woman,Led Zeppelin,5,0.01
2367,Fool in the Rain,Led Zeppelin,5,0.01
2368,Living Loving Maid (She's Just a Woman),Led Zeppelin,5,0.01
2369,Ramble On,Led Zeppelin,5,0.01
2370,Sick Again,Led Zeppelin,5,0.01
2371,Since I've Been Loving You,Led Zeppelin,5,0.01
2372,South Bound Saurez,Led Zeppelin,5,0.01
2373,Thank You,Led Zeppelin,5,0.01
2374,That's the Way,Led Zeppelin,5,0.01
2375,What Is and What Should Never Be,Led Zeppelin,5,0.01
2376,Cucarachas,Leño,5,0.01
2377,Maneras De Vivir,Leño,5,0.01
2378,"Si Señor, Si Señor",Leño,5,0.01
2379,Sorprendente,Leño,5,0.01
2380,A los Ojos,Los Rodríguez,5,0.01
2381,Mi Enfermedad,Los Rodríguez,5,0.01
2382,D.N.I.,Los Toreros Muertos,5,0.01
2383,Yo No Me Llamo Javier,Los Toreros Muertos,5,0.01
2384,A Sheltered Life,Lou Reed,5,0.01
2385,Disco Mystic,Lou Reed,5,0.01
2386,Goodnight Ladies,Lou Reed,5,0.01
2387,I Believe In Love,Lou Reed,5,0.01
2388,I Wanna Be Black,Lou Reed,5,0.01
2389,I'm So Free,Lou Reed,5,0.01
2390,Looking For Love,Lou Reed,5,0.01
2391,New York Telephone Conversation,Lou Reed,5,0.01
2392,Oh Jim,Lou Reed,5,0.01
2393,Real Good Time Together,Lou Reed,5,0.01
2394,Rock And Roll Heart,Lou Reed,5,0.01
2395,Senselessly Cruel,Lou Reed,5,0.01
2396,Shooting Star,Lou Reed,5,0.01
2397,Street Hassle,Lou Reed,5,0.01
2398,Temporary Thing,Lou Reed,5,0.01
2399,Walk And Talk It,Lou Reed,5,0.01
2400,With You,Lou Reed,5,0.01
2401,Hemingway Delira,Luis Eduardo Aute,5,0.01
2402,Don't Ask Me No Questions,Lynyrd Skynyrd,5,0.01
2403,Workin' For MCA,Lynyrd Skynyrd,5,0.01
2404,Blue Skinned Beast,Madness,5,0.01
2405,One Step Beyond,Madness,5,0.01
2406,Rise and Fall,Madness,5,0.01
2407,Sunday Morning,Madness,5,0.01
2408,Tomorrow's Just Another Day,Madness,5,0.01
2409,Australia,Manic Street Preachers,5,0.01
2410,Black Dog on My Shoulder,Manic Street Preachers,5,0.01
2411,Interiors (Song For Willem De Kooning),Manic Street Preachers,5,0.01
2412,You Love Us,Manic Street Preachers,5,0.01
2413,Flyin' High (In the Friendly Sky),Marvin Gaye,5,0.01
2414,God Is Love,Marvin Gaye,5,0.01
2415,Inner City Blues (Make Me Wanna Holler),Marvin Gaye,5,0.01
2416,Mercy Mercy Me (The Ecology),Marvin Gaye,5,0.01
2417,Right On,Marvin Gaye,5,0.01
2418,Save the Children,Marvin Gaye,5,0.01
2419,What's Going On,Marvin Gaye,5,0.01
2420,What's Happening Brother,Marvin Gaye,5,0.01
2421,Wholy Holy,Marvin Gaye,5,0.01
2422,Diamonds,Mercury Rev,5,0.01
2423,Down Poured The Heavens,Mercury Rev,5,0.01
2424,My Love,Mercury Rev,5,0.01
2425,Secret For A Song,Mercury Rev,5,0.01
2426,Vermillion,Mercury Rev,5,0.01
2427,4th Dimensional Transition,MGMT,5,0.01
2428,Future Reflections,MGMT,5,0.01
2429,Kids,MGMT,5,0.01
2430,"Of Moons, Birds & Monsters",MGMT,5,0.01
2431,Pieces of What,MGMT,5,0.01
2432,The Handshake,MGMT,5,0.01
2433,The Youth,MGMT,5,0.01
2434,Time to Pretend,MGMT,5,0.01
2435,Weekend Wars,MGMT,5,0.01
2436,Hergest Ridge Part One,Mike Oldfield,5,0.01
2437,Hergest Ridge Part Two,Mike Oldfield,5,0.01
2438,Concierto de Aranjuez,Miles Davis,5,0.01
2439,Saeta,Miles Davis,5,0.01
2440,Solea,Miles Davis,5,0.01
2441,The Pan Piper,Miles Davis,5,0.01
2442,Will O' the Wisp,Miles Davis,5,0.01
2443,Braineaters,Misfits,5,0.01
2444,Porcelain,Moby,5,0.01
2445,Lose My Breath,my bloody valentine,5,0.01
2446,You Get What You Give,New Radicals,5,0.01
2447,Train Long-Suffering,Nick Cave & the Bad Seeds,5,0.01
2448,Tupelo,Nick Cave & the Bad Seeds,5,0.01
2449,Milk It,Nirvana,5,0.01
2450,Rape Me,Nirvana,5,0.01
2451,tourette's,Nirvana,5,0.01
2452,Sixteen,No Doubt,5,0.01
2453,Acquiesce,Oasis,5,0.01
2454,All Around the World,Oasis,5,0.01
2455,Be Here Now,Oasis,5,0.01
2456,Don't Go Away,Oasis,5,0.01
2457,Love Like a Bomb,Oasis,5,0.01
2458,Soldier On,Oasis,5,0.01
2459,Stand By Me,Oasis,5,0.01
2460,The Masterplan,Oasis,5,0.01
2461,The Meaning of Soul,Oasis,5,0.01
2462,To Be Where There's Life,Oasis,5,0.01
2463,Gloria,Patti Smith,5,0.01
2464,Monkberry Moon Delight,Paul McCartney,5,0.01
2465,Grounded,Pavement,5,0.01
2466,Lost And Found,Phoenix,5,0.01
2467,School's Rules,Phoenix,5,0.01
2468,Have a Cigar,Pink Floyd,5,0.01
2469,In the Flesh,Pink Floyd,5,0.01
2470,The Show Must Go On,Pink Floyd,5,0.01
2471,Welcome to the Machine,Pink Floyd,5,0.01
2472,The Holiday Song,Pixies,5,0.01
2473,What Goes Boom,Pixies,5,0.01
2474,Ask for Answers,Placebo,5,0.01
2475,Brick Shithouse,Placebo,5,0.01
2476,My Sweet Prince,Placebo,5,0.01
2477,Pure Morning,Placebo,5,0.01
2478,Scared of Girls,Placebo,5,0.01
2479,Summer's Gone,Placebo,5,0.01
2480,The Crawl,Placebo,5,0.01
2481,Without You I'm Nothing,Placebo,5,0.01
2482,Estás solo,Platero y tú,5,0.01
2483,1999,Prince,5,0.01
2484,D.M.S.R.,Prince,5,0.01
2485,Delirious,Prince,5,0.01
2486,Careering,Public Image Ltd.,5,0.01
2487,Memories,Public Image Ltd.,5,0.01
2488,Swan Lake,Public Image Ltd.,5,0.01
2489,Dogs Are Everywhere,Pulp,5,0.01
2490,Modern Marriage [#][Demo Previously Unreleased][Demo Version],Pulp,5,0.01
2491,Hammer to Fall,Queen,5,0.01
2492,In the Fade,Queens of the Stone Age,5,0.01
2493,Enamorado De La Moda Juvenil,Radio Futura,5,0.01
2494,Veneno en la Piel,Radio Futura,5,0.01
2495,A Wolf at the Door. (It Girl. Rag Doll.),Radiohead,5,0.01
2496,Backdrifts. (Honeymoon Is Over.),Radiohead,5,0.01
2497,Go to Sleep. (Little Man Being Erased.),Radiohead,5,0.01
2498,The Gloaming. (Softly Open Our Mouths in the Cold.),Radiohead,5,0.01
2499,We Suck Young Blood. (Your Time Is Up.),Radiohead,5,0.01
2500,Where I End and You Begin. (The Sky Is Falling In.),Radiohead,5,0.01
2501,Asche zu Asche,Rammstein,5,0.01
2502,Weisses Fleisch,Rammstein,5,0.01
2503,All the Way,Ramones,5,0.01
2504,Beat on the Brat,Ramones,5,0.01
2505,Danny Says,Ramones,5,0.01
2506,Do You Remember Rock 'n' Roll Radio?,Ramones,5,0.01
2507,Go Mental,Ramones,5,0.01
2508,High Risk Insurance,Ramones,5,0.01
2509,I Don't Want You,Ramones,5,0.01
2510,I Wanted Everything,Ramones,5,0.01
2511,I'm Against It,Ramones,5,0.01
2512,It's a Long Way Back,Ramones,5,0.01
2513,Let's Go,Ramones,5,0.01
2514,Needles & Pins,Ramones,5,0.01
2515,Questioningly,Ramones,5,0.01
2516,Rock 'n' Roll High School,Ramones,5,0.01
2517,Californication,Red Hot Chili Peppers,5,0.01
2518,Get on Top,Red Hot Chili Peppers,5,0.01
2519,Otherside,Red Hot Chili Peppers,5,0.01
2520,Parallel Universe,Red Hot Chili Peppers,5,0.01
2521,Tanzen Mit Righeira,Righeira,5,0.01
2522,Buenas Noches,Rosendo,5,0.01
2523,Navegando,Rosendo,5,0.01
2524,Todo Lo Que Sigue,Rosendo,5,0.01
2525,Costa Azul,Sidonie,5,0.01
2526,Dos Murcielagos,Sidonie,5,0.01
2527,Fiebre,Sidonie,5,0.01
2528,Gente de Barrett,Sidonie,5,0.01
2529,Joe,Sidonie,5,0.01
2530,Sale of the Century,Sleeper,5,0.01
2531,Padrino,Smash Mouth,5,0.01
2532,Youth Against Facism,Sonic Youth,5,0.01
2533,Take What You Need,Steppenwolf,5,0.01
2534,The Ostrich,Steppenwolf,5,0.01
2535,Another Star,Stevie Wonder,5,0.01
2536,Heaven Is 10 Zillion Light Years Away,Stevie Wonder,5,0.01
2537,If It's Magic,Stevie Wonder,5,0.01
2538,Ngiculela - Es Una Historia -,Stevie Wonder,5,0.01
2539,Please Don't Go,Stevie Wonder,5,0.01
2540,Too High,Stevie Wonder,5,0.01
2541,Visions,Stevie Wonder,5,0.01
2542,Black or Blue,Suede,5,0.01
2543,He's Gone,Suede,5,0.01
2544,Hi-Fi,Suede,5,0.01
2545,I Can't Give Her What She Wants,Suede,5,0.01
2546,I Don't Know How To Reach You,Suede,5,0.01
2547,Learning To Be,Suede,5,0.01
2548,Like Kids,Suede,5,0.01
2549,No Tomorrow,Suede,5,0.01
2550,Obsessions,Suede,5,0.01
2551,Outsiders,Suede,5,0.01
2552,Pale Snow,Suede,5,0.01
2553,The Power,Suede,5,0.01
2554,This Hollywood Life,Suede,5,0.01
2555,Tightrope,Suede,5,0.01
2556,What I'm Trying To Tell You,Suede,5,0.01
2557,When You Are Young,Suede,5,0.01
2558,Cheapskate,Supergrass,5,0.01
2559,In It for the Money,Supergrass,5,0.01
2560,Late in the Day,Supergrass,5,0.01
2561,Richard III,Supergrass,5,0.01
2562,What Went Wrong (In Your Head),Supergrass,5,0.01
2563,You Can See Me,Supergrass,5,0.01
2564,L.I.L.Y (feat. Graham Coxon),Superstate,5,0.01
2565,Babaji,Supertramp,5,0.01
2566,Even In The Quietest Moments,Supertramp,5,0.01
2567,Give a Little Bit,Supertramp,5,0.01
2568,Lover Boy,Supertramp,5,0.01
2569,Cosmic Dancer,T. Rex,5,0.01
2570,Jeepster,T. Rex,5,0.01
2571,Lean Woman Blues,T. Rex,5,0.01
2572,Monolith,T. Rex,5,0.01
2573,Planet Queen,T. Rex,5,0.01
2574,Rip Off,T. Rex,5,0.01
2575,The Motivator,T. Rex,5,0.01
2576,'Cause I'm a Man,Tame Impala,5,0.01
2577,Endors Toi,Tame Impala,5,0.01
2578,I Don't Really Mind,Tame Impala,5,0.01
2579,It Isn't Meant to Be,Tame Impala,5,0.01
2580,Lucidity,Tame Impala,5,0.01
2581,Past Life,Tame Impala,5,0.01
2582,The Bold Arrow of Time,Tame Impala,5,0.01
2583,Torn Curtain,Television,5,0.01
2584,Our Favorite Recording Sessions,The Beach Boys,5,0.01
2585,All You Need Is Love,The Beatles,5,0.01
2586,Do You Want to Know a Secret,The Beatles,5,0.01
2587,Getting Better,The Beatles,5,0.01
2588,Hello Goodbye,The Beatles,5,0.01
2589,Lovely Rita,The Beatles,5,0.01
2590,P.S. I Love You,The Beatles,5,0.01
2591,The Fool on the Hill,The Beatles,5,0.01
2592,The Night Before,The Beatles,5,0.01
2593,There's a Place,The Beatles,5,0.01
2594,I Hang Suspended,The Boo Radleys,5,0.01
2595,"If You Want It, Take It",The Boo Radleys,5,0.01
2596,Lazarus,The Boo Radleys,5,0.01
2597,Daddy's Car,The Cardigans,5,0.01
2598,Erase/Rewind,The Cardigans,5,0.01
2599,My Favorite Game,The Cardigans,5,0.01
2600,Complete Control,The Clash,5,0.01
2601,Guns on the Roof,The Clash,5,0.01
2602,Lost in the Supermarket,The Clash,5,0.01
2603,Straight to Hell,The Clash,5,0.01
2604,The Guns of Brixton,The Clash,5,0.01
2605,I Remember When,The Coral,5,0.01
2606,Coming in From the Cold,The Delgados,5,0.01
2607,Becoming More Like Alfie,The Divine Comedy,5,0.01
2608,Charge,The Divine Comedy,5,0.01
2609,In & Out of Paris & London,The Divine Comedy,5,0.01
2610,Songs of Love,The Divine Comedy,5,0.01
2611,The Dogs & the Horses,The Divine Comedy,5,0.01
2612,The Frog Princess,The Divine Comedy,5,0.01
2613,Through a Long & Sleepless Night,The Divine Comedy,5,0.01
2614,80's Life,"The Good, the Bad & the Queen",5,0.01
2615,Merrie Land,"The Good, the Bad & the Queen",5,0.01
2616,Ribbons,"The Good, the Bad & the Queen",5,0.01
2617,The Last Man to Leave,"The Good, the Bad & the Queen",5,0.01
2618,No Pun Intended,The Hives,5,0.01
2619,Town Called Malice,The Jam,5,0.01
2620,Cut Dead,The Jesus and Mary Chain,5,0.01
2621,Taste of Cindy,The Jesus and Mary Chain,5,0.01
2622,The Living End,The Jesus and Mary Chain,5,0.01
2623,A Long Way from Home,The Kinks,5,0.01
2624,Got My Feet On the Ground,The Kinks,5,0.01
2625,Got to Be Free,The Kinks,5,0.01
2626,I Am Free,The Kinks,5,0.01
2627,I've Been Driving On Bald Mountain,The Kinks,5,0.01
2628,Look for Me Baby,The Kinks,5,0.01
2629,Rosie Won't You Please Come Home,The Kinks,5,0.01
2630,Strangers,The Kinks,5,0.01
2631,The Contenders,The Kinks,5,0.01
2632,The Money Go Round,The Kinks,5,0.01
2633,This Time Tomorrow,The Kinks,5,0.01
2634,Tired of Waiting for You,The Kinks,5,0.01
2635,Too Much Monkey Business,The Kinks,5,0.01
2636,Doledrum,The La's,5,0.01
2637,Failure,The La's,5,0.01
2638,Feelin',The La's,5,0.01
2639,Freedom Song,The La's,5,0.01
2640,I Can't Sleep,The La's,5,0.01
2641,I.O.U.,The La's,5,0.01
2642,Liberty Ship,The La's,5,0.01
2643,Son of a Gun,The La's,5,0.01
2644,Timeless Melody,The La's,5,0.01
2645,Way Out,The La's,5,0.01
2646,Arbeit Macht Frei,The Libertines,5,0.01
2647,Don't Be Shy,The Libertines,5,0.01
2648,Narcissist,The Libertines,5,0.01
2649,Tomblands,The Libertines,5,0.01
2650,Hey Girl,The Mamas & the Papas,5,0.01
2651,In Crowd,The Mamas & the Papas,5,0.01
2652,Somebody Groovy,The Mamas & the Papas,5,0.01
2653,You Baby,The Mamas & the Papas,5,0.01
2654,Next To You,The Police,5,0.01
2655,Roxanne,The Police,5,0.01
2656,Full Throttle,The Prodigy,5,0.01
2657,Voodoo People,The Prodigy,5,0.01
2658,Live With Me,The Rolling Stones,5,0.01
2659,An Ode to No One,The Smashing Pumpkins,5,0.01
2660,Love,The Smashing Pumpkins,5,0.01
2661,Perfect,The Smashing Pumpkins,5,0.01
2662,To Forgive,The Smashing Pumpkins,5,0.01
2663,Today,The Smashing Pumpkins,5,0.01
2664,How Soon Is Now?,The Smiths,5,0.01
2665,What Difference Does It Make,The Smiths,5,0.01
2666,You've Got Everything Now,The Smiths,5,0.01
2667,Concrete Jungle,The Specials,5,0.01
2668,Maggie's Farm,The Specials,5,0.01
2669,(Song for My) Sugar Spun Sister,The Stone Roses,5,0.01
2670,Bye Bye Badman,The Stone Roses,5,0.01
2671,Don't Stop,The Stone Roses,5,0.01
2672,Elizabeth My Dear,The Stone Roses,5,0.01
2673,I Am the Resurrection,The Stone Roses,5,0.01
2674,Made of Stone,The Stone Roses,5,0.01
2675,She Bangs the Drums,The Stone Roses,5,0.01
2676,Shoot You Down,The Stone Roses,5,0.01
2677,This Is the One,The Stone Roses,5,0.01
2678,Waterfall,The Stone Roses,5,0.01
2679,Soma,The Strokes,5,0.01
2680,Femme Fatale,The Velvet Underground,5,0.01
2681,Heroin,The Velvet Underground,5,0.01
2682,Run Run Run,The Velvet Underground,5,0.01
2683,Venus in Furs,The Velvet Underground,5,0.01
2684,Come On,The Verve,5,0.01
2685,Deep Freeze,The Verve,5,0.01
2686,Lord I Guess I'll Never Know,The Verve,5,0.01
2687,Neon Wilderness,The Verve,5,0.01
2688,One Day,The Verve,5,0.01
2689,Space and Time,The Verve,5,0.01
2690,Velvet Morning,The Verve,5,0.01
2691,Weeping Willow,The Verve,5,0.01
2692,Highly Evolved,The Vines,5,0.01
2693,Broken Boys,The WAEVE,5,0.01
2694,Baba O'Riley,The Who,5,0.01
2695,Bargain,The Who,5,0.01
2696,Love Ain't for Keeping,The Who,5,0.01
2697,My Wife,The Who,5,0.01
2698,Boogie Woogie Dance,Thin Lizzy,5,0.01
2699,Fighting My Way Back,Thin Lizzy,5,0.01
2700,For Those Who Love to Live,Thin Lizzy,5,0.01
2701,Frankie Carroll,Thin Lizzy,5,0.01
2702,Johnny,Thin Lizzy,5,0.01
2703,Rocky,Thin Lizzy,5,0.01
2704,Still in Love With You,Thin Lizzy,5,0.01
2705,Whisky in the Jar,Thin Lizzy,5,0.01
2706,Wild One,Thin Lizzy,5,0.01
2707,Panama,Van Halen,5,0.01
2708,Top Jimmy,Van Halen,5,0.01
2709,Across the Sea,Weezer,5,0.01
2710,Falling for You,Weezer,5,0.01
2711,Hash Pipe,Weezer,5,0.01
2712,Holiday,Weezer,5,0.01
2713,No One Else,Weezer,5,0.01
2714,No Other One,Weezer,5,0.01
2715,Pink Triangle,Weezer,5,0.01
2716,Surf Wax America,Weezer,5,0.01
2717,Undone (The Sweater Song),Weezer,5,0.01
2718,Why Bother,Weezer,5,0.01
2719,Zero,Yeah Yeah Yeahs,5,0.01
2720,Gimme All Your Lovin',ZZ Top,5,0.01
2721,Got Me Under Pressure,ZZ Top,5,0.01
2722,Sharp Dressed Man,ZZ Top,5,0.01
2723,Back in Black,AC/DC,4,0.01
2724,Down Payment Blues,AC/DC,4,0.01
2725,Gimme a Bullet,AC/DC,4,0.01
2726,Givin the Dog a Bone,AC/DC,4,0.01
2727,Gone Shootin',AC/DC,4,0.01
2728,Have a Drink on Me,AC/DC,4,0.01
2729,Hells Bells,AC/DC,4,0.01
2730,Kicked in the Teeth,AC/DC,4,0.01
2731,Let Me Put My Love Into You,AC/DC,4,0.01
2732,Rock 'n' Roll Damnation,AC/DC,4,0.01
2733,Shoot to Thrill,AC/DC,4,0.01
2734,Up to My Neck in You,AC/DC,4,0.01
2735,What Do You Do for Money Honey,AC/DC,4,0.01
2736,What's Next to the Moon,AC/DC,4,0.01
2737,You Shook Me All Night Long,AC/DC,4,0.01
2738,Big Ten Inch Record,Aerosmith,4,0.01
2739,Sweet Emotion,Aerosmith,4,0.01
2740,Only Women Bleed,Alice Cooper,4,0.01
2741,Donde Manda Marinero,Andrés Calamaro,4,0.01
2742,Todo lo demás,Andrés Calamaro,4,0.01
2743,Una bomba,Andrés Calamaro,4,0.01
2744,Let It Flow,Ash,4,0.01
2745,Raindrops Keep Fallin' On My Head,B.J. Thomas,4,0.01
2746,El Pobre,Barón Rojo,4,0.01
2747,Dancing,Bauhaus,4,0.01
2748,Hollow Hills,Bauhaus,4,0.01
2749,In Fear of Fear,Bauhaus,4,0.01
2750,Kick in the Eye,Bauhaus,4,0.01
2751,Mask,Bauhaus,4,0.01
2752,Muscle in Plastic,Bauhaus,4,0.01
2753,Of Lillies and Remains,Bauhaus,4,0.01
2754,The Man With The X-Rays Eyes,Bauhaus,4,0.01
2755,Ziggy Stardust,Bauhaus,4,0.01
2756,The Morning Son,Beady Eye,4,0.01
2757,Jive Talkin',Bee Gees,4,0.01
2758,Stayin' Alive,Bee Gees,4,0.01
2759,Dancing with Myself,Billy Idol,4,0.01
2760,White Wedding (Part 1),Billy Idol,4,0.01
2761,Like Someone in Love,Björk,4,0.01
2762,All We Want,Blur,4,0.01
2763,Beachcoma,Blur,4,0.01
2764,Cowboy Song,Blur,4,0.01
2765,M.O.R. (Road Version),Blur,4,0.01
2766,Mr Briggs,Blur,4,0.01
2767,Optigan 1,Blur,4,0.01
2768,Supa Shoppa,Blur,4,0.01
2769,The Puritan,Blur,4,0.01
2770,Threadneedle Street,Blur,4,0.01
2771,Sad Eyed Lady of the Lowlands,Bob Dylan,4,0.01
2772,Easy Skanking,Bob Marley,4,0.01
2773,One Love - People Get Ready,Bob Marley,4,0.01
2774,Un poquito nada más,Burning,4,0.01
2775,Fiction Romance,Buzzcocks,4,0.01
2776,Get On Our Own,Buzzcocks,4,0.01
2777,I Need,Buzzcocks,4,0.01
2778,Love Battery,Buzzcocks,4,0.01
2779,Moving Away from the Pulsebeat,Buzzcocks,4,0.01
2780,No Reply,Buzzcocks,4,0.01
2781,Sixteen,Buzzcocks,4,0.01
2782,You Tear Me Up,Buzzcocks,4,0.01
2783,Haz Turismo (En Vivo),Celtas Cortos,4,0.01
2784,Madera De Colleja,Celtas Cortos,4,0.01
2785,Ya está bien,Celtas Cortos,4,0.01
2786,Moonlight in Vermont,Chet Baker,4,0.01
2787,My Funny Valentine,Chet Baker,4,0.01
2788,The More I See You,Chet Baker,4,0.01
2789,Power,Clawfinger,4,0.01
2790,Talk,Coldplay,4,0.01
2791,World of Pain,Cream,4,0.01
2792,Get Down Woman,Creedence Clearwater Revival,4,0.01
2793,Gloomy,Creedence Clearwater Revival,4,0.01
2794,My Baby Left Me,Creedence Clearwater Revival,4,0.01
2795,Ninety-Nine And A Half,Creedence Clearwater Revival,4,0.01
2796,Ooby Dooby,Creedence Clearwater Revival,4,0.01
2797,Porterville,Creedence Clearwater Revival,4,0.01
2798,Ramble Tamble,Creedence Clearwater Revival,4,0.01
2799,Run Through the Jungle,Creedence Clearwater Revival,4,0.01
2800,Susie Q,Creedence Clearwater Revival,4,0.01
2801,The Working Man,Creedence Clearwater Revival,4,0.01
2802,Walk On The Water,Creedence Clearwater Revival,4,0.01
2803,Who'll Stop the Rain,Creedence Clearwater Revival,4,0.01
2804,Daftendirekt,Daft Punk,4,0.01
2805,High Life,Daft Punk,4,0.01
2806,One More Time,Daft Punk,4,0.01
2807,Darkness to Light,Damon Albarn,4,0.01
2808,Hostiles,Damon Albarn,4,0.01
2809,1984,David Bowie,4,0.01
2810,Aladdin Sane,David Bowie,4,0.01
2811,Big Brother,David Bowie,4,0.01
2812,Drive-In Saturday,David Bowie,4,0.01
2813,Lady Grinning Soul,David Bowie,4,0.01
2814,Neuköln,David Bowie,4,0.01
2815,Pallas Athena,David Bowie,4,0.01
2816,Panic in Detroit,David Bowie,4,0.01
2817,Shake It,David Bowie,4,0.01
2818,The Jean Genie,David Bowie,4,0.01
2819,The Secret Life of Arabia,David Bowie,4,0.01
2820,Unwashed and Somewhat Slightly Dazed,David Bowie,4,0.01
2821,Warszawa,David Bowie,4,0.01
2822,Weeping Wall,David Bowie,4,0.01
2823,Space Truckin',Deep Purple,4,0.01
2824,Gin & Milk,Dirty Pretty Things,4,0.01
2825,Rio,Duran Duran,4,0.01
2826,Insomniac,Echobelly,4,0.01
2827,2:1,Elastica,4,0.01
2828,Annie,Elastica,4,0.01
2829,Vaseline,Elastica,4,0.01
2830,Waking Up,Elastica,4,0.01
2831,An Imagined Affair,Elbow,4,0.01
2832,Forget Myself,Elbow,4,0.01
2833,Great Expectations,Elbow,4,0.01
2834,Mexican Standoff,Elbow,4,0.01
2835,My Very Best,Elbow,4,0.01
2836,Picky Bugger,Elbow,4,0.01
2837,Puncture Repair,Elbow,4,0.01
2838,Station Approach,Elbow,4,0.01
2839,The Everthere,Elbow,4,0.01
2840,The Stops,Elbow,4,0.01
2841,Nobody's Child,Electric Light Orchestra,4,0.01
2842,I Guess That's Why They Call It the Blues,Elton John,4,0.01
2843,Saturday Night's Alright For Fighting,Elton John,4,0.01
2844,I Wanna Be Loved,Elvis Costello,4,0.01
2845,Man Out Of Time,Elvis Costello,4,0.01
2846,(Marie's the Name) His Latest Flame,Elvis Presley,4,0.01
2847,Blue Suede Shoes,Elvis Presley,4,0.01
2848,Can't Help Falling in Love,Elvis Presley,4,0.01
2849,One Night,Elvis Presley,4,0.01
2850,Return to Sender,Elvis Presley,4,0.01
2851,She's Not You,Elvis Presley,4,0.01
2852,Lady Blue,Enrique Bunbury,4,0.01
2853,Donde esta el porvenir,Eskorbuto,4,0.01
2854,Decidí,Extremoduro,4,0.01
2855,Jesucristo García,Extremoduro,4,0.01
2856,La Hoguera,Extremoduro,4,0.01
2857,Necesito Droga y Amor,Extremoduro,4,0.01
2858,Necesito droga y amor (Los camellos no me fían),Extremoduro,4,0.01
2859,Salir,Extremoduro,4,0.01
2860,Edge of the World,Faith No More,4,0.01
2861,Mid Life Crisis,Faith No More,4,0.01
2862,The Morning After,Faith No More,4,0.01
2863,Underwater Love,Faith No More,4,0.01
2864,War Pigs,Faith No More,4,0.01
2865,Woodpecker From Mars,Faith No More,4,0.01
2866,Second Hand News,Fleetwood Mac,4,0.01
2867,Call Me,Frank Sinatra,4,0.01
2868,On A Clear Day (You Can See Forever),Frank Sinatra,4,0.01
2869,You're Driving Me Crazy!,Frank Sinatra,4,0.01
2870,Michael,Franz Ferdinand,4,0.01
2871,Cómo Perdimos Berlín,Gabinete Caligari,4,0.01
2872,Haciendo el bobo,Gabinete Caligari,4,0.01
2873,Rey o Vasallo,Gabinete Caligari,4,0.01
2874,Suite Nupcial,Gabinete Caligari,4,0.01
2875,Underground,Gabinete Caligari,4,0.01
2876,Hammering in My Head,Garbage,4,0.01
2877,Medication,Garbage,4,0.01
2878,Temptation Waits,Garbage,4,0.01
2879,Let It Down,George Harrison,4,0.01
2880,19-2000,Gorillaz,4,0.01
2881,Ascension,Gorillaz,4,0.01
2882,Chalk Tablet Towers (feat. St. Vincent),Gorillaz,4,0.01
2883,Demon Days,Gorillaz,4,0.01
2884,Désolé (feat. Fatoumata Diawara) [Extended Version],Gorillaz,4,0.01
2885,Detroit,Gorillaz,4,0.01
2886,Don't Get Lost in Heaven,Gorillaz,4,0.01
2887,El Mañana,Gorillaz,4,0.01
2888,Intro,Gorillaz,4,0.01
2889,Momentary Bliss (feat. slowthai & Slaves),Gorillaz,4,0.01
2890,Momentz,Gorillaz,4,0.01
2891,Rock The House (Rock Da House),Gorillaz,4,0.01
2892,She's My Collar,Gorillaz,4,0.01
2893,Slow Country,Gorillaz,4,0.01
2894,Stylo,Gorillaz,4,0.01
2895,The Lost Chord (feat. Leee John),Gorillaz,4,0.01
2896,The Pink Phantom (Feat. Elton John & 6LACK),Gorillaz,4,0.01
2897,A Day Is Far Too Long,Graham Coxon,4,0.01
2898,Bah Singer,Graham Coxon,4,0.01
2899,City Hall,Graham Coxon,4,0.01
2900,Fame and Fortune,Graham Coxon,4,0.01
2901,Feel Alright,Graham Coxon,4,0.01
2902,Flights To The Sea (Lovely Rain),Graham Coxon,4,0.01
2903,Home,Graham Coxon,4,0.01
2904,In A Salty Sea,Graham Coxon,4,0.01
2905,November,Graham Coxon,4,0.01
2906,Perfect Love,Graham Coxon,4,0.01
2907,R U Lonely?,Graham Coxon,4,0.01
2908,Standing On My Own Again,Graham Coxon,4,0.01
2909,Tell It Like It Is,Graham Coxon,4,0.01
2910,This House,Graham Coxon,4,0.01
2911,Where'd You Go?,Graham Coxon,4,0.01
2912,Culpable,Héroes del Silencio,4,0.01
2913,El Refugio Interior,Héroes del Silencio,4,0.01
2914,Entre Dos Tierras,Héroes del Silencio,4,0.01
2915,Flor De Loto,Héroes del Silencio,4,0.01
2916,Maldito Duende,Héroes del Silencio,4,0.01
2917,Acabaremos Mal,Ilegales,4,0.01
2918,África paga,Ilegales,4,0.01
2919,El Número De La Bestia,Ilegales,4,0.01
2920,Hombre Blanco,Ilegales,4,0.01
2921,No Me Acaricies El Pelo,Ilegales,4,0.01
2922,Problema Sexual,Ilegales,4,0.01
2923,Regreso Al Sexo Químicamente Puro,Ilegales,4,0.01
2924,Vestida Para Mi,Jaime Urrutia,4,0.01
2925,Alright,Jamiroquai,4,0.01
2926,Drifting Along,Jamiroquai,4,0.01
2927,High Times,Jamiroquai,4,0.01
2928,Travelling Without Moving,Jamiroquai,4,0.01
2929,Been Caught Stealing,Jane's Addiction,4,0.01
2930,Heavy Weather,Jarvis Cocker,4,0.01
2931,Hold Still,Jarvis Cocker,4,0.01
2932,Grace,Jeff Buckley,4,0.01
2933,She Has Funny Cars,Jefferson Airplane,4,0.01
2934,White Rabbit,Jefferson Airplane,4,0.01
2935,Crazy Arms,Jerry Lee Lewis,4,0.01
2936,Down the Line,Jerry Lee Lewis,4,0.01
2937,Great Balls of Fire,Jerry Lee Lewis,4,0.01
2938,It'll Be Me,Jerry Lee Lewis,4,0.01
2939,Mean Woman Blues,Jerry Lee Lewis,4,0.01
2940,the End of the Road,Jerry Lee Lewis,4,0.01
2941,Whole Lotta Shakin' Goin' On,Jerry Lee Lewis,4,0.01
2942,You Win Again,Jerry Lee Lewis,4,0.01
2943,Manic Depression,Jimi Hendrix,4,0.01
2944,Purple Haze,Jimi Hendrix,4,0.01
2945,Manual para héroes o canallas,Joaquín Sabina,4,0.01
2946,Pasándolo Bien,Joaquín Sabina,4,0.01
2947,Pisa el acelerador,Joaquín Sabina,4,0.01
2948,Quédate a dormir,Joaquín Sabina,4,0.01
2949,Telespañolito,Joaquín Sabina,4,0.01
2950,Whisky Sin Soda,Joaquín Sabina,4,0.01
2951,Aisumasen (I'm Sorry),John Lennon,4,0.01
2952,Beautiful Boy (Darling Boy),John Lennon,4,0.01
2953,Born in a Prison,John Lennon,4,0.01
2954,Bring on the Lucie (Freda Peeple),John Lennon,4,0.01
2955,I Know (I Know),John Lennon,4,0.01
2956,Mother (single edit),John Lennon,4,0.01
2957,One Day (At a Time),John Lennon,4,0.01
2958,You Are Here,John Lennon,4,0.01
2959,Upstarts,Johnny Marr,4,0.01
2960,I Remember Nothing,Joy Division,4,0.01
2961,Interzone,Joy Division,4,0.01
2962,Shadowplay,Joy Division,4,0.01
2963,Wilderness,Joy Division,4,0.01
2964,Caviar and Meths,Judas Priest,4,0.01
2965,Cheater,Judas Priest,4,0.01
2966,Deep Freeze,Judas Priest,4,0.01
2967,Dying to Meet You,Judas Priest,4,0.01
2968,Never Satisfied,Judas Priest,4,0.01
2969,One for the Road,Judas Priest,4,0.01
2970,Rocka Rolla,Judas Priest,4,0.01
2971,Run of the Mill,Judas Priest,4,0.01
2972,Winter,Judas Priest,4,0.01
2973,Winter Retreat,Judas Priest,4,0.01
2974,21st Century Schizoid Man / Mirrors,King Crimson,4,0.01
2975,Epitaph / March for No Reason / Tomorrow and Tomorrow,King Crimson,4,0.01
2976,I Talk to the Wind,King Crimson,4,0.01
2977,Getaway,Kiss,4,0.01
2978,Ladies In Waiting,Kiss,4,0.01
2979,Room Service,Kiss,4,0.01
2980,Strutter,Kiss,4,0.01
2981,Two Timer,Kiss,4,0.01
2982,Autobahn,Kraftwerk,4,0.01
2983,Bron-Y-Aur Stomp,Led Zeppelin,4,0.01
2984,Friends,Led Zeppelin,4,0.01
2985,Gallows Pole,Led Zeppelin,4,0.01
2986,Hats Off to (Roy) Harper,Led Zeppelin,4,0.01
2987,I'm Gonna Crawl,Led Zeppelin,4,0.01
2988,Out on the Tiles,Led Zeppelin,4,0.01
2989,Tangerine,Led Zeppelin,4,0.01
2990,Como Debe Ser,Leño,4,0.01
2991,El Tren,Leño,4,0.01
2992,La Noche De Que Te Hablé,Leño,4,0.01
2993,The World Is Waiting for the Sunrise,Les Paul & Mary Ford,4,0.01
2994,Can't Believe You Wanna Leave,Little Richard,4,0.01
2995,True Fine Mama,Little Richard,4,0.01
2996,Tutti Frutti,Little Richard,4,0.01
2997,María,Loquillo y Trogloditas,4,0.01
2998,Pégate a mí,Loquillo y Trogloditas,4,0.01
2999,Un accidente de circulación,Loquillo y Trogloditas,4,0.01
3000,Anuncio Para Coches,Los Planetas,4,0.01
3001,El Artista Madridista,Los Planetas,4,0.01
3002,Flotando Sobre Loscos,Los Planetas,4,0.01
3003,Maniobra de evasión,Los Planetas,4,0.01
3004,Buena Suerte,Los Rodríguez,4,0.01
3005,Canal 69,Los Rodríguez,4,0.01
3006,Dispara,Los Rodríguez,4,0.01
3007,Engánchate Conmigo,Los Rodríguez,4,0.01
3008,Sin Documentos,Los Rodríguez,4,0.01
3009,Sin empleo,Los Suaves,4,0.01
3010,Mi Agüita Amarilla,Los Toreros Muertos,4,0.01
3011,Baby Face,Lou Reed,4,0.01
3012,Billy,Lou Reed,4,0.01
3013,Chooser And The Chosen One,Lou Reed,4,0.01
3014,Ennui,Lou Reed,4,0.01
3015,I Can't Stand It,Lou Reed,4,0.01
3016,I'm Waiting For The Man,Lou Reed,4,0.01
3017,Keep Away,Lou Reed,4,0.01
3018,Leave Me Alone,Lou Reed,4,0.01
3019,Love Makes You Feel,Lou Reed,4,0.01
3020,The Bells,Lou Reed,4,0.01
3021,Wait,Lou Reed,4,0.01
3022,Wild Child,Lou Reed,4,0.01
3023,Dear Peter (Te Debo Esta Canción),Luis Eduardo Aute,4,0.01
3024,"Hoy, Ahora, Ya",Luis Eduardo Aute,4,0.01
3025,Terca Noche,Luis Eduardo Aute,4,0.01
3026,Swamp Music,Lynyrd Skynyrd,4,0.01
3027,The Ballad Of Curtis Loew,Lynyrd Skynyrd,4,0.01
3028,Are You Coming (With Me),Madness,4,0.01
3029,Calling Cards,Madness,4,0.01
3030,In the Middle of the Night,Madness,4,0.01
3031,Madness (It's All in the Mind),Madness,4,0.01
3032,Mr Speaker Gets the Word,Madness,4,0.01
3033,My Girl,Madness,4,0.01
3034,New Delhi,Madness,4,0.01
3035,Night Boat to Cairo,Madness,4,0.01
3036,That Face,Madness,4,0.01
3037,Tiptoes,Madness,4,0.01
3038,If You Tolerate This Your Children Will Be Next,Manic Street Preachers,4,0.01
3039,My Little Empire,Manic Street Preachers,4,0.01
3040,Ready for Drowning,Manic Street Preachers,4,0.01
3041,The Everlasting,Manic Street Preachers,4,0.01
3042,Tsunami,Manic Street Preachers,4,0.01
3043,You Stole the Sun From My Heart,Manic Street Preachers,4,0.01
3044,You're Tender and You're Tired,Manic Street Preachers,4,0.01
3045,Stripper Vicar,Mansun,4,0.01
3046,Blue Lines,Massive Attack,4,0.01
3047,Daydreaming,Massive Attack,4,0.01
3048,Five Man Army,Massive Attack,4,0.01
3049,Hymn of the Big Wheel,Massive Attack,4,0.01
3050,Lately,Massive Attack,4,0.01
3051,One Love,Massive Attack,4,0.01
3052,Safe From Harm,Massive Attack,4,0.01
3053,Unfinished Sympathy,Massive Attack,4,0.01
3054,Holy Wars... The Punishment Due,Megadeth,4,0.01
3055,Arise,Mercury Rev,4,0.01
3056,Black Forest (lorelei),Mercury Rev,4,0.01
3057,Litte Rhymes,Mercury Rev,4,0.01
3058,Moving On,Mercury Rev,4,0.01
3059,The Climbing Rose,Mercury Rev,4,0.01
3060,You're My Queen,Mercury Rev,4,0.01
3061,Orion,Metallica,4,0.01
3062,Baby Be Mine,Michael Jackson,4,0.01
3063,Human Nature,Michael Jackson,4,0.01
3064,Wanna Be Startin' Somethin',Michael Jackson,4,0.01
3065,Assassin,Muse,4,0.01
3066,Bliss,Muse,4,0.01
3067,Hyper Music,Muse,4,0.01
3068,Invincible,Muse,4,0.01
3069,Knights of Cydonia,Muse,4,0.01
3070,Sober,Muse,4,0.01
3071,Unnatural Selection,Muse,4,0.01
3072,Uno,Muse,4,0.01
3073,(When You Wake) You're Still in a Dream,my bloody valentine,4,0.01
3074,Cupid Come,my bloody valentine,4,0.01
3075,Sub-Culture,New Order,4,0.01
3076,Wanted Man,Nick Cave & the Bad Seeds,4,0.01
3077,All Apologies & Gallons Of Rubbing Alcohol Flow Thought The Trip,Nirvana,4,0.01
3078,Heart-Shaped Box,Nirvana,4,0.01
3079,Radio Friendly Unit Shifter,Nirvana,4,0.01
3080,Very Ape,Nirvana,4,0.01
3081,Different People,No Doubt,4,0.01
3082,Excuse Me Mr.,No Doubt,4,0.01
3083,Happy Now,No Doubt,4,0.01
3084,You Can Do It,No Doubt,4,0.01
3085,AKA... What a Life!,Noel Gallagher,4,0.01
3086,Ballad Of The Mighty I,Noel Gallagher,4,0.01
3087,If I Had A Gun...,Noel Gallagher,4,0.01
3088,The Death of You and Me,Noel Gallagher,4,0.01
3089,A Bell Will Ring,Oasis,4,0.01
3090,Ain't Got Nothin',Oasis,4,0.01
3091,Bag It Up,Oasis,4,0.01
3092,D'You Know What I Mean?,Oasis,4,0.01
3093,Falling Down,Oasis,4,0.01
3094,Going Nowhere,Oasis,4,0.01
3095,Guess God Thinks I'm Abel,Oasis,4,0.01
3096,I Am The Walrus [Live],Oasis,4,0.01
3097,"I Hope, I Think, I Know",Oasis,4,0.01
3098,I'm Outta Time,Oasis,4,0.01
3099,Keep the Dream Alive,Oasis,4,0.01
3100,Let There Be Love,Oasis,4,0.01
3101,Lyla,Oasis,4,0.01
3102,My Big Mouth,Oasis,4,0.01
3103,Part of the Queue,Oasis,4,0.01
3104,Talk Tonight,Oasis,4,0.01
3105,The Girl in the Dirty Shirt,Oasis,4,0.01
3106,The Importance of Being Idle,Oasis,4,0.01
3107,The Nature of Reality,Oasis,4,0.01
3108,The Swamp Song,Oasis,4,0.01
3109,The Turning,Oasis,4,0.01
3110,Turn Up the Sun,Oasis,4,0.01
3111,Underneath the Sky,Oasis,4,0.01
3112,Better Day,Ocean Colour Scene,4,0.01
3113,Profit in Peace,Ocean Colour Scene,4,0.01
3114,Change Is Gonna Come,Otis Redding,4,0.01
3115,Down in the Valley,Otis Redding,4,0.01
3116,I've Been Loving You Too Long,Otis Redding,4,0.01
3117,Ole Man Trouble,Otis Redding,4,0.01
3118,Respect,Otis Redding,4,0.01
3119,Shake,Otis Redding,4,0.01
3120,Wonderful World,Otis Redding,4,0.01
3121,A New Level,Pantera,4,0.01
3122,Mouth for War,Pantera,4,0.01
3123,Walk,Pantera,4,0.01
3124,Redondo Beach,Patti Smith,4,0.01
3125,Black Out,Pavement,4,0.01
3126,Extradition,Pavement,4,0.01
3127,Rattled by the Rush,Pavement,4,0.01
3128,We Dance,Pavement,4,0.01
3129,Embuscade,Phoenix,4,0.01
3130,If I Ever Feel Better,Phoenix,4,0.01
3131,Party Time,Phoenix,4,0.01
3132,Outside the Wall,Pink Floyd,4,0.01
3133,Run Like Hell,Pink Floyd,4,0.01
3134,The Trial,Pink Floyd,4,0.01
3135,Waiting for the Worms,Pink Floyd,4,0.01
3136,Caribou,Pixies,4,0.01
3137,Greens and Blues,Pixies,4,0.01
3138,I've Been Tired,Pixies,4,0.01
3139,Indie Cindy,Pixies,4,0.01
3140,Isla de Encanta,Pixies,4,0.01
3141,Might As Well Be Gone,Pixies,4,0.01
3142,Nimrod's Son,Pixies,4,0.01
3143,Good Fortune,PJ Harvey,4,0.01
3144,Burger Queen,Placebo,4,0.01
3145,Special K,Placebo,4,0.01
3146,La Vecina,Platero y tú,4,0.01
3147,No me quieres saludar,Platero y tú,4,0.01
3148,Ramón,Platero y tú,4,0.01
3149,Tiemblan los corazones,Platero y tú,4,0.01
3150,Ya no existe la vida,Platero y tú,4,0.01
3151,"Don't Fight It, Feel It",Primal Scream,4,0.01
3152,Movin' On Up,Primal Scream,4,0.01
3153,All The Critics Love U In New York,Prince,4,0.01
3154,Automatic,Prince,4,0.01
3155,Free,Prince,4,0.01
3156,International Lover,Prince,4,0.01
3157,Something In The Water (Does Not Compute),Prince,4,0.01
3158,Like A Friend,Pulp,4,0.01
3159,Mile End,Pulp,4,0.01
3160,Seductive Barry,Pulp,4,0.01
3161,A Kind of Magic,Queen,4,0.01
3162,Bicycle Race,Queen,4,0.01
3163,Good Old-Fashioned Lover Boy,Queen,4,0.01
3164,I Want to Break Free,Queen,4,0.01
3165,White Man,Queen,4,0.01
3166,You Take My Breath Away,Queen,4,0.01
3167,Monsters in the Parasol,Queens of the Stone Age,4,0.01
3168,Losing My Religion,R.E.M.,4,0.01
3169,Shiny Happy People,R.E.M.,4,0.01
3170,Al Otro Lado,Radio Futura,4,0.01
3171,Imagen Pública,Radio Futura,4,0.01
3172,Radar,Radio Futura,4,0.01
3173,Si Me Dejas Solo,Radio Futura,4,0.01
3174,A Punchup at a Wedding. (No No No No No No No No.),Radiohead,4,0.01
3175,Anyone Can Play Guitar,Radiohead,4,0.01
3176,How Do You?,Radiohead,4,0.01
3177,I Can't,Radiohead,4,0.01
3178,I Will. (No Man's Land.),Radiohead,4,0.01
3179,Motion Picture Soundtrack,Radiohead,4,0.01
3180,"Myxomatosis. (Judge, Jury & Executioner.)",Radiohead,4,0.01
3181,Scatterbrain. (As Dead as Leaves.),Radiohead,4,0.01
3182,Bullet in the Head,Rage Against the Machine,4,0.01
3183,Killing in the Name,Rage Against the Machine,4,0.01
3184,Know Your Enemy,Rage Against the Machine,4,0.01
3185,Settle for Nothing,Rage Against the Machine,4,0.01
3186,Heirate mich,Rammstein,4,0.01
3187,Sehnsucht,Rammstein,4,0.01
3188,53rd & 3rd,Ramones,4,0.01
3189,California Sun,Ramones,4,0.01
3190,Loudmouth,Ramones,4,0.01
3191,Emit Remmus,Red Hot Chili Peppers,4,0.01
3192,I Like Dirt,Red Hot Chili Peppers,4,0.01
3193,Porcelain,Red Hot Chili Peppers,4,0.01
3194,Purple Stain,Red Hot Chili Peppers,4,0.01
3195,Right on Time,Red Hot Chili Peppers,4,0.01
3196,Road Trippin',Red Hot Chili Peppers,4,0.01
3197,Savior,Red Hot Chili Peppers,4,0.01
3198,This Velvet Glove,Red Hot Chili Peppers,4,0.01
3199,Hold On,Richard Ashcroft,4,0.01
3200,These People,Richard Ashcroft,4,0.01
3201,Gli Parlerò Di Te,Righeira,4,0.01
3202,Luciano Serra Pilota,Righeira,4,0.01
3203,Angels,Robbie Williams,4,0.01
3204,Como Estatuas De Sal,Rosendo,4,0.01
3205,Corazón,Rosendo,4,0.01
3206,Me Gusta Así,Rosendo,4,0.01
3207,Obstáculo Impertinente,Rosendo,4,0.01
3208,Pan De Higo,Rosendo,4,0.01
3209,Por Cierto,Rosendo,4,0.01
3210,Vaya Ejemplar de Primavera,Rosendo,4,0.01
3211,In Trance,Scorpions,4,0.01
3212,My Way,Sid Vicious,4,0.01
3213,Acrobacias en Exopotamia,Sidonie,4,0.01
3214,Dandy Del Extrarradio,Sidonie,4,0.01
3215,MTA,Sidonie,4,0.01
3216,Persona,Sidonie,4,0.01
3217,Sylvia,Sidonie,4,0.01
3218,Christine,Siouxsie and the Banshees,4,0.01
3219,Clockface,Siouxsie and the Banshees,4,0.01
3220,Desert Kisses,Siouxsie and the Banshees,4,0.01
3221,Hybrid,Siouxsie and the Banshees,4,0.01
3222,Lunar Camel,Siouxsie and the Banshees,4,0.01
3223,Paradise Place,Siouxsie and the Banshees,4,0.01
3224,Red Light,Siouxsie and the Banshees,4,0.01
3225,Skin,Siouxsie and the Banshees,4,0.01
3226,Tenant,Siouxsie and the Banshees,4,0.01
3227,Trophy,Siouxsie and the Banshees,4,0.01
3228,Push,Smash Mouth,4,0.01
3229,The Fonz,Smash Mouth,4,0.01
3230,Brave Men Run (In My Family),Sonic Youth,4,0.01
3231,Ghost Bitch,Sonic Youth,4,0.01
3232,I Love Her All The Time,Sonic Youth,4,0.01
3233,I'm Insane,Sonic Youth,4,0.01
3234,Intro,Sonic Youth,4,0.01
3235,Justice Is Might,Sonic Youth,4,0.01
3236,Society Is A Hole,Sonic Youth,4,0.01
3237,Accidents and Compliments,Soulwax,4,0.01
3238,Dance 2 Slow,Soulwax,4,0.01
3239,Krack,Soulwax,4,0.01
3240,Miserable Girl,Soulwax,4,0.01
3241,NY Excuse,Soulwax,4,0.01
3242,Please... Don't Be Yourself,Soulwax,4,0.01
3243,Slowdance,Soulwax,4,0.01
3244,The Truth Is So Boring,Soulwax,4,0.01
3245,YYY/NNN,Soulwax,4,0.01
3246,Money,Space,4,0.01
3247,Higher Ground,Stevie Wonder,4,0.01
3248,Living for the City,Stevie Wonder,4,0.01
3249,You Are the Sunshine of My Life,Stevie Wonder,4,0.01
3250,You Haven't Done Nothin',Stevie Wonder,4,0.01
3251,Asbestos,Suede,4,0.01
3252,Can't Get Enough,Suede,4,0.01
3253,Crack in the Union Jack,Suede,4,0.01
3254,Daddy's Speeding,Suede,4,0.01
3255,Everything Will Flow,Suede,4,0.01
3256,Head Music,Suede,4,0.01
3257,Indian Strings,Suede,4,0.01
3258,Introducing the Band,Suede,4,0.01
3259,One Hit to the Body,Suede,4,0.01
3260,Savoir Faire,Suede,4,0.01
3261,Still Life,Suede,4,0.01
3262,The Fur & The Feathers,Suede,4,0.01
3263,We Are the Pigs,Suede,4,0.01
3264,When You Were Young,Suede,4,0.01
3265,G-Song,Supergrass,4,0.01
3266,Hollow Little Reign,Supergrass,4,0.01
3267,It's Not Me,Supergrass,4,0.01
3268,Shotover Hill,Supergrass,4,0.01
3269,Tonight,Supergrass,4,0.01
3270,Bullets (feat. Graham Coxon),Superstate,4,0.01
3271,Heaven (Buy a Ticket) [feat. Graham Coxon & Vula],Superstate,4,0.01
3272,I Don't Wanna Wait For You (feat. Graham Coxon & Sharlene Hector),Superstate,4,0.01
3273,It's All In Your Mind (feat. Graham Coxon & Rahel Debebe-Dessalegne),Superstate,4,0.01
3274,Only Takes A Stranger (feat. Graham Coxon & Rahel Debebe-Dessalegne),Superstate,4,0.01
3275,"The Astral Light (feat. Graham Coxon, Valentina Pappalardo & Sharlene Hector)",Superstate,4,0.01
3276,The Ball of Light (feat. Graham Coxon),Superstate,4,0.01
3277,Tommy Gun (feat. Graham Coxon),Superstate,4,0.01
3278,Uncle Sam (feat. Graham Coxon & Rahel Debebe-Dessalegne),Superstate,4,0.01
3279,Yoga Town (feat. Graham Coxon & Valentina Pappalardo),Superstate,4,0.01
3280,Hide in Your Shell,Supertramp,4,0.01
3281,Dark Globe,Syd Barrett,4,0.01
3282,Octopus,Syd Barrett,4,0.01
3283,Fun Fair,Tahiti 80,4,0.01
3284,Apocalypse Dreams,Tame Impala,4,0.01
3285,Be Above It,Tame Impala,4,0.01
3286,Elephant,Tame Impala,4,0.01
3287,Keep on Lying,Tame Impala,4,0.01
3288,Mind Mischief,Tame Impala,4,0.01
3289,Music to Walk Home By,Tame Impala,4,0.01
3290,Reality in Motion,Tame Impala,4,0.01
3291,Sun's Coming Up,Tame Impala,4,0.01
3292,Why Won't They Talk to Me?,Tame Impala,4,0.01
3293,Alice What's the Matter,Terrorvision,4,0.01
3294,Across the Great Divide,The Band,4,0.01
3295,Rag Mama Rag,The Band,4,0.01
3296,The Night They Drove Old Dixie Down,The Band,4,0.01
3297,Carl's Big Chance,The Beach Boys,4,0.01
3298,Do You Remember?,The Beach Boys,4,0.01
3299,Don't Back Down,The Beach Boys,4,0.01
3300,Drive-In,The Beach Boys,4,0.01
3301,Girls On The Beach,The Beach Boys,4,0.01
3302,Hushabye,The Beach Boys,4,0.01
3303,Little Honda,The Beach Boys,4,0.01
3304,We'll Run Away,The Beach Boys,4,0.01
3305,Wendy,The Beach Boys,4,0.01
3306,A Taste of Honey,The Beatles,4,0.01
3307,Across the Universe,The Beatles,4,0.01
3308,Act Naturally,The Beatles,4,0.01
3309,All My Loving,The Beatles,4,0.01
3310,Another Girl,The Beatles,4,0.01
3311,Being for the Benefit of Mr. Kite!,The Beatles,4,0.01
3312,Dig a Pony,The Beatles,4,0.01
3313,Dig It,The Beatles,4,0.01
3314,Dizzy Miss Lizzy,The Beatles,4,0.01
3315,Doctor Robert,The Beatles,4,0.01
3316,Fixing a Hole,The Beatles,4,0.01
3317,For You Blue,The Beatles,4,0.01
3318,From Me to You,The Beatles,4,0.01
3319,Good Day Sunshine,The Beatles,4,0.01
3320,Good Morning Good Morning,The Beatles,4,0.01
3321,Got to Get You Into My Life,The Beatles,4,0.01
3322,Hey Jude,The Beatles,4,0.01
3323,I Me Mine,The Beatles,4,0.01
3324,I Should Have Known Better,The Beatles,4,0.01
3325,I Want to Hold Your Hand,The Beatles,4,0.01
3326,I'm a Loser,The Beatles,4,0.01
3327,I've Got a Feeling,The Beatles,4,0.01
3328,I've Just Seen a Face,The Beatles,4,0.01
3329,It's Only Love,The Beatles,4,0.01
3330,Maggie Mae,The Beatles,4,0.01
3331,Misery,The Beatles,4,0.01
3332,One After 909,The Beatles,4,0.01
3333,Only a Northern Song,The Beatles,4,0.01
3334,Sgt. Pepper's Lonely Hearts Club Band,The Beatles,4,0.01
3335,Sgt. Pepper's Lonely Hearts Club Band (reprise),The Beatles,4,0.01
3336,She's Leaving Home,The Beatles,4,0.01
3337,Taxman,The Beatles,4,0.01
3338,Tell Me What You See,The Beatles,4,0.01
3339,Tomorrow Never Knows,The Beatles,4,0.01
3340,Two of Us,The Beatles,4,0.01
3341,When I'm Sixty-Four,The Beatles,4,0.01
3342,Within You Without You,The Beatles,4,0.01
3343,You Like Me Too Much,The Beatles,4,0.01
3344,You're Going to Lose That Girl,The Beatles,4,0.01
3345,You've Got to Hide Your Love Away,The Beatles,4,0.01
3346,Barney (...And Me),The Boo Radleys,4,0.01
3347,Best Lose The Fear,The Boo Radleys,4,0.01
3348,Butterfly McQueen,The Boo Radleys,4,0.01
3349,I've Lost The Reason,The Boo Radleys,4,0.01
3350,Leaves And Sand,The Boo Radleys,4,0.01
3351,One Is For,The Boo Radleys,4,0.01
3352,Rodney King (Song for Lenny Bruce),The Boo Radleys,4,0.01
3353,Run My Way Runway,The Boo Radleys,4,0.01
3354,Spun Around,The Boo Radleys,4,0.01
3355,Take The Time Around,The Boo Radleys,4,0.01
3356,The White Noise Revisited,The Boo Radleys,4,0.01
3357,Thinking Of Ways,The Boo Radleys,4,0.01
3358,Upon 9th And Fairchild,The Boo Radleys,4,0.01
3359,Wish I Was Skinny,The Boo Radleys,4,0.01
3360,You Ain't Going Nowhere,The Byrds,4,0.01
3361,After All...,The Cardigans,4,0.01
3362,Carnival,The Cardigans,4,0.01
3363,Celia Inside,The Cardigans,4,0.01
3364,Explode,The Cardigans,4,0.01
3365,Gordon's Gardenparty,The Cardigans,4,0.01
3366,Hanging Around,The Cardigans,4,0.01
3367,Hey! Get Out Of My Way,The Cardigans,4,0.01
3368,Higher,The Cardigans,4,0.01
3369,Marvel Hill,The Cardigans,4,0.01
3370,Nil,The Cardigans,4,0.01
3371,Rise and Shine,The Cardigans,4,0.01
3372,Sick and Tired,The Cardigans,4,0.01
3373,Starter,The Cardigans,4,0.01
3374,Travelling With Charley,The Cardigans,4,0.01
3375,Let Forever Be,The Chemical Brothers,4,0.01
3376,Setting Sun,The Chemical Brothers,4,0.01
3377,Atom Tan,The Clash,4,0.01
3378,Car Jamming,The Clash,4,0.01
3379,Death is a Star,The Clash,4,0.01
3380,Ghetto Defendant,The Clash,4,0.01
3381,Inoculated City,The Clash,4,0.01
3382,Know Your Rights,The Clash,4,0.01
3383,Overpowered by Funk,The Clash,4,0.01
3384,Red Angel Dragnet,The Clash,4,0.01
3385,Remote Control,The Clash,4,0.01
3386,Revolution Rock,The Clash,4,0.01
3387,Rudie Can't Fail,The Clash,4,0.01
3388,Sean Flynn,The Clash,4,0.01
3389,At Night,The Cure,4,0.01
3390,Faith,The Cure,4,0.01
3391,Grinding Halt,The Cure,4,0.01
3392,Play for Today,The Cure,4,0.01
3393,Primary,The Cure,4,0.01
3394,Subway Song,The Cure,4,0.01
3395,Creepin Up the Backstairs,The Fratellis,4,0.01
3396,A Soldier's Tale,"The Good, the Bad & the Queen",4,0.01
3397,Green Fields,"The Good, the Bad & the Queen",4,0.01
3398,The Bunting Song,"The Good, the Bad & the Queen",4,0.01
3399,Three Changes,"The Good, the Bad & the Queen",4,0.01
3400,Abra Cadaver,The Hives,4,0.01
3401,Circus,The Jam,4,0.01
3402,Ghosts,The Jam,4,0.01
3403,Happy Together,The Jam,4,0.01
3404,Just Who Is The 5 O'clock Hero,The Jam,4,0.01
3405,Precious,The Jam,4,0.01
3406,Running on the Spot,The Jam,4,0.01
3407,The Gift,The Jam,4,0.01
3408,The Planner's Dream Goes Wrong,The Jam,4,0.01
3409,Trans-Global Express,The Jam,4,0.01
3410,Jenny Was a Friend of Mine,The Killers,4,0.01
3411,Smile Like You Mean It,The Killers,4,0.01
3412,Somebody Told Me,The Killers,4,0.01
3413,Dandy,The Kinks,4,0.01
3414,Dedicated Follower Of Fashion,The Kinks,4,0.01
3415,Got Love If You Want It,The Kinks,4,0.01
3416,Nothin' In the World Can Stop Me Worryin' 'Bout That Girl,The Kinks,4,0.01
3417,Party Line,The Kinks,4,0.01
3418,Rainy Day In June,The Kinks,4,0.01
3419,Session Man,The Kinks,4,0.01
3420,Stop Your Sobbing,The Kinks,4,0.01
3421,Sunny Afternoon,The Kinks,4,0.01
3422,Too Much On My Mind,The Kinks,4,0.01
3423,Road to Ruin,The Libertines,4,0.01
3424,The Ha Ha Wall,The Libertines,4,0.01
3425,What Became of the Likely Lads,The Libertines,4,0.01
3426,Be My Girl - Sally,The Police,4,0.01
3427,Born In The 50's,The Police,4,0.01
3428,Can't Stand Losing You,The Police,4,0.01
3429,Hole In My Life,The Police,4,0.01
3430,Masoko Tanga,The Police,4,0.01
3431,Peanuts,The Police,4,0.01
3432,Truth Hits Everybody,The Police,4,0.01
3433,No Good (Start the Dance),The Prodigy,4,0.01
3434,Country Honk,The Rolling Stones,4,0.01
3435,Let It Bleed,The Rolling Stones,4,0.01
3436,Love in Vain,The Rolling Stones,4,0.01
3437,Midnight Rambler,The Rolling Stones,4,0.01
3438,No Expectations,The Rolling Stones,4,0.01
3439,Prodigal Son,The Rolling Stones,4,0.01
3440,Street Fighting Man,The Rolling Stones,4,0.01
3441,You Can't Always Get What You Want,The Rolling Stones,4,0.01
3442,You Got the Silver,The Rolling Stones,4,0.01
3443,Bodies,The Smashing Pumpkins,4,0.01
3444,Cupid de Locke,The Smashing Pumpkins,4,0.01
3445,Galapogos,The Smashing Pumpkins,4,0.01
3446,In the Arms of Sleep,The Smashing Pumpkins,4,0.01
3447,Jellybelly,The Smashing Pumpkins,4,0.01
3448,Mellon Collie and the Infinite Sadness,The Smashing Pumpkins,4,0.01
3449,Once Upon a Time,The Smashing Pumpkins,4,0.01
3450,Thirty-Three,The Smashing Pumpkins,4,0.01
3451,Where Boys Fear to Tread,The Smashing Pumpkins,4,0.01
3452,Miserable Lie,The Smiths,4,0.01
3453,Reel Around the Fountain,The Smiths,4,0.01
3454,Still Ill,The Smiths,4,0.01
3455,These Things Take Time,The Smiths,4,0.01
3456,A Message to You Rudy,The Specials,4,0.01
3457,Too Much Too Young,The Specials,4,0.01
3458,"Alone, Together",The Strokes,4,0.01
3459,Razorblade,The Strokes,4,0.01
3460,All Tomorrow's Parties,The Velvet Underground,4,0.01
3461,European Son,The Velvet Underground,4,0.01
3462,I'll Be Your Mirror,The Velvet Underground,4,0.01
3463,The Black Angel's Death Song,The Velvet Underground,4,0.01
3464,Outtathaway,The Vines,4,0.01
3465,All Along,The WAEVE,4,0.01
3466,Alone And Free,The WAEVE,4,0.01
3467,Can I Call You,The WAEVE,4,0.01
3468,City Lights,The WAEVE,4,0.01
3469,Drowning,The WAEVE,4,0.01
3470,Druantia,The WAEVE,4,0.01
3471,Girl of the Endless Night,The WAEVE,4,0.01
3472,I Belong To,The WAEVE,4,0.01
3473,Kill Me Again,The WAEVE,4,0.01
3474,Moth to the Flame,The WAEVE,4,0.01
3475,Over And Over,The WAEVE,4,0.01
3476,Sleepwalking,The WAEVE,4,0.01
3477,Someone Up There,The WAEVE,4,0.01
3478,Song For Eliza May,The WAEVE,4,0.01
3479,Sunrise,The WAEVE,4,0.01
3480,Undine,The WAEVE,4,0.01
3481,You Saw,The WAEVE,4,0.01
3482,You're All I Want To Know,The WAEVE,4,0.01
3483,Behind Blue Eyes,The Who,4,0.01
3484,Getting in Tune,The Who,4,0.01
3485,Going Mobile,The Who,4,0.01
3486,My Generation,The Who,4,0.01
3487,The Song Is Over,The Who,4,0.01
3488,Ballad of a Hard Man,Thin Lizzy,4,0.01
3489,Banshee,Thin Lizzy,4,0.01
3490,Freedom Song,Thin Lizzy,4,0.01
3491,It's Only Money,Thin Lizzy,4,0.01
3492,King's Vengeance,Thin Lizzy,4,0.01
3493,Philomena,Thin Lizzy,4,0.01
3494,Silver Dollar,Thin Lizzy,4,0.01
3495,Spirit Slips Away,Thin Lizzy,4,0.01
3496,With or Without You,U2,4,0.01
3497,A-Punk,Vampire Weekend,4,0.01
3498,Walcott,Vampire Weekend,4,0.01
3499,1984,Van Halen,4,0.01
3500,Drop Dead Legs,Van Halen,4,0.01
3501,Girl Gone Bad,Van Halen,4,0.01
3502,Hot for Teacher,Van Halen,4,0.01
3503,House Of Pain,Van Halen,4,0.01
3504,I'll Wait,Van Halen,4,0.01
3505,Butterfly,Weezer,4,0.01
3506,Don't Let Go,Weezer,4,0.01
3507,El Scorcho,Weezer,4,0.01
3508,Getchoo,Weezer,4,0.01
3509,In the Garage,Weezer,4,0.01
3510,My Name Is Jonas,Weezer,4,0.01
3511,The World Has Turned and Left Me Here,Weezer,4,0.01
3512,ELT,Wilco,4,0.01
3513,Jet,Wings,4,0.01
3514,Neon Shuffle,XTC,4,0.01
3515,Bad Girl,ZZ Top,4,0.01
3516,Dirty Dog,ZZ Top,4,0.01
3517,I Got the Six,ZZ Top,4,0.01
3518,I Need You Tonight,ZZ Top,4,0.01
3519,If I Could Only Flag Her Down,ZZ Top,4,0.01
3520,Legs,ZZ Top,4,0.01
3521,Thug,ZZ Top,4,0.01
3522,TV Dinners,ZZ Top,4,0.01
3523,Rock and Roll Ain't Noise Pollution,AC/DC,3,0.01
3524,Shake a Leg,AC/DC,3,0.01
3525,Back in the Saddle,Aerosmith,3,0.01
3526,Combination,Aerosmith,3,0.01
3527,Falling In Love (Is Hard on the Knees),Aerosmith,3,0.01
3528,Last Child,Aerosmith,3,0.01
3529,No More No More,Aerosmith,3,0.01
3530,Rats in the Cellar,Aerosmith,3,0.01
3531,Sick As a Dog,Aerosmith,3,0.01
3532,Toys in the Attic,Aerosmith,3,0.01
3533,Uncle Salty,Aerosmith,3,0.01
3534,Bleed the Freak,Alice in Chains,3,0.01
3535,Confusion,Alice in Chains,3,0.01
3536,I Can't Remember,Alice in Chains,3,0.01
3537,I Know Somethin (Bout You),Alice in Chains,3,0.01
3538,It Ain't Like That,Alice in Chains,3,0.01
3539,"Love, Hate, Love",Alice in Chains,3,0.01
3540,Man in the Box,Alice in Chains,3,0.01
3541,Put You Down,Alice in Chains,3,0.01
3542,Real Thing,Alice in Chains,3,0.01
3543,Sea of Sorrow,Alice in Chains,3,0.01
3544,Sunshine,Alice in Chains,3,0.01
3545,We Die Young,Alice in Chains,3,0.01
3546,¿Quién asó la manteca?,Andrés Calamaro,3,0.01
3547,Alta Suciedad,Andrés Calamaro,3,0.01
3548,Flaca,Andrés Calamaro,3,0.01
3549,Media Verónica,Andrés Calamaro,3,0.01
3550,Black Wave/Bad Vibrations,Arcade Fire,3,0.01
3551,Crown of Love,Arcade Fire,3,0.01
3552,Dancing Shoes,Arctic Monkeys,3,0.01
3553,Don't Sit Down 'Cause I've Moved Your Chair,Arctic Monkeys,3,0.01
3554,Fake Tales of San Francisco,Arctic Monkeys,3,0.01
3555,I Bet You Look Good on the Dancefloor,Arctic Monkeys,3,0.01
3556,Riot Van,Arctic Monkeys,3,0.01
3557,The View from the Afternoon,Arctic Monkeys,3,0.01
3558,Angel Interceptor,Ash,3,0.01
3559,Darkside Lightside,Ash,3,0.01
3560,Gone The Dream,Ash,3,0.01
3561,Kung Fu,Ash,3,0.01
3562,Lose Control,Ash,3,0.01
3563,Lost In You,Ash,3,0.01
3564,Oh Yeah,Ash,3,0.01
3565,Chup Chup,Australian Blonde,3,0.01
3566,Anda suelto Satanás,Barón Rojo,3,0.01
3567,Con Botas Sucias,Barón Rojo,3,0.01
3568,Efluvios,Barón Rojo,3,0.01
3569,El Presidente,Barón Rojo,3,0.01
3570,Larga Vida Al Rock and Roll,Barón Rojo,3,0.01
3571,Los desertores del rock,Barón Rojo,3,0.01
3572,Resistiré,Barón Rojo,3,0.01
3573,Cold Brains,Beck,3,0.01
3574,Nobody's Fault But My Own,Beck,3,0.01
3575,Novacane,Beck,3,0.01
3576,Charade,Bee Gees,3,0.01
3577,Dogs,Bee Gees,3,0.01
3578,Down The Road,Bee Gees,3,0.01
3579,"Give A Hand, Take A Hand",Bee Gees,3,0.01
3580,Had A Lot Of Love Last Night,Bee Gees,3,0.01
3581,Heavy Breathing,Bee Gees,3,0.01
3582,I Can't Let You Go,Bee Gees,3,0.01
3583,Lost In Your Love,Bee Gees,3,0.01
3584,More Than a Woman,Bee Gees,3,0.01
3585,Mr. Natural,Bee Gees,3,0.01
3586,Throw A Penny,Bee Gees,3,0.01
3587,Too Much Heaven,Bee Gees,3,0.01
3588,Voices,Bee Gees,3,0.01
3589,Hot in the City,Billy Idol,3,0.01
3590,Aeroplane,Björk,3,0.01
3591,Big Time Sensuality,Björk,3,0.01
3592,Come to Me,Björk,3,0.01
3593,Crying,Björk,3,0.01
3594,Human Behaviour,Björk,3,0.01
3595,One Day,Björk,3,0.01
3596,There's More To Life Than This (Live At The Milk Bar Toilets),Björk,3,0.01
3597,Venus as a Boy,Björk,3,0.01
3598,Violently Happy,Björk,3,0.01
3599,Behind the Wall of Sleep,Black Sabbath,3,0.01
3600,Black Sabbath,Black Sabbath,3,0.01
3601,Planet Caravan,Black Sabbath,3,0.01
3602,The Wizard,Black Sabbath,3,0.01
3603,War Pigs,Black Sabbath,3,0.01
3604,Atomic,Blondie,3,0.01
3605,Fade Away And Radiate,Blondie,3,0.01
3606,Hanging on the Telephone,Blondie,3,0.01
3607,I Know But I Don't Know,Blondie,3,0.01
3608,One Way or Another,Blondie,3,0.01
3609,Picture This,Blondie,3,0.01
3610,Sunday Girl,Blondie,3,0.01
3611,Will Anything Happen?,Blondie,3,0.01
3612,Alex's Song,Blur,3,0.01
3613,Anniversary Waltz,Blur,3,0.01
3614,Badgeman Brown,Blur,3,0.01
3615,Black Book,Blur,3,0.01
3616,Colours,Blur,3,0.01
3617,Don't Be,Blur,3,0.01
3618,Far Out (Beagle 2 Remix),Blur,3,0.01
3619,Get Out of Cities,Blur,3,0.01
3620,I'm Fine,Blur,3,0.01
3621,Mace,Blur,3,0.01
3622,Magpie,Blur,3,0.01
3623,People in Europe,Blur,3,0.01
3624,Resigned / Commercial Break,Blur,3,0.01
3625,Swallows in the Heatwave,Blur,3,0.01
3626,Tame,Blur,3,0.01
3627,Guiltiness,Bob Marley,3,0.01
3628,Natural Mystic,Bob Marley,3,0.01
3629,People Get Ready,Bob Marley,3,0.01
3630,Punky Reggae Rock,Bob Marley,3,0.01
3631,So Much Things To Say,Bob Marley,3,0.01
3632,Stir It Up,Bob Marley,3,0.01
3633,The Heathen,Bob Marley,3,0.01
3634,Turn Your Lights Down Low,Bob Marley,3,0.01
3635,Blinded by the Light,Bruce Springsteen,3,0.01
3636,Born in the U.S.A.,Bruce Springsteen,3,0.01
3637,An Empty Cup (And a Broken Date),Buddy Holly,3,0.01
3638,I'm Changing All Those Changes,Buddy Holly,3,0.01
3639,Las chicas del drugstore,Burning,3,0.01
3640,Puedes Sentirlo,Burning,3,0.01
3641,I Believe,Buzzcocks,3,0.01
3642,You Say You Don't Love Me,Buzzcocks,3,0.01
3643,Desde Brasil,Café Quijano,3,0.01
3644,La taberna del Buda,Café Quijano,3,0.01
3645,Las Llaves de Raquel,Café Quijano,3,0.01
3646,"Lucía, la Corista",Café Quijano,3,0.01
3647,Nada de Ná,Café Quijano,3,0.01
3648,Jamás,Camilo Sesto,3,0.01
3649,Cálida trinchera,Celtas Cortos,3,0.01
3650,Cuéntame un cuento,Celtas Cortos,3,0.01
3651,El Emigrante (remix),Celtas Cortos,3,0.01
3652,Lluvia En Soledad,Celtas Cortos,3,0.01
3653,Romance De Rosabella Y Domingo,Celtas Cortos,3,0.01
3654,Si No Me Veo No Me Creo,Celtas Cortos,3,0.01
3655,Skaparate Nacional,Celtas Cortos,3,0.01
3656,Old Devil Moon,Chet Baker,3,0.01
3657,Lola,Cicatriz,3,0.01
3658,Do What I Say,Clawfinger,3,0.01
3659,Pay the Bill,Clawfinger,3,0.01
3660,Pin Me Down,Clawfinger,3,0.01
3661,Twisted Logic,Coldplay,3,0.01
3662,Dance the Night Away,Cream,3,0.01
3663,Strange Brew,Cream,3,0.01
3664,Before You Accuse Me,Creedence Clearwater Revival,3,0.01
3665,Lookin' Out My Back Door,Creedence Clearwater Revival,3,0.01
3666,Travelin' Band,Creedence Clearwater Revival,3,0.01
3667,Up Around the Bend,Creedence Clearwater Revival,3,0.01
3668,Revolution 909,Daft Punk,3,0.01
3669,Something About Us,Daft Punk,3,0.01
3670,Combustion,Damon Albarn,3,0.01
3671,Daft Wader,Damon Albarn,3,0.01
3672,Esje,Damon Albarn,3,0.01
3673,Giraffe Trumpet Sea,Damon Albarn,3,0.01
3674,Hollow Ponds,Damon Albarn,3,0.01
3675,Parakeet,Damon Albarn,3,0.01
3676,Particles,Damon Albarn,3,0.01
3677,Photographs (You Are Taking Now),Damon Albarn,3,0.01
3678,Polaris,Damon Albarn,3,0.01
3679,Seven High,Damon Albarn,3,0.01
3680,The Cormorant,Damon Albarn,3,0.01
3681,The Tower of Montevideo,Damon Albarn,3,0.01
3682,You And Me,Damon Albarn,3,0.01
3683,1000 Miles,Dave Rowntree,3,0.01
3684,Black Sheep,Dave Rowntree,3,0.01
3685,Devil's Island,Dave Rowntree,3,0.01
3686,Downtown,Dave Rowntree,3,0.01
3687,Hk,Dave Rowntree,3,0.01
3688,London Bridge,Dave Rowntree,3,0.01
3689,Machines Like Me,Dave Rowntree,3,0.01
3690,Tape Measure,Dave Rowntree,3,0.01
3691,Volcano,Dave Rowntree,3,0.01
3692,Who's Asking,Dave Rowntree,3,0.01
3693,After All,David Bowie,3,0.01
3694,Art Decade,David Bowie,3,0.01
3695,Chant of the Ever Circling Skeletal Family,David Bowie,3,0.01
3696,"Crystal Japan (Japanese single A-side, 1979)",David Bowie,3,0.01
3697,Don't Let Me Down & Down,David Bowie,3,0.01
3698,Golden Years,David Bowie,3,0.01
3699,I Know It's Gonna Happen Someday,David Bowie,3,0.01
3700,Looking for Lester,David Bowie,3,0.01
3701,Lucy Can't Dance,David Bowie,3,0.01
3702,Running Gun Blues,David Bowie,3,0.01
3703,She Shook Me Cold,David Bowie,3,0.01
3704,"Space Oddity (re-recorded single B-side, 1979)",David Bowie,3,0.01
3705,Station to Station,David Bowie,3,0.01
3706,Stay,David Bowie,3,0.01
3707,Subterraneans,David Bowie,3,0.01
3708,The Man Who Sold the World,David Bowie,3,0.01
3709,The Wedding Song,David Bowie,3,0.01
3710,TVC 15,David Bowie,3,0.01
3711,Width of a Circle,David Bowie,3,0.01
3712,Word on a Wing,David Bowie,3,0.01
3713,Manhattan Skyline,David Shire,3,0.01
3714,Night on Disco Mountain,David Shire,3,0.01
3715,Salsation,David Shire,3,0.01
3716,Fireball,Deep Purple,3,0.01
3717,Behind the Wheel,Depeche Mode,3,0.01
3718,Enjoy the Silence,Depeche Mode,3,0.01
3719,Everybody's Weird,dEUS,3,0.01
3720,Let's See Who Goes Down First,dEUS,3,0.01
3721,Magdalena,dEUS,3,0.01
3722,"One Advice, Space",dEUS,3,0.01
3723,Put The Freaks Up Front,dEUS,3,0.01
3724,Sister Dew,dEUS,3,0.01
3725,The Ideal Crash,dEUS,3,0.01
3726,Freak Scene,Dinosaur Jr.,3,0.01
3727,Just Like Heaven,Dinosaur Jr.,3,0.01
3728,Kracked,Dinosaur Jr.,3,0.01
3729,Little Fury Things,Dinosaur Jr.,3,0.01
3730,Lose,Dinosaur Jr.,3,0.01
3731,Poledo,Dinosaur Jr.,3,0.01
3732,Raisans,Dinosaur Jr.,3,0.01
3733,Show Me the Way (bonus),Dinosaur Jr.,3,0.01
3734,Sludgefeast,Dinosaur Jr.,3,0.01
3735,Tarpit,Dinosaur Jr.,3,0.01
3736,Angel of Mercy,Dire Straits,3,0.01
3737,Communiqué,Dire Straits,3,0.01
3738,Follow Me Home,Dire Straits,3,0.01
3739,Lady Writer,Dire Straits,3,0.01
3740,News,Dire Straits,3,0.01
3741,Once Upon a Time in the West,Dire Straits,3,0.01
3742,Portobello Belle,Dire Straits,3,0.01
3743,Single Handed Sailor,Dire Straits,3,0.01
3744,Where Do You Think You're Going?,Dire Straits,3,0.01
3745,Blood Thirsty Bastards,Dirty Pretty Things,3,0.01
3746,Hold Back the Rain,Duran Duran,3,0.01
3747,Hungry Like the Wolf,Duran Duran,3,0.01
3748,Last Chance on the Stairway,Duran Duran,3,0.01
3749,Lonely in Your Nightmare,Duran Duran,3,0.01
3750,My Own Way,Duran Duran,3,0.01
3751,New Religion,Duran Duran,3,0.01
3752,Great Things,Echobelly,3,0.01
3753,I Can't Imagine the World Without Me,Echobelly,3,0.01
3754,King of the Kerb,Echobelly,3,0.01
3755,Pantyhose and Roses,Echobelly,3,0.01
3756,La Vie L'amour,Édith Piaf,3,0.01
3757,Polichinelle,Édith Piaf,3,0.01
3758,¿Quién Eres Tu?,El Último de la Fila,3,0.01
3759,Aviones Plateados,El Último de la Fila,3,0.01
3760,Dulces sueños,El Último de la Fila,3,0.01
3761,El loco de la calle,El Último de la Fila,3,0.01
3762,Insurrección,El Último de la Fila,3,0.01
3763,Lejos De Las Leyes De Los Hombres,El Último de la Fila,3,0.01
3764,Mi Patria En Mis Zapatos,El Último de la Fila,3,0.01
3765,No Me Acostumbro,El Último de la Fila,3,0.01
3766,Querida Milagros,El Último de la Fila,3,0.01
3767,Son cuatro días,El Último de la Fila,3,0.01
3768,Soy Un Accidente,El Último de la Fila,3,0.01
3769,Hold Me Now,Elastica,3,0.01
3770,Indian Song,Elastica,3,0.01
3771,S.O.F.T.,Elastica,3,0.01
3772,Boy Blue,Electric Light Orchestra,3,0.01
3773,Can't Get It Out of My Head,Electric Light Orchestra,3,0.01
3774,Eldorado,Electric Light Orchestra,3,0.01
3775,Eldorado Finale,Electric Light Orchestra,3,0.01
3776,Eldorado Overture,Electric Light Orchestra,3,0.01
3777,Illusions in G Major,Electric Light Orchestra,3,0.01
3778,In Old England Town (Boogie No.2),Electric Light Orchestra,3,0.01
3779,Mama...,Electric Light Orchestra,3,0.01
3780,Mister Kingdom,Electric Light Orchestra,3,0.01
3781,Nightrider,Electric Light Orchestra,3,0.01
3782,Poor Boy (The Greenwood),Electric Light Orchestra,3,0.01
3783,Cold As Christmas,Elton John,3,0.01
3784,Crystal,Elton John,3,0.01
3785,Religion,Elton John,3,0.01
3786,Too Low For Zero,Elton John,3,0.01
3787,"(What's So Funny 'Bout) Peace, Love And Understanding",Elvis Costello,3,0.01
3788,Accidents Will Happen,Elvis Costello,3,0.01
3789,Everyday I Write the Book,Elvis Costello,3,0.01
3790,Pump It Up,Elvis Costello,3,0.01
3791,Radio Radio,Elvis Costello,3,0.01
3792,Watching the Detectives,Elvis Costello,3,0.01
3793,(You're The) Devil in Disguise,Elvis Presley,3,0.01
3794,Crying in the Chapel,Elvis Presley,3,0.01
3795,Fever,Elvis Presley,3,0.01
3796,"I Want You, I Need You, I Love You",Elvis Presley,3,0.01
3797,Love Me,Elvis Presley,3,0.01
3798,My Way,Elvis Presley,3,0.01
3799,Something,Elvis Presley,3,0.01
3800,That's All Right,Elvis Presley,3,0.01
3801,The Wonder Of You,Elvis Presley,3,0.01
3802,Cocaine,Eric Clapton,3,0.01
3803,Lay Down Sally,Eric Clapton,3,0.01
3804,Next Time You See Her,Eric Clapton,3,0.01
3805,Wonderful Tonight,Eric Clapton,3,0.01
3806,¡Cuidado!,Eskorbuto,3,0.01
3807,ANTES EN LAS GUERRAS,Eskorbuto,3,0.01
3808,Cerebros Destruidos,Eskorbuto,3,0.01
3809,Cuidado,Eskorbuto,3,0.01
3810,Es un Crimen,Eskorbuto,3,0.01
3811,Historia Triste,Eskorbuto,3,0.01
3812,Ya no quedan mas cojones - este maldito pais - Eskorbuto a las elecciones,Eskorbuto,3,0.01
3813,Como Camarón,Estopa,3,0.01
3814,"Adiós, abanico, que llegó el aire",Extremoduro,3,0.01
3815,Arrebato,Extremoduro,3,0.01
3816,Caballero Andante (¡no Me Dejen Así!),Extremoduro,3,0.01
3817,Desidia,Extremoduro,3,0.01
3818,Emparedado,Extremoduro,3,0.01
3819,Extremaydura,Extremoduro,3,0.01
3820,J.D. La central nuclear,Extremoduro,3,0.01
3821,La Canción de los Oficios,Extremoduro,3,0.01
3822,Ni Príncipes Ni Princesas,Extremoduro,3,0.01
3823,"No Me Calientes, Que Me Hundo",Extremoduro,3,0.01
3824,Perro Callejero,Extremoduro,3,0.01
3825,Resolución,Extremoduro,3,0.01
3826,Romperás,Extremoduro,3,0.01
3827,Te Juzgarán Sólo Por Tus Errores (Yo No),Extremoduro,3,0.01
3828,V Centenario,Extremoduro,3,0.01
3829,Be Aggressive,Faith No More,3,0.01
3830,Caffeine,Faith No More,3,0.01
3831,Crack Hitler,Faith No More,3,0.01
3832,Everything's Ruined,Faith No More,3,0.01
3833,Jizzlobber,Faith No More,3,0.01
3834,Kindergarten,Faith No More,3,0.01
3835,Land of Sunshine,Faith No More,3,0.01
3836,Malpractice,Faith No More,3,0.01
3837,Midnight Cowboy,Faith No More,3,0.01
3838,RV,Faith No More,3,0.01
3839,Smaller and Smaller,Faith No More,3,0.01
3840,Dreams,Fleetwood Mac,3,0.01
3841,Go Your Own Way,Fleetwood Mac,3,0.01
3842,Gold Dust Woman,Fleetwood Mac,3,0.01
3843,I Don't Want to Know,Fleetwood Mac,3,0.01
3844,Never Going Back Again,Fleetwood Mac,3,0.01
3845,Oh Daddy,Fleetwood Mac,3,0.01
3846,Songbird,Fleetwood Mac,3,0.01
3847,The Chain,Fleetwood Mac,3,0.01
3848,You Make Loving Fun,Fleetwood Mac,3,0.01
3849,The French Open,Foals,3,0.01
3850,Aurora,Foo Fighters,3,0.01
3851,Breakout,Foo Fighters,3,0.01
3852,Generator,Foo Fighters,3,0.01
3853,Gimme Stitches,Foo Fighters,3,0.01
3854,Live-In Skin,Foo Fighters,3,0.01
3855,Next Year,Foo Fighters,3,0.01
3856,Stacked Actors,Foo Fighters,3,0.01
3857,All Or Nothing At All,Frank Sinatra,3,0.01
3858,Can't Stop Feeling,Franz Ferdinand,3,0.01
3859,Darts of Pleasure,Franz Ferdinand,3,0.01
3860,El Calor del Amor En un Bar,Gabinete Caligari,3,0.01
3861,Nadie me va añorar,Gabinete Caligari,3,0.01
3862,Tócala Uli,Gabinete Caligari,3,0.01
3863,Dumb,Garbage,3,0.01
3864,Sleep Together,Garbage,3,0.01
3865,TheTrick is to Keep Breathing,Garbage,3,0.01
3866,I Live for You,George Harrison,3,0.01
3867,I'd Have You Anytime,George Harrison,3,0.01
3868,What Is Life,George Harrison,3,0.01
3869,In My Hole,Gilbert O'Sullivan,3,0.01
3870,Baby Blue,Giorgio Moroder,3,0.01
3871,E=MC2,Giorgio Moroder,3,0.01
3872,Faster Than the Speed of Love,Giorgio Moroder,3,0.01
3873,First Hand Experience in Second Hand Love,Giorgio Moroder,3,0.01
3874,From Here to Eternity,Giorgio Moroder,3,0.01
3875,From Here to Eternity (reprise),Giorgio Moroder,3,0.01
3876,I Wanna Rock You,Giorgio Moroder,3,0.01
3877,"I'm Left, You're Right, She's Gone",Giorgio Moroder,3,0.01
3878,If You Weren't Afraid,Giorgio Moroder,3,0.01
3879,In My Wildest Dreams,Giorgio Moroder,3,0.01
3880,Lost Angeles,Giorgio Moroder,3,0.01
3881,Too Hot to Handle,Giorgio Moroder,3,0.01
3882,Utopia - Me Giorgio,Giorgio Moroder,3,0.01
3883,What a Night,Giorgio Moroder,3,0.01
3884,Lonesome Swan,Glasvegas,3,0.01
3885,Johnson Rag,Glenn Miller,3,0.01
3886,5-4 (Five Four),Gorillaz,3,0.01
3887,Andromeda (feat. D.R.A.M.),Gorillaz,3,0.01
3888,Aspen Forest,Gorillaz,3,0.01
3889,Carnival,Gorillaz,3,0.01
3890,Dead Butterflies (feat. Kano & Roxani Arias),Gorillaz,3,0.01
3891,Friday 13th (feat. Octavian),Gorillaz,3,0.01
3892,Highway (Under Construction),Gorillaz,3,0.01
3893,Hollywood,Gorillaz,3,0.01
3894,Idaho,Gorillaz,3,0.01
3895,Let Me Out,Gorillaz,3,0.01
3896,M1 A1,Gorillaz,3,0.01
3897,Pac-Man (feat. ScHoolboy Q),Gorillaz,3,0.01
3898,Phoner to Arizona,Gorillaz,3,0.01
3899,Punk,Gorillaz,3,0.01
3900,Re-Hash,Gorillaz,3,0.01
3901,Saturnz Barz (feat. Popcaan),Gorillaz,3,0.01
3902,Shy-town,Gorillaz,3,0.01
3903,Superfast Jellyfish,Gorillaz,3,0.01
3904,Taxi Back To 80's Reykjavík,Gorillaz,3,0.01
3905,The Snake in Dallas,Gorillaz,3,0.01
3906,We Got The Power (feat. Jehnny Beth),Gorillaz,3,0.01
3907,brave the storm,Graham Coxon,3,0.01
3908,Burn It Down,Graham Coxon,3,0.01
3909,Caspian Sea,Graham Coxon,3,0.01
3910,Empty Word,Graham Coxon,3,0.01
3911,Fags and Failure,Graham Coxon,3,0.01
3912,Far From Everything,Graham Coxon,3,0.01
3913,Hard + Slow,Graham Coxon,3,0.01
3914,Humble Man,Graham Coxon,3,0.01
3915,"Me You, We Two",Graham Coxon,3,0.01
3916,Mornin Blues,Graham Coxon,3,0.01
3917,Satan i Gatan,Graham Coxon,3,0.01
3918,Seven Naked Valleys,Graham Coxon,3,0.01
3919,Song for the Sick,Graham Coxon,3,0.01
3920,The Fear,Graham Coxon,3,0.01
3921,The Truth,Graham Coxon,3,0.01
3922,Waiting,Graham Coxon,3,0.01
3923,What'll It Take?,Graham Coxon,3,0.01
3924,Who The Fuck?,Graham Coxon,3,0.01
3925,Basket Case,Green Day,3,0.01
3926,"Blood, Sex and Booze",Green Day,3,0.01
3927,Burnout,Green Day,3,0.01
3928,Chump,Green Day,3,0.01
3929,Church on Sunday,Green Day,3,0.01
3930,Coming Clean,Green Day,3,0.01
3931,Emenius Sleepus,Green Day,3,0.01
3932,Extraordinary Girl,Green Day,3,0.01
3933,F.O.D./All by Myself,Green Day,3,0.01
3934,Having a Blast,Green Day,3,0.01
3935,In the End,Green Day,3,0.01
3936,Longview,Green Day,3,0.01
3937,Pulling Teeth,Green Day,3,0.01
3938,Sassafras Roots,Green Day,3,0.01
3939,She,Green Day,3,0.01
3940,Welcome to Paradise,Green Day,3,0.01
3941,When I Come Around,Green Day,3,0.01
3942,It's So Easy,Guns N' Roses,3,0.01
3943,Mr. Brownstone,Guns N' Roses,3,0.01
3944,My Michelle,Guns N' Roses,3,0.01
3945,Nightrain,Guns N' Roses,3,0.01
3946,Out ta Get Me,Guns N' Roses,3,0.01
3947,Paradise City,Guns N' Roses,3,0.01
3948,Think About You,Guns N' Roses,3,0.01
3949,Welcome to the Jungle,Guns N' Roses,3,0.01
3950,Al Lado,Hamlet,3,0.01
3951,Ceremonia T.V.,Hamlet,3,0.01
3952,Coeficiente Deprimente,Hamlet,3,0.01
3953,Irracional,Hamlet,3,0.01
3954,Perdón Por Vivir,Hamlet,3,0.01
3955,Qué voy a Hacer,Hamlet,3,0.01
3956,Quién,Hamlet,3,0.01
3957,Reza,Hamlet,3,0.01
3958,SACRIFICAR,Hamlet,3,0.01
3959,Avalancha,Héroes del Silencio,3,0.01
3960,Decadencia,Héroes del Silencio,3,0.01
3961,El Cuadro II,Héroes del Silencio,3,0.01
3962,Hechizo,Héroes del Silencio,3,0.01
3963,La Carta,Héroes del Silencio,3,0.01
3964,Malas Intenciones,Héroes del Silencio,3,0.01
3965,Olvidado,Héroes del Silencio,3,0.01
3966,Parasiempre,Héroes del Silencio,3,0.01
3967,"Rueda, Fortuna!",Héroes del Silencio,3,0.01
3968,Sangre Hirviendo,Héroes del Silencio,3,0.01
3969,Senda,Héroes del Silencio,3,0.01
3970,¡Hola Mamoncete!,Ilegales,3,0.01
3971,¡qué Mal Huelen Los Muertos!,Ilegales,3,0.01
3972,Ella saltó por la ventana,Ilegales,3,0.01
3973,Enamorados de Varsovia,Ilegales,3,0.01
3974,Está fascinada,Ilegales,3,0.01
3975,Heil Hitler,Ilegales,3,0.01
3976,Hombre Solitario,Ilegales,3,0.01
3977,Me Sueltan Mañana,Ilegales,3,0.01
3978,No Me Gusta El Trabajo,Ilegales,3,0.01
3979,Saber vivir,Ilegales,3,0.01
3980,Yo soy quien espía los juegos de los niños,Ilegales,3,0.01
3981,Besides Me,Inspiral Carpets,3,0.01
3982,Directing Traffik,Inspiral Carpets,3,0.01
3983,Many Happy Returns,Inspiral Carpets,3,0.01
3984,Memories of You,Inspiral Carpets,3,0.01
3985,Real Thing,Inspiral Carpets,3,0.01
3986,Song for a Family,Inspiral Carpets,3,0.01
3987,Wrecking Ball,Interpol,3,0.01
3988,22 Acacia Avenue,Iron Maiden,3,0.01
3989,Children of the Damned,Iron Maiden,3,0.01
3990,Gangland,Iron Maiden,3,0.01
3991,Hallowed Be Thy Name,Iron Maiden,3,0.01
3992,Invaders,Iron Maiden,3,0.01
3993,Run to the Hills,Iron Maiden,3,0.01
3994,The Number of the Beast,Iron Maiden,3,0.01
3995,The Prisoner,Iron Maiden,3,0.01
3996,¡Qué barbaridad!,Jaime Urrutia,3,0.01
3997,¿Qué hay de comer?,Jaime Urrutia,3,0.01
3998,Nada Por Aquí,Jaime Urrutia,3,0.01
3999,Toda Mi Vida,Jaime Urrutia,3,0.01
4000,Black Capricorn Day,Jamiroquai,3,0.01
4001,Butterfly,Jamiroquai,3,0.01
4002,Canned Heat (album version),Jamiroquai,3,0.01
4003,Deeper Underground,Jamiroquai,3,0.01
4004,Destitute Illusions,Jamiroquai,3,0.01
4005,Falling,Jamiroquai,3,0.01
4006,King for a Day,Jamiroquai,3,0.01
4007,Planet Home,Jamiroquai,3,0.01
4008,Soul Education,Jamiroquai,3,0.01
4009,Supersonic,Jamiroquai,3,0.01
4010,Use the Force,Jamiroquai,3,0.01
4011,Where Do We Go from Here?,Jamiroquai,3,0.01
4012,Baby's Coming Back To Me,Jarvis Cocker,3,0.01
4013,Disney Time,Jarvis Cocker,3,0.01
4014,From Auschwitz To Ipswich,Jarvis Cocker,3,0.01
4015,I Will Kill Again,Jarvis Cocker,3,0.01
4016,Corpus Christi Carol,Jeff Buckley,3,0.01
4017,Dream Brother,Jeff Buckley,3,0.01
4018,Eternal Life,Jeff Buckley,3,0.01
4019,Hallelujah,Jeff Buckley,3,0.01
4020,Last Goodbye,Jeff Buckley,3,0.01
4021,Lilac Wine,Jeff Buckley,3,0.01
4022,"Lover, You Should've Come Over",Jeff Buckley,3,0.01
4023,Mojo Pin,Jeff Buckley,3,0.01
4024,So Real,Jeff Buckley,3,0.01
4025,3/5 of a Mile in 10 Seconds,Jefferson Airplane,3,0.01
4026,Comin' Back to Me,Jefferson Airplane,3,0.01
4027,D.C.B.A. - 25,Jefferson Airplane,3,0.01
4028,Embryonic Journey,Jefferson Airplane,3,0.01
4029,How Do You Feel,Jefferson Airplane,3,0.01
4030,Plastic Fantastic Lover,Jefferson Airplane,3,0.01
4031,Today,Jefferson Airplane,3,0.01
4032,Break Up,Jerry Lee Lewis,3,0.01
4033,Breathless,Jerry Lee Lewis,3,0.01
4034,Fools Like Me,Jerry Lee Lewis,3,0.01
4035,High School Confidential,Jerry Lee Lewis,3,0.01
4036,Lewis Boogie,Jerry Lee Lewis,3,0.01
4037,Matchbox,Jerry Lee Lewis,3,0.01
4038,Ubangi Stomp,Jerry Lee Lewis,3,0.01
4039,Bouree,Jethro Tull,3,0.01
4040,Fire,Jimi Hendrix,3,0.01
4041,I Don't Live Today,Jimi Hendrix,3,0.01
4042,May This Be Love,Jimi Hendrix,3,0.01
4043,Besos en la frente,Joaquín Sabina,3,0.01
4044,Bruja,Joaquín Sabina,3,0.01
4045,Caballo de cartón,Joaquín Sabina,3,0.01
4046,Cuando Aprieta el Frío,Joaquín Sabina,3,0.01
4047,Guerra Mundial,Joaquín Sabina,3,0.01
4048,Incompatibilidad de caracteres,Joaquín Sabina,3,0.01
4049,Kung-Fu,Joaquín Sabina,3,0.01
4050,Locos de Atar,Joaquín Sabina,3,0.01
4051,Mi amigo Sátan,Joaquín Sabina,3,0.01
4052,Negra noche,Joaquín Sabina,3,0.01
4053,Ocupen su localidad,Joaquín Sabina,3,0.01
4054,Could You Be Loved,Joe Cocker,3,0.01
4055,N'oubliez Jamais,Joe Cocker,3,0.01
4056,Summer in the City,Joe Cocker,3,0.01
4057,The Simple Things,Joe Cocker,3,0.01
4058,"Always with Me, Always with You",Joe Satriani,3,0.01
4059,Circles,Joe Satriani,3,0.01
4060,Crushing Day,Joe Satriani,3,0.01
4061,Echo,Joe Satriani,3,0.01
4062,Hill of the Skull,Joe Satriani,3,0.01
4063,Ice 9,Joe Satriani,3,0.01
4064,Lords of Karma,Joe Satriani,3,0.01
4065,Midnight,Joe Satriani,3,0.01
4066,Satch Boogie,Joe Satriani,3,0.01
4067,Bless You,John Lennon,3,0.01
4068,Clean Up Time,John Lennon,3,0.01
4069,Instant Karma,John Lennon,3,0.01
4070,Old Dirt Road,John Lennon,3,0.01
4071,Only People,John Lennon,3,0.01
4072,Steel and Glass,John Lennon,3,0.01
4073,Tight As,John Lennon,3,0.01
4074,What You Got,John Lennon,3,0.01
4075,Whatever Gets You Through the Night,John Lennon,3,0.01
4076,A Touch of Evil,Judas Priest,3,0.01
4077,All Guns Blazing,Judas Priest,3,0.01
4078,Battle Hymn,Judas Priest,3,0.01
4079,Between the Hammer & the Anvil,Judas Priest,3,0.01
4080,Hell Patrol,Judas Priest,3,0.01
4081,Leather Rebel,Judas Priest,3,0.01
4082,Metal Meltdown,Judas Priest,3,0.01
4083,Night Crawler,Judas Priest,3,0.01
4084,One Shot at Glory,Judas Priest,3,0.01
4085,Painkiller,Judas Priest,3,0.01
4086,Everyday I Love You Less and Less,Kaiser Chiefs,3,0.01
4087,I Predict a Riot,Kaiser Chiefs,3,0.01
4088,Club Foot,Kasabian,3,0.01
4089,Empire,Kasabian,3,0.01
4090,Boogie Shoes,KC and The Sunshine Band,3,0.01
4091,Moonchild / The Dream / The Illusion,King Crimson,3,0.01
4092,The Court of the Crimson King / The Return of the Fire Witch / The Dance of t...,King Crimson,3,0.01
4093,Anything For My Baby,Kiss,3,0.01
4094,C'mon And Love Me,Kiss,3,0.01
4095,Cold Gin,Kiss,3,0.01
4096,Firehouse,Kiss,3,0.01
4097,Let Me Know,Kiss,3,0.01
4098,Love Her All I Can,Kiss,3,0.01
4099,Nothin' to Lose,Kiss,3,0.01
4100,Rock Bottom,Kiss,3,0.01
4101,She,Kiss,3,0.01
4102,As Above So Below,Klaxons,3,0.01
4103,Atlantis to Interzone,Klaxons,3,0.01
4104,Forgotten Works,Klaxons,3,0.01
4105,Four Horsemen of 2012,Klaxons,3,0.01
4106,Golden Skans,Klaxons,3,0.01
4107,Gravity's Rainbow,Klaxons,3,0.01
4108,Isle of Her,Klaxons,3,0.01
4109,It's Not Over Yet,Klaxons,3,0.01
4110,Magick,Klaxons,3,0.01
4111,Totem on the Timeline,Klaxons,3,0.01
4112,Two Receivers,Klaxons,3,0.01
4113,Open Sesame,Kool & the Gang,3,0.01
4114,Kometenmelodie 1,Kraftwerk,3,0.01
4115,Kometenmelodie 2,Kraftwerk,3,0.01
4116,Mitternacht,Kraftwerk,3,0.01
4117,Morgenspaziergang,Kraftwerk,3,0.01
4118,Hollow Man (parts 1 & 2),Kula Shaker,3,0.01
4119,Good Times Bad Times,Led Zeppelin,3,0.01
4120,I Can't Quit You Baby,Led Zeppelin,3,0.01
4121,"¡Corre, Corre!",Leño,3,0.01
4122,¡Qué desilusión!,Leño,3,0.01
4123,Apágalas,Leño,3,0.01
4124,Aprendiendo A Escuchar,Leño,3,0.01
4125,Calendario,Leño,3,0.01
4126,El Oportunista,Leño,3,0.01
4127,Entre Las Cejas,Leño,3,0.01
4128,Este Madrid,Leño,3,0.01
4129,Mientras Tanto,Leño,3,0.01
4130,Sodoma Y Chabola,Leño,3,0.01
4131,Todo Es Más Sencillo,Leño,3,0.01
4132,Master Song,Leonard Cohen,3,0.01
4133,Suzanne,Leonard Cohen,3,0.01
4134,The Stranger Song,Leonard Cohen,3,0.01
4135,Winter Lady,Leonard Cohen,3,0.01
4136,Baby,Little Richard,3,0.01
4137,Jenny Jenny,Little Richard,3,0.01
4138,Long Tall Sally,Little Richard,3,0.01
4139,Miss Ann,Little Richard,3,0.01
4140,Oh Why?,Little Richard,3,0.01
4141,Ready Teddy,Little Richard,3,0.01
4142,Rip It Up,Little Richard,3,0.01
4143,She's Got It,Little Richard,3,0.01
4144,Slippin' and Slidin',Little Richard,3,0.01
4145,Cadillac solitario,Loquillo y Trogloditas,3,0.01
4146,Rocker city,Loquillo y Trogloditas,3,0.01
4147,Inevitable,Los Piratas,3,0.01
4148,Brigitte,Los Planetas,3,0.01
4149,Qué Puedo Hacer,Los Planetas,3,0.01
4150,Si está bien,Los Planetas,3,0.01
4151,Vas a Verme por la Tele,Los Planetas,3,0.01
4152,100 Pájaros Volando,Los Rodríguez,3,0.01
4153,La Parte de Atrás,Los Rodríguez,3,0.01
4154,Chaquetas de Cuero,Los Suaves,3,0.01
4155,Esta vida me va a matar,Los Suaves,3,0.01
4156,Llegaste Hasta Mí,Los Suaves,3,0.01
4157,Mártires Del Rock And Roll,Los Suaves,3,0.01
4158,Muerte En El Rock,Los Suaves,3,0.01
4159,Peligrosa María,Los Suaves,3,0.01
4160,Viene El Tren,Los Suaves,3,0.01
4161,Soy Un Animal,Los Toreros Muertos,3,0.01
4162,How Do You Speak To An Angel,Lou Reed,3,0.01
4163,New Sensations,Lou Reed,3,0.01
4164,Nowhere At All (Bonus),Lou Reed,3,0.01
4165,Ocean,Lou Reed,3,0.01
4166,Ride Sally Ride,Lou Reed,3,0.01
4167,Sally Can't Dance,Lou Reed,3,0.01
4168,Alevosía,Luis Eduardo Aute,3,0.01
4169,Arrebato,Luis Eduardo Aute,3,0.01
4170,Invisible,Luis Eduardo Aute,3,0.01
4171,Mojándolo Todo,Luis Eduardo Aute,3,0.01
4172,Querencia,Luis Eduardo Aute,3,0.01
4173,Call Me The Breeze,Lynyrd Skynyrd,3,0.01
4174,Gimme Three Steps,Lynyrd Skynyrd,3,0.01
4175,I Ain't the One,Lynyrd Skynyrd,3,0.01
4176,Mississippi Kid,Lynyrd Skynyrd,3,0.01
4177,The Needle And The Spoon,Lynyrd Skynyrd,3,0.01
4178,Tuesday's Gone,Lynyrd Skynyrd,3,0.01
4179,Bed & Breakfast Man,Madness,3,0.01
4180,Believe Me,Madness,3,0.01
4181,Chipmunks Are Go!,Madness,3,0.01
4182,Land Of The Hope And Glory,Madness,3,0.01
4183,Madness (bonus),Madness,3,0.01
4184,Mummy's Boy,Madness,3,0.01
4185,Razor Blade Alley,Madness,3,0.01
4186,Rockin' in A Flat,Madness,3,0.01
4187,Swan Lake,Madness,3,0.01
4188,Tarzan's Nuts,Madness,3,0.01
4189,The Prince,Madness,3,0.01
4190,Be Natural,Manic Street Preachers,3,0.01
4191,Born a Girl,Manic Street Preachers,3,0.01
4192,I'm Not Working,Manic Street Preachers,3,0.01
4193,Nobody Loved You,Manic Street Preachers,3,0.01
4194,S.Y.M.M.,Manic Street Preachers,3,0.01
4195,Socialist Serenade [Bonus track for Japan],Manic Street Preachers,3,0.01
4196,Dark Mavis,Mansun,3,0.01
4197,Disgusting,Mansun,3,0.01
4198,Egg Shaped Fred,Mansun,3,0.01
4199,Mansun's Only Love Song,Mansun,3,0.01
4200,Naked Twister,Mansun,3,0.01
4201,She Makes My Nose Bleed,Mansun,3,0.01
4202,Taxloss,Mansun,3,0.01
4203,The Chad Who Loved Me,Mansun,3,0.01
4204,"You, Who Do You Hate?",Mansun,3,0.01
4205,Bixo Do Coco,Manu Chao,3,0.01
4206,Denia,Manu Chao,3,0.01
4207,El Dorado 1997,Manu Chao,3,0.01
4208,Homens,Manu Chao,3,0.01
4209,Infinta Tristeza,Manu Chao,3,0.01
4210,La chinita,Manu Chao,3,0.01
4211,La Primavera,Manu Chao,3,0.01
4212,Le Rendez Vous,Manu Chao,3,0.01
4213,Marea,Manu Chao,3,0.01
4214,Merry blues,Manu Chao,3,0.01
4215,Mi vida,Manu Chao,3,0.01
4216,Mr Bobby,Manu Chao,3,0.01
4217,Papito,Manu Chao,3,0.01
4218,Promiscuity,Manu Chao,3,0.01
4219,Trapped by love,Manu Chao,3,0.01
4220,Vacaloca,Manu Chao,3,0.01
4221,(Exchange),Massive Attack,3,0.01
4222,Angel,Massive Attack,3,0.01
4223,Black Milk,Massive Attack,3,0.01
4224,Dissolved Girl,Massive Attack,3,0.01
4225,Exchange,Massive Attack,3,0.01
4226,Group Four,Massive Attack,3,0.01
4227,Inertia Creeps,Massive Attack,3,0.01
4228,Man Next Door,Massive Attack,3,0.01
4229,Mezzanine,Massive Attack,3,0.01
4230,Risingson,Massive Attack,3,0.01
4231,Teardrop,Massive Attack,3,0.01
4232,Anarchy in the U.K.,Megadeth,3,0.01
4233,Dawn Patrol,Megadeth,3,0.01
4234,Five Magics,Megadeth,3,0.01
4235,Hangar 18,Megadeth,3,0.01
4236,Lucretia,Megadeth,3,0.01
4237,Poison Was the Cure,Megadeth,3,0.01
4238,Rust In Peace...Polaris,Megadeth,3,0.01
4239,Skin O' My Teeth,Megadeth,3,0.01
4240,Symphony of Destruction,Megadeth,3,0.01
4241,Take No Prisoners,Megadeth,3,0.01
4242,Tornado of Souls,Megadeth,3,0.01
4243,The Dark Is Rising,Mercury Rev,3,0.01
4244,K-Jee,MFSB,3,0.01
4245,Bad,Michael Jackson,3,0.01
4246,Beat It,Michael Jackson,3,0.01
4247,The Lady in My Life,Michael Jackson,3,0.01
4248,20 Eyes,Misfits,3,0.01
4249,All Hell Breaks Loose,Misfits,3,0.01
4250,Astro Zombies,Misfits,3,0.01
4251,Devils Whorehouse,Misfits,3,0.01
4252,Die Die My Darling,Misfits,3,0.01
4253,Hatebreeders,Misfits,3,0.01
4254,I Turned Into a Martian,Misfits,3,0.01
4255,Mommy Can I Go Out And Lill Tonight [Live!],Misfits,3,0.01
4256,Night of the Living Dead,Misfits,3,0.01
4257,Nike a Go Go,Misfits,3,0.01
4258,Skulls,Misfits,3,0.01
4259,Vampira,Misfits,3,0.01
4260,Violent World,Misfits,3,0.01
4261,I'm Not Worried At All,Moby,3,0.01
4262,In My Heart,Moby,3,0.01
4263,Why Does My Heart Feel So Bad?,Moby,3,0.01
4264,Chinga Tu Madre,Molotov,3,0.01
4265,Gimma Tha Power,Molotov,3,0.01
4266,Puto,Molotov,3,0.01
4267,Que no te Haga Bobo Jacobo,Molotov,3,0.01
4268,Come On And Dance,Mötley Crüe,3,0.01
4269,Live Wire,Mötley Crüe,3,0.01
4270,Merry-Go-Round,Mötley Crüe,3,0.01
4271,On With The Show,Mötley Crüe,3,0.01
4272,Piece Of Your Action,Mötley Crüe,3,0.01
4273,Public Enemy #1,Mötley Crüe,3,0.01
4274,Starry Eyes,Mötley Crüe,3,0.01
4275,Take Me to the Top,Mötley Crüe,3,0.01
4276,Too Fast For Love,Mötley Crüe,3,0.01
4277,(Don't Let 'Em) Grind You Down,Motörhead,3,0.01
4278,(Don't Need) Religion,Motörhead,3,0.01
4279,America,Motörhead,3,0.01
4280,Bang to Rights,Motörhead,3,0.01
4281,Go to Hell,Motörhead,3,0.01
4282,Heart of Stone,Motörhead,3,0.01
4283,I'm the Doctor,Motörhead,3,0.01
4284,Iron Fist,Motörhead,3,0.01
4285,Loser,Motörhead,3,0.01
4286,Sex & Outrage,Motörhead,3,0.01
4287,Shut It Down,Motörhead,3,0.01
4288,Speedfreak,Motörhead,3,0.01
4289,Cave,Muse,3,0.01
4290,City of Delusion,Muse,3,0.01
4291,Escape,Muse,3,0.01
4292,Exo-Politics,Muse,3,0.01
4293,Hoodoo,Muse,3,0.01
4294,Map of the Problematique,Muse,3,0.01
4295,New Born,Muse,3,0.01
4296,Showbiz,Muse,3,0.01
4297,Soldier's Poem,Muse,3,0.01
4298,Space Dementia,Muse,3,0.01
4299,Starlight,Muse,3,0.01
4300,Take a Bow,Muse,3,0.01
4301,All I Need,my bloody valentine,3,0.01
4302,Feed Me With Your Kiss,my bloody valentine,3,0.01
4303,No More Sorry,my bloody valentine,3,0.01
4304,Chosen Time,New Order,3,0.01
4305,Denial,New Order,3,0.01
4306,Doubts Even Here,New Order,3,0.01
4307,Dreams Never End,New Order,3,0.01
4308,Elegia,New Order,3,0.01
4309,Face Up,New Order,3,0.01
4310,ICB,New Order,3,0.01
4311,Love Vigilantes,New Order,3,0.01
4312,Senses,New Order,3,0.01
4313,Sooner Than You Think,New Order,3,0.01
4314,Sunrise,New Order,3,0.01
4315,The Him,New Order,3,0.01
4316,The Perfect Kiss,New Order,3,0.01
4317,This Time of Night,New Order,3,0.01
4318,Truth,New Order,3,0.01
4319,Black Crow King,Nick Cave & the Bad Seeds,3,0.01
4320,Blew,Nirvana,3,0.01
4321,Floyd the Barber,Nirvana,3,0.01
4322,Jesus Doesn't Want Me For A Sunbe,Nirvana,3,0.01
4323,School,Nirvana,3,0.01
4324,The Man Who Sold the World,Nirvana,3,0.01
4325,Don't Speak,No Doubt,3,0.01
4326,End It on This,No Doubt,3,0.01
4327,Hey You,No Doubt,3,0.01
4328,Sunday Morning,No Doubt,3,0.01
4329,The Climb,No Doubt,3,0.01
4330,Tragic Kingdom,No Doubt,3,0.01
4331,World Go 'Round,No Doubt,3,0.01
4332,Dream On,Noel Gallagher,3,0.01
4333,In the Heat of the Moment,Noel Gallagher,3,0.01
4334,Lock All The Doors,Noel Gallagher,3,0.01
4335,Riverman,Noel Gallagher,3,0.01
4336,The Girl with X-Ray Eyes,Noel Gallagher,3,0.01
4337,(Get Off Your) High Horse Lady,Oasis,3,0.01
4338,All Around the World (reprise),Oasis,3,0.01
4339,Fade In-Out,Oasis,3,0.01
4340,It's Gettin' Better (Man!!),Oasis,3,0.01
4341,Magic Pie,Oasis,3,0.01
4342,Rockin' Chair,Oasis,3,0.01
4343,40 Past Midnight,Ocean Colour Scene,3,0.01
4344,Lining Your Pockets,Ocean Colour Scene,3,0.01
4345,The Circle,Ocean Colour Scene,3,0.01
4346,(I Can't Get No) Satisfaction,Otis Redding,3,0.01
4347,Rock Me Baby,Otis Redding,3,0.01
4348,You Don't Miss Your Water,Otis Redding,3,0.01
4349,Fucking Hostile,Pantera,3,0.01
4350,No Good (Attack the Radical),Pantera,3,0.01
4351,Rise,Pantera,3,0.01
4352,This Love,Pantera,3,0.01
4353,Autosuficiencia,Parálisis Permanente,3,0.01
4354,Tengo un pasajero,Parálisis Permanente,3,0.01
4355,Birdland,Patti Smith,3,0.01
4356,Elegie,Patti Smith,3,0.01
4357,Free Money,Patti Smith,3,0.01
4358,Kimberly,Patti Smith,3,0.01
4359,Land: Horses + Land Of A Thousand Dances + La Mer (de),Patti Smith,3,0.01
4360,3 Legs,Paul McCartney,3,0.01
4361,Dear Boy,Paul McCartney,3,0.01
4362,On the Way,Paul McCartney,3,0.01
4363,Smile Away,Paul McCartney,3,0.01
4364,Temporary Secretary,Paul McCartney,3,0.01
4365,The Back Seat of My Car,Paul McCartney,3,0.01
4366,Too Many People,Paul McCartney,3,0.01
4367,Waterfalls,Paul McCartney,3,0.01
4368,AT & T,Pavement,3,0.01
4369,Best Friend's Arm,Pavement,3,0.01
4370,Fight This Generation,Pavement,3,0.01
4371,Flux = Rad,Pavement,3,0.01
4372,Grave Architecture,Pavement,3,0.01
4373,Half a Canyon,Pavement,3,0.01
4374,Kennel District,Pavement,3,0.01
4375,Pueblo,Pavement,3,0.01
4376,Western Homes,Pavement,3,0.01
4377,Susurrando,Peor Impossible,3,0.01
4378,Congratulations,Phoenix,3,0.01
4379,Definitive Breaks,Phoenix,3,0.01
4380,Funky Squaredance,Phoenix,3,0.01
4381,Love for Granted,Phoenix,3,0.01
4382,One Time Too Many,Phoenix,3,0.01
4383,Run Run Run,Phoenix,3,0.01
4384,Second To None,Phoenix,3,0.01
4385,Victim of the Crime,Phoenix,3,0.01
4386,You Can't Blame It On Anybody,Phoenix,3,0.01
4387,Fat Old Sun,Pink Floyd,3,0.01
4388,All I Think About Now,Pixies,3,0.01
4389,All The Saints,Pixies,3,0.01
4390,Baal's Back,Pixies,3,0.01
4391,Bagboy,Pixies,3,0.01
4392,Bel Esprit,Pixies,3,0.01
4393,Classic Masher,Pixies,3,0.01
4394,Head Carrier,Pixies,3,0.01
4395,Oona,Pixies,3,0.01
4396,Plaster Of Paris,Pixies,3,0.01
4397,Talent,Pixies,3,0.01
4398,Tenement Song,Pixies,3,0.01
4399,Um Chagga Lagga,Pixies,3,0.01
4400,A Place Called Home,PJ Harvey,3,0.01
4401,Big Exit,PJ Harvey,3,0.01
4402,One Line,PJ Harvey,3,0.01
4403,This Mess We're In,PJ Harvey,3,0.01
4404,Black-Eyed,Placebo,3,0.01
4405,Slave to the Wage,Placebo,3,0.01
4406,Alucinante,Platero y tú,3,0.01
4407,Cantalojas,Platero y tú,3,0.01
4408,Contaminamos,Platero y tú,3,0.01
4409,Déjame en paz,Platero y tú,3,0.01
4410,Desertor,Platero y tú,3,0.01
4411,Esa chica tan cara,Platero y tú,3,0.01
4412,Imanol,Platero y tú,3,0.01
4413,La maté porque era mía,Platero y tú,3,0.01
4414,Meando en la pared,Platero y tú,3,0.01
4415,Mira Hacia Mí,Platero y tú,3,0.01
4416,No hierve tu sangre,Platero y tú,3,0.01
4417,Por Detrás,Platero y tú,3,0.01
4418,Sin solución,Platero y tú,3,0.01
4419,Un abecedario sin letras,Platero y tú,3,0.01
4420,Biscuit,Portishead,3,0.01
4421,Glory Box,Portishead,3,0.01
4422,It Could Be Sweet,Portishead,3,0.01
4423,It's a Fire,Portishead,3,0.01
4424,Mysterons,Portishead,3,0.01
4425,Numb,Portishead,3,0.01
4426,Pedestal,Portishead,3,0.01
4427,Roads,Portishead,3,0.01
4428,Sour Times,Portishead,3,0.01
4429,Strangers,Portishead,3,0.01
4430,Wandering Star,Portishead,3,0.01
4431,Damaged,Primal Scream,3,0.01
4432,Higher Than the Sun,Primal Scream,3,0.01
4433,Miss Lucifer,Primal Scream,3,0.01
4434,Slip Inside This House,Primal Scream,3,0.01
4435,Bad Baby,Public Image Ltd.,3,0.01
4436,Chant,Public Image Ltd.,3,0.01
4437,Graveyard,Public Image Ltd.,3,0.01
4438,No Birds,Public Image Ltd.,3,0.01
4439,Radio 4,Public Image Ltd.,3,0.01
4440,Socialist,Public Image Ltd.,3,0.01
4441,The Suit,Public Image Ltd.,3,0.01
4442,This Is Not a Love Song,Public Image Ltd.,3,0.01
4443,A Sunset,Pulp,3,0.01
4444,Background Noise,Pulp,3,0.01
4445,Farmers Market,Pulp,3,0.01
4446,Got to Have Love,Pulp,3,0.01
4447,Grown Ups,Pulp,3,0.01
4448,Hymn of the North,Pulp,3,0.01
4449,My Sex,Pulp,3,0.01
4450,Partial Eclipse,Pulp,3,0.01
4451,Roadkill,Pulp,3,0.01
4452,Slow Jam,Pulp,3,0.01
4453,Spike Island,Pulp,3,0.01
4454,Street Operator [#][Demo Previously Unreleased][Demo Version],Pulp,3,0.01
4455,Sunrise,Pulp,3,0.01
4456,Tina,Pulp,3,0.01
4457,Action This Day,Queen,3,0.01
4458,Another One Bites the Dust,Queen,3,0.01
4459,Dancer,Queen,3,0.01
4460,Drowse,Queen,3,0.01
4461,Life Is Real (Song For Lennon),Queen,3,0.01
4462,Long Away,Queen,3,0.01
4463,One Vision,Queen,3,0.01
4464,Play the Game,Queen,3,0.01
4465,Put Out The Fire,Queen,3,0.01
4466,Seven Seas of Rhye,Queen,3,0.01
4467,Somebody to Love,Queen,3,0.01
4468,Staying Power,Queen,3,0.01
4469,Teo Torriatte (Let Us Cling Together),Queen,3,0.01
4470,The Millionaire Waltz,Queen,3,0.01
4471,The Show Must Go On,Queen,3,0.01
4472,Tie Your Mother Down,Queen,3,0.01
4473,You and I,Queen,3,0.01
4474,Better Living Through Chemistry,Queens of the Stone Age,3,0.01
4475,Feel Good Hit of the Summer,Queens of the Stone Age,3,0.01
4476,No One Knows,Queens of the Stone Age,3,0.01
4477,Quick and to the Pointless,Queens of the Stone Age,3,0.01
4478,(Don't Go Back to) Rockville,R.E.M.,3,0.01
4479,Belong,R.E.M.,3,0.01
4480,Country Feedback,R.E.M.,3,0.01
4481,Daysleeper,R.E.M.,3,0.01
4482,Endgame,R.E.M.,3,0.01
4483,Half a World Away,R.E.M.,3,0.01
4484,Low,R.E.M.,3,0.01
4485,Me in Honey,R.E.M.,3,0.01
4486,Near Wild Heaven,R.E.M.,3,0.01
4487,Nightswimming,R.E.M.,3,0.01
4488,Radio Song,R.E.M.,3,0.01
4489,Texarkana,R.E.M.,3,0.01
4490,Cinco Semanas En Globo,Radio Futura,3,0.01
4491,Instrumental,Radio Futura,3,0.01
4492,Mercuriana,Radio Futura,3,0.01
4493,Zombi,Radio Futura,3,0.01
4494,Blow Out,Radiohead,3,0.01
4495,Dollars & Cents,Radiohead,3,0.01
4496,Hunting Bears,Radiohead,3,0.01
4497,I Might Be Wrong,Radiohead,3,0.01
4498,Knives Out,Radiohead,3,0.01
4499,Life in a Glass House,Radiohead,3,0.01
4500,Like Spinning Plates,Radiohead,3,0.01
4501,Lurgee,Radiohead,3,0.01
4502,Morning Bell/Amnesiac,Radiohead,3,0.01
4503,Packt Like Sardines in a Crushd Tin Box,Radiohead,3,0.01
4504,Prove Yourself,Radiohead,3,0.01
4505,Pulk/Pull Revolving Doors,Radiohead,3,0.01
4506,Pyramid Song,Radiohead,3,0.01
4507,Stop Whispering,Radiohead,3,0.01
4508,Thinking About You,Radiohead,3,0.01
4509,You,Radiohead,3,0.01
4510,You and Whose Army?,Radiohead,3,0.01
4511,Bombtrack,Rage Against the Machine,3,0.01
4512,Fistful of Steel,Rage Against the Machine,3,0.01
4513,Freedom,Rage Against the Machine,3,0.01
4514,Take the Power Back,Rage Against the Machine,3,0.01
4515,Township Rebellion,Rage Against the Machine,3,0.01
4516,Wake Up,Rage Against the Machine,3,0.01
4517,Calypso Breakdown,Ralph MacDonald,3,0.01
4518,Bestrafe Mich,Rammstein,3,0.01
4519,Du Riechst So Gut,Rammstein,3,0.01
4520,Engel,Rammstein,3,0.01
4521,Herzeleid,Rammstein,3,0.01
4522,Laichzeit,Rammstein,3,0.01
4523,Rammstein,Rammstein,3,0.01
4524,Spiel Mit Mir,Rammstein,3,0.01
4525,Tier,Rammstein,3,0.01
4526,Carbona Not Glue,Ramones,3,0.01
4527,Chain Saw,Ramones,3,0.01
4528,Cretin Hop,Ramones,3,0.01
4529,Havana Affair,Ramones,3,0.01
4530,I Don't Wanna Go Down to the Basement,Ramones,3,0.01
4531,I Don't Wanna Walk Around With You,Ramones,3,0.01
4532,Let's Dance,Ramones,3,0.01
4533,Listen to My Heart,Ramones,3,0.01
4534,Sheena Is a Punk Rocker,Ramones,3,0.01
4535,Sheena Is a Punk Rocker (single version),Ramones,3,0.01
4536,"Today Your Love, Tomorrow the World",Ramones,3,0.01
4537,By the Way,Red Hot Chili Peppers,3,0.01
4538,Vicio,Reincidentes,3,0.01
4539,Black Lines,Richard Ashcroft,3,0.01
4540,Everybody Needs Somebody To Hurt,Richard Ashcroft,3,0.01
4541,Out Of My Body,Richard Ashcroft,3,0.01
4542,They Don't Own Me,Richard Ashcroft,3,0.01
4543,Disco Volante,Righeira,3,0.01
4544,Jazz Musik,Righeira,3,0.01
4545,Kon Tiki,Righeira,3,0.01
4546,Music Kills Me,Rinôçérôse,3,0.01
4547,Poison (feat. Damon Albarn),Rocket Juice & The Moon,3,0.01
4548,Cosita,Rosendo,3,0.01
4549,"Different, Eso Sí",Rosendo,3,0.01
4550,Échale Coraje!,Rosendo,3,0.01
4551,"Entonces, Duerme",Rosendo,3,0.01
4552,Flojos de Pantalón,Rosendo,3,0.01
4553,Fuera De Lugar,Rosendo,3,0.01
4554,Hasta De Perfil,Rosendo,3,0.01
4555,Los De Siempre,Rosendo,3,0.01
4556,Manifiesta Deprimente,Rosendo,3,0.01
4557,Salud y Buenos Alimentos,Rosendo,3,0.01
4558,"Veo, Veo... Mamoneo",Rosendo,3,0.01
4559,For Your Pleasure,Roxy Music,3,0.01
4560,Dutch TV,Saint Etienne,3,0.01
4561,Dark Lady,Scorpions,3,0.01
4562,Giraluna,Sidonie,3,0.01
4563,Mi Canción De Domingo,Sidonie,3,0.01
4564,Miles,Sidonie,3,0.01
4565,Nuestro Baile Del Viernes,Sidonie,3,0.01
4566,Lie Detector,Sleeper,3,0.01
4567,What Do I Do Now,Sleeper,3,0.01
4568,100%,Sonic Youth,3,0.01
4569,Chapel Hill,Sonic Youth,3,0.01
4570,Créme Brûlèe,Sonic Youth,3,0.01
4571,Death Valley '69,Sonic Youth,3,0.01
4572,Drunken Butterfly,Sonic Youth,3,0.01
4573,Echo Canyon,Sonic Youth,3,0.01
4574,Flower,Sonic Youth,3,0.01
4575,Hallowe'en,Sonic Youth,3,0.01
4576,JC,Sonic Youth,3,0.01
4577,Nic Fit,Sonic Youth,3,0.01
4578,On the Strip,Sonic Youth,3,0.01
4579,"Orange Rolls, Angel's Spit",Sonic Youth,3,0.01
4580,Purr,Sonic Youth,3,0.01
4581,Satan Is Boring,Sonic Youth,3,0.01
4582,Shoot,Sonic Youth,3,0.01
4583,Sugar Kane,Sonic Youth,3,0.01
4584,Swimsuit Issue,Sonic Youth,3,0.01
4585,Theresa's Sound-World,Sonic Youth,3,0.01
4586,Wish Fulfillment,Sonic Youth,3,0.01
4587,Black Hole Sun,Soundgarden,3,0.01
4588,Me & You vs The World,Space,3,0.01
4589,Mister Psycho,Space,3,0.01
4590,Neighbourhood,Space,3,0.01
4591,Anamorphose,Stereolab,3,0.01
4592,Des Etoiles Electroniques,Stereolab,3,0.01
4593,Fiery Yellow,Stereolab,3,0.01
4594,International Colouring Contest,Stereolab,3,0.01
4595,L'Enfer Des Formes,Stereolab,3,0.01
4596,New Orthophony,Stereolab,3,0.01
4597,Nihilist Assault Group,Stereolab,3,0.01
4598,Outer Accelerator,Stereolab,3,0.01
4599,Ping Pong,Stereolab,3,0.01
4600,The Stars Our Destination,Stereolab,3,0.01
4601,Three Longers Later,Stereolab,3,0.01
4602,Three-Dee Melodie,Stereolab,3,0.01
4603,Transona Five,Stereolab,3,0.01
4604,Transporté Sans Bouger,Stereolab,3,0.01
4605,Wow and Flutter,Stereolab,3,0.01
4606,Boogie on Reggae Woman,Stevie Wonder,3,0.01
4607,Don't You Worry 'Bout a Thing,Stevie Wonder,3,0.01
4608,Too Shy To Say,Stevie Wonder,3,0.01
4609,Antidepressants,Suede,3,0.01
4610,Broken Music For Broken People,Suede,3,0.01
4611,Criminal Ways,Suede,3,0.01
4612,Dancing With the Europeans,Suede,3,0.01
4613,Dirty Looks,Suede,3,0.01
4614,Disintegrate,Suede,3,0.01
4615,June Rain,Suede,3,0.01
4616,"Life Is Endless, Life Is A Moment",Suede,3,0.01
4617,Overload,Suede,3,0.01
4618,Sharpening Knives,Suede,3,0.01
4619,Somewhere Between An Atom And A Star,Suede,3,0.01
4620,Sound and the Summer,Suede,3,0.01
4621,Sweet Kid,Suede,3,0.01
4622,Trance State,Suede,3,0.01
4623,Born Again,Supergrass,3,0.01
4624,Going Out,Supergrass,3,0.01
4625,Jesus Came From Outta Space,Supergrass,3,0.01
4626,Pumping on Your Stereo,Supergrass,3,0.01
4627,Sometimes I Make You Sad,Supergrass,3,0.01
4628,Your Love,Supergrass,3,0.01
4629,"Butterfly (feat. Graham Coxon, Valentina Pappalardo & Rahel Debebe-Dessalegne)",Superstate,3,0.01
4630,Goodbye Universe (feat. Graham Coxon & Valentina Pappalardo),Superstate,3,0.01
4631,Listen (feat. Graham Coxon & Valentina Pappalardo),Superstate,3,0.01
4632,We Remain (feat. Graham Coxon & Sharlene Hector),Superstate,3,0.01
4633,Ain't Nobody But Me,Supertramp,3,0.01
4634,Bloody Well Right,Supertramp,3,0.01
4635,Poor Boy,Supertramp,3,0.01
4636,School,Supertramp,3,0.01
4637,Two of Us,Supertramp,3,0.01
4638,Feel,Syd Barrett,3,0.01
4639,Golden Hair,Syd Barrett,3,0.01
4640,Long Gone,Syd Barrett,3,0.01
4641,Love You,Syd Barrett,3,0.01
4642,No Good Trying,Syd Barrett,3,0.01
4643,No Man's Land,Syd Barrett,3,0.01
4644,She Took a Long Cold Look,Syd Barrett,3,0.01
4645,Terrapin,Syd Barrett,3,0.01
4646,Metal Guru,T. Rex,3,0.01
4647,Mystic Lady,T. Rex,3,0.01
4648,Rock On,T. Rex,3,0.01
4649,Spaceball Ricochet,T. Rex,3,0.01
4650,The Slider,T. Rex,3,0.01
4651,Separate Ways,Tahiti 80,3,0.01
4652,Soul Deep,Tahiti 80,3,0.01
4653,Born Under Punches (The Heat Goes On),Talking Heads,3,0.01
4654,Crosseyed and Painless,Talking Heads,3,0.01
4655,Listening Wind,Talking Heads,3,0.01
4656,Seen and Not Seen,Talking Heads,3,0.01
4657,The Great Curve,Talking Heads,3,0.01
4658,The Overload,Talking Heads,3,0.01
4659,Love/Paranoia,Tame Impala,3,0.01
4660,"New Person, Same Old Mistakes",Tame Impala,3,0.01
4661,More Than A Woman by Tavares,Tavares,3,0.01
4662,Ain't That Enough,Teenage Fanclub,3,0.01
4663,Sparky's Dream,Teenage Fanclub,3,0.01
4664,Friction,Television,3,0.01
4665,Guiding Light,Television,3,0.01
4666,Marquee Moon,Television,3,0.01
4667,Prove It,Television,3,0.01
4668,See No Evil,Television,3,0.01
4669,Venus,Television,3,0.01
4670,Jawbone,The Band,3,0.01
4671,Jemima Surrender,The Band,3,0.01
4672,Look Out Cleveland,The Band,3,0.01
4673,Rockin' Chair,The Band,3,0.01
4674,Stage Fright,The Band,3,0.01
4675,The Shape I'm In,The Band,3,0.01
4676,The Unfaithful Servant,The Band,3,0.01
4677,The W.S. Walcott Medicine Show,The Band,3,0.01
4678,Up On Cripple Creek,The Band,3,0.01
4679,When You Awake,The Band,3,0.01
4680,Whispering Pines,The Band,3,0.01
4681,And I Love Her,The Beatles,3,0.01
4682,Boys,The Beatles,3,0.01
4683,I'll Cry Instead,The Beatles,3,0.01
4684,I'm Happy Just to Dance with You,The Beatles,3,0.01
4685,If I Fell,The Beatles,3,0.01
4686,It Won't Be Long,The Beatles,3,0.01
4687,It's All Too Much,The Beatles,3,0.01
4688,Lady Madonna,The Beatles,3,0.01
4689,Love You To,The Beatles,3,0.01
4690,Mr. Moonlight,The Beatles,3,0.01
4691,Things We Said Today,The Beatles,3,0.01
4692,Stuck On Amber,The Boo Radleys,3,0.01
4693,Do You Believe,The Cardigans,3,0.01
4694,Junk Of The Hearts,The Cardigans,3,0.01
4695,Lovefool,The Cardigans,3,0.01
4696,Paralyzed,The Cardigans,3,0.01
4697,I Don't Want to See the Sights,The Charlatans,3,0.01
4698,Block Rockin' Beats,The Chemical Brothers,3,0.01
4699,Don't Stop the Rock,The Chemical Brothers,3,0.01
4700,Got Glint?,The Chemical Brothers,3,0.01
4701,Leave Home,The Chemical Brothers,3,0.01
4702,Surrender,The Chemical Brothers,3,0.01
4703,(White Man) in Hammersmith Palais,The Clash,3,0.01
4704,48 Hours,The Clash,3,0.01
4705,Brand New Cadillac,The Clash,3,0.01
4706,Career Opportunities,The Clash,3,0.01
4707,Cheat,The Clash,3,0.01
4708,Death or Glory,The Clash,3,0.01
4709,Deny,The Clash,3,0.01
4710,Hate & War,The Clash,3,0.01
4711,I Fought the Law,The Clash,3,0.01
4712,I'm So Bored With the U.S.A.,The Clash,3,0.01
4713,Janie Jones,The Clash,3,0.01
4714,Koka Kola,The Clash,3,0.01
4715,London's Burning,The Clash,3,0.01
4716,Police & Thieves,The Clash,3,0.01
4717,Protex Blue,The Clash,3,0.01
4718,What's My Name,The Clash,3,0.01
4719,Spanish Main,The Coral,3,0.01
4720,Salvation,The Cranberries,3,0.01
4721,A Reflection,The Cure,3,0.01
4722,Accuracy,The Cure,3,0.01
4723,In Your House,The Cure,3,0.01
4724,Killing an Arab,The Cure,3,0.01
4725,M,The Cure,3,0.01
4726,Secrets,The Cure,3,0.01
4727,Seventeen Seconds,The Cure,3,0.01
4728,The Final Sound,The Cure,3,0.01
4729,Three,The Cure,3,0.01
4730,Three Imaginary Boys,The Cure,3,0.01
4731,Alabama Song,The Doors,3,0.01
4732,Backdoor Man,The Doors,3,0.01
4733,Build Me A Woman,The Doors,3,0.01
4734,In the Eye of the Sun,The Doors,3,0.01
4735,Wake Up,The Doors,3,0.01
4736,Fight Test,The Flaming Lips,3,0.01
4737,One More Robot / Sympathy 3000-21,The Flaming Lips,3,0.01
4738,Yoshimi Battles the Pink Robots (part 1),The Flaming Lips,3,0.01
4739,Henrietta,The Fratellis,3,0.01
4740,Behind the Sun,"The Good, the Bad & the Queen",3,0.01
4741,Northern Whale,"The Good, the Bad & the Queen",3,0.01
4742,The Great Fire,"The Good, the Bad & the Queen",3,0.01
4743,A Little More for Little You,The Hives,3,0.01
4744,Antidote,The Hives,3,0.01
4745,B is for Brutus,The Hives,3,0.01
4746,Dead Quote Olympics,The Hives,3,0.01
4747,Diabolic Scheme,The Hives,3,0.01
4748,Love in Plaster,The Hives,3,0.01
4749,Missing Link,The Hives,3,0.01
4750,See Through Head,The Hives,3,0.01
4751,Two-Timing Touch and Broken Bones,The Hives,3,0.01
4752,Walk Idiot Walk,The Hives,3,0.01
4753,Art School,The Jam,3,0.01
4754,Away from the Numbers,The Jam,3,0.01
4755,Batman Theme,The Jam,3,0.01
4756,Heat Wave,The Jam,3,0.01
4757,I Got By in Time,The Jam,3,0.01
4758,I've Changed My Address,The Jam,3,0.01
4759,In the City,The Jam,3,0.01
4760,Monday,The Jam,3,0.01
4761,Non-Stop Dancing,The Jam,3,0.01
4762,Slow Down,The Jam,3,0.01
4763,Sounds from the Street,The Jam,3,0.01
4764,Time for Truth,The Jam,3,0.01
4765,In a Hole,The Jesus and Mary Chain,3,0.01
4766,Inside Me,The Jesus and Mary Chain,3,0.01
4767,It's So Hard,The Jesus and Mary Chain,3,0.01
4768,My Little Underground,The Jesus and Mary Chain,3,0.01
4769,Never Understand,The Jesus and Mary Chain,3,0.01
4770,Something's Wrong,The Jesus and Mary Chain,3,0.01
4771,Sowing Seeds,The Jesus and Mary Chain,3,0.01
4772,You Trip Me Up,The Jesus and Mary Chain,3,0.01
4773,All These Things That I've Done,The Killers,3,0.01
4774,"Andy, You're a Star",The Killers,3,0.01
4775,Believe Me Natalie,The Killers,3,0.01
4776,Change Your Mind,The Killers,3,0.01
4777,Everything Will Be Alright,The Killers,3,0.01
4778,Midnight Show,The Killers,3,0.01
4779,On Top,The Killers,3,0.01
4780,A House In The Country,The Kinks,3,0.01
4781,All Day and All of the Night,The Kinks,3,0.01
4782,Big Black Smoke,The Kinks,3,0.01
4783,Come On Now,The Kinks,3,0.01
4784,Dancing In the Street,The Kinks,3,0.01
4785,Don't Ever Change,The Kinks,3,0.01
4786,Fancy,The Kinks,3,0.01
4787,Gotta Get the First Plane Home,The Kinks,3,0.01
4788,Holiday In Waikiki,The Kinks,3,0.01
4789,I'll Remember,The Kinks,3,0.01
4790,It's Alright,The Kinks,3,0.01
4791,Lazy Old Sun (Unrealeased Alternate Stereo Take),The Kinks,3,0.01
4792,Little Miss Queen Of Darkness,The Kinks,3,0.01
4793,Long Tall Sally,The Kinks,3,0.01
4794,Milk Cow Blues,The Kinks,3,0.01
4795,Mister Pleasant,The Kinks,3,0.01
4796,Most Exclusive Residence For Sale,The Kinks,3,0.01
4797,Naggin' Woman,The Kinks,3,0.01
4798,Ring the Bells,The Kinks,3,0.01
4799,Sittin' on My Sofa,The Kinks,3,0.01
4800,So Long,The Kinks,3,0.01
4801,Something Better Beginning,The Kinks,3,0.01
4802,When I See That Girl of Mine,The Kinks,3,0.01
4803,Wonder Where My Baby Is Tonight,The Kinks,3,0.01
4804,You Shouldn't Be Sad,The Kinks,3,0.01
4805,You're Lookin' Fine,The Kinks,3,0.01
4806,Summer in the City,The Lovin' Spoonful,3,0.01
4807,Walking on the Moon,The Police,3,0.01
4808,Kid,The Pretenders,3,0.01
4809,The Wait,The Pretenders,3,0.01
4810,3 Kilos,The Prodigy,3,0.01
4811,Break & Enter,The Prodigy,3,0.01
4812,Claustrophobic Sting,The Prodigy,3,0.01
4813,Intro,The Prodigy,3,0.01
4814,Jericho,The Prodigy,3,0.01
4815,One Love (edit),The Prodigy,3,0.01
4816,Poison,The Prodigy,3,0.01
4817,Skylined,The Prodigy,3,0.01
4818,Speedway (Theme from Fastlane),The Prodigy,3,0.01
4819,The Heat (The Energy),The Prodigy,3,0.01
4820,Their Law (Featuring Pop Will Eat Itself),The Prodigy,3,0.01
4821,Factory Girl,The Rolling Stones,3,0.01
4822,Lady Jane,The Rolling Stones,3,0.01
4823,Mother's Little Helper,The Rolling Stones,3,0.01
4824,Salt Of The Earth,The Rolling Stones,3,0.01
4825,Stray Cat Blues,The Rolling Stones,3,0.01
4826,Stupid Girl,The Rolling Stones,3,0.01
4827,When the Whip Comes Down,The Rolling Stones,3,0.01
4828,Beautiful,The Smashing Pumpkins,3,0.01
4829,Cherub Rock,The Smashing Pumpkins,3,0.01
4830,Daphne Descends,The Smashing Pumpkins,3,0.01
4831,For Martha,The Smashing Pumpkins,3,0.01
4832,Muzzle,The Smashing Pumpkins,3,0.01
4833,Porcelina of the Vast Oceans,The Smashing Pumpkins,3,0.01
4834,Siva,The Smashing Pumpkins,3,0.01
4835,Soma,The Smashing Pumpkins,3,0.01
4836,Stand Inside Your Love,The Smashing Pumpkins,3,0.01
4837,Stumbleine,The Smashing Pumpkins,3,0.01
4838,Take Me Down,The Smashing Pumpkins,3,0.01
4839,Tales of a Scorched Earth,The Smashing Pumpkins,3,0.01
4840,Thru the Eyes of Ruby,The Smashing Pumpkins,3,0.01
4841,To Sheila,The Smashing Pumpkins,3,0.01
4842,We Only Come Out at Night,The Smashing Pumpkins,3,0.01
4843,X.Y.U.,The Smashing Pumpkins,3,0.01
4844,Accept Yourself,The Smiths,3,0.01
4845,"Frankly, Mr. Shankly",The Smiths,3,0.01
4846,I Don't Owe You Anything,The Smiths,3,0.01
4847,I Know It's Over,The Smiths,3,0.01
4848,I Want the One I Can't Have,The Smiths,3,0.01
4849,Nowhere Fast,The Smiths,3,0.01
4850,Pretty Girls Make Graves,The Smiths,3,0.01
4851,Rusholme Ruffians,The Smiths,3,0.01
4852,Suffer Little Children,The Smiths,3,0.01
4853,That Joke Isn't Funny Anymore,The Smiths,3,0.01
4854,The Headmaster Ritual,The Smiths,3,0.01
4855,The Queen Is Dead,The Smiths,3,0.01
4856,There Is a Light That Never Goes Out,The Smiths,3,0.01
4857,What She Said,The Smiths,3,0.01
4858,Rat Race,The Specials,3,0.01
4859,Rude Boys Outta Jail,The Specials,3,0.01
4860,Barely Legal,The Strokes,3,0.01
4861,Is This It,The Strokes,3,0.01
4862,New York City Cops,The Strokes,3,0.01
4863,Reptilia,The Strokes,3,0.01
4864,Take It or Leave It,The Strokes,3,0.01
4865,The Modern Age,The Strokes,3,0.01
4866,Trying Your Luck,The Strokes,3,0.01
4867,Get Free,The Vines,3,0.01
4868,Simple Days,The WAEVE,3,0.01
4869,One Headlight,The Wallflowers,3,0.01
4870,Black Math,The White Stripes,3,0.01
4871,I Just Don't Know What to Do With Myself,The White Stripes,3,0.01
4872,I Want to Be the Boy to Warm Your Mother's Heart,The White Stripes,3,0.01
4873,"In the Cold, Cold Night",The White Stripes,3,0.01
4874,There's No Home for You Here,The White Stripes,3,0.01
4875,You've Got Her in Your Pocket,The White Stripes,3,0.01
4876,Athena,The Who,3,0.01
4877,Boris the Spider,The Who,3,0.01
4878,I Don't Mind,The Who,3,0.01
4879,A Song For While I'm Away,Thin Lizzy,3,0.01
4880,Little Girl In Bloom,Thin Lizzy,3,0.01
4881,Sha-La-La,Thin Lizzy,3,0.01
4882,She Knows,Thin Lizzy,3,0.01
4883,Analyse,Thom Yorke,3,0.01
4884,The Eraser,Thom Yorke,3,0.01
4885,Flowers in the Window,Travis,3,0.01
4886,Sing,Travis,3,0.01
4887,Acrobat,U2,3,0.01
4888,Bullet the Blue Sky,U2,3,0.01
4889,Even Better Than the Real Thing,U2,3,0.01
4890,I Still Haven't Found What I'm Looking For,U2,3,0.01
4891,In God's Country,U2,3,0.01
4892,Love Is Blindness,U2,3,0.01
4893,Mothers of the Disappeared,U2,3,0.01
4894,Mysterious Ways,U2,3,0.01
4895,One Tree Hill,U2,3,0.01
4896,Red Hill Mining Town,U2,3,0.01
4897,Running to Stand Still,U2,3,0.01
4898,So Cruel,U2,3,0.01
4899,Staring at the Sun,U2,3,0.01
4900,The Fly,U2,3,0.01
4901,Trip Through Your Wires,U2,3,0.01
4902,Tryin' to Throw Your Arms Around the World,U2,3,0.01
4903,Ultra Violet (Light My Way),U2,3,0.01
4904,Until the End of the World,U2,3,0.01
4905,Where the Streets Have No Name,U2,3,0.01
4906,Who's Gonna Ride Your Wild Horses,U2,3,0.01
4907,Zoo Station,U2,3,0.01
4908,Campus,Vampire Weekend,3,0.01
4909,A Fifth of Beethoven,Walter Murphy,3,0.01
4910,Bluebird,Wings,3,0.01
4911,Method Man,Wu-Tang Clan,3,0.01
4912,Protect Ya Neck,Wu-Tang Clan,3,0.01
4913,Spinning Top,XTC,3,0.01
4914,Heads Will Roll,Yeah Yeah Yeahs,3,0.01
4915,If I Can't Have You,Yvonne Elliman,3,0.01
4916,Impazzivo per te,Adriano Celentano,2,0.0
4917,Sono Un Simpatico,Adriano Celentano,2,0.0
4918,Get the Lead Out,Aerosmith,2,0.0
4919,Hole in My Soul,Aerosmith,2,0.0
4920,Lick and a Promise,Aerosmith,2,0.0
4921,Nobody's Fault,Aerosmith,2,0.0
4922,Something's Gotta Give,Aerosmith,2,0.0
4923,Year of the Cat,Al Stewart,2,0.0
4924,Comida China,Andrés Calamaro,2,0.0
4925,Crímenes Perfectos,Andrés Calamaro,2,0.0
4926,El Novio Del Olvido,Andrés Calamaro,2,0.0
4927,El tercio de los sueños,Andrés Calamaro,2,0.0
4928,Elvis Está Vivo,Andrés Calamaro,2,0.0
4929,Jugar con fuego,Andrés Calamaro,2,0.0
4930,Me Arde,Andrés Calamaro,2,0.0
4931,Nunca Es Igual,Andrés Calamaro,2,0.0
4932,Prefiero dormir,Andrés Calamaro,2,0.0
4933,Socio de la soledad,Andrés Calamaro,2,0.0
4934,Te Quiero Igual,Andrés Calamaro,2,0.0
4935,A Skeleton in the Closet,Anthrax,2,0.0
4936,A.D.I./Horror of It All,Anthrax,2,0.0
4937,Among the Living,Anthrax,2,0.0
4938,Caught in a Mosh,Anthrax,2,0.0
4939,I Am the Law,Anthrax,2,0.0
4940,Imitation of Life,Anthrax,2,0.0
4941,Indians,Anthrax,2,0.0
4942,One World,Anthrax,2,0.0
4943,(Antichrist Television Blues),Arcade Fire,2,0.0
4944,Black Mirror,Arcade Fire,2,0.0
4945,Haiti,Arcade Fire,2,0.0
4946,Keep the Car Running,Arcade Fire,2,0.0
4947,Neighborhood #1 (Tunnels),Arcade Fire,2,0.0
4948,Neighborhood #2 (Laïka),Arcade Fire,2,0.0
4949,Neighborhood #3 (Power Out),Arcade Fire,2,0.0
4950,Neighborhood #4 (7 Kettles),Arcade Fire,2,0.0
4951,Neon Bible,Arcade Fire,2,0.0
4952,Rebellion (Lies),Arcade Fire,2,0.0
4953,Rococo,Arcade Fire,2,0.0
4954,The Well and the Lighthouse,Arcade Fire,2,0.0
4955,Une année sans lumière,Arcade Fire,2,0.0
4956,All My Own Stunts,Arctic Monkeys,2,0.0
4957,Black Treacle,Arctic Monkeys,2,0.0
4958,Brianstorm,Arctic Monkeys,2,0.0
4959,Brick by Brick,Arctic Monkeys,2,0.0
4960,Cornerstone,Arctic Monkeys,2,0.0
4961,Crying Lightning,Arctic Monkeys,2,0.0
4962,Library Pictures,Arctic Monkeys,2,0.0
4963,Love Is a Laserquest,Arctic Monkeys,2,0.0
4964,Piledriver Waltz,Arctic Monkeys,2,0.0
4965,Reckless Serenade,Arctic Monkeys,2,0.0
4966,She's Thunderstorms,Arctic Monkeys,2,0.0
4967,Suck It and See,Arctic Monkeys,2,0.0
4968,That's Where You're Wrong,Arctic Monkeys,2,0.0
4969,The Blond-O-Sonic Shimmer Trap,Arctic Monkeys,2,0.0
4970,The Hellcat Spangled Shalalala,Arctic Monkeys,2,0.0
4971,When the Sun Goes Down,Arctic Monkeys,2,0.0
4972,Innocent Smile,Ash,2,0.0
4973,Jesus Says,Ash,2,0.0
4974,Low Ebb,Ash,2,0.0
4975,Projects,Ash,2,0.0
4976,Australian Blonde,Australian Blonde,2,0.0
4977,Don't Care,Australian Blonde,2,0.0
4978,I Said Yeah!,Australian Blonde,2,0.0
4979,I Want You,Australian Blonde,2,0.0
4980,Seaside,Australian Blonde,2,0.0
4981,September Song,Australian Blonde,2,0.0
4982,Straight Ahead,Australian Blonde,2,0.0
4983,1000 More Fools,Bad Religion,2,0.0
4984,Give You Nothing,Bad Religion,2,0.0
4985,How Much Is Enough,Bad Religion,2,0.0
4986,When,Bad Religion,2,0.0
4987,You Are (The Government),Bad Religion,2,0.0
4988,Concierto Para Ellos,Barón Rojo,2,0.0
4989,Dame la Oportunidad,Barón Rojo,2,0.0
4990,El Barón Vuela Sobre Inglaterra,Barón Rojo,2,0.0
4991,Hermano del Rock & Roll,Barón Rojo,2,0.0
4992,Incomunicación,Barón Rojo,2,0.0
4993,Las Flores del Mal,Barón Rojo,2,0.0
4994,Los Rockeros Van Al Infierno,Barón Rojo,2,0.0
4995,Satánico Plan (Volumen Brutal),Barón Rojo,2,0.0
4996,Conmigo No Se Juega,Barricada,2,0.0
4997,Demasiado Tarde,Barricada,2,0.0
4998,Haz Lo Que Quieras (Tu Cuerpo),Barricada,2,0.0
4999,No Puedo Parar,Barricada,2,0.0
5000,Oveja Negra,Barricada,2,0.0
5001,Salta (Por Instinto),Barricada,2,0.0
5002,Sin compasión,Barricada,2,0.0
5003,All We Ever Wanted Was Everything,Bauhaus,2,0.0
5004,Dark Entries,Bauhaus,2,0.0
5005,Dive,Bauhaus,2,0.0
5006,Double Dare,Bauhaus,2,0.0
5007,Exquisite Corpse,Bauhaus,2,0.0
5008,God in an Alcove,Bauhaus,2,0.0
5009,In the Flat Field,Bauhaus,2,0.0
5010,In the Night,Bauhaus,2,0.0
5011,Nerves,Bauhaus,2,0.0
5012,Silent Hedges,Bauhaus,2,0.0
5013,Small Talk Stinks,Bauhaus,2,0.0
5014,Spirit,Bauhaus,2,0.0
5015,Spy in the Cab,Bauhaus,2,0.0
5016,St. Vitus Dance,Bauhaus,2,0.0
5017,Stigmata Martyr,Bauhaus,2,0.0
5018,Swing the Heartache,Bauhaus,2,0.0
5019,The Tree Shadows Part 1,Bauhaus,2,0.0
5020,The Tree Shadows part 2,Bauhaus,2,0.0
5021,the tree shadows part 3,Bauhaus,2,0.0
5022,Third Uncle,Bauhaus,2,0.0
5023,Bottle of Blues,Beck,2,0.0
5024,Canceled Check,Beck,2,0.0
5025,Dead Melodies,Beck,2,0.0
5026,Diamond Bollocks,Beck,2,0.0
5027,Tropicalia,Beck,2,0.0
5028,We Live Again,Beck,2,0.0
5029,Baby As You Turn Away,Bee Gees,2,0.0
5030,I'm Satisfied,Bee Gees,2,0.0
5031,Reaching Out,Bee Gees,2,0.0
5032,"Search, Find",Bee Gees,2,0.0
5033,Spirits (Having Flown),Bee Gees,2,0.0
5034,Tragedy,Bee Gees,2,0.0
5035,Until,Bee Gees,2,0.0
5036,"Get Me Away from Here, I'm Dying",Belle and Sebastian,2,0.0
5037,If You're Feeling Sinister,Belle and Sebastian,2,0.0
5038,Judy and the Dream of Horses,Belle and Sebastian,2,0.0
5039,Like Dylan in the Movies,Belle and Sebastian,2,0.0
5040,Mayfly,Belle and Sebastian,2,0.0
5041,Me and the Major,Belle and Sebastian,2,0.0
5042,Seeing Other People,Belle and Sebastian,2,0.0
5043,The Boy Done Wrong Again,Belle and Sebastian,2,0.0
5044,The Fox in the Snow,Belle and Sebastian,2,0.0
5045,The Stars of Track and Field,Belle and Sebastian,2,0.0
5046,Alice in Wonderland,Bill Evans,2,0.0
5047,All of You,Bill Evans,2,0.0
5048,Gloria's Step,Bill Evans,2,0.0
5049,Jade Visions,Bill Evans,2,0.0
5050,Man's Gone,Bill Evans,2,0.0
5051,Solar,Bill Evans,2,0.0
5052,Baby Talk,Billy Idol,2,0.0
5053,"Come On, Come On",Billy Idol,2,0.0
5054,Congo Man,Billy Idol,2,0.0
5055,Dead on Arrival,Billy Idol,2,0.0
5056,Eyes Without a Face,Billy Idol,2,0.0
5057,Hole in the Wall,Billy Idol,2,0.0
5058,It's So Cruel,Billy Idol,2,0.0
5059,Love Calling,Billy Idol,2,0.0
5060,"Mony, Mony",Billy Idol,2,0.0
5061,Nobody's Business,Billy Idol,2,0.0
5062,Shooting Stars,Billy Idol,2,0.0
5063,Untouchables,Billy Idol,2,0.0
5064,Play Dead,Björk,2,0.0
5065,A Hard Road,Black Sabbath,2,0.0
5066,Air Dance,Black Sabbath,2,0.0
5067,Breakout,Black Sabbath,2,0.0
5068,Don't Start (Too Late),Black Sabbath,2,0.0
5069,Electric Funeral,Black Sabbath,2,0.0
5070,Hand of Doom,Black Sabbath,2,0.0
5071,Hole in the Sky,Black Sabbath,2,0.0
5072,Junior's Eyes,Black Sabbath,2,0.0
5073,Megalomania,Black Sabbath,2,0.0
5074,Never Say Die,Black Sabbath,2,0.0
5075,Over to You,Black Sabbath,2,0.0
5076,Rat Salad,Black Sabbath,2,0.0
5077,Sleeping Village,Black Sabbath,2,0.0
5078,Supertzar,Black Sabbath,2,0.0
5079,Swinging the Chain,Black Sabbath,2,0.0
5080,Symptom of the Universe,Black Sabbath,2,0.0
5081,The Thrill of It All,Black Sabbath,2,0.0
5082,Warning,Black Sabbath,2,0.0
5083,Dreaming,Blondie,2,0.0
5084,I'm Gonna Love You Too,Blondie,2,0.0
5085,Shayla,Blondie,2,0.0
5086,The Hardest Part,Blondie,2,0.0
5087,Union City Blue,Blondie,2,0.0
5088,A Song,Blur,2,0.0
5089,A Spell (For Money),Blur,2,0.0
5090,All Your Life,Blur,2,0.0
5091,Beard,Blur,2,0.0
5092,Beetlebum (Live Acoustic Version),Blur,2,0.0
5093,Berserk,Blur,2,0.0
5094,Bustin' and Dronin',Blur,2,0.0
5095,Close,Blur,2,0.0
5096,Dancehall,Blur,2,0.0
5097,Day Upon Day (Live),Blur,2,0.0
5098,Down,Blur,2,0.0
5099,Eine Kleine Lift Musik,Blur,2,0.0
5100,Explain,Blur,2,0.0
5101,Garden Central,Blur,2,0.0
5102,Girls and Boys (Pet Shop Boys 12'' Remix),Blur,2,0.0
5103,Got Yer!,Blur,2,0.0
5104,I Know (Extended Mix),Blur,2,0.0
5105,I Love Her (Demo Version),Blur,2,0.0
5106,I'm All Over,Blur,2,0.0
5107,Intermission,Blur,2,0.0
5108,Into Another,Blur,2,0.0
5109,Ludwig,Blur,2,0.0
5110,Luminous,Blur,2,0.0
5111,Mellow Jam,Blur,2,0.0
5112,Money Makes Me Crazy (Marrakech Mix),Blur,2,0.0
5113,No Monsters in Me,Blur,2,0.0
5114,On Your Own (Crouch End Broadway Mix),Blur,2,0.0
5115,The Great Escape,Blur,2,0.0
5116,The Horrors,Blur,2,0.0
5117,Theme from an Imaginary Film,Blur,2,0.0
5118,Theme From Retro (John McEntire's Mix),Blur,2,0.0
5119,Tune 2,Blur,2,0.0
5120,Uncle Love,Blur,2,0.0
5121,Won't Do It,Blur,2,0.0
5122,Woodpigeon Song,Blur,2,0.0
5123,Ballad of Hollis Brown,Bob Dylan,2,0.0
5124,The Times They Are a-Changin',Bob Dylan,2,0.0
5125,With God on Our Side,Bob Dylan,2,0.0
5126,Strawberry Letter 23,Brothers Johnson,2,0.0
5127,Growin' Up,Bruce Springsteen,2,0.0
5128,Blue Days - Black Nights,Buddy Holly,2,0.0
5129,Modern Don Juan,Buddy Holly,2,0.0
5130,Rock Me My Baby,Buddy Holly,2,0.0
5131,Think It Over,Buddy Holly,2,0.0
5132,You've Got Love,Buddy Holly,2,0.0
5133,Bajo los Focos,Burning,2,0.0
5134,Balada para una Viuda,Burning,2,0.0
5135,Hey Nena,Burning,2,0.0
5136,Mueve Tus Caderas,Burning,2,0.0
5137,Seducción,Burning,2,0.0
5138,A Different Kind of Tension,Buzzcocks,2,0.0
5139,Hollow Inside,Buzzcocks,2,0.0
5140,I Don't Know What To Do With My Life,Buzzcocks,2,0.0
5141,Mad Mad Judy,Buzzcocks,2,0.0
5142,Money,Buzzcocks,2,0.0
5143,Radio Nine,Buzzcocks,2,0.0
5144,Raison D'etre,Buzzcocks,2,0.0
5145,Sitting Round at Home,Buzzcocks,2,0.0
5146,What Do I Get?,Buzzcocks,2,0.0
5147,Why Can't I Touch It?,Buzzcocks,2,0.0
5148,You Know You Can't Help It,Buzzcocks,2,0.0
5149,De Piratas,Café Quijano,2,0.0
5150,La Lola,Café Quijano,2,0.0
5151,Estoy Desnudo,Camilo Sesto,2,0.0
5152,Hablemos De Algo,Camilo Sesto,2,0.0
5153,Hombre Y Mujer,Camilo Sesto,2,0.0
5154,Lo Que Tu Alma Esconde,Camilo Sesto,2,0.0
5155,Más que nunca,Camilo Sesto,2,0.0
5156,Mejor Que Nadie,Camilo Sesto,2,0.0
5157,Mi Buen Amor,Camilo Sesto,2,0.0
5158,Mi Verdad,Camilo Sesto,2,0.0
5159,Querido Amor,Camilo Sesto,2,0.0
5160,Si Tú Te Vas,Camilo Sesto,2,0.0
5161,"Tú, solamente tú",Camilo Sesto,2,0.0
5162,Angelsea,Cat Stevens,2,0.0
5163,Can't Keep It In,Cat Stevens,2,0.0
5164,Silent Sunlight,Cat Stevens,2,0.0
5165,The Boy With A Moon & Star On His Head,Cat Stevens,2,0.0
5166,Carta a Rigoberta Menchú,Celtas Cortos,2,0.0
5167,El Ritmo Del Mar,Celtas Cortos,2,0.0
5168,El Túnel de Las Delicias,Celtas Cortos,2,0.0
5169,Gente Impresentable (En Vivo),Celtas Cortos,2,0.0
5170,Pajarico,Celtas Cortos,2,0.0
5171,Do It the Hard Way,Chet Baker,2,0.0
5172,Fair Weather,Chet Baker,2,0.0
5173,How High the Moon,Chet Baker,2,0.0
5174,If You Could See Me Now,Chet Baker,2,0.0
5175,It Never Entered My Mind,Chet Baker,2,0.0
5176,Soft Winds,Chet Baker,2,0.0
5177,Solar,Chet Baker,2,0.0
5178,You Never Can Tell,Chuck Berry,2,0.0
5179,Rock 'N Roll de Cicatriz,Cicatriz,2,0.0
5180,Back to the Basics,Clawfinger,2,0.0
5181,Die High,Clawfinger,2,0.0
5182,Easy Way Out,Clawfinger,2,0.0
5183,It,Clawfinger,2,0.0
5184,Tomorrow,Clawfinger,2,0.0
5185,Undone,Clawfinger,2,0.0
5186,What Are You Afraid Of,Clawfinger,2,0.0
5187,Wipe My Ass,Clawfinger,2,0.0
5188,Speed of Sound,Coldplay,2,0.0
5189,Til Kingdom Come,Coldplay,2,0.0
5190,White Shadows,Coldplay,2,0.0
5191,Blue Condition,Cream,2,0.0
5192,Mother's Lament,Cream,2,0.0
5193,Outside Woman Blues,Cream,2,0.0
5194,SWLABR (She Was Like A Bearded Rainbow),Cream,2,0.0
5195,Take It Back,Cream,2,0.0
5196,Tales of Brave Ulysses,Cream,2,0.0
5197,We're Going Wrong,Cream,2,0.0
5198,Long As I Can See the Light,Creedence Clearwater Revival,2,0.0
5199,Lookin' For A Reason,Creedence Clearwater Revival,2,0.0
5200,Pagan Baby,Creedence Clearwater Revival,2,0.0
5201,Sail Away,Creedence Clearwater Revival,2,0.0
5202,Mean to Me,Crowded House,2,0.0
5203,Now We're Getting Somewhere,Crowded House,2,0.0
5204,Affection,Crystal Castles,2,0.0
5205,Insulin,Crystal Castles,2,0.0
5206,Kerosene,Crystal Castles,2,0.0
5207,Pale Flesh,Crystal Castles,2,0.0
5208,Plague,Crystal Castles,2,0.0
5209,Transgender,Crystal Castles,2,0.0
5210,Violent Youth,Crystal Castles,2,0.0
5211,Wrath of God,Crystal Castles,2,0.0
5212,Aerodynamic,Daft Punk,2,0.0
5213,Around the World,Daft Punk,2,0.0
5214,Burnin',Daft Punk,2,0.0
5215,Crescendolls,Daft Punk,2,0.0
5216,Fresh,Daft Punk,2,0.0
5217,"Harder, Better, Faster, Stronger",Daft Punk,2,0.0
5218,High Fidelity,Daft Punk,2,0.0
5219,Indo Silver Club,Daft Punk,2,0.0
5220,Oh Yeah,Daft Punk,2,0.0
5221,Rollin' & Scratchin',Daft Punk,2,0.0
5222,Short Circuit,Daft Punk,2,0.0
5223,Teachers,Daft Punk,2,0.0
5224,Too Long,Daft Punk,2,0.0
5225,Veridis Quo,Daft Punk,2,0.0
5226,Sunset Coming On,Damon Albarn,2,0.0
5227,The History of a Cheating Heart,Damon Albarn,2,0.0
5228,"The Nearer the Fountain, More Pure the Stream Flows",Damon Albarn,2,0.0
5229,'Heroes',David Bowie,2,0.0
5230,Don't Bring Me Down,David Bowie,2,0.0
5231,God Knows I'm Good,David Bowie,2,0.0
5232,Holy Holy (Single A-side - 1970),David Bowie,2,0.0
5233,If I'm Dreaming My Life,David Bowie,2,0.0
5234,It's gonna be me (Previously unreleased track from 1974),David Bowie,2,0.0
5235,Jump They Say (alternate mix),David Bowie,2,0.0
5236,Letter to Hermione,David Bowie,2,0.0
5237,Little Wonder,David Bowie,2,0.0
5238,New Killer Star,David Bowie,2,0.0
5239,"Panic in Detroit (re-recorded version, 1979)",David Bowie,2,0.0
5240,Rosalyn,David Bowie,2,0.0
5241,Seven,David Bowie,2,0.0
5242,Something in the Air,David Bowie,2,0.0
5243,Survive,David Bowie,2,0.0
5244,Who Can I Be Now? (Previously Unreleased Track From 1974),David Bowie,2,0.0
5245,Wild Eyed Boy From Freecloud,David Bowie,2,0.0
5246,The Magic Number,De La Soul,2,0.0
5247,Lightness,Death Cab for Cutie,2,0.0
5248,The New Year,Death Cab for Cutie,2,0.0
5249,Botas y Tirantes,Decibelios,2,0.0
5250,Anyone's Daughter,Deep Purple,2,0.0
5251,Fools,Deep Purple,2,0.0
5252,No No No,Deep Purple,2,0.0
5253,No One Came,Deep Purple,2,0.0
5254,The Mule,Deep Purple,2,0.0
5255,Acción mutante,Def con Dos,2,0.0
5256,Alzheimer,Def con Dos,2,0.0
5257,Dímelo tu,Def con Dos,2,0.0
5258,La Culpa De Todo La Tiene Yoko Ono,Def con Dos,2,0.0
5259,Mi Reino por un Poco de Caballo,Def con Dos,2,0.0
5260,Mineros Locos,Def con Dos,2,0.0
5261,Muertos Del Rock (Vol. II),Def con Dos,2,0.0
5262,"Niño A, Niño B",Def con Dos,2,0.0
5263,Pánico a una Muerte Ridícula,Def con Dos,2,0.0
5264,Pégale al Ruido,Def con Dos,2,0.0
5265,Poco Pan,Def con Dos,2,0.0
5266,Sigo siento heterosexual,Def con Dos,2,0.0
5267,"Tuno Bueno, Tuno Muerto",Def con Dos,2,0.0
5268,Die Hard the Hunter,Def Leppard,2,0.0
5269,Photograph,Def Leppard,2,0.0
5270,Rock! Rock (Till You Drop),Def Leppard,2,0.0
5271,Stagefright,Def Leppard,2,0.0
5272,Too Late for Love,Def Leppard,2,0.0
5273,I Want You Now,Depeche Mode,2,0.0
5274,Little 15,Depeche Mode,2,0.0
5275,Never Let Me Down Again,Depeche Mode,2,0.0
5276,Nothing,Depeche Mode,2,0.0
5277,Personal Jesus,Depeche Mode,2,0.0
5278,Sacred,Depeche Mode,2,0.0
5279,Strangelove,Depeche Mode,2,0.0
5280,The Things You Said,Depeche Mode,2,0.0
5281,Waiting for the Night,Depeche Mode,2,0.0
5282,Dream Sequence #1,dEUS,2,0.0
5283,The Magic Hour,dEUS,2,0.0
5284,Top Of The World,Diana Ross,2,0.0
5285,Budge,Dinosaur Jr.,2,0.0
5286,No Bones,Dinosaur Jr.,2,0.0
5287,Pond Song,Dinosaur Jr.,2,0.0
5288,The Post,Dinosaur Jr.,2,0.0
5289,They Always Come,Dinosaur Jr.,2,0.0
5290,Down to the Waterline,Dire Straits,2,0.0
5291,In the Gallery,Dire Straits,2,0.0
5292,Lions,Dire Straits,2,0.0
5293,Setting Me Up,Dire Straits,2,0.0
5294,Six Blade Knife,Dire Straits,2,0.0
5295,Southbound Again,Dire Straits,2,0.0
5296,Water of Love,Dire Straits,2,0.0
5297,Wild West End,Dire Straits,2,0.0
5298,Doctors And Dealers,Dirty Pretty Things,2,0.0
5299,If You Love a Woman,Dirty Pretty Things,2,0.0
5300,Last Of The Small Town Playboys,Dirty Pretty Things,2,0.0
5301,The Enemy,Dirty Pretty Things,2,0.0
5302,The Gentry Cove,Dirty Pretty Things,2,0.0
5303,Wondering,Dirty Pretty Things,2,0.0
5304,You Fucking Love It,Dirty Pretty Things,2,0.0
5305,Finally Free,Dream Theater,2,0.0
5306,Home,Dream Theater,2,0.0
5307,I. Overture 1928,Dream Theater,2,0.0
5308,I. The Dance of Eternity,Dream Theater,2,0.0
5309,I. Through My Words,Dream Theater,2,0.0
5310,II. Fatal Tragedy,Dream Theater,2,0.0
5311,II. One Last Time,Dream Theater,2,0.0
5312,II. Strange Deja Vu,Dream Theater,2,0.0
5313,Regression,Dream Theater,2,0.0
5314,The Spirit Carries On,Dream Theater,2,0.0
5315,Through Her Eyes,Dream Theater,2,0.0
5316,Save a Prayer,Duran Duran,2,0.0
5317,The Chauffeur,Duran Duran,2,0.0
5318,All That Jazz,Echo & the Bunnymen,2,0.0
5319,Crocodiles,Echo & the Bunnymen,2,0.0
5320,Do It Clean,Echo & the Bunnymen,2,0.0
5321,Going Up,Echo & the Bunnymen,2,0.0
5322,Happy Death Men,Echo & the Bunnymen,2,0.0
5323,Monkeys,Echo & the Bunnymen,2,0.0
5324,Pictures on My Wall,Echo & the Bunnymen,2,0.0
5325,Pride,Echo & the Bunnymen,2,0.0
5326,Read It in Books,Echo & the Bunnymen,2,0.0
5327,Rescue,Echo & the Bunnymen,2,0.0
5328,Seven Seas,Echo & the Bunnymen,2,0.0
5329,Simple Stuff,Echo & the Bunnymen,2,0.0
5330,Stars Are Stars,Echo & the Bunnymen,2,0.0
5331,Villiers Terrace,Echo & the Bunnymen,2,0.0
5332,Bellyache,Echobelly,2,0.0
5333,Car Fiction,Echobelly,2,0.0
5334,Cold Feet Warm Heart,Echobelly,2,0.0
5335,Dark Therapy,Echobelly,2,0.0
5336,Four Letter Word,Echobelly,2,0.0
5337,Go Away,Echobelly,2,0.0
5338,In The Year,Echobelly,2,0.0
5339,Natural Animal,Echobelly,2,0.0
5340,Nobody Like You,Echobelly,2,0.0
5341,Scream,Echobelly,2,0.0
5342,Something Hot in a Cold Country,Echobelly,2,0.0
5343,Taste Of You,Echobelly,2,0.0
5344,Worms And Angels,Echobelly,2,0.0
5345,L'effet Que Tu MeFais,Edith Piaf,2,0.0
5346,Comme moi,Édith Piaf,2,0.0
5347,La vie en rose,Édith Piaf,2,0.0
5348,Le Vieux Piano,Édith Piaf,2,0.0
5349,Milord,Édith Piaf,2,0.0
5350,Mon Dieu,Édith Piaf,2,0.0
5351,Mon manège à moi,Édith Piaf,2,0.0
5352,Toujours aimer,Édith Piaf,2,0.0
5353,Daybreaker,Electric Light Orchestra,2,0.0
5354,Dreaming of 4000,Electric Light Orchestra,2,0.0
5355,Fire on High,Electric Light Orchestra,2,0.0
5356,In the Hall of the Mountain King,Electric Light Orchestra,2,0.0
5357,Kuiama,Electric Light Orchestra,2,0.0
5358,Ma-Ma-Ma Belle,Electric Light Orchestra,2,0.0
5359,New World Rising / Ocean Breakup Reprise,Electric Light Orchestra,2,0.0
5360,Ocean Breakup / King of the Universe,Electric Light Orchestra,2,0.0
5361,Oh No Not Susan,Electric Light Orchestra,2,0.0
5362,Roll Over Beethoven,Electric Light Orchestra,2,0.0
5363,Showdown,Electric Light Orchestra,2,0.0
5364,Surrender,Electric Light Orchestra,2,0.0
5365,Telephone Line (Different Vocal),Electric Light Orchestra,2,0.0
5366,Waterfall (Instrumental Mix),Electric Light Orchestra,2,0.0
5367,Amoreena,Elton John,2,0.0
5368,Ballad Of A Well-Known Gun,Elton John,2,0.0
5369,Burn Down The Mission,Elton John,2,0.0
5370,Captain Fantastic and the Brown Dirt Cowboy,Elton John,2,0.0
5371,Come Down In Time,Elton John,2,0.0
5372,Country Comfort,Elton John,2,0.0
5373,Into The Old Man's Shoes,Elton John,2,0.0
5374,Kiss The Bride,Elton John,2,0.0
5375,Love Song,Elton John,2,0.0
5376,Madman Across the Water (original version),Elton John,2,0.0
5377,My Father's Gun,Elton John,2,0.0
5378,Son Of Your Father,Elton John,2,0.0
5379,Talking Old Soldiers,Elton John,2,0.0
5380,Where To Now St. Peter?,Elton John,2,0.0
5381,Alison,Elvis Costello,2,0.0
5382,Brilliant Mistake,Elvis Costello,2,0.0
5383,Clubland,Elvis Costello,2,0.0
5384,Good Year For The Roses,Elvis Costello,2,0.0
5385,High Fidelity,Elvis Costello,2,0.0
5386,I Can't Stand Up For Falling Down,Elvis Costello,2,0.0
5387,Riot Act,Elvis Costello,2,0.0
5388,She,Elvis Costello,2,0.0
5389,So Like Candy,Elvis Costello,2,0.0
5390,Sulky Girl,Elvis Costello,2,0.0
5391,The Other Side of Summer,Elvis Costello,2,0.0
5392,Tokyo Storm Warning,Elvis Costello,2,0.0
5393,Veronica,Elvis Costello,2,0.0
5394,A Mess of Blues,Elvis Presley,2,0.0
5395,An American Trilogy,Elvis Presley,2,0.0
5396,Bossa Nova Baby,Elvis Presley,2,0.0
5397,I Can't Stop Loving You,Elvis Presley,2,0.0
5398,I Feel so Bad,Elvis Presley,2,0.0
5399,I Need Your Love Tonight,Elvis Presley,2,0.0
5400,I'm So Lonesome I Could Cry,Elvis Presley,2,0.0
5401,In the Ghetto,Elvis Presley,2,0.0
5402,It's Over,Elvis Presley,2,0.0
5403,Johnny B. Goode,Elvis Presley,2,0.0
5404,Rock-A-Hula Baby,Elvis Presley,2,0.0
5405,Steamroller Blues,Elvis Presley,2,0.0
5406,Way Down,Elvis Presley,2,0.0
5407,What Now My Love,Elvis Presley,2,0.0
5408,You Gave Me A Mountain,Elvis Presley,2,0.0
5409,Anidando Liendres,Enrique Bunbury,2,0.0
5410,De mayor,Enrique Bunbury,2,0.0
5411,Demasiado tarde,Enrique Bunbury,2,0.0
5412,El extranjero,Enrique Bunbury,2,0.0
5413,El viento a favor,Enrique Bunbury,2,0.0
5414,May You Never,Eric Clapton,2,0.0
5415,Mean Old Frisco,Eric Clapton,2,0.0
5416,Peaches And Diesel,Eric Clapton,2,0.0
5417,The Core,Eric Clapton,2,0.0
5418,We're All The Way,Eric Clapton,2,0.0
5419,Anti Todo,Eskorbuto,2,0.0
5420,Eskizofrenia,Eskorbuto,2,0.0
5421,Ha Llegado el Momento (el Fin),Eskorbuto,2,0.0
5422,Haciendo Bobadas,Eskorbuto,2,0.0
5423,Mata La Música,Eskorbuto,2,0.0
5424,Mucha policia poca diversion,Eskorbuto,2,0.0
5425,Os engañaran,Eskorbuto,2,0.0
5426,Ratas en Bizkaia,Eskorbuto,2,0.0
5427,rogas a dios por los muertos,Eskorbuto,2,0.0
5428,Tamara,Eskorbuto,2,0.0
5429,Bossanova,Estopa,2,0.0
5430,Cacho A Cacho,Estopa,2,0.0
5431,El Del Medio De Los Chichos,Estopa,2,0.0
5432,Estopa,Estopa,2,0.0
5433,Exiliado En El Lavabo,Estopa,2,0.0
5434,La Raja De Tu Falda,Estopa,2,0.0
5435,Me Falta El Aliento,Estopa,2,0.0
5436,Poquito A Poco,Estopa,2,0.0
5437,Suma Y Sigue,Estopa,2,0.0
5438,Tan sólo,Estopa,2,0.0
5439,Tu Calorro,Estopa,2,0.0
5440,Buscando una Luna,Extremoduro,2,0.0
5441,Correcaminos Estate Al Loro,Extremoduro,2,0.0
5442,De Acero,Extremoduro,2,0.0
5443,Deltoya,Extremoduro,2,0.0
5444,Dulce introducción al caos,Extremoduro,2,0.0
5445,El día de la bestia,Extremoduro,2,0.0
5446,Esclarecido,Extremoduro,2,0.0
5447,La Carrera,Extremoduro,2,0.0
5448,Pepe Botika,Extremoduro,2,0.0
5449,Relación Convencional,Extremoduro,2,0.0
5450,So payaso,Extremoduro,2,0.0
5451,sucede,Extremoduro,2,0.0
5452,Tomás,Extremoduro,2,0.0
5453,Caralho Voador,Faith No More,2,0.0
5454,Cuckoo for Caca,Faith No More,2,0.0
5455,Digging the Grave,Faith No More,2,0.0
5456,Evidence,Faith No More,2,0.0
5457,Get Out,Faith No More,2,0.0
5458,Just a Man,Faith No More,2,0.0
5459,King for a Day,Faith No More,2,0.0
5460,Ricochet,Faith No More,2,0.0
5461,Star A.D.,Faith No More,2,0.0
5462,Take This Bottle,Faith No More,2,0.0
5463,The Gentle Art of Making Enemies,Faith No More,2,0.0
5464,The Last to Know,Faith No More,2,0.0
5465,Ugly in the Morning,Faith No More,2,0.0
5466,What a Day,Faith No More,2,0.0
5467,Build It Up - Tear It Down,Fatboy Slim,2,0.0
5468,Love Island,Fatboy Slim,2,0.0
5469,Praise You,Fatboy Slim,2,0.0
5470,The Rockafeller Skank,Fatboy Slim,2,0.0
5471,Big Big Love (Fig. 2),Foals,2,0.0
5472,Electric Bloom,Foals,2,0.0
5473,Heavy Water,Foals,2,0.0
5474,Hummer,Foals,2,0.0
5475,Like Swimming,Foals,2,0.0
5476,Olympic Airways,Foals,2,0.0
5477,Red Socks Pugie,Foals,2,0.0
5478,Tron,Foals,2,0.0
5479,"Two Steps, Twice",Foals,2,0.0
5480,Ain't It the Life,Foo Fighters,2,0.0
5481,Headwires,Foo Fighters,2,0.0
5482,Downtown,Frank Sinatra,2,0.0
5483,My Baby Just Cares For Me,Frank Sinatra,2,0.0
5484,The Most Beautiful Girl In The World,Frank Sinatra,2,0.0
5485,"Yes Sir, That's My Baby",Frank Sinatra,2,0.0
5486,How Could I Be Such a Fool,Frank Zappa,2,0.0
5487,"Hungry Freaks, Daddy",Frank Zappa,2,0.0
5488,I Ain't Got No Heart,Frank Zappa,2,0.0
5489,Wowie Zowie,Frank Zappa,2,0.0
5490,40',Franz Ferdinand,2,0.0
5491,Auf Achse,Franz Ferdinand,2,0.0
5492,Bite Hard,Franz Ferdinand,2,0.0
5493,Bullet,Franz Ferdinand,2,0.0
5494,Cheating on You,Franz Ferdinand,2,0.0
5495,Come On Home,Franz Ferdinand,2,0.0
5496,Do You Want To,Franz Ferdinand,2,0.0
5497,Dream Again,Franz Ferdinand,2,0.0
5498,Eleanor Put Your Boots On,Franz Ferdinand,2,0.0
5499,Evil Eye,Franz Ferdinand,2,0.0
5500,Jacqueline,Franz Ferdinand,2,0.0
5501,Katherine Kiss Me,Franz Ferdinand,2,0.0
5502,Live Alone,Franz Ferdinand,2,0.0
5503,Love Illumination,Franz Ferdinand,2,0.0
5504,Lucid Dreams,Franz Ferdinand,2,0.0
5505,No You Girls,Franz Ferdinand,2,0.0
5506,Right Action,Franz Ferdinand,2,0.0
5507,Send Him Away,Franz Ferdinand,2,0.0
5508,Stand on the Horizon,Franz Ferdinand,2,0.0
5509,Tell Her Tonight,Franz Ferdinand,2,0.0
5510,The Dark of the Matinée,Franz Ferdinand,2,0.0
5511,This Fire,Franz Ferdinand,2,0.0
5512,Treason! Animals.,Franz Ferdinand,2,0.0
5513,Turn It On,Franz Ferdinand,2,0.0
5514,Twilight Omens,Franz Ferdinand,2,0.0
5515,Ulysses,Franz Ferdinand,2,0.0
5516,Walk Away,Franz Ferdinand,2,0.0
5517,What She Came For,Franz Ferdinand,2,0.0
5518,Al calor del amor en un bar,Gabinete Caligari,2,0.0
5519,Camino Soria,Gabinete Caligari,2,0.0
5520,Dos Caras del Mar,Gabinete Caligari,2,0.0
5521,La culpa fue de Cha-Cha-Cha,Gabinete Caligari,2,0.0
5522,La Fuerza De La Costumbre,Gabinete Caligari,2,0.0
5523,Malditos Refranes,Gabinete Caligari,2,0.0
5524,Mi Buene Estrella (live),Gabinete Caligari,2,0.0
5525,Que Dios Reparta Suerte,Gabinete Caligari,2,0.0
5526,Que Vida Tan Divertida,Gabinete Caligari,2,0.0
5527,Ultimo Tranvia,Gabinete Caligari,2,0.0
5528,Stupid Girl,Garbage,2,0.0
5529,Wicked Ways,Garbage,2,0.0
5530,You Look So Fine,Garbage,2,0.0
5531,Firth of Fifth,Genesis,2,0.0
5532,More Fool Me,Genesis,2,0.0
5533,Behind That Locked Door,George Harrison,2,0.0
5534,Beware of Darkness,George Harrison,2,0.0
5535,If Not for You,George Harrison,2,0.0
5536,Can I Go With You,Gilbert O'Sullivan,2,0.0
5537,I'm In Love With You,Gilbert O'Sullivan,2,0.0
5538,Intro / I Hope You'll Stay,Gilbert O'Sullivan,2,0.0
5539,That's Love,Gilbert O'Sullivan,2,0.0
5540,Flowers & Football Tops,Glasvegas,2,0.0
5541,Geraldine,Glasvegas,2,0.0
5542,Go Square Go,Glasvegas,2,0.0
5543,It's My Own Cheating Heart That Makes Me Cry,Glasvegas,2,0.0
5544,Adios,Glenn Miller,2,0.0
5545,Anvil Chorus Part 1 & 2,Glenn Miller,2,0.0
5546,At Last,Glenn Miller,2,0.0
5547,Beautiful Ohio,Glenn Miller,2,0.0
5548,Chattanooga Choo-Choo,Glenn Miller,2,0.0
5549,Danny Boy (Londonderry Air),Glenn Miller,2,0.0
5550,Moonlight Sonata,Glenn Miller,2,0.0
5551,My Isle of Golden Dreams,Glenn Miller,2,0.0
5552,Pavanne,Glenn Miller,2,0.0
5553,Serenade in Blue,Glenn Miller,2,0.0
5554,Star Dust,Glenn Miller,2,0.0
5555,That's Sabotage,Glenn Miller,2,0.0
5556,Amarillo,Gorillaz,2,0.0
5557,Ascension (feat. Vince Staples),Gorillaz,2,0.0
5558,Bobby in Phoenix,Gorillaz,2,0.0
5559,California & the Slipping of the Sun,Gorillaz,2,0.0
5560,Fire Flies,Gorillaz,2,0.0
5561,Hallelujah Money (feat. Benjamin Clementine),Gorillaz,2,0.0
5562,Little Pink Plastic Bags,Gorillaz,2,0.0
5563,New Genius (Brother),Gorillaz,2,0.0
5564,On Melancholy Hill,Gorillaz,2,0.0
5565,One Percent,Gorillaz,2,0.0
5566,Opium (feat. EARTHGANG),Gorillaz,2,0.0
5567,People,Gorillaz,2,0.0
5568,Plastic Beach,Gorillaz,2,0.0
5569,Revolving Doors,Gorillaz,2,0.0
5570,Rhinestone Eyes,Gorillaz,2,0.0
5571,Seattle Yodel,Gorillaz,2,0.0
5572,Severed Head (feat. Goldlink & Unknown Mortal Orchestra),Gorillaz,2,0.0
5573,Sex Murder Party,Gorillaz,2,0.0
5574,Simplicity (feat. Joan As Police Woman),Gorillaz,2,0.0
5575,Sorcererz,Gorillaz,2,0.0
5576,Sound Check (Gravity),Gorillaz,2,0.0
5577,Starshine,Gorillaz,2,0.0
5578,The Joplin Spider,Gorillaz,2,0.0
5579,The Parish of Space Dust,Gorillaz,2,0.0
5580,The Speak It Mountains,Gorillaz,2,0.0
5581,With Love To An Ex (feat. Moonchild Sanelly),Gorillaz,2,0.0
5582,Advice,Graham Coxon,2,0.0
5583,All Has Gone,Graham Coxon,2,0.0
5584,Bonfires,Graham Coxon,2,0.0
5585,Don't Think About Always,Graham Coxon,2,0.0
5586,Escape Song,Graham Coxon,2,0.0
5587,I'm Goin' Away,Graham Coxon,2,0.0
5588,Jamie Thomas,Graham Coxon,2,0.0
5589,Keep Hope Alive,Graham Coxon,2,0.0
5590,Knife in The Cast,Graham Coxon,2,0.0
5591,Lake,Graham Coxon,2,0.0
5592,Leave Me Alone,Graham Coxon,2,0.0
5593,Look into the Light,Graham Coxon,2,0.0
5594,Meet and Drink and Pollinate,Graham Coxon,2,0.0
5595,My Idea of Hell,Graham Coxon,2,0.0
5596,"Ooh, Yeh Yeh",Graham Coxon,2,0.0
5597,That's When I Reach for My Revolver,Graham Coxon,2,0.0
5598,Too Uptight,Graham Coxon,2,0.0
5599,Box of Rain,Grateful Dead,2,0.0
5600,Friend of the Devil,Grateful Dead,2,0.0
5601,Friend Of The Devil (Remastered Version),Grateful Dead,2,0.0
5602,Castaway,Green Day,2,0.0
5603,Deadbeat Holiday,Green Day,2,0.0
5604,Fashion Victim,Green Day,2,0.0
5605,Hitchin' a Ride,Green Day,2,0.0
5606,Hold On,Green Day,2,0.0
5607,Jackass,Green Day,2,0.0
5608,Jesus of Suburbia: Jesus of Suburbia/City of the Damned/I Don't Care,Green Day,2,0.0
5609,Macy's Day Parade,Green Day,2,0.0
5610,Minority,Green Day,2,0.0
5611,Misery,Green Day,2,0.0
5612,The Grouch,Green Day,2,0.0
5613,Uptight,Green Day,2,0.0
5614,Waiting,Green Day,2,0.0
5615,Warning,Green Day,2,0.0
5616,Anything Goes,Guns N' Roses,2,0.0
5617,Rocket Queen,Guns N' Roses,2,0.0
5618,Sweet Child o' Mine,Guns N' Roses,2,0.0
5619,You're Crazy,Guns N' Roses,2,0.0
5620,Basta,Hamlet,2,0.0
5621,Eso Sí Lo Haces Bien,Hamlet,2,0.0
5622,Repulsa Total,Hamlet,2,0.0
5623,I Close My Eyes,Hard-Fi,2,0.0
5624,I Shall Overcome,Hard-Fi,2,0.0
5625,Tonight,Hard-Fi,2,0.0
5626,Watch Me Fall Apart,Hard-Fi,2,0.0
5627,Agosto,Héroes del Silencio,2,0.0
5628,Derivas,Héroes del Silencio,2,0.0
5629,Flor Venenosa,Héroes del Silencio,2,0.0
5630,Fuente Esperanza,Héroes del Silencio,2,0.0
5631,Heroe de Leyenda,Héroes del Silencio,2,0.0
5632,La Chispa Adecuada,Héroes del Silencio,2,0.0
5633,Mar Adentro,Héroes del Silencio,2,0.0
5634,Tumbas De Sal,Héroes del Silencio,2,0.0
5635,Z,Héroes del Silencio,2,0.0
5636,África paga (reprise),Ilegales,2,0.0
5637,Algo Prepara Una Emboscada,Ilegales,2,0.0
5638,"Bestia, Bestia",Ilegales,2,0.0
5639,Caramelos Podridos,Ilegales,2,0.0
5640,Eres Una Puta,Ilegales,2,0.0
5641,Hacer mucho ruido,Ilegales,2,0.0
5642,Harto de Ser El Malo del Lugar,Ilegales,2,0.0
5643,Lavadora Blues,Ilegales,2,0.0
5644,Sin Remedio,Ilegales,2,0.0
5645,Tengo Una Rana Metida En Una Lata,Ilegales,2,0.0
5646,Un Invasor En la Capital,Ilegales,2,0.0
5647,Un Marciano,Ilegales,2,0.0
5648,Inside My Head,Inspiral Carpets,2,0.0
5649,Monkey On My Back,Inspiral Carpets,2,0.0
5650,Move,Inspiral Carpets,2,0.0
5651,Sackville,Inspiral Carpets,2,0.0
5652,She Comes in the Fall,Inspiral Carpets,2,0.0
5653,Sun Don't Shine,Inspiral Carpets,2,0.0
5654,No I in Threesome,Interpol,2,0.0
5655,Pace Is The Trick,Interpol,2,0.0
5656,The Heinrich Maneuver,Interpol,2,0.0
5657,The Scale,Interpol,2,0.0
5658,¿Dónde estás?,Jaime Urrutia,2,0.0
5659,Cariño,Jaime Urrutia,2,0.0
5660,Castillos En El Aire,Jaime Urrutia,2,0.0
5661,Completamente Feliz,Jaime Urrutia,2,0.0
5662,El Hombre Que Hay En Mí,Jaime Urrutia,2,0.0
5663,Escándalo de amores,Jaime Urrutia,2,0.0
5664,Si la vida te lo da,Jaime Urrutia,2,0.0
5665,Black Crow,Jamiroquai,2,0.0
5666,Blow Your Mind,Jamiroquai,2,0.0
5667,Corner of the Earth,Jamiroquai,2,0.0
5668,Didgin' Out,Jamiroquai,2,0.0
5669,Didjerama,Jamiroquai,2,0.0
5670,Digital Vibrations,Jamiroquai,2,0.0
5671,Do You Know Where You're Coming From [Bonus Track],Jamiroquai,2,0.0
5672,Emergency on Planet Earth,Jamiroquai,2,0.0
5673,Feel So Good,Jamiroquai,2,0.0
5674,Half the Man,Jamiroquai,2,0.0
5675,Hooked Up,Jamiroquai,2,0.0
5676,"If I Like It, I Do It",Jamiroquai,2,0.0
5677,Just Another Story,Jamiroquai,2,0.0
5678,Little L,Jamiroquai,2,0.0
5679,Love Foolosophy,Jamiroquai,2,0.0
5680,Main Vein,Jamiroquai,2,0.0
5681,Music of the Mind,Jamiroquai,2,0.0
5682,Picture of My Life,Jamiroquai,2,0.0
5683,Revolution 1993,Jamiroquai,2,0.0
5684,So Good to Feel Real,Jamiroquai,2,0.0
5685,Stillness in Time,Jamiroquai,2,0.0
5686,Stop Don't Panic,Jamiroquai,2,0.0
5687,Too Young to Die,Jamiroquai,2,0.0
5688,Twenty Zero One,Jamiroquai,2,0.0
5689,"Whatever It Is, I Just Can't Stop",Jamiroquai,2,0.0
5690,When You Gonna Learn (Digeridoo),Jamiroquai,2,0.0
5691,You Are My Love,Jamiroquai,2,0.0
5692,You Give Me Something,Jamiroquai,2,0.0
5693,Had a Dad,Jane's Addiction,2,0.0
5694,Idiots Rule,Jane's Addiction,2,0.0
5695,Jane Says,Jane's Addiction,2,0.0
5696,Mountain Song,Jane's Addiction,2,0.0
5697,Ocean Size,Jane's Addiction,2,0.0
5698,Pigs In Zen,Jane's Addiction,2,0.0
5699,Standing In The Shower... Thinking,Jane's Addiction,2,0.0
5700,Summertime Rolls,Jane's Addiction,2,0.0
5701,"Ted, Just Admit It...",Jane's Addiction,2,0.0
5702,Thank You Boys,Jane's Addiction,2,0.0
5703,Up the Beach,Jane's Addiction,2,0.0
5704,Call on Me,Janis Joplin,2,0.0
5705,To Love Somebody,Janis Joplin,2,0.0
5706,Big Julie,Jarvis Cocker,2,0.0
5707,From A To I,Jarvis Cocker,2,0.0
5708,loss adjuster (excerpt pt.2),Jarvis Cocker,2,0.0
5709,Quantum Theory,Jarvis Cocker,2,0.0
5710,Hard Knock Life (The Ghetto Anthem),JAY-Z,2,0.0
5711,Big Blon' Baby,Jerry Lee Lewis,2,0.0
5712,Cold Cold Heart,Jerry Lee Lewis,2,0.0
5713,Don't Be Cruel,Jerry Lee Lewis,2,0.0
5714,I'll Make It All up to You,Jerry Lee Lewis,2,0.0
5715,I'll Sail My Ship Alone,Jerry Lee Lewis,2,0.0
5716,I'm Feeling Sorry,Jerry Lee Lewis,2,0.0
5717,Jambalaya (On the Bayou),Jerry Lee Lewis,2,0.0
5718,Little Queenie,Jerry Lee Lewis,2,0.0
5719,Lovin' up a Storm,Jerry Lee Lewis,2,0.0
5720,Put Me Down,Jerry Lee Lewis,2,0.0
5721,Sweet Little Sixteen,Jerry Lee Lewis,2,0.0
5722,What'd I Say,Jerry Lee Lewis,2,0.0
5723,Wild One (Real Wild Child),Jerry Lee Lewis,2,0.0
5724,Look Into the Sun,Jethro Tull,2,0.0
5725,3rd Stone From the Sun,Jimi Hendrix,2,0.0
5726,Are You Experienced?,Jimi Hendrix,2,0.0
5727,Foxy Lady,Jimi Hendrix,2,0.0
5728,"Carguen, apunten, fuego",Joaquín Sabina,2,0.0
5729,Eva tomando el sol,Joaquín Sabina,2,0.0
5730,Gulliver,Joaquín Sabina,2,0.0
5731,Juana la Loca,Joaquín Sabina,2,0.0
5732,La del pirata cojo,Joaquín Sabina,2,0.0
5733,Por el túnel,Joaquín Sabina,2,0.0
5734,Qué Demasiao (Una Cancion Para El Jaro),Joaquín Sabina,2,0.0
5735,"Ring, ring, ring",Joaquín Sabina,2,0.0
5736,Una de romanos,Joaquín Sabina,2,0.0
5737,Have A Little Faith In Me,Joe Cocker,2,0.0
5738,What Becomes Of The Broken-Hearted,Joe Cocker,2,0.0
5739,With A Little Help From My Friends (Live),Joe Cocker,2,0.0
5740,You Can Leave Your Hat On,Joe Cocker,2,0.0
5741,Beautiful Boys,John Lennon,2,0.0
5742,Beef Jerky,John Lennon,2,0.0
5743,Borrowed Time,John Lennon,2,0.0
5744,Come Together,John Lennon,2,0.0
5745,Dear Yoko,John Lennon,2,0.0
5746,Every Man Has a Woman Who Loves Him,John Lennon,2,0.0
5747,Give Me Something,John Lennon,2,0.0
5748,Hard Times Are Over,John Lennon,2,0.0
5749,I'm Moving On,John Lennon,2,0.0
5750,Kiss Kiss Kiss,John Lennon,2,0.0
5751,Scared,John Lennon,2,0.0
5752,"Surprise, Surprise (Sweet Bird of Paradox)",John Lennon,2,0.0
5753,Ya Ya,John Lennon,2,0.0
5754,"Yes, I'm Your Angel",John Lennon,2,0.0
5755,These Days,Joy Division,2,0.0
5756,All the Way,Judas Priest,2,0.0
5757,Desert Plains,Judas Priest,2,0.0
5758,Don't Go,Judas Priest,2,0.0
5759,Heading Out to the Highway,Judas Priest,2,0.0
5760,Hot Rockin',Judas Priest,2,0.0
5761,On the Run,Judas Priest,2,0.0
5762,Solar Angels,Judas Priest,2,0.0
5763,Troubleshooter,Judas Priest,2,0.0
5764,Turning Circles,Judas Priest,2,0.0
5765,You Say Yes,Judas Priest,2,0.0
5766,Oh My God,Kaiser Chiefs,2,0.0
5767,Ruby,Kaiser Chiefs,2,0.0
5768,Saturday Night,Kaiser Chiefs,2,0.0
5769,The Angry Mob,Kaiser Chiefs,2,0.0
5770,Apnoea,Kasabian,2,0.0
5771,I.D.,Kasabian,2,0.0
5772,Last Trip (In Flight),Kasabian,2,0.0
5773,Me Plus One,Kasabian,2,0.0
5774,Processed Beats,Kasabian,2,0.0
5775,Reason Is Treason,Kasabian,2,0.0
5776,Shoot the Runner,Kasabian,2,0.0
5777,Sun Rise Light Flies,Kasabian,2,0.0
5778,Arizona,Kings of Leon,2,0.0
5779,Black Thumbnail,Kings of Leon,2,0.0
5780,Camaro,Kings of Leon,2,0.0
5781,Charmer,Kings of Leon,2,0.0
5782,Fans,Kings of Leon,2,0.0
5783,Knocked Up,Kings of Leon,2,0.0
5784,McFearless,Kings of Leon,2,0.0
5785,My Party,Kings of Leon,2,0.0
5786,On Call,Kings of Leon,2,0.0
5787,Ragoo,Kings of Leon,2,0.0
5788,The Runner,Kings of Leon,2,0.0
5789,True Love Way,Kings of Leon,2,0.0
5790,Trunk,Kings of Leon,2,0.0
5791,"100,000 Years",Kiss,2,0.0
5792,Beth,Kiss,2,0.0
5793,Black Diamond,Kiss,2,0.0
5794,Detroit Rock City,Kiss,2,0.0
5795,Deuce,Kiss,2,0.0
5796,Do You Love Me?,Kiss,2,0.0
5797,Flaming Youth,Kiss,2,0.0
5798,God of Thunder,Kiss,2,0.0
5799,Great Expectations,Kiss,2,0.0
5800,King of the Night Time World,Kiss,2,0.0
5801,Kissin' Time,Kiss,2,0.0
5802,Love Theme from Kiss,Kiss,2,0.0
5803,Outro,Kiss,2,0.0
5804,Shout It Out Loud,Kiss,2,0.0
5805,Sweet Pain,Kiss,2,0.0
5806,Cypherspeed,Klaxons,2,0.0
5807,Echoes,Klaxons,2,0.0
5808,Extra Astronomical,Klaxons,2,0.0
5809,Flashover,Klaxons,2,0.0
5810,Future Memories,Klaxons,2,0.0
5811,Surfing the Void,Klaxons,2,0.0
5812,The Same Space,Klaxons,2,0.0
5813,Twin Flames,Klaxons,2,0.0
5814,Valley of the Calm Trees,Klaxons,2,0.0
5815,Jungle Boogie,Kool & the Gang,2,0.0
5816,Chi,Korn,2,0.0
5817,Good God,Korn,2,0.0
5818,Lost,Korn,2,0.0
5819,Mr. Rogers,Korn,2,0.0
5820,Porno Creep,Korn,2,0.0
5821,Swallow,Korn,2,0.0
5822,Twist,Korn,2,0.0
5823,Computer Love,Kraftwerk,2,0.0
5824,Computer World,Kraftwerk,2,0.0
5825,Computer World 2,Kraftwerk,2,0.0
5826,Home Computer,Kraftwerk,2,0.0
5827,It's More Fun to Compute,Kraftwerk,2,0.0
5828,Metropolis,Kraftwerk,2,0.0
5829,Neon Lights,Kraftwerk,2,0.0
5830,Numbers,Kraftwerk,2,0.0
5831,Pocket Calculator,Kraftwerk,2,0.0
5832,Spacelab,Kraftwerk,2,0.0
5833,The Man Machine,Kraftwerk,2,0.0
5834,The Model,Kraftwerk,2,0.0
5835,The Robots,Kraftwerk,2,0.0
5836,Hush,Kula Shaker,2,0.0
5837,Achilles Last Stand,Led Zeppelin,2,0.0
5838,Babe I'm Gonna Leave You,Led Zeppelin,2,0.0
5839,Black Mountain Side,Led Zeppelin,2,0.0
5840,Candy Store Rock,Led Zeppelin,2,0.0
5841,Communication Breakdown,Led Zeppelin,2,0.0
5842,Dazed and Confused,Led Zeppelin,2,0.0
5843,For Your Life,Led Zeppelin,2,0.0
5844,Hots on for Nowhere,Led Zeppelin,2,0.0
5845,How Many More Times,Led Zeppelin,2,0.0
5846,Nobody's Fault but Mine,Led Zeppelin,2,0.0
5847,Royal Orleans,Led Zeppelin,2,0.0
5848,Tea for One,Led Zeppelin,2,0.0
5849,You Shook Me,Led Zeppelin,2,0.0
5850,Your Time Is Gonna Come,Led Zeppelin,2,0.0
5851,La Fina,Leño,2,0.0
5852,Sisters of Mercy,Leonard Cohen,2,0.0
5853,A Nanny In Manhattan,Lilys,2,0.0
5854,My Way,Limp Bizkit,2,0.0
5855,Enamorado De La Dependienta De Patatas Fritas,Loquillo y Trogloditas,2,0.0
5856,Hawai 5-0,Loquillo y Trogloditas,2,0.0
5857,Me convertí en hombre-lobo por culpa de Los Rebeldes,Loquillo y Trogloditas,2,0.0
5858,No surf,Loquillo y Trogloditas,2,0.0
5859,Quiero un camión,Loquillo y Trogloditas,2,0.0
5860,Tejanos rellenos,Loquillo y Trogloditas,2,0.0
5861,Todos los Chicos en la Playa,Loquillo y Trogloditas,2,0.0
5862,Vaqueros Del Espacio,Loquillo y Trogloditas,2,0.0
5863,Disimular,Los Piratas,2,0.0
5864,Filofobia,Los Piratas,2,0.0
5865,Jugar con los Coches,Los Piratas,2,0.0
5866,10.000,Los Planetas,2,0.0
5867,Ciencia ficción,Los Planetas,2,0.0
5868,De Viaje,Los Planetas,2,0.0
5869,Desaparecer,Los Planetas,2,0.0
5870,Desorden,Los Planetas,2,0.0
5871,Estos últimos días,Los Planetas,2,0.0
5872,Flotando Sobre Loscos II,Los Planetas,2,0.0
5873,Jesús,Los Planetas,2,0.0
5874,La Caja Del Diablo,Los Planetas,2,0.0
5875,La Playa,Los Planetas,2,0.0
5876,Laboratorio Mágico,Los Planetas,2,0.0
5877,Montaсas De Basura,Los Planetas,2,0.0
5878,Parte De Lo Que Me Debes,Los Planetas,2,0.0
5879,Paseo Por El Parque,Los Planetas,2,0.0
5880,Plan De Fuga,Los Planetas,2,0.0
5881,"Que No Sea Kang, Por Favor",Los Planetas,2,0.0
5882,Rey Sombra,Los Planetas,2,0.0
5883,Santos Que Yo Te Pinte,Los Planetas,2,0.0
5884,Segundo Premio,Los Planetas,2,0.0
5885,Tierras Altas,Los Planetas,2,0.0
5886,Toxicosmos,Los Planetas,2,0.0
5887,Un Mundo De Gente Incompleta,Los Planetas,2,0.0
5888,Algo Se Está Rompiendo,Los Rodríguez,2,0.0
5889,Demasiado Tarde,Los Rodríguez,2,0.0
5890,La Mirada Del Adiós,Los Rodríguez,2,0.0
5891,"Na, Na, Na",Los Rodríguez,2,0.0
5892,Para no Olvidar,Los Rodríguez,2,0.0
5893,Peor Es Nada,Los Rodríguez,2,0.0
5894,Señorita,Los Rodríguez,2,0.0
5895,Sol y Sombra,Los Rodríguez,2,0.0
5896,Tormentas de Arena,Los Rodríguez,2,0.0
5897,Un Día Menos,Los Rodríguez,2,0.0
5898,Phútbol,Los Sencillos,2,0.0
5899,Bum Bum 1789,Los Toreros Muertos,2,0.0
5900,Dejadme Llorar,Los Toreros Muertos,2,0.0
5901,Hoy Es Domingo,Los Toreros Muertos,2,0.0
5902,Los Toreros Muertos,Los Toreros Muertos,2,0.0
5903,Necesito un Avalista,Los Toreros Muertos,2,0.0
5904,Twist'as Loca,Los Toreros Muertos,2,0.0
5905,Bottoming Out,Lou Reed,2,0.0
5906,Doin' The Things That We Want To,Lou Reed,2,0.0
5907,Downtown Dirt (Bonus),Lou Reed,2,0.0
5908,Endlessly Jealous,Lou Reed,2,0.0
5909,Growing Up In Public,Lou Reed,2,0.0
5910,Heroin,Lou Reed,2,0.0
5911,Intro-Sweet Jane,Lou Reed,2,0.0
5912,Love Is Here To Stay,Lou Reed,2,0.0
5913,"Metal Machine Music, Part I",Lou Reed,2,0.0
5914,My Red Joystick,Lou Reed,2,0.0
5915,Smiles,Lou Reed,2,0.0
5916,So Alone,Lou Reed,2,0.0
5917,Standing On Ceremony,Lou Reed,2,0.0
5918,Teach The Gifted Children,Lou Reed,2,0.0
5919,The Power Of Positive Drinking,Lou Reed,2,0.0
5920,Think It Over,Lou Reed,2,0.0
5921,White Light White Heat,Lou Reed,2,0.0
5922,Aleluya Nº 1,Luis Eduardo Aute,2,0.0
5923,Single Girl,Lush,2,0.0
5924,Free Bird,Lynyrd Skynyrd,2,0.0
5925,Poison Whiskey,Lynyrd Skynyrd,2,0.0
5926,Simple Man,Lynyrd Skynyrd,2,0.0
5927,Things Goin' On,Lynyrd Skynyrd,2,0.0
5928,Disappear,Madness,2,0.0
5929,Black Holes For The Young [Bonus track for Japan],Manic Street Preachers,2,0.0
5930,Little Baby Nothing,Manic Street Preachers,2,0.0
5931,Motorcycle Emptiness,Manic Street Preachers,2,0.0
5932,Contaré Hasta Mil,Marc Parrot,2,0.0
5933,Architecture of Aggression,Megadeth,2,0.0
5934,Ashes in Your Mouth,Megadeth,2,0.0
5935,Bad Omen,Megadeth,2,0.0
5936,Captive Honour,Megadeth,2,0.0
5937,Countdown to Extinction,Megadeth,2,0.0
5938,Devils Island,Megadeth,2,0.0
5939,Foreclosure of a Dream,Megadeth,2,0.0
5940,Good Mourning / Black Friday,Megadeth,2,0.0
5941,High Speed Dirt,Megadeth,2,0.0
5942,I Ain't Superstitious,Megadeth,2,0.0
5943,My Last Words,Megadeth,2,0.0
5944,Peace Sells,Megadeth,2,0.0
5945,Psychotron,Megadeth,2,0.0
5946,Sweating Bullets,Megadeth,2,0.0
5947,The Conjuring,Megadeth,2,0.0
5948,This Was My Life,Megadeth,2,0.0
5949,Wake Up Dead,Megadeth,2,0.0
5950,A Drop In Time,Mercury Rev,2,0.0
5951,Hercules,Mercury Rev,2,0.0
5952,Lincoln's Eyes,Mercury Rev,2,0.0
5953,... And Justice For All,Metallica,2,0.0
5954,Battery,Metallica,2,0.0
5955,Blackened,Metallica,2,0.0
5956,"Damage, Inc.",Metallica,2,0.0
5957,Disposable Heroes,Metallica,2,0.0
5958,Eye of the Beholder,Metallica,2,0.0
5959,Harvester of Sorrow,Metallica,2,0.0
5960,Leper Messiah,Metallica,2,0.0
5961,Master of Puppets,Metallica,2,0.0
5962,One,Metallica,2,0.0
5963,The Frayed Ends of Sanity,Metallica,2,0.0
5964,The Shortest Straw,Metallica,2,0.0
5965,The Thing That Should Not Be,Metallica,2,0.0
5966,To Live Is to Die,Metallica,2,0.0
5967,Welcome Home (Sanitarium),Metallica,2,0.0
5968,A Good Sadness,MGMT,2,0.0
5969,Alien Days,MGMT,2,0.0
5970,An Orphan of Fortune,MGMT,2,0.0
5971,Astro-Mancy,MGMT,2,0.0
5972,Cool Song No. 2,MGMT,2,0.0
5973,"I Love You Too, Death",MGMT,2,0.0
5974,Introspection,MGMT,2,0.0
5975,Mystery Disease,MGMT,2,0.0
5976,Plenty of Girls in the Sea,MGMT,2,0.0
5977,Your Life Is a Lie,MGMT,2,0.0
5978,The Way You Make Me Feel,Michael Jackson,2,0.0
5979,01 - Tubular Bells. Part One,Mike Oldfield,2,0.0
5980,02 - Tubular Bells. Part Two,Mike Oldfield,2,0.0
5981,Moonlight Shadow,Mike Oldfield,2,0.0
5982,All Blues,Miles Davis,2,0.0
5983,Blue in Green,Miles Davis,2,0.0
5984,Flamenco Sketches,Miles Davis,2,0.0
5985,Freddie Freeloader,Miles Davis,2,0.0
5986,So What,Miles Davis,2,0.0
5987,Come Closer,Miles Kane,2,0.0
5988,Counting Down The Days,Miles Kane,2,0.0
5989,Happenstance,Miles Kane,2,0.0
5990,Inhaler,Miles Kane,2,0.0
5991,My Fantasy,Miles Kane,2,0.0
5992,Quicksand,Miles Kane,2,0.0
5993,Rearrange,Miles Kane,2,0.0
5994,Bloodfeast,Misfits,2,0.0
5995,Death Comes Ripping,Misfits,2,0.0
5996,Demonomania,Misfits,2,0.0
5997,Devilock,Misfits,2,0.0
5998,Earth A.D.,Misfits,2,0.0
5999,Green Hell,Misfits,2,0.0
6000,Hellhound,Misfits,2,0.0
6001,Queen Wasp,Misfits,2,0.0
6002,We Bite,Misfits,2,0.0
6003,Wolfsblood,Misfits,2,0.0
6004,18,Moby,2,0.0
6005,7,Moby,2,0.0
6006,Another Woman,Moby,2,0.0
6007,At Least We Tried,Moby,2,0.0
6008,Bodyrock,Moby,2,0.0
6009,Come on Baby,Moby,2,0.0
6010,Extreme Ways,Moby,2,0.0
6011,Face It,Moby,2,0.0
6012,Find My Baby,Moby,2,0.0
6013,Fireworks,Moby,2,0.0
6014,Great Escape,Moby,2,0.0
6015,Harbour,Moby,2,0.0
6016,Heavy Flow,Moby,2,0.0
6017,Honey,Moby,2,0.0
6018,In This World,Moby,2,0.0
6019,Jam for the Ladies,Moby,2,0.0
6020,Living,Moby,2,0.0
6021,Look Back In,Moby,2,0.0
6022,Love Song for My Mom,Moby,2,0.0
6023,Machete,Moby,2,0.0
6024,My Love Will Never Die,Moby,2,0.0
6025,Natural Blues,Moby,2,0.0
6026,Now I Let It Go,Moby,2,0.0
6027,One Of These Mornings,Moby,2,0.0
6028,Run On,Moby,2,0.0
6029,Rushing,Moby,2,0.0
6030,Say It's All Mine,Moby,2,0.0
6031,Signs of Love,Moby,2,0.0
6032,Sleep Alone,Moby,2,0.0
6033,Someone to Love,Moby,2,0.0
6034,South Side,Moby,2,0.0
6035,Sunday (The Day Before My Birthday),Moby,2,0.0
6036,That's When I Reach for My Revolver,Moby,2,0.0
6037,The Rafters,Moby,2,0.0
6038,We Are All Made of Stars,Moby,2,0.0
6039,You,Moby,2,0.0
6040,¿Por qué no te haces para allá?,Molotov,2,0.0
6041,Cerdo,Molotov,2,0.0
6042,Más vale Cholo,Molotov,2,0.0
6043,Mátate Tete,Molotov,2,0.0
6044,Molotov Cocktail Party,Molotov,2,0.0
6045,Parásito,Molotov,2,0.0
6046,Quitate Que Ma'sturbas (Perro Arrabalera),Molotov,2,0.0
6047,Use It Or Lose It,Molotov,2,0.0
6048,Voto Latino,Molotov,2,0.0
6049,Blindfold,Morcheeba,2,0.0
6050,Bullet Proof,Morcheeba,2,0.0
6051,Let Me See,Morcheeba,2,0.0
6052,Part of the Process,Morcheeba,2,0.0
6053,Shoulder Holster,Morcheeba,2,0.0
6054,The Sea,Morcheeba,2,0.0
6055,All the Aces,Motörhead,2,0.0
6056,Bomber,Motörhead,2,0.0
6057,Dead Men Tell No Tales,Motörhead,2,0.0
6058,Dirty Love,Motörhead,2,0.0
6059,Emergency,Motörhead,2,0.0
6060,Lawman,Motörhead,2,0.0
6061,Please Don't Touch,Motörhead,2,0.0
6062,Poison,Motörhead,2,0.0
6063,Sharpshooter,Motörhead,2,0.0
6064,Step Down,Motörhead,2,0.0
6065,Sweet Revenge,Motörhead,2,0.0
6066,Talking Head,Motörhead,2,0.0
6067,Apocalypse Please,Muse,2,0.0
6068,Darkshines,Muse,2,0.0
6069,Falling Down,Muse,2,0.0
6070,Feeling Good,Muse,2,0.0
6071,Fillip,Muse,2,0.0
6072,Hate This & I'll Love You,Muse,2,0.0
6073,Madness,Muse,2,0.0
6074,Megalomania,Muse,2,0.0
6075,Micro Cuts,Muse,2,0.0
6076,Muscle Museum,Muse,2,0.0
6077,Overdue,Muse,2,0.0
6078,Screenager,Muse,2,0.0
6079,Sunburn,Muse,2,0.0
6080,Unintended,Muse,2,0.0
6081,Blown a Wish,my bloody valentine,2,0.0
6082,Come in Alone,my bloody valentine,2,0.0
6083,I Can See It (But I Can't Feel It),my bloody valentine,2,0.0
6084,I Only Said,my bloody valentine,2,0.0
6085,Loomer,my bloody valentine,2,0.0
6086,Nothing Much to Lose,my bloody valentine,2,0.0
6087,Only Shallow,my bloody valentine,2,0.0
6088,Several Girls Galore,my bloody valentine,2,0.0
6089,Sometimes,my bloody valentine,2,0.0
6090,Soon,my bloody valentine,2,0.0
6091,Sueisfine,my bloody valentine,2,0.0
6092,To Here Knows When,my bloody valentine,2,0.0
6093,Touched,my bloody valentine,2,0.0
6094,What You Want,my bloody valentine,2,0.0
6095,When You Sleep,my bloody valentine,2,0.0
6096,You Never Should,my bloody valentine,2,0.0
6097,Tell Me Why,Neil Young,2,0.0
6098,Bad Girl,New York Dolls,2,0.0
6099,Frankenstein (Orig.),New York Dolls,2,0.0
6100,Jet Boy,New York Dolls,2,0.0
6101,Lonely Planet Boy,New York Dolls,2,0.0
6102,Looking for a Kiss,New York Dolls,2,0.0
6103,Personality Crisis,New York Dolls,2,0.0
6104,Pills,New York Dolls,2,0.0
6105,Private World,New York Dolls,2,0.0
6106,Subway Train,New York Dolls,2,0.0
6107,Trash,New York Dolls,2,0.0
6108,Vietnamese Baby,New York Dolls,2,0.0
6109,Blind Lemon Jefferson,Nick Cave & the Bad Seeds,2,0.0
6110,Foi Na Cruz,Nick Cave & the Bad Seeds,2,0.0
6111,Hey Joe,Nick Cave & the Bad Seeds,2,0.0
6112,Knockin' on Joe,Nick Cave & the Bad Seeds,2,0.0
6113,Lament,Nick Cave & the Bad Seeds,2,0.0
6114,Lucy,Nick Cave & the Bad Seeds,2,0.0
6115,Say Goodbye to the Little Girl Tree,Nick Cave & the Bad Seeds,2,0.0
6116,Sorrow's Child,Nick Cave & the Bad Seeds,2,0.0
6117,The Good Son,Nick Cave & the Bad Seeds,2,0.0
6118,The Hammer Song,Nick Cave & the Bad Seeds,2,0.0
6119,The Ship Song,Nick Cave & the Bad Seeds,2,0.0
6120,The Six Strings That Drew Blood,Nick Cave & the Bad Seeds,2,0.0
6121,The Weeping Song,Nick Cave & the Bad Seeds,2,0.0
6122,The Witness Song,Nick Cave & the Bad Seeds,2,0.0
6123,Ruiner,Nine Inch Nails,2,0.0
6124,"Te Acuerdas, María",Nino Bravo,2,0.0
6125,Tú cambiarás,Nino Bravo,2,0.0
6126,Un Beso Y Una Flor,Nino Bravo,2,0.0
6127,Big Cheese,Nirvana,2,0.0
6128,Downer,Nirvana,2,0.0
6129,Love Buzz,Nirvana,2,0.0
6130,Mr. Moustache,Nirvana,2,0.0
6131,Negative Creep,Nirvana,2,0.0
6132,Paper Cuts,Nirvana,2,0.0
6133,Scoff,Nirvana,2,0.0
6134,Sifting,Nirvana,2,0.0
6135,Swap Meet,Nirvana,2,0.0
6136,(I Wanna Live In A Dream In My) Record Machine,Noel Gallagher,2,0.0
6137,Everybody's On The Run,Noel Gallagher,2,0.0
6138,The Dying Of The Light,Noel Gallagher,2,0.0
6139,The Mexican,Noel Gallagher,2,0.0
6140,The Right Stuff,Noel Gallagher,2,0.0
6141,While the Song Remains the Same,Noel Gallagher,2,0.0
6142,You Know We Can't Go Back,Noel Gallagher,2,0.0
6143,The Cause,NOFX,2,0.0
6144,The Quass,NOFX,2,0.0
6145,(It's Good) To Be Free,Oasis,2,0.0
6146,Fuckin' in the Bushes,Oasis,2,0.0
6147,Gas Panic!,Oasis,2,0.0
6148,Go Let It Out,Oasis,2,0.0
6149,Half the World Away,Oasis,2,0.0
6150,Headshrinker,Oasis,2,0.0
6151,I Can See a Liar,Oasis,2,0.0
6152,Little James,Oasis,2,0.0
6153,Put Yer Money Where Yer Mouth Is,Oasis,2,0.0
6154,Roll It Over,Oasis,2,0.0
6155,Stay Young,Oasis,2,0.0
6156,Sunday Morning Call,Oasis,2,0.0
6157,Where Did It All Go Wrong?,Oasis,2,0.0
6158,Who Feels Love?,Oasis,2,0.0
6159,Pesadilla Nuclear,Obus,2,0.0
6160,Petrodolares,Obus,2,0.0
6161,Préstame Amigo Tu Cabeza,Obus,2,0.0
6162,Solo lo Hago en Mi Moto,Obus,2,0.0
6163,Dosis De Heavy Metal,Obús,2,0.0
6164,Fleeting Mind,Ocean Colour Scene,2,0.0
6165,Get Away,Ocean Colour Scene,2,0.0
6166,Hundred Mile High City,Ocean Colour Scene,2,0.0
6167,It's My Shadow,Ocean Colour Scene,2,0.0
6168,One for the Road,Ocean Colour Scene,2,0.0
6169,Policemen & Pirates,Ocean Colour Scene,2,0.0
6170,The Downstream,Ocean Colour Scene,2,0.0
6171,Travellers Tune,Ocean Colour Scene,2,0.0
6172,You've Got It Bad,Ocean Colour Scene,2,0.0
6173,By Demons Be Driven,Pantera,2,0.0
6174,Hollow,Pantera,2,0.0
6175,Live in a Hole,Pantera,2,0.0
6176,Regular People (Conceit),Pantera,2,0.0
6177,Quiero Ser Santa,Parálisis Permanente,2,0.0
6178,Unidos,Parálisis Permanente,2,0.0
6179,Yo No,Parálisis Permanente,2,0.0
6180,Bogey Music,Paul McCartney,2,0.0
6181,Check My Machine,Paul McCartney,2,0.0
6182,Darkroom,Paul McCartney,2,0.0
6183,Eat at Home,Paul McCartney,2,0.0
6184,Front Parlour,Paul McCartney,2,0.0
6185,Frozen Jap,Paul McCartney,2,0.0
6186,Heart of the Country,Paul McCartney,2,0.0
6187,Long Haired Lady,Paul McCartney,2,0.0
6188,Nobody Knows,Paul McCartney,2,0.0
6189,One of These Days,Paul McCartney,2,0.0
6190,Secret Friend,Paul McCartney,2,0.0
6191,Summer's Day Song,Paul McCartney,2,0.0
6192,Blue Hawaiian,Pavement,2,0.0
6193,Embassy Row,Pavement,2,0.0
6194,Fin,Pavement,2,0.0
6195,Passat Dream,Pavement,2,0.0
6196,Shady Lane / J vs. S,Pavement,2,0.0
6197,Starlings of the Slipstream,Pavement,2,0.0
6198,Stereo,Pavement,2,0.0
6199,Type Slowly,Pavement,2,0.0
6200,We Are Underused,Pavement,2,0.0
6201,Brain of J.,Pearl Jam,2,0.0
6202,Faithfull,Pearl Jam,2,0.0
6203,"Hey Foxymophandlemama, That's Me",Pearl Jam,2,0.0
6204,No Way,Pearl Jam,2,0.0
6205,Courtesy Laughs,Phoenix,2,0.0
6206,I'm an Actor,Phoenix,2,0.0
6207,Napoleon Says,Phoenix,2,0.0
6208,North,Phoenix,2,0.0
6209,Rally,Phoenix,2,0.0
6210,Alan's Psychedelic Breakfast,Pink Floyd,2,0.0
6211,Atom Heart Mother,Pink Floyd,2,0.0
6212,If,Pink Floyd,2,0.0
6213,Pow R. Toc H.,Pink Floyd,2,0.0
6214,Summer '68,Pink Floyd,2,0.0
6215,Take Up Thy Stethoscope and Walk,Pink Floyd,2,0.0
6216,The Gnome,Pink Floyd,2,0.0
6217,Andro Queen,Pixies,2,0.0
6218,Another Toe In the Ocean,Pixies,2,0.0
6219,Blue Eyed Hexe,Pixies,2,0.0
6220,Catfish Kate,Pixies,2,0.0
6221,Jaime Bravo,Pixies,2,0.0
6222,Magdalena 318,Pixies,2,0.0
6223,Ring the Bell,Pixies,2,0.0
6224,Silver Snail,Pixies,2,0.0
6225,Snakes,Pixies,2,0.0
6226,Beautiful Feeling,PJ Harvey,2,0.0
6227,Nancy Boy,Placebo,2,0.0
6228,¿Qué Demonios?,Platero y tú,2,0.0
6229,Caminar Cuesta Arriba,Platero y tú,2,0.0
6230,Cigarrito,Platero y tú,2,0.0
6231,Entrando Cruzado,Platero y tú,2,0.0
6232,Entre Dos Mares,Platero y tú,2,0.0
6233,Humo de mis pies,Platero y tú,2,0.0
6234,Me Da Igual,Platero y tú,2,0.0
6235,Mendrugos,Platero y tú,2,0.0
6236,Naufragio,Platero y tú,2,0.0
6237,Pero Al Ponerse El Sol,Platero y tú,2,0.0
6238,Por Mí,Platero y tú,2,0.0
6239,Que Larga es La Noche,Platero y tú,2,0.0
6240,Rock'N'Roll,Platero y tú,2,0.0
6241,Salvaje,Platero y tú,2,0.0
6242,Si La Tocas Otra Vez,Platero y tú,2,0.0
6243,Si Miro A Las Nubes,Platero y tú,2,0.0
6244,Un Ticket para cualquier lugar,Platero y tú,2,0.0
6245,Cancellation,Player,2,0.0
6246,Come on Out,Player,2,0.0
6247,Every Which Way,Player,2,0.0
6248,Goodbye (That's All I Ever Heard),Player,2,0.0
6249,Love is Where You Find it,Player,2,0.0
6250,Melanie,Player,2,0.0
6251,Movin' Up,Player,2,0.0
6252,This Time I'm In It For Love,Player,2,0.0
6253,Tryin to Write a Hit Song,Player,2,0.0
6254,Come Together (US Version),Primal Scream,2,0.0
6255,Higher Than the Sun (A Dub Symphony in Two Parts),Primal Scream,2,0.0
6256,I'm Comin' Down,Primal Scream,2,0.0
6257,Inner Flight (Instrumental),Primal Scream,2,0.0
6258,Loaded,Primal Scream,2,0.0
6259,Shine Like Stars,Primal Scream,2,0.0
6260,Bad Life,Public Image Ltd.,2,0.0
6261,Bad Cover Version,Pulp,2,0.0
6262,Cocaine Socialism [#][Version],Pulp,2,0.0
6263,Don't You Know,Pulp,2,0.0
6264,I Want You,Pulp,2,0.0
6265,Little Girl (With Blue Eyes),Pulp,2,0.0
6266,Looking for Life,Pulp,2,0.0
6267,Master Of The Universe,Pulp,2,0.0
6268,My Legendary Girlfriend,Pulp,2,0.0
6269,Please Don't Worry,Pulp,2,0.0
6270,She's Dead,Pulp,2,0.0
6271,The Night That Minnie Timperley Died,Pulp,2,0.0
6272,Watching Nicky [#][*][Demo Previously Unreleased][Demo Version],Pulp,2,0.0
6273,Body Language,Queen,2,0.0
6274,Brighton Rock,Queen,2,0.0
6275,Bring Back That Leroy Brown,Queen,2,0.0
6276,Calling All Girls,Queen,2,0.0
6277,Coming Soon,Queen,2,0.0
6278,Crazy Little Thing Called Love,Queen,2,0.0
6279,Dead on Time,Queen,2,0.0
6280,Dear Friends,Queen,2,0.0
6281,Doing All Right,Queen,2,0.0
6282,Don't Try Suicide,Queen,2,0.0
6283,Dragon Attack,Queen,2,0.0
6284,Dreamer's Ball,Queen,2,0.0
6285,Fat Bottomed Girls,Queen,2,0.0
6286,Flick of the Wrist,Queen,2,0.0
6287,Fun It,Queen,2,0.0
6288,Great King Rat,Queen,2,0.0
6289,If You Can't Beat Them,Queen,2,0.0
6290,In Only Seven Days,Queen,2,0.0
6291,In the Lap of the Gods,Queen,2,0.0
6292,In The Lap Of The Gods...Revisited,Queen,2,0.0
6293,Is This The World We Created...?,Queen,2,0.0
6294,It's a Hard Life,Queen,2,0.0
6295,Jealousy,Queen,2,0.0
6296,Jesus,Queen,2,0.0
6297,Keep Passing The Open Windows,Queen,2,0.0
6298,Keep Yourself Alive,Queen,2,0.0
6299,Killer Queen,Queen,2,0.0
6300,Las Palabras De Amor (The Words Of Love),Queen,2,0.0
6301,Leaving Home Ain't Easy,Queen,2,0.0
6302,Let Me Entertain You,Queen,2,0.0
6303,Liar,Queen,2,0.0
6304,Lily of the Valley,Queen,2,0.0
6305,Machines (Or 'Back to Humans'),Queen,2,0.0
6306,Man On The Prowl,Queen,2,0.0
6307,Misfire,Queen,2,0.0
6308,Modern Times Rock 'n' Roll,Queen,2,0.0
6309,More of That Jazz,Queen,2,0.0
6310,Mustapha,Queen,2,0.0
6311,Need Your Loving Tonight,Queen,2,0.0
6312,Now I'm Here,Queen,2,0.0
6313,One Year of Love,Queen,2,0.0
6314,Pain Is So Close To Pleasure,Queen,2,0.0
6315,Princes of the Universe,Queen,2,0.0
6316,Radio Ga Ga,Queen,2,0.0
6317,Rock It (Prime Jive),Queen,2,0.0
6318,Sail Away Sweet Sister,Queen,2,0.0
6319,Save Me,Queen,2,0.0
6320,She Makes Me,Queen,2,0.0
6321,Son & Daughter,Queen,2,0.0
6322,Stone Cold Crazy,Queen,2,0.0
6323,Tear It Up,Queen,2,0.0
6324,Tenement Funster,Queen,2,0.0
6325,The Night Comes Down,Queen,2,0.0
6326,Who Wants to Live Forever,Queen,2,0.0
6327,A Song for the Dead,Queens of the Stone Age,2,0.0
6328,Auto Pilot,Queens of the Stone Age,2,0.0
6329,Feel Good Hit of the Summer (Reprise),Queens of the Stone Age,2,0.0
6330,First It Giveth,Queens of the Stone Age,2,0.0
6331,I Think I Lost My Headache,Queens of the Stone Age,2,0.0
6332,Leg of Lamb,Queens of the Stone Age,2,0.0
6333,Lightning Song,Queens of the Stone Age,2,0.0
6334,Six Shooter,Queens of the Stone Age,2,0.0
6335,Tension Head,Queens of the Stone Age,2,0.0
6336,The Lost Art of Keeping a Secret,Queens of the Stone Age,2,0.0
6337,The Sky Is Fallin',Queens of the Stone Age,2,0.0
6338,"You Think I Ain't Worth a Dollar, but I Feel Like a Millionaire",Queens of the Stone Age,2,0.0
6339,7 Chinese Bros.,R.E.M.,2,0.0
6340,Camera,R.E.M.,2,0.0
6341,Drive,R.E.M.,2,0.0
6342,Everybody Hurts,R.E.M.,2,0.0
6343,Find the River,R.E.M.,2,0.0
6344,Harborcoat,R.E.M.,2,0.0
6345,Ignoreland,R.E.M.,2,0.0
6346,Letter Never Sent,R.E.M.,2,0.0
6347,Little America,R.E.M.,2,0.0
6348,Lotus,R.E.M.,2,0.0
6349,Monty Got a Raw Deal,R.E.M.,2,0.0
6350,New Orleans Instrumental No. 1,R.E.M.,2,0.0
6351,Pretty Persuasion,R.E.M.,2,0.0
6352,Second Guessing,R.E.M.,2,0.0
6353,So. Central Rain,R.E.M.,2,0.0
6354,Star Me Kitten,R.E.M.,2,0.0
6355,Sweetness Follows,R.E.M.,2,0.0
6356,The Sidewinder Sleeps Tonite,R.E.M.,2,0.0
6357,Time After Time (Annelise),R.E.M.,2,0.0
6358,Try Not to Breathe,R.E.M.,2,0.0
6359,Divina (Los bailes de Marte),Radio Futura,2,0.0
6360,Ivonne (Rendez-vous),Radio Futura,2,0.0
6361,Jarama,Radio Futura,2,0.0
6362,La maquina,Radio Futura,2,0.0
6363,Muchachita,Radio Futura,2,0.0
6364,Regreso a las minas del Rey Salomon,Radio Futura,2,0.0
6365,Trepidación,Radio Futura,2,0.0
6366,Bück Dich,Rammstein,2,0.0
6367,Das alte Leid,Rammstein,2,0.0
6368,Du Hast (Remix by Clawfinger),Rammstein,2,0.0
6369,Eifersucht,Rammstein,2,0.0
6370,Klavier,Rammstein,2,0.0
6371,Moskau,Rammstein,2,0.0
6372,Do You Wanna Dance?,Ramones,2,0.0
6373,Gimme Gimme Shock Treatment,Ramones,2,0.0
6374,Glad to See You Go,Ramones,2,0.0
6375,I Can't Give You Anything,Ramones,2,0.0
6376,I Don't Care,Ramones,2,0.0
6377,I Don't Care (single version),Ramones,2,0.0
6378,I Remember You,Ramones,2,0.0
6379,I Wanna Be Well,Ramones,2,0.0
6380,It's Not My Place (In the 9 to 5 World),Ramones,2,0.0
6381,Locket Love,Ramones,2,0.0
6382,Pinhead,Ramones,2,0.0
6383,Ramona,Ramones,2,0.0
6384,Something to Believe In,Ramones,2,0.0
6385,We're a Happy Family,Ramones,2,0.0
6386,Why Is It Always This Way?,Ramones,2,0.0
6387,Breaking the Girl,Red Hot Chili Peppers,2,0.0
6388,Don't Forget Me,Red Hot Chili Peppers,2,0.0
6389,Dosed,Red Hot Chili Peppers,2,0.0
6390,Fire,Red Hot Chili Peppers,2,0.0
6391,Funky Monks,Red Hot Chili Peppers,2,0.0
6392,Good Time Boys,Red Hot Chili Peppers,2,0.0
6393,Higher Ground,Red Hot Chili Peppers,2,0.0
6394,I Could Have Lied,Red Hot Chili Peppers,2,0.0
6395,If You Have to Ask,Red Hot Chili Peppers,2,0.0
6396,"Johnny, Kick a Hole in the Sky",Red Hot Chili Peppers,2,0.0
6397,Knock Me Down,Red Hot Chili Peppers,2,0.0
6398,Magic Johnson,Red Hot Chili Peppers,2,0.0
6399,Mellowship Slinky in B Major,Red Hot Chili Peppers,2,0.0
6400,Nobody Weird Like Me,Red Hot Chili Peppers,2,0.0
6401,Pretty Little Ditty,Red Hot Chili Peppers,2,0.0
6402,Punk Rock Classic,Red Hot Chili Peppers,2,0.0
6403,Sexy Mexican Maid,Red Hot Chili Peppers,2,0.0
6404,Stone Cold Bush,Red Hot Chili Peppers,2,0.0
6405,Subway to Venus,Red Hot Chili Peppers,2,0.0
6406,Suck My Kiss,Red Hot Chili Peppers,2,0.0
6407,Taste the Pain,Red Hot Chili Peppers,2,0.0
6408,The Power of Equality,Red Hot Chili Peppers,2,0.0
6409,This Is the Place,Red Hot Chili Peppers,2,0.0
6410,Universally Speaking,Red Hot Chili Peppers,2,0.0
6411,Ain't The Future So Bright,Richard Ashcroft,2,0.0
6412,Picture Of You,Richard Ashcroft,2,0.0
6413,Songs Of Experience,Richard Ashcroft,2,0.0
6414,Lonesome Town,Rick Nelson,2,0.0
6415,Decay,Ride,2,0.0
6416,Dreams Burn Down,Ride,2,0.0
6417,In a Different Place,Ride,2,0.0
6418,Kaleidoscope,Ride,2,0.0
6419,Paralysed,Ride,2,0.0
6420,Polar Bear,Ride,2,0.0
6421,Seagull,Ride,2,0.0
6422,Le Rock Summer,Rinôçérôse,2,0.0
6423,Professeur Suicide,Rinôçérôse,2,0.0
6424,Lazy Days,Robbie Williams,2,0.0
6425,Rock DJ,Robbie Williams,2,0.0
6426,1-2-3-4-5-6,Rocket Juice & The Moon,2,0.0
6427,"Hey, Shooter (feat. Erykah Badu)",Rocket Juice & The Moon,2,0.0
6428,Lolo (feat. Fatoumata Diawara & M.anifest),Rocket Juice & The Moon,2,0.0
6429,Night Watch,Rocket Juice & The Moon,2,0.0
6430,Crest of a Wave,Rory Gallagher,2,0.0
6431,Don't Know Where I'm Going,Rory Gallagher,2,0.0
6432,I'm Not Awake Yet,Rory Gallagher,2,0.0
6433,In Your Town,Rory Gallagher,2,0.0
6434,Maybe I Will,Rory Gallagher,2,0.0
6435,Out of My Mind,Rory Gallagher,2,0.0
6436,Should've Learnt My Lesson,Rory Gallagher,2,0.0
6437,There's a Light,Rory Gallagher,2,0.0
6438,Used to Be,Rory Gallagher,2,0.0
6439,Whole Lot of People,Rory Gallagher,2,0.0
6440,watch me disappear,Rosa Anschütz,2,0.0
6441,A Pulso,Rosendo,2,0.0
6442,Ahora Pro Nobis,Rosendo,2,0.0
6443,Bailando Al Aire,Rosendo,2,0.0
6444,Bajo Cuerda,Rosendo,2,0.0
6445,Como El Pico de un Colchón,Rosendo,2,0.0
6446,Deja Que les Diga Que No!,Rosendo,2,0.0
6447,Dos No Siempre Son Pares,Rosendo,2,0.0
6448,El Asa Del Cubo,Rosendo,2,0.0
6449,El Ganador,Rosendo,2,0.0
6450,Gota A Gota,Rosendo,2,0.0
6451,Introducción,Rosendo,2,0.0
6452,M'enamorao,Rosendo,2,0.0
6453,MArcha Atrás,Rosendo,2,0.0
6454,Masculino singular,Rosendo,2,0.0
6455,Nada Especial,Rosendo,2,0.0
6456,Por Meter Entre Mis Cosas La Nariz,Rosendo,2,0.0
6457,Puedo Ser Más Eficaz,Rosendo,2,0.0
6458,Quedan Los Bises,Rosendo,2,0.0
6459,Todo El Mundo a Sus Quehaceres,Rosendo,2,0.0
6460,Voluntad Pasiva,Rosendo,2,0.0
6461,Do the Strand,Roxy Music,2,0.0
6462,Editions of You,Roxy Music,2,0.0
6463,Grey Lagoons,Roxy Music,2,0.0
6464,In Every Dream Home a Heartache,Roxy Music,2,0.0
6465,Ladytron,Roxy Music,2,0.0
6466,Strictly Confidential,Roxy Music,2,0.0
6467,The Bogus Man,Roxy Music,2,0.0
6468,Been So Long,Saint Etienne,2,0.0
6469,Erica America,Saint Etienne,2,0.0
6470,Goodnight Jack,Saint Etienne,2,0.0
6471,Lose That Girl,Saint Etienne,2,0.0
6472,Mr. Donut,Saint Etienne,2,0.0
6473,Postman,Saint Etienne,2,0.0
6474,Split Screen,Saint Etienne,2,0.0
6475,Sylvie,Saint Etienne,2,0.0
6476,The Bad Photographer,Saint Etienne,2,0.0
6477,Woodcabin,Saint Etienne,2,0.0
6478,Life's Like A River,Scorpions,2,0.0
6479,Top Of The Bill,Scorpions,2,0.0
6480,Something Else,Sid Vicious,2,0.0
6481,Empieza El Día En Tu Jardín,Sidonie,2,0.0
6482,Ágætis byrjun,Sigur Rós,2,0.0
6483,Avalon,Sigur Rós,2,0.0
6484,Dögun,Sigur Rós,2,0.0
6485,Flugufrelsarinn,Sigur Rós,2,0.0
6486,Hjartað hamast (bamm bamm bamm),Sigur Rós,2,0.0
6487,Hún jörð ...,Sigur Rós,2,0.0
6488,Intro,Sigur Rós,2,0.0
6489,Leit að lífi,Sigur Rós,2,0.0
6490,Ný batterí,Sigur Rós,2,0.0
6491,Olsen Olsen,Sigur Rós,2,0.0
6492,Sigur Rós,Sigur Rós,2,0.0
6493,Starálfur,Sigur Rós,2,0.0
6494,Svefn-g-englar,Sigur Rós,2,0.0
6495,Viðrar vel til loftárása,Sigur Rós,2,0.0
6496,Mrs. Robinson,Simon & Garfunkel,2,0.0
6497,The Sound of Silence,Simon & Garfunkel,2,0.0
6498,Ayatolah,Siniestro Total,2,0.0
6499,Hoy Voy a Asesinarte,Siniestro Total,2,0.0
6500,Miña Terra Galega,Siniestro Total,2,0.0
6501,Todos Los Ahorcados Mueren Empalmados,Siniestro Total,2,0.0
6502,Click...Off...Gone,Sleeper,2,0.0
6503,Dress Like Your Mother,Sleeper,2,0.0
6504,Factor 41,Sleeper,2,0.0
6505,Feeling Peaky,Sleeper,2,0.0
6506,Glue Ears,Sleeper,2,0.0
6507,Good Luck Mr Gorsky,Sleeper,2,0.0
6508,Nice Guy Eddie,Sleeper,2,0.0
6509,Shrinkwrapped,Sleeper,2,0.0
6510,Statuesque,Sleeper,2,0.0
6511,Stop Your Crying,Sleeper,2,0.0
6512,Afterglow (Of Your Love),Small Faces,2,0.0
6513,Happiness Stan,Small Faces,2,0.0
6514,Happy Days Toy Town,Small Faces,2,0.0
6515,Lazy Sunday,Small Faces,2,0.0
6516,Long Agos And Worlds Apart,Small Faces,2,0.0
6517,Mad John,Small Faces,2,0.0
6518,Ogden's Nut Gone Flake,Small Faces,2,0.0
6519,Rene,Small Faces,2,0.0
6520,Rollin' Over,Small Faces,2,0.0
6521,Song Of A Baker,Small Faces,2,0.0
6522,The Hungry Intruder,Small Faces,2,0.0
6523,The Journey,Small Faces,2,0.0
6524,Tin Soldier [Live],Small Faces,2,0.0
6525,Cinderella's Big Score,Sonic Youth,2,0.0
6526,Dirty Boots,Sonic Youth,2,0.0
6527,Disappearer,Sonic Youth,2,0.0
6528,Kool Thing,Sonic Youth,2,0.0
6529,Mary-Christ,Sonic Youth,2,0.0
6530,Mildred Pierce,Sonic Youth,2,0.0
6531,Mote,Sonic Youth,2,0.0
6532,My Friend Goo,Sonic Youth,2,0.0
6533,Scooter + Jinx,Sonic Youth,2,0.0
6534,Titanium Exposé,Sonic Youth,2,0.0
6535,Tunic (Song for Karen),Sonic Youth,2,0.0
6536,1 O'Clock,Space,2,0.0
6537,Charlie M.,Space,2,0.0
6538,Dark Clouds,Space,2,0.0
6539,Drop Dead,Space,2,0.0
6540,Growler,Space,2,0.0
6541,Kill Me,Space,2,0.0
6542,Lovechild of the Queen,Space,2,0.0
6543,Major Pager,Space,2,0.0
6544,No-One Understands,Space,2,0.0
6545,Voodoo Roller,Space,2,0.0
6546,Code of Love,Spandau Ballet,2,0.0
6547,Communication,Spandau Ballet,2,0.0
6548,Foundation,Spandau Ballet,2,0.0
6549,Heaven Is a Secret,Spandau Ballet,2,0.0
6550,Lifeline,Spandau Ballet,2,0.0
6551,Pleasure,Spandau Ballet,2,0.0
6552,True,Spandau Ballet,2,0.0
6553,T-Shirt Sun Tan,Stereophonics,2,0.0
6554,All in Love Is Fair,Stevie Wonder,2,0.0
6555,Big Brother,Stevie Wonder,2,0.0
6556,Blame It on the Sun,Stevie Wonder,2,0.0
6557,Jesus Children of America,Stevie Wonder,2,0.0
6558,Lookin' for Another Pure Love,Stevie Wonder,2,0.0
6559,Maybe Your Baby,Stevie Wonder,2,0.0
6560,Superstition,Stevie Wonder,2,0.0
6561,Tuesday Heartbreak,Stevie Wonder,2,0.0
6562,You and I,Stevie Wonder,2,0.0
6563,You've Got It Bad Girl,Stevie Wonder,2,0.0
6564,Faraway,Supergrass,2,0.0
6565,Mama & Papa,Supergrass,2,0.0
6566,Mary,Supergrass,2,0.0
6567,Another Man's Woman,Supertramp,2,0.0
6568,Crime of the Century,Supertramp,2,0.0
6569,Dreamer,Supertramp,2,0.0
6570,Easy Does It,Supertramp,2,0.0
6571,Just A Normal Day,Supertramp,2,0.0
6572,Lady,Supertramp,2,0.0
6573,Rudy,Supertramp,2,0.0
6574,Sister Moonshine,Supertramp,2,0.0
6575,Soapbox Opera,Supertramp,2,0.0
6576,The Meaning,Supertramp,2,0.0
6577,If It's in You,Syd Barrett,2,0.0
6578,Late Night,Syd Barrett,2,0.0
6579,Waving My Arms in the Air,Syd Barrett,2,0.0
6580,Baby Boomerang,T. Rex,2,0.0
6581,Baby Strange,T. Rex,2,0.0
6582,Ballrooms of Mars,T. Rex,2,0.0
6583,Buick Mackane,T. Rex,2,0.0
6584,Rabbit Fighter,T. Rex,2,0.0
6585,Telegram Sam,T. Rex,2,0.0
6586,Don't Look Below,Tahiti 80,2,0.0
6587,Memories Of The Past,Tahiti 80,2,0.0
6588,The Other Side,Tahiti 80,2,0.0
6589,Wallpaper For The Soul,Tahiti 80,2,0.0
6590,Desire,Talk Talk,2,0.0
6591,Eden,Talk Talk,2,0.0
6592,I Believe in You,Talk Talk,2,0.0
6593,Inheritance,Talk Talk,2,0.0
6594,The Rainbow,Talk Talk,2,0.0
6595,Wealth,Talk Talk,2,0.0
6596,Girlfriend Is Better,Talking Heads,2,0.0
6597,Wild Wild Life,Talking Heads,2,0.0
6598,About You,Teenage Fanclub,2,0.0
6599,Catholic Education,Teenage Fanclub,2,0.0
6600,Catholic Education 2,Teenage Fanclub,2,0.0
6601,Critical Mass,Teenage Fanclub,2,0.0
6602,Don't Look Back,Teenage Fanclub,2,0.0
6603,Don't Need a Drum,Teenage Fanclub,2,0.0
6604,Eternal Light,Teenage Fanclub,2,0.0
6605,Every Picture I Paint,Teenage Fanclub,2,0.0
6606,Everybody's Fool,Teenage Fanclub,2,0.0
6607,Heavy Metal,Teenage Fanclub,2,0.0
6608,Heavy Metall II,Teenage Fanclub,2,0.0
6609,I Don't Want Control Of You,Teenage Fanclub,2,0.0
6610,Mellow Doubt,Teenage Fanclub,2,0.0
6611,The World'll Be OK,Teenage Fanclub,2,0.0
6612,Too Involved,Teenage Fanclub,2,0.0
6613,What You Do To Me,Teenage Fanclub,2,0.0
6614,Elevation,Television,2,0.0
6615,(I Want to Be Your) Mirror,Temples,2,0.0
6616,All Join In,Temples,2,0.0
6617,Born Into The Sunset,Temples,2,0.0
6618,Celebration,Temples,2,0.0
6619,Certainty,Temples,2,0.0
6620,How Would You Like To Go,Temples,2,0.0
6621,In My Pocket,Temples,2,0.0
6622,Mystery Of Pop,Temples,2,0.0
6623,Oh The Saviour,Temples,2,0.0
6624,Open Air,Temples,2,0.0
6625,Roman Godlike Man,Temples,2,0.0
6626,Strange Or Be Forgotten,Temples,2,0.0
6627,Summer Son,Texas,2,0.0
6628,All La Glory,The Band,2,0.0
6629,Daniel and the Sacred Harp,The Band,2,0.0
6630,Just Another Whistle Stop,The Band,2,0.0
6631,Sleeping,The Band,2,0.0
6632,Strawberry Wine,The Band,2,0.0
6633,The Rumor,The Band,2,0.0
6634,Time to Kill,The Band,2,0.0
6635,All I've Got to Do,The Beatles,2,0.0
6636,All Together Now,The Beatles,2,0.0
6637,Anna (Go to Him),The Beatles,2,0.0
6638,Any Time at All,The Beatles,2,0.0
6639,Ask Me Why,The Beatles,2,0.0
6640,Baby's in Black,The Beatles,2,0.0
6641,Chains,The Beatles,2,0.0
6642,Day Tripper,The Beatles,2,0.0
6643,Don't Bother Me,The Beatles,2,0.0
6644,I Feel Fine,The Beatles,2,0.0
6645,I Saw Her Standing There,The Beatles,2,0.0
6646,I'll Be Back,The Beatles,2,0.0
6647,I'll Follow the Sun,The Beatles,2,0.0
6648,Paperback Writer,The Beatles,2,0.0
6649,Pepperland Laid Waste,The Beatles,2,0.0
6650,Please Please Me,The Beatles,2,0.0
6651,Rock and Roll Music,The Beatles,2,0.0
6652,Tell Me Why,The Beatles,2,0.0
6653,We Can Work It Out,The Beatles,2,0.0
6654,When I Get Home,The Beatles,2,0.0
6655,Words of Love,The Beatles,2,0.0
6656,You Can't Do That,The Beatles,2,0.0
6657,4am Conversation,The Boo Radleys,2,0.0
6658,Charles Bukowski Is Dead,The Boo Radleys,2,0.0
6659,Fairfax Scene,The Boo Radleys,2,0.0
6660,Find The Answer Within,The Boo Radleys,2,0.0
6661,It's Lulu,The Boo Radleys,2,0.0
6662,Joel,The Boo Radleys,2,0.0
6663,"Martin, Doom! It's Seven O'Clock",The Boo Radleys,2,0.0
6664,Reaching Out From Here,The Boo Radleys,2,0.0
6665,Song For The Morning To Sing,The Boo Radleys,2,0.0
6666,Twinside,The Boo Radleys,2,0.0
6667,Wake Up Boo!,The Boo Radleys,2,0.0
6668,Wilder,The Boo Radleys,2,0.0
6669,Ignition,The Charlatans,2,0.0
6670,Page One,The Charlatans,2,0.0
6671,Subtitle,The Charlatans,2,0.0
6672,The End of Everything,The Charlatans,2,0.0
6673,The Only One I Know,The Charlatans,2,0.0
6674,Tremelo Song,The Charlatans,2,0.0
6675,Asleep From Day,The Chemical Brothers,2,0.0
6676,Chemical Beats,The Chemical Brothers,2,0.0
6677,Dig Your Own Hole,The Chemical Brothers,2,0.0
6678,Dream On,The Chemical Brothers,2,0.0
6679,Elektrobank,The Chemical Brothers,2,0.0
6680,Get Up On It Like This,The Chemical Brothers,2,0.0
6681,It Doesn't Matter,The Chemical Brothers,2,0.0
6682,Lost in the K-hole,The Chemical Brothers,2,0.0
6683,Music: Response,The Chemical Brothers,2,0.0
6684,Orange Wedge,The Chemical Brothers,2,0.0
6685,Piku,The Chemical Brothers,2,0.0
6686,Song to the Siren,The Chemical Brothers,2,0.0
6687,The Private Psychedelic Reel,The Chemical Brothers,2,0.0
6688,The Sunshine Underground,The Chemical Brothers,2,0.0
6689,The Test,The Chemical Brothers,2,0.0
6690,Under The Influence,The Chemical Brothers,2,0.0
6691,Where Do I Begin,The Chemical Brothers,2,0.0
6692,Clash City Rockers,The Clash,2,0.0
6693,Jail Guitar Doors,The Clash,2,0.0
6694,Jimmy Jazz,The Clash,2,0.0
6695,London Calling,The Clash,2,0.0
6696,Bad Man,The Coral,2,0.0
6697,Calendars and Clocks,The Coral,2,0.0
6698,Dreaming of You,The Coral,2,0.0
6699,Goodbye,The Coral,2,0.0
6700,Shadows Fall,The Coral,2,0.0
6701,Simon Diamond,The Coral,2,0.0
6702,Skeleton Key,The Coral,2,0.0
6703,Time Travel,The Coral,2,0.0
6704,Waiting for the Heartaches,The Coral,2,0.0
6705,Wildfire,The Coral,2,0.0
6706,Fever,The Cramps,2,0.0
6707,Garbageman,The Cramps,2,0.0
6708,I Was a Teenage Werewolf,The Cramps,2,0.0
6709,I'm Cramped,The Cramps,2,0.0
6710,Mystery Plane,The Cramps,2,0.0
6711,Rock on the Moon,The Cramps,2,0.0
6712,Strychnine,The Cramps,2,0.0
6713,Sunglasses After Dark,The Cramps,2,0.0
6714,Tear It Up,The Cramps,2,0.0
6715,The Mad Daddy,The Cramps,2,0.0
6716,TV Set,The Cramps,2,0.0
6717,What's Behind the Mask,The Cramps,2,0.0
6718,Zombie Dance,The Cramps,2,0.0
6719,A Night Like This,The Cure,2,0.0
6720,A Thousand Hours,The Cure,2,0.0
6721,All Cats Are Grey,The Cure,2,0.0
6722,All I Want,The Cure,2,0.0
6723,Another Day,The Cure,2,0.0
6724,Carnage Visors: The Soundtrack,The Cure,2,0.0
6725,Catch,The Cure,2,0.0
6726,Close to Me,The Cure,2,0.0
6727,Closedown,The Cure,2,0.0
6728,Doubt,The Cure,2,0.0
6729,Fight,The Cure,2,0.0
6730,Foxy Lady,The Cure,2,0.0
6731,Friday I'm in Love,The Cure,2,0.0
6732,Hey You !!!,The Cure,2,0.0
6733,Hot Hot Hot !!!,The Cure,2,0.0
6734,How Beautiful You Are,The Cure,2,0.0
6735,Icing Sugar,The Cure,2,0.0
6736,If Only Tonight We Could Sleep,The Cure,2,0.0
6737,Inbetween Days,The Cure,2,0.0
6738,It's Not You,The Cure,2,0.0
6739,Jumping Someone Else's Train,The Cure,2,0.0
6740,Just Like Heaven,The Cure,2,0.0
6741,Killing An Arab (Bonus Track),The Cure,2,0.0
6742,Kyoto Song,The Cure,2,0.0
6743,Like Cockatoos,The Cure,2,0.0
6744,Meathook,The Cure,2,0.0
6745,Object,The Cure,2,0.0
6746,One More Time,The Cure,2,0.0
6747,Other Voices,The Cure,2,0.0
6748,Pictures of You,The Cure,2,0.0
6749,Plainsong,The Cure,2,0.0
6750,Plastic Passion,The Cure,2,0.0
6751,Push,The Cure,2,0.0
6752,Screw,The Cure,2,0.0
6753,Shiver and Shake,The Cure,2,0.0
6754,Sinking,The Cure,2,0.0
6755,Six Different Ways,The Cure,2,0.0
6756,The Baby Screams,The Cure,2,0.0
6757,The Blood,The Cure,2,0.0
6758,The Drowning Man,The Cure,2,0.0
6759,The Holy Hour,The Cure,2,0.0
6760,The Kiss,The Cure,2,0.0
6761,The Perfect Girl,The Cure,2,0.0
6762,The Snakepit,The Cure,2,0.0
6763,The Weedy Burton,The Cure,2,0.0
6764,Torture,The Cure,2,0.0
6765,Why Can't I Be You,The Cure,2,0.0
6766,Bohemian Like You,The Dandy Warhols,2,0.0
6767,All Rise,The Delgados,2,0.0
6768,All You Need Is Hate,The Delgados,2,0.0
6769,Child Killers,The Delgados,2,0.0
6770,Favours,The Delgados,2,0.0
6771,If This Is A Plan,The Delgados,2,0.0
6772,Never Look At The Sun,The Delgados,2,0.0
6773,The Drowning Years,The Delgados,2,0.0
6774,The Light Before We Land,The Delgados,2,0.0
6775,Woke From Dreaming,The Delgados,2,0.0
6776,Come Home Billy Bird,The Divine Comedy,2,0.0
6777,"Dead Cats, Dead Rats",The Doors,2,0.0
6778,Lions in the Street,The Doors,2,0.0
6779,Love Hides,The Doors,2,0.0
6780,Petition the Lord With Prayer,The Doors,2,0.0
6781,Universal Mind,The Doors,2,0.0
6782,All We Have Is Now,The Flaming Lips,2,0.0
6783,Approaching Pavonis Mons By Balloon,The Flaming Lips,2,0.0
6784,Are You a Hypnotist??,The Flaming Lips,2,0.0
6785,Do You Realize??,The Flaming Lips,2,0.0
6786,Ego Tripping at the Gates of Hell,The Flaming Lips,2,0.0
6787,In the Morning of the Magicians,The Flaming Lips,2,0.0
6788,It's Summertime,The Flaming Lips,2,0.0
6789,Yoshimi Battles The Pink Robots (Part 2),The Flaming Lips,2,0.0
6790,Ladyflash,The Go! Team,2,0.0
6791,History Song,"The Good, the Bad & the Queen",2,0.0
6792,Kingdom of Doom,"The Good, the Bad & the Queen",2,0.0
6793,Nature Springs,"The Good, the Bad & the Queen",2,0.0
6794,"The Good, the Bad & the Queen","The Good, the Bad & the Queen",2,0.0
6795,Changing The Rain,The Horrors,2,0.0
6796,Dive In,The Horrors,2,0.0
6797,Do You Remember,The Horrors,2,0.0
6798,Endless Blue,The Horrors,2,0.0
6799,I Can See Through You,The Horrors,2,0.0
6800,I Can't Control Myself,The Horrors,2,0.0
6801,I Only Think of You,The Horrors,2,0.0
6802,Mirror's Image,The Horrors,2,0.0
6803,Monica Gems,The Horrors,2,0.0
6804,Moving Further Away,The Horrors,2,0.0
6805,New Ice Age,The Horrors,2,0.0
6806,Oceans Burning,The Horrors,2,0.0
6807,Primary Colours,The Horrors,2,0.0
6808,Scarlet Fields,The Horrors,2,0.0
6809,Sea Within a Sea,The Horrors,2,0.0
6810,Still Life,The Horrors,2,0.0
6811,Three Decades,The Horrors,2,0.0
6812,Who Can Say,The Horrors,2,0.0
6813,Wild Eyed,The Horrors,2,0.0
6814,You Said,The Horrors,2,0.0
6815,'A' Bomb in Wardour Street,The Jam,2,0.0
6816,All Mod Cons,The Jam,2,0.0
6817,Billy Hunt,The Jam,2,0.0
6818,Boy About Town,The Jam,2,0.0
6819,Bricks and Mortar,The Jam,2,0.0
6820,Burning Sky,The Jam,2,0.0
6821,David Watts,The Jam,2,0.0
6822,Down in the Tube Station at Midnight,The Jam,2,0.0
6823,English Rose,The Jam,2,0.0
6824,Fly,The Jam,2,0.0
6825,Girl on the Phone,The Jam,2,0.0
6826,In the Crowd,The Jam,2,0.0
6827,It's Too Bad,The Jam,2,0.0
6828,Little Boy Soldiers,The Jam,2,0.0
6829,Mr. Clean,The Jam,2,0.0
6830,Private Hell,The Jam,2,0.0
6831,Saturday's Kids,The Jam,2,0.0
6832,Smithers-Jones,The Jam,2,0.0
6833,Takin' My Love,The Jam,2,0.0
6834,The Eton Rifles,The Jam,2,0.0
6835,The Place I Love,The Jam,2,0.0
6836,Thick as Thieves,The Jam,2,0.0
6837,To Be Someone (Didn't We Have a Nice Time),The Jam,2,0.0
6838,Wasteland,The Jam,2,0.0
6839,About You,The Jesus and Mary Chain,2,0.0
6840,April Skies,The Jesus and Mary Chain,2,0.0
6841,Cherry Came Too,The Jesus and Mary Chain,2,0.0
6842,Fall,The Jesus and Mary Chain,2,0.0
6843,Nine Million Rainy Days,The Jesus and Mary Chain,2,0.0
6844,On the Wall,The Jesus and Mary Chain,2,0.0
6845,Berkeley Mews,The Kinks,2,0.0
6846,Days,The Kinks,2,0.0
6847,I  Don't Need You Any More (Previously Unrealeased),The Kinks,2,0.0
6848,I Gotta Go Now,The Kinks,2,0.0
6849,I Gotta Move,The Kinks,2,0.0
6850,I'm Not Like Everybody Else,The Kinks,2,0.0
6851,I've Got That Feeling,The Kinks,2,0.0
6852,"Louie, Louie",The Kinks,2,0.0
6853,Mr. Songbird,The Kinks,2,0.0
6854,Things Are Getting Better,The Kinks,2,0.0
6855,This Is Where I Belong,The Kinks,2,0.0
6856,Till the End of the Day,The Kinks,2,0.0
6857,To Much Monkey Business (Unrealeased Alternate Take),The Kinks,2,0.0
6858,You Do Something To Me,The Kinks,2,0.0
6859,You Still Want Me,The Kinks,2,0.0
6860,Bad Habit,The Offspring,2,0.0
6861,Come Out and Play,The Offspring,2,0.0
6862,Genocide,The Offspring,2,0.0
6863,Gotta Get Away,The Offspring,2,0.0
6864,It'll Be a Long Time,The Offspring,2,0.0
6865,Killboy Powerhead,The Offspring,2,0.0
6866,Nitro (Youth Energy),The Offspring,2,0.0
6867,Not the One,The Offspring,2,0.0
6868,Self Esteem,The Offspring,2,0.0
6869,Smash,The Offspring,2,0.0
6870,So Alone,The Offspring,2,0.0
6871,Something to Believe In,The Offspring,2,0.0
6872,What Happened to You?,The Offspring,2,0.0
6873,Bring On The Night,The Police,2,0.0
6874,Canary In A Coalmine,The Police,2,0.0
6875,Contact,The Police,2,0.0
6876,Darkness,The Police,2,0.0
6877,Deathwish,The Police,2,0.0
6878,Demolition Man,The Police,2,0.0
6879,Does Everyone Stare,The Police,2,0.0
6880,Every Little Thing She Does Is Magic,The Police,2,0.0
6881,Hungry For You (J'Aurais Toujours Faim De Toi),The Police,2,0.0
6882,Invisible Sun,The Police,2,0.0
6883,It's Alright For You,The Police,2,0.0
6884,Message in a Bottle,The Police,2,0.0
6885,No Time This Time,The Police,2,0.0
6886,Omegaman,The Police,2,0.0
6887,On Any Other Day,The Police,2,0.0
6888,One World (Not Three),The Police,2,0.0
6889,Reggatta De Blanc,The Police,2,0.0
6890,Rehumanize Yourself,The Police,2,0.0
6891,Secret Journey,The Police,2,0.0
6892,Spirits in the Material World,The Police,2,0.0
6893,The Bed's Too Big Without You,The Police,2,0.0
6894,Too Much Information,The Police,2,0.0
6895,Brass in Pocket,The Pretenders,2,0.0
6896,Precious,The Pretenders,2,0.0
6897,Private Life,The Pretenders,2,0.0
6898,Space Invader,The Pretenders,2,0.0
6899,Stop Your Sobbing,The Pretenders,2,0.0
6900,Tattooed Love Boys,The Pretenders,2,0.0
6901,The Phone Call,The Pretenders,2,0.0
6902,Up The Neck,The Pretenders,2,0.0
6903,Charly (Trip Into Drum and Bass version),The Prodigy,2,0.0
6904,Death of the Prodigy Dancers (live),The Prodigy,2,0.0
6905,Everybody in the Place (155 and Rising),The Prodigy,2,0.0
6906,Fire (Sunrise version),The Prodigy,2,0.0
6907,Hyperspeed (G-Force Part 2),The Prodigy,2,0.0
6908,Music Reach 1/2/3/4,The Prodigy,2,0.0
6909,Out of Space,The Prodigy,2,0.0
6910,Ruff in the Jungle Bizness,The Prodigy,2,0.0
6911,Weather Experience,The Prodigy,2,0.0
6912,Wind It Up,The Prodigy,2,0.0
6913,Your Love (remix),The Prodigy,2,0.0
6914,Ain't Too Proud To Beg,The Rolling Stones,2,0.0
6915,Angie,The Rolling Stones,2,0.0
6916,Cherry Oh Baby,The Rolling Stones,2,0.0
6917,Crazy Mama,The Rolling Stones,2,0.0
6918,Dance Little Sister,The Rolling Stones,2,0.0
6919,Dear Doctor,The Rolling Stones,2,0.0
6920,Doncha Bother Me,The Rolling Stones,2,0.0
6921,Fingerprint File,The Rolling Stones,2,0.0
6922,Flight 505,The Rolling Stones,2,0.0
6923,Fool to Cry,The Rolling Stones,2,0.0
6924,Goin' Home,The Rolling Stones,2,0.0
6925,Hand Of Fate,The Rolling Stones,2,0.0
6926,Hey Negrita,The Rolling Stones,2,0.0
6927,Hot Stuff,The Rolling Stones,2,0.0
6928,If You Can't Rock Me,The Rolling Stones,2,0.0
6929,If You Really Want To Be My Friend,The Rolling Stones,2,0.0
6930,Just Me Imagination,The Rolling Stones,2,0.0
6931,Luxury,The Rolling Stones,2,0.0
6932,Melody,The Rolling Stones,2,0.0
6933,Memory Motel,The Rolling Stones,2,0.0
6934,Out of Time,The Rolling Stones,2,0.0
6935,Parachute Woman,The Rolling Stones,2,0.0
6936,Short And Curlies,The Rolling Stones,2,0.0
6937,Till The Next Goodbye,The Rolling Stones,2,0.0
6938,Time Waits For No One,The Rolling Stones,2,0.0
6939,Annie-Dog,The Smashing Pumpkins,2,0.0
6940,Appels + Oranjes,The Smashing Pumpkins,2,0.0
6941,Behold! The Night Mare,The Smashing Pumpkins,2,0.0
6942,Blank Page,The Smashing Pumpkins,2,0.0
6943,Bury Me,The Smashing Pumpkins,2,0.0
6944,Crestfallen,The Smashing Pumpkins,2,0.0
6945,Crush,The Smashing Pumpkins,2,0.0
6946,Daydream,The Smashing Pumpkins,2,0.0
6947,Disarm,The Smashing Pumpkins,2,0.0
6948,Geek U.S.A.,The Smashing Pumpkins,2,0.0
6949,Hummer,The Smashing Pumpkins,2,0.0
6950,I Am One,The Smashing Pumpkins,2,0.0
6951,Lily (My One and Only),The Smashing Pumpkins,2,0.0
6952,Luna,The Smashing Pumpkins,2,0.0
6953,Mayonaise,The Smashing Pumpkins,2,0.0
6954,Pug,The Smashing Pumpkins,2,0.0
6955,Quiet,The Smashing Pumpkins,2,0.0
6956,Rhinoceros,The Smashing Pumpkins,2,0.0
6957,Rocket,The Smashing Pumpkins,2,0.0
6958,Shame,The Smashing Pumpkins,2,0.0
6959,Silverfuck,The Smashing Pumpkins,2,0.0
6960,Snail,The Smashing Pumpkins,2,0.0
6961,Spaceboy,The Smashing Pumpkins,2,0.0
6962,Suffer,The Smashing Pumpkins,2,0.0
6963,Sweet Sweet,The Smashing Pumpkins,2,0.0
6964,Tear,The Smashing Pumpkins,2,0.0
6965,The Tale of Dusty and Pistol Pete,The Smashing Pumpkins,2,0.0
6966,This Time,The Smashing Pumpkins,2,0.0
6967,Tristessa,The Smashing Pumpkins,2,0.0
6968,"Try, Try, Try",The Smashing Pumpkins,2,0.0
6969,Window Paine,The Smashing Pumpkins,2,0.0
6970,Barbarism Begins at Home,The Smiths,2,0.0
6971,Bigmouth Strikes Again,The Smiths,2,0.0
6972,Cemetry Gates,The Smiths,2,0.0
6973,Death of a Disco Dancer,The Smiths,2,0.0
6974,Girlfriend in a Coma,The Smiths,2,0.0
6975,Handsome Devil,The Smiths,2,0.0
6976,I Started Something I Couldn't Finish,The Smiths,2,0.0
6977,I Won't Share You,The Smiths,2,0.0
6978,Last Night I Dreamt That Somebody Loved Me,The Smiths,2,0.0
6979,Meat Is Murder,The Smiths,2,0.0
6980,Never Had No One Ever,The Smiths,2,0.0
6981,"Please, Please, Please, Let Me Get What I Want",The Smiths,2,0.0
6982,The Hand That Rocks the Cradle,The Smiths,2,0.0
6983,This Night Has Opened My Eyes,The Smiths,2,0.0
6984,Well I Wonder,The Smiths,2,0.0
6985,Blank Expression,The Specials,2,0.0
6986,Do the Dog,The Specials,2,0.0
6987,Enjoy Yourself,The Specials,2,0.0
6988,Man at C & A,The Specials,2,0.0
6989,Nite Klub,The Specials,2,0.0
6990,War Crimes,The Specials,2,0.0
6991,Why?,The Specials,2,0.0
6992,When It Started,The Strokes,2,0.0
6993,Bustin' Surfboards,The Tornadoes,2,0.0
6994,A New Decade,The Verve,2,0.0
6995,A Northern Soul,The Verve,2,0.0
6996,Brainstorm Interlude,The Verve,2,0.0
6997,Drive You Home,The Verve,2,0.0
6998,History,The Verve,2,0.0
6999,No Knock On My Door,The Verve,2,0.0
7000,On Your Own,The Verve,2,0.0
7001,So It Goes,The Verve,2,0.0
7002,This Is Music,The Verve,2,0.0
7003,1969,The Vines,2,0.0
7004,Ain't No Room,The Vines,2,0.0
7005,Autumn Shade,The Vines,2,0.0
7006,Country Yard,The Vines,2,0.0
7007,Factory,The Vines,2,0.0
7008,Homesick,The Vines,2,0.0
7009,In the Jungle,The Vines,2,0.0
7010,Sunshinin,The Vines,2,0.0
7011,Ball and Biscuit,The White Stripes,2,0.0
7012,A Legal Matter,The Who,2,0.0
7013,"Blue, Red and Grey",The Who,2,0.0
7014,Dreaming from the Waist,The Who,2,0.0
7015,How Many Friends,The Who,2,0.0
7016,However Much I Booze,The Who,2,0.0
7017,I'm a Man,The Who,2,0.0
7018,I'm Free,The Who,2,0.0
7019,Imagine a Man,The Who,2,0.0
7020,In a Hand or a Face,The Who,2,0.0
7021,It's Hard,The Who,2,0.0
7022,It's Not True,The Who,2,0.0
7023,La-La-La Lies,The Who,2,0.0
7024,Much Too Much,The Who,2,0.0
7025,Out in the Street,The Who,2,0.0
7026,"Please, Please, Please",The Who,2,0.0
7027,Run Run Run,The Who,2,0.0
7028,Slip Kid,The Who,2,0.0
7029,Squeeze Box,The Who,2,0.0
7030,Success Story,The Who,2,0.0
7031,The Good's Gone,The Who,2,0.0
7032,The Kids Are Alright,The Who,2,0.0
7033,The Ox,The Who,2,0.0
7034,They Are All in Love,The Who,2,0.0
7035,Good Morning Little School Girl,The Yardbirds,2,0.0
7036,I Got Love If You Want It,The Yardbirds,2,0.0
7037,Smokestack Lightnin',The Yardbirds,2,0.0
7038,Too Much Monkey Business,The Yardbirds,2,0.0
7039,Black Boys,Thin Lizzy,2,0.0
7040,Broken Dreams,Thin Lizzy,2,0.0
7041,Gonna Creep Up on You,Thin Lizzy,2,0.0
7042,Randolph's Tango,Thin Lizzy,2,0.0
7043,Slow Blues,Thin Lizzy,2,0.0
7044,The hero and madman,Thin Lizzy,2,0.0
7045,The Rocker,Thin Lizzy,2,0.0
7046,Vagabond Of The Western World,Thin Lizzy,2,0.0
7047,Black Swan,Thom Yorke,2,0.0
7048,Skip Divided,Thom Yorke,2,0.0
7049,The Clock,Thom Yorke,2,0.0
7050,4 Degrees,Tool,2,0.0
7051,Bottom,Tool,2,0.0
7052,Crawl Away,Tool,2,0.0
7053,Disgustipated,Tool,2,0.0
7054,Flood,Tool,2,0.0
7055,Intolerance,Tool,2,0.0
7056,Prison Sex,Tool,2,0.0
7057,Sober,Tool,2,0.0
7058,Swamp Song,Tool,2,0.0
7059,Undertow,Tool,2,0.0
7060,All I Want To Do Is Rock,Travis,2,0.0
7061,Good Day to Die,Travis,2,0.0
7062,The Line Is Fine,Travis,2,0.0
7063,U16 Girls,Travis,2,0.0
7064,Abbaon Fat Tracks,Tricky,2,0.0
7065,Aftermath,Tricky,2,0.0
7066,Black Steel,Tricky,2,0.0
7067,Brand New You're Retro,Tricky,2,0.0
7068,Feed Me,Tricky,2,0.0
7069,Hell Is Around The Corner,Tricky,2,0.0
7070,Overcome,Tricky,2,0.0
7071,Ponderosa,Tricky,2,0.0
7072,Pumpkin,Tricky,2,0.0
7073,Strugglin',Tricky,2,0.0
7074,Suffocated Love,Tricky,2,0.0
7075,You Don't,Tricky,2,0.0
7076,Discotheque,U2,2,0.0
7077,Exit,U2,2,0.0
7078,Some Days Are Better Than Others,U2,2,0.0
7079,Born Slippy,Underworld,2,0.0
7080,Arrows,Vampire Weekend,2,0.0
7081,Bryn,Vampire Weekend,2,0.0
7082,Cape Cod Kwassa Kwassa,Vampire Weekend,2,0.0
7083,I Stand Corrected,Vampire Weekend,2,0.0
7084,Ladies of Cambridge,Vampire Weekend,2,0.0
7085,M79,Vampire Weekend,2,0.0
7086,Mansard Roof,Vampire Weekend,2,0.0
7087,One (Blake's Got a New Face),Vampire Weekend,2,0.0
7088,Oxford Comma,Vampire Weekend,2,0.0
7089,The Kids Don't Stand a Chance,Vampire Weekend,2,0.0
7090,And It Stoned Me,Van Morrison,2,0.0
7091,Baby Please Don't Go,Van Morrison,2,0.0
7092,Bright Side Of The Road,Van Morrison,2,0.0
7093,Brown Eyed Girl,Van Morrison,2,0.0
7094,Did Ye Get Healed,Van Morrison,2,0.0
7095,Domino,Van Morrison,2,0.0
7096,Full Force Gale,Van Morrison,2,0.0
7097,Gloria,Van Morrison,2,0.0
7098,Have I Told You Lately,Van Morrison,2,0.0
7099,Here Comes The Night,Van Morrison,2,0.0
7100,Jackie Wilson Said,Van Morrison,2,0.0
7101,Moondance,Van Morrison,2,0.0
7102,Sweet Thing,Van Morrison,2,0.0
7103,Warm Love,Van Morrison,2,0.0
7104,Wonderful Remark,Van Morrison,2,0.0
7105,Vivir Para Contarlo,Violadores del Verso,2,0.0
7106,We're Just Friends,Wilco,2,0.0
7107,Bring da Ruckus,Wu-Tang Clan,2,0.0
7108,C.R.E.A.M.,Wu-Tang Clan,2,0.0
7109,Can It Be All So Simple,Wu-Tang Clan,2,0.0
7110,Clan in da Front,Wu-Tang Clan,2,0.0
7111,Da Mystery of Chessboxin',Wu-Tang Clan,2,0.0
7112,Shame on a Nigga,Wu-Tang Clan,2,0.0
7113,Wu-Tang Clan Ain't Nuthing Ta F' Wit,Wu-Tang Clan,2,0.0
7114,Wu-Tang: 7th Chamber,Wu-Tang Clan,2,0.0
7115,All Along the Watchtower,XTC,2,0.0
7116,Cross Wires,XTC,2,0.0
7117,Do What You Do,XTC,2,0.0
7118,I'll Set Myself On Fire,XTC,2,0.0
7119,I'm Bugged,XTC,2,0.0
7120,Into the Atom Age,XTC,2,0.0
7121,New Town Animal In A Furnished Cage,XTC,2,0.0
7122,Radios in Motion,XTC,2,0.0
7123,Statue Of Liberty,XTC,2,0.0
7124,This Is Pop,XTC,2,0.0
7125,Dragon Queen,Yeah Yeah Yeahs,2,0.0
7126,Dull Life,Yeah Yeah Yeahs,2,0.0
7127,Hysteric,Yeah Yeah Yeahs,2,0.0
7128,Little Shadow,Yeah Yeah Yeahs,2,0.0
7129,Runaway,Yeah Yeah Yeahs,2,0.0
7130,Shame and Fortune,Yeah Yeah Yeahs,2,0.0
7131,Skeletons,Yeah Yeah Yeahs,2,0.0
7132,Soft Shock,Yeah Yeah Yeahs,2,0.0
7133,America,Yes,2,0.0
7134,Cans and Brahms,Yes,2,0.0
7135,Five Per Cent for Nothing,Yes,2,0.0
7136,Heart of the Sunrise,Yes,2,0.0
7137,Long Distance Runaround,Yes,2,0.0
7138,Mood for a Day,Yes,2,0.0
7139,Roundabout,Yes,2,0.0
7140,Roundabout (early rough mix),Yes,2,0.0
7141,South Side of the Sky,Yes,2,0.0
7142,The Fish (Schindleria Praematurus),Yes,2,0.0
7143,We Have Heaven,Yes,2,0.0
7144,Cowboys,Portishead,1,0.0
7145,Elysium,Portishead,1,0.0
7146,Undenied,Portishead,1,0.0
7147,Europe Endless,Kraftwerk,1,0.0
7148,The Hall of Mirrors,Kraftwerk,1,0.0
7149,Showroom Dummies,Kraftwerk,1,0.0
7150,Metal on Metal,Kraftwerk,1,0.0
7151,Scarecrow,Pink Floyd,1,0.0
7152,Cybele's Reverie,Stereolab,1,0.0
7153,Les Yper-sound,Stereolab,1,0.0
7154,Spark Plug,Stereolab,1,0.0
7155,Emperor Tomato Ketchup,Stereolab,1,0.0
7156,Slow Fast Hazel,Stereolab,1,0.0
7157,Holiday in Cambodia,Dead Kennedys,1,0.0
7158,Viva Las Vegas,Dead Kennedys,1,0.0
7159,Chemical Warfare,Dead Kennedys,1,0.0
7160,Drug Me,Dead Kennedys,1,0.0
7161,Kill the Poor,Dead Kennedys,1,0.0
7162,Let's Lynch the Landlord,Dead Kennedys,1,0.0
7163,Airwaves,Kraftwerk,1,0.0
7164,Antenna,Kraftwerk,1,0.0
7165,Geiger Counter,Kraftwerk,1,0.0
7166,Intermission,Kraftwerk,1,0.0
7167,News,Kraftwerk,1,0.0
7168,Ohm Sweet Ohm,Kraftwerk,1,0.0
7169,Radioland,Kraftwerk,1,0.0
7170,The Voice of Energy,Kraftwerk,1,0.0
7171,Transistor,Kraftwerk,1,0.0
7172,Uranium,Kraftwerk,1,0.0
7173,Gimme Danger,The Stooges,1,0.0
7174,I Need Somebody,The Stooges,1,0.0
7175,Ladies and Gentlemen We Are Floating in Space,Spiritualized,1,0.0
7176,"So Long, Marianne",Leonard Cohen,1,0.0
7177,Ain't No Right,Jane's Addiction,1,0.0
7178,Obvious,Jane's Addiction,1,0.0
7179,Atmosphere,Joy Division,1,0.0
7180,Dead Souls,Joy Division,1,0.0
7181,Novelty,Joy Division,1,0.0
7182,Transmission,Joy Division,1,0.0
7183,Hallo Spaceboy,David Bowie,1,0.0
7184,O Maria,Beck,1,0.0
7185,Runners Dial Zero,Beck,1,0.0
7186,Sing It Again,Beck,1,0.0
7187,Static,Beck,1,0.0
7188,Search and Destroy,The Stooges,1,0.0
7189,Intro,De La Soul,1,0.0
7190,Old to Begin,Pavement,1,0.0
7191,Transport Is Arranged,Pavement,1,0.0
7192,Secret Girl,Sonic Youth,1,0.0
7193,A Warm Place,Nine Inch Nails,1,0.0
7194,Something I Can Never Have,Nine Inch Nails,1,0.0
7195,Eye Know,De La Soul,1,0.0
7196,"Hold It Now, Hit It",Beastie Boys,1,0.0
7197,The Ballad of John and Yoko,The Beatles,1,0.0
7198,Pimpf,Depeche Mode,1,0.0
7199,Something to Do,Depeche Mode,1,0.0
7200,Stripped,Depeche Mode,1,0.0
7201,"If It Doesn't Come Naturally, Leave It",Al Stewart,1,0.0
7202,Lord Grenville,Al Stewart,1,0.0
7203,Midas Shadow,Al Stewart,1,0.0
7204,On the Border,Al Stewart,1,0.0
7205,One Stage Before,Al Stewart,1,0.0
7206,Sand in Your Shoes,Al Stewart,1,0.0
7207,07. El hospital,Alaska y Los Pegamoides,1,0.0
7208,Alma Mater,Alice Cooper,1,0.0
7209,Billion Dollar Babies,Alice Cooper,1,0.0
7210,Blue Turk,Alice Cooper,1,0.0
7211,Cold Ethyl,Alice Cooper,1,0.0
7212,Department of Youth,Alice Cooper,1,0.0
7213,Devil's Food,Alice Cooper,1,0.0
7214,Elected,Alice Cooper,1,0.0
7215,Escape,Alice Cooper,1,0.0
7216,Generation Landslide,Alice Cooper,1,0.0
7217,Grande Finale,Alice Cooper,1,0.0
7218,Gutter Cat Vs. The Jets,Alice Cooper,1,0.0
7219,Hello Hooray,Alice Cooper,1,0.0
7220,I Love The Dead,Alice Cooper,1,0.0
7221,Luney Tune,Alice Cooper,1,0.0
7222,Mary Ann,Alice Cooper,1,0.0
7223,My Stars,Alice Cooper,1,0.0
7224,No More Mr. Nice Guy,Alice Cooper,1,0.0
7225,Public Animal #9,Alice Cooper,1,0.0
7226,Raped And Freezin',Alice Cooper,1,0.0
7227,School's Out,Alice Cooper,1,0.0
7228,Sick Things,Alice Cooper,1,0.0
7229,Some Folks,Alice Cooper,1,0.0
7230,Steven,Alice Cooper,1,0.0
7231,Street Fight,Alice Cooper,1,0.0
7232,The Awakening,Alice Cooper,1,0.0
7233,The Black Widow,Alice Cooper,1,0.0
7234,Unfinished Sweet,Alice Cooper,1,0.0
7235,Welcome to My Nightmare,Alice Cooper,1,0.0
7236,Years Ago,Alice Cooper,1,0.0
7237,Que pasa nen,Alizzz,1,0.0
7238,Clonazepán y circo,Andrés Calamaro,1,0.0
7239,Eclipsado,Andrés Calamaro,1,0.0
7240,El día de la mujer mundial,Andrés Calamaro,1,0.0
7241,El tren que pasa,Andrés Calamaro,1,0.0
7242,Hacer el tonto,Andrés Calamaro,1,0.0
7243,La parte de adelante,Andrés Calamaro,1,0.0
7244,Las dos cosas,Andrés Calamaro,1,0.0
7245,Los Aviones,Andrés Calamaro,1,0.0
7246,Más duele,Andrés Calamaro,1,0.0
7247,Me pierdo,Andrés Calamaro,1,0.0
7248,Mi propia trampa,Andrés Calamaro,1,0.0
7249,Mi quebranto,Andrés Calamaro,1,0.0
7250,Negrita,Andrés Calamaro,1,0.0
7251,No tan Buenos Aires,Andrés Calamaro,1,0.0
7252,Son las nueve,Andrés Calamaro,1,0.0
7253,Victoria y soledad,Andrés Calamaro,1,0.0
7254,Voy a dormir,Andrés Calamaro,1,0.0
7255,Come to Daddy,Aphex Twin,1,0.0
7256,Afterlife,Arcade Fire,1,0.0
7257,Awful Sound (Oh Eurydice),Arcade Fire,1,0.0
7258,City With No Children,Arcade Fire,1,0.0
7259,Deep Blue,Arcade Fire,1,0.0
7260,Empty Room,Arcade Fire,1,0.0
7261,Flashbulb Eyes,Arcade Fire,1,0.0
7262,Half Light I,Arcade Fire,1,0.0
7263,Half Light II (No Celebration),Arcade Fire,1,0.0
7264,Here Comes the Night Time,Arcade Fire,1,0.0
7265,Here Comes the Night Time II,Arcade Fire,1,0.0
7266,It’s Never Over (Hey Orpheus),Arcade Fire,1,0.0
7267,Joan of Arc,Arcade Fire,1,0.0
7268,Modern Man,Arcade Fire,1,0.0
7269,Month of May,Arcade Fire,1,0.0
7270,My Body Is a Cage,Arcade Fire,1,0.0
7271,No Cars Go,Arcade Fire,1,0.0
7272,Normal Person,Arcade Fire,1,0.0
7273,Ocean of Noise,Arcade Fire,1,0.0
7274,Porno,Arcade Fire,1,0.0
7275,Ready to Start,Arcade Fire,1,0.0
7276,Reflektor,Arcade Fire,1,0.0
7277,Sprawl I (Flatland),Arcade Fire,1,0.0
7278,Sprawl II (Mountains Beyond Mountains),Arcade Fire,1,0.0
7279,Suburban War,Arcade Fire,1,0.0
7280,The Suburbs,Arcade Fire,1,0.0
7281,The Suburbs (Continued),Arcade Fire,1,0.0
7282,Wasted Hours,Arcade Fire,1,0.0
7283,We Used to Wait,Arcade Fire,1,0.0
7284,Windowsill,Arcade Fire,1,0.0
7285,You Already Know,Arcade Fire,1,0.0
7286,505,Arctic Monkeys,1,0.0
7287,Balaclava,Arctic Monkeys,1,0.0
7288,D Is for Dangerous,Arctic Monkeys,1,0.0
7289,Dance Little Liar,Arctic Monkeys,1,0.0
7290,Dangerous Animals,Arctic Monkeys,1,0.0
7291,Do Me a Favour,Arctic Monkeys,1,0.0
7292,Fire and the Thud,Arctic Monkeys,1,0.0
7293,Fluorescent Adolescent,Arctic Monkeys,1,0.0
7294,From the Ritz to the Rubble,Arctic Monkeys,1,0.0
7295,If You Where There Beware,Arctic Monkeys,1,0.0
7296,My Propeller,Arctic Monkeys,1,0.0
7297,Old Yellow Bricks,Arctic Monkeys,1,0.0
7298,Only Ones Who Know,Arctic Monkeys,1,0.0
7299,Perhaps Vampires Is a Bit Strong But...,Arctic Monkeys,1,0.0
7300,Potion Approaching,Arctic Monkeys,1,0.0
7301,Pretty Visitors,Arctic Monkeys,1,0.0
7302,Red Light Indicates Doors Are Secured,Arctic Monkeys,1,0.0
7303,Secret Door,Arctic Monkeys,1,0.0
7304,Still Take You Home,Arctic Monkeys,1,0.0
7305,Teddy Picker,Arctic Monkeys,1,0.0
7306,The Bad Thing,Arctic Monkeys,1,0.0
7307,The Jeweller's Hands,Arctic Monkeys,1,0.0
7308,This House Is a Circus,Arctic Monkeys,1,0.0
7309,You Probably Couldn't See for the Lights but You Were Staring Straight at Me,Arctic Monkeys,1,0.0
7310,Adios Mundo Cruel,Ariel Rot,1,0.0
7311,Bruma En La Castellana,Ariel Rot,1,0.0
7312,Me estás atrapando otra vez,Ariel Rot,1,0.0
7313,Vicios Caros,Ariel Rot,1,0.0
7314,Aphrodite,Ash,1,0.0
7315,Burn Out,Ash,1,0.0
7316,Death Trip 21,Ash,1,0.0
7317,Folk Song,Ash,1,0.0
7318,Fortune Teller,Ash,1,0.0
7319,I'm Gonna Fall,Ash,1,0.0
7320,Numbskull,Ash,1,0.0
7321,Wild Surf,Ash,1,0.0
7322,Hole in My Head,Australian Blonde,1,0.0
7323,Howlin' Down,Australian Blonde,1,0.0
7324,I'm Really Famous,Australian Blonde,1,0.0
7325,In Town,Australian Blonde,1,0.0
7326,It´s over,Australian Blonde,1,0.0
7327,My House,Australian Blonde,1,0.0
7328,Precious Love,Australian Blonde,1,0.0
7329,You Came,Australian Blonde,1,0.0
7330,Delivery,Babyshambles,1,0.0
7331,Anxiety,Bad Religion,1,0.0
7332,Automatic Man,Bad Religion,1,0.0
7333,Big Bang,Bad Religion,1,0.0
7334,Billy,Bad Religion,1,0.0
7335,Change of Ideas,Bad Religion,1,0.0
7336,Forbidden Beat,Bad Religion,1,0.0
7337,Henchman,Bad Religion,1,0.0
7338,I Want Something More,Bad Religion,1,0.0
7339,I Want to Conquer the World,Bad Religion,1,0.0
7340,It Must Look Pretty Appealing,Bad Religion,1,0.0
7341,Land of Competition,Bad Religion,1,0.0
7342,No Control,Bad Religion,1,0.0
7343,Progress,Bad Religion,1,0.0
7344,Sanity,Bad Religion,1,0.0
7345,Sometimes I Feel Like,Bad Religion,1,0.0
7346,The World Won't Stop,Bad Religion,1,0.0
7347,You,Bad Religion,1,0.0
7348,Casi Me Mato,Barón Rojo,1,0.0
7349,El Malo,Barón Rojo,1,0.0
7350,África,Barricada,1,0.0
7351,Alicia,Barricada,1,0.0
7352,Cada Noche,Barricada,1,0.0
7353,Da Igual Donde Acabar,Barricada,1,0.0
7354,Deja Que Esto No Acabe Nunca,Barricada,1,0.0
7355,Derriba,Barricada,1,0.0
7356,El Mejor De Tus Días,Barricada,1,0.0
7357,La Araña,Barricada,1,0.0
7358,La puerta de atrás,Barricada,1,0.0
7359,Ninguna Bandera,Barricada,1,0.0
7360,No Sé Bien Porqué,Barricada,1,0.0
7361,Para Llegar A Tu Cita,Barricada,1,0.0
7362,Revuelta De Piedras,Barricada,1,0.0
7363,Romper Mi Corazón,Barricada,1,0.0
7364,Sin Poderme Encontrar,Barricada,1,0.0
7365,Soy Tuyo,Barricada,1,0.0
7366,Tu Nombre,Barricada,1,0.0
7367,Vieja satisfacción,Barricada,1,0.0
7368,Brass Monkey,Beastie Boys,1,0.0
7369,Girls,Beastie Boys,1,0.0
7370,"Hold It Now, Hit It",Beastie Boys,1,0.0
7371,No Sleep Till Brooklyn,Beastie Boys,1,0.0
7372,Paul Revere,Beastie Boys,1,0.0
7373,Posse in Effect,Beastie Boys,1,0.0
7374,Rhymin and Stealin,Beastie Boys,1,0.0
7375,She's Crafty,Beastie Boys,1,0.0
7376,Slow Ride,Beastie Boys,1,0.0
7377,The New Style,Beastie Boys,1,0.0
7378,Derelict,Beck,1,0.0
7379,Devils Haircut,Beck,1,0.0
7380,Diskobox (International Only Bonus Track),Beck,1,0.0
7381,High 5 (Rock The Catskills),Beck,1,0.0
7382,Hotwax,Beck,1,0.0
7383,Jack-Ass,Beck,1,0.0
7384,Lord Only Knows,Beck,1,0.0
7385,Minus,Beck,1,0.0
7386,O Maria,Beck,1,0.0
7387,Ramshackle,Beck,1,0.0
7388,Readymade,Beck,1,0.0
7389,Runners Dial Zero,Beck,1,0.0
7390,Sing It Again,Beck,1,0.0
7391,Sissyneck,Beck,1,0.0
7392,Static,Beck,1,0.0
7393,The New Pollution,Beck,1,0.0
7394,Where It's At,Beck,1,0.0
7395,Country Lanes,Bee Gees,1,0.0
7396,Living Eyes,Bee Gees,1,0.0
7397,Stop (Think Again),Bee Gees,1,0.0
7398,Ease Your Feet in the Sea,Belle and Sebastian,1,0.0
7399,Is It Wicked Not to Care?,Belle and Sebastian,1,0.0
7400,It Could Have Been a Brilliant Career,Belle and Sebastian,1,0.0
7401,Sleep the Clock Around,Belle and Sebastian,1,0.0
7402,Catch My Fall,Billy Idol,1,0.0
7403,Cradle of Love,Billy Idol,1,0.0
7404,Don't Need A Gun (Single Edit),Billy Idol,1,0.0
7405,Flesh for Fantasy,Billy Idol,1,0.0
7406,Mony Mony,Billy Idol,1,0.0
7407,Rebell Yell,Billy Idol,1,0.0
7408,Shock to the System,Billy Idol,1,0.0
7409,Sweet Sixteen,Billy Idol,1,0.0
7410,To Be a Lover,Billy Idol,1,0.0
7411,Reverend Black Grape,Black Grape,1,0.0
7412,All Moving Parts (Stand Still),Black Sabbath,1,0.0
7413,Am I Going Insane (Radio),Black Sabbath,1,0.0
7414,Back Street Kids,Black Sabbath,1,0.0
7415,Dirty Women,Black Sabbath,1,0.0
7416,Fairies Wear Boots,Black Sabbath,1,0.0
7417,Gypsy,Black Sabbath,1,0.0
7418,It's Alright,Black Sabbath,1,0.0
7419,Rock 'N' Roll Doctor,Black Sabbath,1,0.0
7420,She's Gone,Black Sabbath,1,0.0
7421,Shock Wave,Black Sabbath,1,0.0
7422,The Writ + Blow on a Jug,Black Sabbath,1,0.0
7423,You Won't Change Me,Black Sabbath,1,0.0
7424,A Past and Future Secret,Blind Guardian,1,0.0
7425,And the Story Ends,Blind Guardian,1,0.0
7426,Another Holy War,Blind Guardian,1,0.0
7427,Born In A Mourning Hall,Blind Guardian,1,0.0
7428,Bright Eyes,Blind Guardian,1,0.0
7429,I'm Alive,Blind Guardian,1,0.0
7430,Imaginations from the Other Side,Blind Guardian,1,0.0
7431,Mordred's Song,Blind Guardian,1,0.0
7432,The Script for My Requiem,Blind Guardian,1,0.0
7433,What's My Age Again?,blink-182,1,0.0
7434,(I'm Always Touched By Your) Presence Dear,Blondie,1,0.0
7435,A Shark In Jets Clothing,Blondie,1,0.0
7436,Accidents Never Happen,Blondie,1,0.0
7437,Bermuda Triangle Blues (Flight 45),Blondie,1,0.0
7438,Cautious Lip,Blondie,1,0.0
7439,Contact in Red Square,Blondie,1,0.0
7440,Denis,Blondie,1,0.0
7441,Detroit 442,Blondie,1,0.0
7442,Die Young Stay Pretty,Blondie,1,0.0
7443,Eat to the Beat,Blondie,1,0.0
7444,Fan Mail,Blondie,1,0.0
7445,I Didn't Have the Nerve to Say No,Blondie,1,0.0
7446,I'm on E,Blondie,1,0.0
7447,In the Flesh,Blondie,1,0.0
7448,In the Sun,Blondie,1,0.0
7449,Kidnapper,Blondie,1,0.0
7450,Kung Fu Girls,Blondie,1,0.0
7451,Little Girl Lies,Blondie,1,0.0
7452,Living In The Real World,Blondie,1,0.0
7453,Look Good in Blue,Blondie,1,0.0
7454,Love at the Pier,Blondie,1,0.0
7455,Man Overboard,Blondie,1,0.0
7456,No Imagination,Blondie,1,0.0
7457,Rifle Range,Blondie,1,0.0
7458,Rip Her to Shreds,Blondie,1,0.0
7459,Slow Motion,Blondie,1,0.0
7460,Sound-A-Sleep,Blondie,1,0.0
7461,The Attack Of The Giant Ants,Blondie,1,0.0
7462,Victor,Blondie,1,0.0
7463,X Offender,Blondie,1,0.0
7464,Youth Nabbed as Sniper,Blondie,1,0.0
7465,Bang (Extended Version),Blur,1,0.0
7466,Beagle 2,Blur,1,0.0
7467,Beetlebum (Moby's Mix),Blur,1,0.0
7468,Chemical World (including 'Intermission'),Blur,1,0.0
7469,Colin Zeal [Live At Wolverhampton Civic Hall 6-9-2012],Blur,1,0.0
7470,Country House (Live),Blur,1,0.0
7471,Death of a Party (7'' Remix),Blur,1,0.0
7472,End of a Century (Acoustic Version),Blur,1,0.0
7473,Es Schmecht,Blur,1,0.0
7474,For Tomorrow (Live),Blur,1,0.0
7475,French Song,Blur,1,0.0
7476,Girls And Boys (Live),Blur,1,0.0
7477,Hanging Over,Blur,1,0.0
7478,I Got Law (Demo),Blur,1,0.0
7479,"Jubilee (Acoustic, BBC Live Version)",Blur,1,0.0
7480,Maggie May,Blur,1,0.0
7481,"Me, White Noise (Alternate Version)",Blur,1,0.0
7482,Morricone,Blur,1,0.0
7483,Movin' On (William Orbit Mix),Blur,1,0.0
7484,Mr Briggs [BBC Maida Vale Session],Blur,1,0.0
7485,"Parklife (Acoustic, BBC Live Version)",Blur,1,0.0
7486,Red Necks,Blur,1,0.0
7487,So You,Blur,1,0.0
7488,Some Glad Morning,Blur,1,0.0
7489,The Man Who Left Himself,Blur,1,0.0
7490,The Outsider,Blur,1,0.0
7491,The Puritan [Live from 13 - Matt Butcher Mix],Blur,1,0.0
7492,There's No Other Way (Blur Remix),Blur,1,0.0
7493,This Is a Low (Live Acoustic Version),Blur,1,0.0
7494,To the End (French Version),Blur,1,0.0
7495,Trade Stylee (Alex's Bugman Remix),Blur,1,0.0
7496,Under the Westway (acoustic),Blur,1,0.0
7497,Under The Westway (Instrumental),Blur,1,0.0
7498,Under the Westway [Live from 13 - Matt Butcher Mix],Blur,1,0.0
7499,Under the Westway/Commercial Break,Blur,1,0.0
7500,When the Cows Come Home,Blur,1,0.0
7501,Young & Lovely,Blur,1,0.0
7502,Young and Lovely [Live At Wolverhampton Civic Hall 6-9-2012],Blur,1,0.0
7503,A Hard Rain's a-Gonna Fall,Bob Dylan,1,0.0
7504,Blowin' in the Wind,Bob Dylan,1,0.0
7505,Bob Dylan's 115th Dream,Bob Dylan,1,0.0
7506,Bob Dylan's Blues,Bob Dylan,1,0.0
7507,Boots of Spanish Leather,Bob Dylan,1,0.0
7508,Down the Highway,Bob Dylan,1,0.0
7509,Gates of Eden,Bob Dylan,1,0.0
7510,Girl From the North Country,Bob Dylan,1,0.0
7511,"It's All Over Now, Baby Blue",Bob Dylan,1,0.0
7512,"It's Alright, Ma (I'm Only Bleeding)",Bob Dylan,1,0.0
7513,"Love Minus Zero, No Limit",Bob Dylan,1,0.0
7514,Maggie's Farm,Bob Dylan,1,0.0
7515,Masters of War,Bob Dylan,1,0.0
7516,Mr. Tambourine Man,Bob Dylan,1,0.0
7517,North Country Blues,Bob Dylan,1,0.0
7518,On the Road Again,Bob Dylan,1,0.0
7519,One Too Many Mornings,Bob Dylan,1,0.0
7520,Only a Pawn in Their Game,Bob Dylan,1,0.0
7521,Outlaw Blues,Bob Dylan,1,0.0
7522,Restless Farewell,Bob Dylan,1,0.0
7523,She Belongs to Me,Bob Dylan,1,0.0
7524,Subterranean Homesick Blues,Bob Dylan,1,0.0
7525,The Lonesome Death of Hattie Carroll,Bob Dylan,1,0.0
7526,When the Ship Comes In,Bob Dylan,1,0.0
7527,Cría Cuervos,Boikot,1,0.0
7528,Cuentos Immorales,Boikot,1,0.0
7529,El Anarka De Noe,Boikot,1,0.0
7530,El Estado del ''Malestar'',Boikot,1,0.0
7531,Fausto Holokausto,Boikot,1,0.0
7532,Happy Money,Boikot,1,0.0
7533,La Noche Más Larga,Boikot,1,0.0
7534,La Pantera Roja,Boikot,1,0.0
7535,Los Ojos de la Calle,Boikot,1,0.0
7536,Piromanía,Boikot,1,0.0
7537,Saltando Ska-Lones,Boikot,1,0.0
7538,Segunda Sesión,Boikot,1,0.0
7539,SerrindeMadriz,Boikot,1,0.0
7540,Sinfonía de Pitos y Claxones,Boikot,1,0.0
7541,"4th of July, Asbury Park",Bruce Springsteen,1,0.0
7542,Adam Raised a Cain,Bruce Springsteen,1,0.0
7543,Badlands,Bruce Springsteen,1,0.0
7544,Bobby Jean,Bruce Springsteen,1,0.0
7545,Cadillac Ranch,Bruce Springsteen,1,0.0
7546,Candy's Room,Bruce Springsteen,1,0.0
7547,Cover Me,Bruce Springsteen,1,0.0
7548,Dancing in the Dark,Bruce Springsteen,1,0.0
7549,Darkness on the Edge of Town,Bruce Springsteen,1,0.0
7550,Darlington County,Bruce Springsteen,1,0.0
7551,Does This Bus Stop At 82nd Street,Bruce Springsteen,1,0.0
7552,Downbound Train,Bruce Springsteen,1,0.0
7553,Drive All Night,Bruce Springsteen,1,0.0
7554,Factory,Bruce Springsteen,1,0.0
7555,Fade Away,Bruce Springsteen,1,0.0
7556,For You,Bruce Springsteen,1,0.0
7557,Glory Days,Bruce Springsteen,1,0.0
7558,I'm a Rocker,Bruce Springsteen,1,0.0
7559,I'm Goin' Down,Bruce Springsteen,1,0.0
7560,I'm on Fire,Bruce Springsteen,1,0.0
7561,Incident on 57th Street,Bruce Springsteen,1,0.0
7562,Independence Day,Bruce Springsteen,1,0.0
7563,It's Hard to Be a Saint in the City,Bruce Springsteen,1,0.0
7564,Jackson Cage,Bruce Springsteen,1,0.0
7565,Kitty's Back,Bruce Springsteen,1,0.0
7566,Lost in the Flood,Bruce Springsteen,1,0.0
7567,Mary Queen of Arkansas,Bruce Springsteen,1,0.0
7568,My Hometown,Bruce Springsteen,1,0.0
7569,New York City Serenade,Bruce Springsteen,1,0.0
7570,No Surrender,Bruce Springsteen,1,0.0
7571,Point Blank,Bruce Springsteen,1,0.0
7572,Prove It All Night,Bruce Springsteen,1,0.0
7573,Racing in the Street,Bruce Springsteen,1,0.0
7574,Ramrod,Bruce Springsteen,1,0.0
7575,Rosalita (Come Out Tonight),Bruce Springsteen,1,0.0
7576,Sherry Darling,Bruce Springsteen,1,0.0
7577,Something in the Night,Bruce Springsteen,1,0.0
7578,Spirit in the Night,Bruce Springsteen,1,0.0
7579,Stolen Car,Bruce Springsteen,1,0.0
7580,Streets of Fire,Bruce Springsteen,1,0.0
7581,The Angel,Bruce Springsteen,1,0.0
7582,The E Street Shuffle,Bruce Springsteen,1,0.0
7583,The Price You Pay,Bruce Springsteen,1,0.0
7584,The Promised Land,Bruce Springsteen,1,0.0
7585,The Ties That Bind,Bruce Springsteen,1,0.0
7586,Two Hearts,Bruce Springsteen,1,0.0
7587,Wild Billy's Circus Story,Bruce Springsteen,1,0.0
7588,Working on the Highway,Bruce Springsteen,1,0.0
7589,Wreck on the Highway,Bruce Springsteen,1,0.0
7590,"Zed's Dead, Baby/Bullwinkle,",Bruce Willis,1,0.0
7591,(You're so Square) Baby I Don't Care,Buddy Holly,1,0.0
7592,Early In The Morning,Buddy Holly,1,0.0
7593,Everyday,Buddy Holly,1,0.0
7594,Fool's Paradise,Buddy Holly,1,0.0
7595,Girl On My Mind,Buddy Holly,1,0.0
7596,Heartbeat,Buddy Holly,1,0.0
7597,I'm Gonna Love You Too,Buddy Holly,1,0.0
7598,I'm Lookin' for Someone to Love,Buddy Holly,1,0.0
7599,It Doesn't Matter Anymore,Buddy Holly,1,0.0
7600,It's so Easy,Buddy Holly,1,0.0
7601,It's Too Late,Buddy Holly,1,0.0
7602,Last Night,Buddy Holly,1,0.0
7603,Listen To Me,Buddy Holly,1,0.0
7604,Little Baby,Buddy Holly,1,0.0
7605,Lonesome Tears,Buddy Holly,1,0.0
7606,Look At Me,Buddy Holly,1,0.0
7607,Love Me,Buddy Holly,1,0.0
7608,Midnight Shift,Buddy Holly,1,0.0
7609,Not Fade Away,Buddy Holly,1,0.0
7610,Now We're One,Buddy Holly,1,0.0
7611,"Oh, Boy!",Buddy Holly,1,0.0
7612,Rave On,Buddy Holly,1,0.0
7613,Ready Teddy,Buddy Holly,1,0.0
7614,Rock Around With Ollie Vee (No Saxophone),Buddy Holly,1,0.0
7615,Send Me Some Lovin',Buddy Holly,1,0.0
7616,Take Your Time,Buddy Holly,1,0.0
7617,Tell Me How,Buddy Holly,1,0.0
7618,That'll Be The Day (1957 Million Selling Version),Buddy Holly,1,0.0
7619,Ting-A-Ling,Buddy Holly,1,0.0
7620,Valley Of Tears,Buddy Holly,1,0.0
7621,Well... All Right,Buddy Holly,1,0.0
7622,Words Of Love,Buddy Holly,1,0.0
7623,You Are My One Desire,Buddy Holly,1,0.0
7624,Jim Dinamita,Burning,1,0.0
7625,loco por ti (penny),Burning,1,0.0
7626,Madrid,Burning,1,0.0
7627,Miéntelas,Burning,1,0.0
7628,Rock 'n' Roll Mama,Burning,1,0.0
7629,Sin Tiempo para Vivir,Burning,1,0.0
7630,Are Everything,Buzzcocks,1,0.0
7631,Everybody's Happy Nowadays,Buzzcocks,1,0.0
7632,Harmony in My Head,Buzzcocks,1,0.0
7633,Lipstick,Buzzcocks,1,0.0
7634,Love You More,Buzzcocks,1,0.0
7635,Noise Annoys,Buzzcocks,1,0.0
7636,Oh Shit!,Buzzcocks,1,0.0
7637,Orgasm Addict,Buzzcocks,1,0.0
7638,Promises,Buzzcocks,1,0.0
7639,Running Free,Buzzcocks,1,0.0
7640,Strange Thing,Buzzcocks,1,0.0
7641,Whatever Happened To?,Buzzcocks,1,0.0
7642,El perdido,Café Quijano,1,0.0
7643,En algún rincón,Café Quijano,1,0.0
7644,En Aquel Hotel Jamaicano,Café Quijano,1,0.0
7645,En mis Besos,Café Quijano,1,0.0
7646,Falsas promesas,Café Quijano,1,0.0
7647,Hablando a un cristal,Café Quijano,1,0.0
7648,Lágrimas de miel,Café Quijano,1,0.0
7649,Los locos,Café Quijano,1,0.0
7650,Morenita,Café Quijano,1,0.0
7651,Otra Vez (Qué pena de mí),Café Quijano,1,0.0
7652,Qué le Debo a la Vida,Café Quijano,1,0.0
7653,Qué Poca Cosa,Café Quijano,1,0.0
7654,Sangre Negra,Café Quijano,1,0.0
7655,Vete de mí,Café Quijano,1,0.0
7656,Algo más,Camilo Sesto,1,0.0
7657,Con el Viento a Tu Favor,Camilo Sesto,1,0.0
7658,Day After Day (Aleluya),Camilo Sesto,1,0.0
7659,El Amor De Mi Vida,Camilo Sesto,1,0.0
7660,En Valencia,Camilo Sesto,1,0.0
7661,Llueve Sobre Mojado,Camilo Sesto,1,0.0
7662,Qué difícil es ser feliz,Camilo Sesto,1,0.0
7663,Recuérdame,Camilo Sesto,1,0.0
7664,Todo por Nada,Camilo Sesto,1,0.0
7665,Vagabundo,Camilo Sesto,1,0.0
7666,Andou Voce,Carlos Lyra,1,0.0
7667,Sandstorm,Cast,1,0.0
7668,18th Avenue (Kansas City Nightmare),Cat Stevens,1,0.0
7669,Freezing Steel,Cat Stevens,1,0.0
7670,O' Caritas,Cat Stevens,1,0.0
7671,¿Qué voy a hacer yo?,Celtas Cortos,1,0.0
7672,A Saber,Celtas Cortos,1,0.0
7673,Cadencia de Lava,Celtas Cortos,1,0.0
7674,Cuéntame un Cuento (Con Willy de Ville),Celtas Cortos,1,0.0
7675,En estos días inciertos,Celtas Cortos,1,0.0
7676,Frontera,Celtas Cortos,1,0.0
7677,Hacha de Guerra (Remix),Celtas Cortos,1,0.0
7678,Tubthumping,Chumbawamba,1,0.0
7679,Botes De Humo,Cicatriz,1,0.0
7680,Cuidado Burócratas,Cicatriz,1,0.0
7681,Desobediencia,Cicatriz,1,0.0
7682,En Comisaría,Cicatriz,1,0.0
7683,Enemigo Público,Cicatriz,1,0.0
7684,Esto Saldrá Bien,Cicatriz,1,0.0
7685,Fuck Furcias,Cicatriz,1,0.0
7686,Goma 2,Cicatriz,1,0.0
7687,Horacio,Cicatriz,1,0.0
7688,Hoy En Un Lugar,Cicatriz,1,0.0
7689,Inadaptados,Cicatriz,1,0.0
7690,Loco,Cicatriz,1,0.0
7691,Reggae del vómito,Cicatriz,1,0.0
7692,Sacrilegio,Cicatriz,1,0.0
7693,Txota,Cicatriz,1,0.0
7694,"Freddy, My Love",Cindy Bullens,1,0.0
7695,It's Raining On Prom Night,Cindy Bullens,1,0.0
7696,Mooning,Cindy Bullens,1,0.0
7697,A Message,Coldplay,1,0.0
7698,Amsterdam,Coldplay,1,0.0
7699,How You See The World (Bonus Track),Coldplay,1,0.0
7700,Square One,Coldplay,1,0.0
7701,The Scientist,Coldplay,1,0.0
7702,Warning Sign,Coldplay,1,0.0
7703,Brimful of Asha [Norman Cook Remix],Cornershop,1,0.0
7704,Born To Move,Creedence Clearwater Revival,1,0.0
7705,Chameleon,Creedence Clearwater Revival,1,0.0
7706,Door To Door,Creedence Clearwater Revival,1,0.0
7707,Have You Ever Seen the Rain,Creedence Clearwater Revival,1,0.0
7708,Hello Mary Lou,Creedence Clearwater Revival,1,0.0
7709,Hey Tonight,Creedence Clearwater Revival,1,0.0
7710,Hideaway (I Wish I Could),Creedence Clearwater Revival,1,0.0
7711,It's Just A Thought,Creedence Clearwater Revival,1,0.0
7712,Molina,Creedence Clearwater Revival,1,0.0
7713,Need Someone To Hold,Creedence Clearwater Revival,1,0.0
7714,Rude Awakening #2,Creedence Clearwater Revival,1,0.0
7715,Sailor's Lament,Creedence Clearwater Revival,1,0.0
7716,Someday Never Comes,Creedence Clearwater Revival,1,0.0
7717,Sweet Hitch-Hiker,Creedence Clearwater Revival,1,0.0
7718,Take It Like A Friend,Creedence Clearwater Revival,1,0.0
7719,Tearin' Up The Country,Creedence Clearwater Revival,1,0.0
7720,What Are You Gonna Do,Creedence Clearwater Revival,1,0.0
7721,Can't Carry On,Crowded House,1,0.0
7722,Hole in the River,Crowded House,1,0.0
7723,I Walk Away,Crowded House,1,0.0
7724,Love You 'Til the Day I Die,Crowded House,1,0.0
7725,Something So Strong,Crowded House,1,0.0
7726,That's What I Call Love,Crowded House,1,0.0
7727,Tombstone,Crowded House,1,0.0
7728,Child I Will Hurt You,Crystal Castles,1,0.0
7729,Mercenary,Crystal Castles,1,0.0
7730,Telepath,Crystal Castles,1,0.0
7731,Insane in the Brain,Cypress Hill,1,0.0
7732,Alive,Daft Punk,1,0.0
7733,Emotion,Daft Punk,1,0.0
7734,Funk Ad,Daft Punk,1,0.0
7735,Human After All,Daft Punk,1,0.0
7736,Make Love,Daft Punk,1,0.0
7737,Robot Rock,Daft Punk,1,0.0
7738,Steam Machine,Daft Punk,1,0.0
7739,Technologic,Daft Punk,1,0.0
7740,Television Rules the Nation,Daft Punk,1,0.0
7741,The Brainwasher,Daft Punk,1,0.0
7742,The Prime Time of Your Life,Daft Punk,1,0.0
7743,Apple Carts,Damon Albarn,1,0.0
7744,Le Relax,Damon Albarn,1,0.0
7745,Makelekele,Damon Albarn,1,0.0
7746,"O Spirit, Animate Us",Damon Albarn,1,0.0
7747,Spoons,Damon Albarn,1,0.0
7748,The Djembe,Damon Albarn,1,0.0
7749,The Golden Dawn,Damon Albarn,1,0.0
7750,The Marvelous Dream,Damon Albarn,1,0.0
7751,The Moon Exalted,Damon Albarn,1,0.0
7752,The Nearer the Fountain the More Pure the Stream Flows,Damon Albarn,1,0.0
7753,'87 and Cry,David Bowie,1,0.0
7754,(You Will) Set the World on Fire,David Bowie,1,0.0
7755,01.Speed Of Life,David Bowie,1,0.0
7756,04.Sound and Vision,David Bowie,1,0.0
7757,06.Be My Wife,David Bowie,1,0.0
7758,06.Wild IsThe Wind,David Bowie,1,0.0
7759,07.A New Career In A New Town,David Bowie,1,0.0
7760,"Abdulmajid (Previously unreleased, 1976-79)",David Bowie,1,0.0
7761,All Saints (Bonus Track),David Bowie,1,0.0
7762,An Occasional Dream,David Bowie,1,0.0
7763,Bang Bang,David Bowie,1,0.0
7764,Battle for Britain (The Letter),David Bowie,1,0.0
7765,Beat Of Your Drum,David Bowie,1,0.0
7766,Boss of Me,David Bowie,1,0.0
7767,Brilliant Adventure,David Bowie,1,0.0
7768,Cygnet Committee,David Bowie,1,0.0
7769,Dancing Out in Space,David Bowie,1,0.0
7770,Day-In Day-Out,David Bowie,1,0.0
7771,Dead Man Walking,David Bowie,1,0.0
7772,Dirty Boys,David Bowie,1,0.0
7773,Girls,David Bowie,1,0.0
7774,Glass Spider,David Bowie,1,0.0
7775,Hallo Spaceboy,David Bowie,1,0.0
7776,Heat,David Bowie,1,0.0
7777,How Does the Grass Grow?,David Bowie,1,0.0
7778,I Can't Explain,David Bowie,1,0.0
7779,I'm Afraid of Americans,David Bowie,1,0.0
7780,I’d Rather Be High,David Bowie,1,0.0
7781,If You Can See Me,David Bowie,1,0.0
7782,"Joe The Lion (Remix Version, 1991)",David Bowie,1,0.0
7783,"John, I'm Only Dancing Again (Single A-Side Recorded 1974)",David Bowie,1,0.0
7784,Julie,David Bowie,1,0.0
7785,Law (Earthlings on Fire),David Bowie,1,0.0
7786,Little Bombadier,David Bowie,1,0.0
7787,Looking for Satellites,David Bowie,1,0.0
7788,Love Is Lost,David Bowie,1,0.0
7789,Love You Till Tuesday,David Bowie,1,0.0
7790,Memory of a Free Festival,David Bowie,1,0.0
7791,Never Let Me Down,David Bowie,1,0.0
7792,New Angels Of Promise,David Bowie,1,0.0
7793,New York's In Love,David Bowie,1,0.0
7794,Quicksand (2),David Bowie,1,0.0
7795,Rubber Band,David Bowie,1,0.0
7796,Sell Me a Coat,David Bowie,1,0.0
7797,Seven Years in Tibet,David Bowie,1,0.0
7798,Shining Star (Makin' My Love),David Bowie,1,0.0
7799,Some Are (bonus track),David Bowie,1,0.0
7800,Sound and Vision (remix),David Bowie,1,0.0
7801,Space Oddity (Demo),David Bowie,1,0.0
7802,Telling Lies,David Bowie,1,0.0
7803,The Bewlay Brothers (2),David Bowie,1,0.0
7804,The Dreamers,David Bowie,1,0.0
7805,The Last Thing You Should Do,David Bowie,1,0.0
7806,The Next Day,David Bowie,1,0.0
7807,The Pretty Things Are Going To Hell,David Bowie,1,0.0
7808,The Stars (Are Out Tonight),David Bowie,1,0.0
7809,There Is a Happy Land,David Bowie,1,0.0
7810,Time Will Crawl,David Bowie,1,0.0
7811,Uncle Arthur,David Bowie,1,0.0
7812,We Are Hungry Men,David Bowie,1,0.0
7813,What's Really Happening?,David Bowie,1,0.0
7814,When I Live My Dream,David Bowie,1,0.0
7815,When the Wind Blows,David Bowie,1,0.0
7816,You Feel So Lonely You Could Die,David Bowie,1,0.0
7817,Zeroes,David Bowie,1,0.0
7818,A Little Bit of Soap,De La Soul,1,0.0
7819,Buddy,De La Soul,1,0.0
7820,Can U Keep a Secret,De La Soul,1,0.0
7821,Change in Speak,De La Soul,1,0.0
7822,Cool Breeze on the Rocks,De La Soul,1,0.0
7823,D.A.I.S.Y. Age,De La Soul,1,0.0
7824,De La Orgee,De La Soul,1,0.0
7825,Description,De La Soul,1,0.0
7826,Do as De La Does,De La Soul,1,0.0
7827,Eye Know,De La Soul,1,0.0
7828,Ghetto Thang,De La Soul,1,0.0
7829,I Can Do Anything (Delacratic),De La Soul,1,0.0
7830,Intro,De La Soul,1,0.0
7831,Jenifa Taught Me (Derwin's Revenge),De La Soul,1,0.0
7832,Me Myself and I,De La Soul,1,0.0
7833,Plug Tunin,De La Soul,1,0.0
7834,Plug Tunin (Last Chance To Comprehend),De La Soul,1,0.0
7835,Potholes in My Lawn,De La Soul,1,0.0
7836,Say No Go,De La Soul,1,0.0
7837,Take It Off,De La Soul,1,0.0
7838,This is a Recording 4 Living in a Fulltime Era (L.I.F.E.),De La Soul,1,0.0
7839,Transmitting Live From Mars,De La Soul,1,0.0
7840,Tread Water,De La Soul,1,0.0
7841,California Über Alles,Dead Kennedys,1,0.0
7842,Chemical Warfare,Dead Kennedys,1,0.0
7843,Drug Me,Dead Kennedys,1,0.0
7844,Forward to Death,Dead Kennedys,1,0.0
7845,Funland at the Beach,Dead Kennedys,1,0.0
7846,Holiday in Cambodia,Dead Kennedys,1,0.0
7847,I Kill Children,Dead Kennedys,1,0.0
7848,Ill in the Head,Dead Kennedys,1,0.0
7849,Kill the Poor,Dead Kennedys,1,0.0
7850,Let's Lynch the Landlord,Dead Kennedys,1,0.0
7851,Stealing People's Mail,Dead Kennedys,1,0.0
7852,Viva Las Vegas,Dead Kennedys,1,0.0
7853,When Ya Get Drafted,Dead Kennedys,1,0.0
7854,Your Emotions,Dead Kennedys,1,0.0
7855,A Lack of Color,Death Cab for Cutie,1,0.0
7856,Death of an Interior Decorator,Death Cab for Cutie,1,0.0
7857,Expo '86,Death Cab for Cutie,1,0.0
7858,Passenger Seat,Death Cab for Cutie,1,0.0
7859,The Sound of Settling,Death Cab for Cutie,1,0.0
7860,Tiny Vessels,Death Cab for Cutie,1,0.0
7861,Title and Registration,Death Cab for Cutie,1,0.0
7862,Transatlanticism,Death Cab for Cutie,1,0.0
7863,We Looked Like Giants,Death Cab for Cutie,1,0.0
7864,El Sexo Tenía Un Precio,Decibelios,1,0.0
7865,Fill de Puta,Decibelios,1,0.0
7866,Local 15 Visitante 0,Decibelios,1,0.0
7867,Matar o Morir,Decibelios,1,0.0
7868,Mi barrio,Decibelios,1,0.0
7869,Ningun nombre de mujer,Decibelios,1,0.0
7870,Putrefacto,Decibelios,1,0.0
7871,Seminarista y los Boy-scouts,Decibelios,1,0.0
7872,Soc Un Upstart,Decibelios,1,0.0
7873,Voca Da Dios,Decibelios,1,0.0
7874,Voca De Dios,Decibelios,1,0.0
7875,Bloodsucker,Deep Purple,1,0.0
7876,Child in Time,Deep Purple,1,0.0
7877,Flight of the Rat,Deep Purple,1,0.0
7878,Hard Lovin' Man,Deep Purple,1,0.0
7879,Into The Fire,Deep Purple,1,0.0
7880,Living Wreck,Deep Purple,1,0.0
7881,Mary Long,Deep Purple,1,0.0
7882,Our Lady,Deep Purple,1,0.0
7883,Place in Line,Deep Purple,1,0.0
7884,Rat Bat Blue,Deep Purple,1,0.0
7885,Smooth Dancer,Deep Purple,1,0.0
7886,Speed King,Deep Purple,1,0.0
7887,Super Trouper,Deep Purple,1,0.0
7888,Woman From Tokyo,Deep Purple,1,0.0
7889,Armas pal pueblo,Def con Dos,1,0.0
7890,Capitán Araña,Def con Dos,1,0.0
7891,Ciudadano Terrorista,Def con Dos,1,0.0
7892,Coprofagia,Def con Dos,1,0.0
7893,De Cacería,Def con Dos,1,0.0
7894,Def Con Dos (1ª Parte),Def con Dos,1,0.0
7895,Def Con Dos (2ª Parte),Def con Dos,1,0.0
7896,Duro y a la encía,Def con Dos,1,0.0
7897,El Asesino del Mes,Def con Dos,1,0.0
7898,El Coche No,Def con Dos,1,0.0
7899,Errores médicos I,Def con Dos,1,0.0
7900,Errores médicos II,Def con Dos,1,0.0
7901,Fight For Your Right (Bebe y Lucha),Def con Dos,1,0.0
7902,G.I. Joe.,Def con Dos,1,0.0
7903,Garaipena,Def con Dos,1,0.0
7904,Juguemos con objetos punzantes,Def con Dos,1,0.0
7905,La Cotorra Criolla,Def con Dos,1,0.0
7906,Los reyes son los padres,Def con Dos,1,0.0
7907,Magnicidio,Def con Dos,1,0.0
7908,Mensaje,Def con Dos,1,0.0
7909,"No Me Siga, Tonto",Def con Dos,1,0.0
7910,Que Dice La Gente IV,Def con Dos,1,0.0
7911,Que Te Fagorishen,Def con Dos,1,0.0
7912,Quiero la Cabeza de Alfredo García,Def con Dos,1,0.0
7913,Salman Rushdie,Def con Dos,1,0.0
7914,Toponoto blues,Def con Dos,1,0.0
7915,Tu Si Que Eres Tontorron,Def con Dos,1,0.0
7916,Vasos Comunicantes,Def con Dos,1,0.0
7917,Victoria,Def con Dos,1,0.0
7918,Comin' Under Fire,Def Leppard,1,0.0
7919,Foolin',Def Leppard,1,0.0
7920,Rock of Ages,Def Leppard,1,0.0
7921,7 Words,Deftones,1,0.0
7922,Birthmark,Deftones,1,0.0
7923,Bored,Deftones,1,0.0
7924,Engine No. 9,Deftones,1,0.0
7925,Fireal,Deftones,1,0.0
7926,Fist,Deftones,1,0.0
7927,Lifter,Deftones,1,0.0
7928,Minus Blindfold,Deftones,1,0.0
7929,Nosebleed,Deftones,1,0.0
7930,One Weak,Deftones,1,0.0
7931,Root,Deftones,1,0.0
7932,A Question of Lust,Depeche Mode,1,0.0
7933,A Question of Time,Depeche Mode,1,0.0
7934,Black Celebration,Depeche Mode,1,0.0
7935,Blasphemous Rumours,Depeche Mode,1,0.0
7936,Blue Dress,Depeche Mode,1,0.0
7937,Clean,Depeche Mode,1,0.0
7938,Dressed in Black,Depeche Mode,1,0.0
7939,Fly on the Windscreen (Final),Depeche Mode,1,0.0
7940,Halo,Depeche Mode,1,0.0
7941,Here Is the House,Depeche Mode,1,0.0
7942,If You Want,Depeche Mode,1,0.0
7943,It Doesn't Matter,Depeche Mode,1,0.0
7944,It Doesn't Matter Two,Depeche Mode,1,0.0
7945,Lie To Me,Depeche Mode,1,0.0
7946,Master and Servant,Depeche Mode,1,0.0
7947,New Dress,Depeche Mode,1,0.0
7948,People Are People,Depeche Mode,1,0.0
7949,Pimpf,Depeche Mode,1,0.0
7950,Policy of Truth,Depeche Mode,1,0.0
7951,Somebody,Depeche Mode,1,0.0
7952,Something to Do,Depeche Mode,1,0.0
7953,Sometimes,Depeche Mode,1,0.0
7954,Stories of Old,Depeche Mode,1,0.0
7955,Stripped,Depeche Mode,1,0.0
7956,Sweetest Perfection,Depeche Mode,1,0.0
7957,To Have and to Hold,Depeche Mode,1,0.0
7958,World Full of Nothing,Depeche Mode,1,0.0
7959,World in My Eyes,Depeche Mode,1,0.0
7960,Don't,Dinosaur Jr.,1,0.0
7961,Keep The Glove,Dinosaur Jr.,1,0.0
7962,Let It Ride,Dinosaur Jr.,1,0.0
7963,Yeah We Know,Dinosaur Jr.,1,0.0
7964,Pounding,Doves,1,0.0
7965,Anna Lee,Dream Theater,1,0.0
7966,Burning My Soul,Dream Theater,1,0.0
7967,Hell's Kitchen,Dream Theater,1,0.0
7968,Hollow Years,Dream Theater,1,0.0
7969,Just Let Me Breathe,Dream Theater,1,0.0
7970,Lines in the Sand,Dream Theater,1,0.0
7971,New Millennium,Dream Theater,1,0.0
7972,Peruvian Skies,Dream Theater,1,0.0
7973,Take Away My Pain,Dream Theater,1,0.0
7974,"Trial of Tears (I. It's Raining, II. Deep in Heaven, III. The Wasteland)",Dream Theater,1,0.0
7975,You Not Me,Dream Theater,1,0.0
7976,Bring Out the Gimp/Comanche,Duane Whitaker,1,0.0
7977,(I'm Looking For) Cracks In The Pavement,Duran Duran,1,0.0
7978,I Take The Dice,Duran Duran,1,0.0
7979,New Moon On Monday,Duran Duran,1,0.0
7980,Of Crime And Passion,Duran Duran,1,0.0
7981,Shadows On Your Side,Duran Duran,1,0.0
7982,The Reflex,Duran Duran,1,0.0
7983,The Seventh Stranger,Duran Duran,1,0.0
7984,Tiger Tiger,Duran Duran,1,0.0
7985,Union of the Snake,Duran Duran,1,0.0
7986,Son of a Preacher Man,Dusty Springfield,1,0.0
7987,Angels and Devils,Echo & the Bunnymen,1,0.0
7988,Clay,Echo & the Bunnymen,1,0.0
7989,Crystal Days,Echo & the Bunnymen,1,0.0
7990,Heads Will Roll,Echo & the Bunnymen,1,0.0
7991,Higher Hell,Echo & the Bunnymen,1,0.0
7992,My Kingdom,Echo & the Bunnymen,1,0.0
7993,My White Devil,Echo & the Bunnymen,1,0.0
7994,Nocturnal Me,Echo & the Bunnymen,1,0.0
7995,Nothing Lasts Forever,Echo & the Bunnymen,1,0.0
7996,Ocean Rain,Echo & the Bunnymen,1,0.0
7997,Porcupine,Echo & the Bunnymen,1,0.0
7998,Ripeness,Echo & the Bunnymen,1,0.0
7999,Silver,Echo & the Bunnymen,1,0.0
8000,The Back of Love,Echo & the Bunnymen,1,0.0
8001,The Cutter,Echo & the Bunnymen,1,0.0
8002,The Yo Yo Man,Echo & the Bunnymen,1,0.0
8003,Thorn of Crowns,Echo & the Bunnymen,1,0.0
8004,Avant nous,Édith Piaf,1,0.0
8005,Bravo pour le clown,Édith Piaf,1,0.0
8006,C'est l'amour,Édith Piaf,1,0.0
8007,Hymne à l'amour,Édith Piaf,1,0.0
8008,L'Accordéoniste,Édith Piaf,1,0.0
8009,Le Bleu De Tes Yeux,Édith Piaf,1,0.0
8010,Le Goulante De Pauvre Jean,Édith Piaf,1,0.0
8011,Les croix,Édith Piaf,1,0.0
8012,"Non, je ne regrette rien",Édith Piaf,1,0.0
8013,Notre-Dame de Paris,Édith Piaf,1,0.0
8014,Sous le ciel de Paris,Édith Piaf,1,0.0
8015,T'es beau tu sais,Édith Piaf,1,0.0
8016,"Nuclear, sí",El Aviador Dro,1,0.0
8017,9:30 El Remix,El Club de los Poetas Violentos,1,0.0
8018,9:30 p.m.,El Club de los Poetas Violentos,1,0.0
8019,De cacería,El Club de los Poetas Violentos,1,0.0
8020,El Funeral,El Club de los Poetas Violentos,1,0.0
8021,El Parto,El Club de los Poetas Violentos,1,0.0
8022,El Vertedero de Palabras,El Club de los Poetas Violentos,1,0.0
8023,Extremaunción,El Club de los Poetas Violentos,1,0.0
8024,"Jazz, El Descerebrador",El Club de los Poetas Violentos,1,0.0
8025,La Fundación de la Rima,El Club de los Poetas Violentos,1,0.0
8026,Madrid,El Club de los Poetas Violentos,1,0.0
8027,Mente,El Club de los Poetas Violentos,1,0.0
8028,"No Creo, Eh",El Club de los Poetas Violentos,1,0.0
8029,Psicópata,El Club de los Poetas Violentos,1,0.0
8030,Rimadero,El Club de los Poetas Violentos,1,0.0
8031,Sánchez,El Club de los Poetas Violentos,1,0.0
8032,Scratchapella,El Club de los Poetas Violentos,1,0.0
8033,Zona Bruta,El Club de los Poetas Violentos,1,0.0
8034,Baby I Apologise (Session Outtake),Electric Light Orchestra,1,0.0
8035,Dark City (Previously Unreleased),Electric Light Orchestra,1,0.0
8036,Down Home Town,Electric Light Orchestra,1,0.0
8037,Eldorado Instrumental Medley (Previously Unreleased),Electric Light Orchestra,1,0.0
8038,From the Sun to the World (Boogie No.1),Electric Light Orchestra,1,0.0
8039,In Old England Town (instrumental),Electric Light Orchestra,1,0.0
8040,On The Run (Previously Unissued Home Demo 1979),Electric Light Orchestra,1,0.0
8041,One Summer Dream,Electric Light Orchestra,1,0.0
8042,Poker,Electric Light Orchestra,1,0.0
8043,Second Time Around (Previously Unissued Home Demo 1979),Electric Light Orchestra,1,0.0
8044,The Quick And The Daft (Previously Unreleased),Electric Light Orchestra,1,0.0
8045,Waterfall,Electric Light Orchestra,1,0.0
8046,(Gotta Get a) Meal Ticket,Elton John,1,0.0
8047,Better Off Dead,Elton John,1,0.0
8048,Bitter Fingers,Elton John,1,0.0
8049,Curtains,Elton John,1,0.0
8050,Lucy In The Sky With Diamonds,Elton John,1,0.0
8051,One More Arrow,Elton John,1,0.0
8052,Saint,Elton John,1,0.0
8053,Someone Saved My Life Tonight,Elton John,1,0.0
8054,Tell Me When the Whistle Blows,Elton John,1,0.0
8055,Tower of Babel,Elton John,1,0.0
8056,We All Fall in Love Sometimes,Elton John,1,0.0
8057,Whipping Boy,Elton John,1,0.0
8058,Writing,Elton John,1,0.0
8059,2001 a Space Odyessey,Elvis Presley,1,0.0
8060,A Little Less Conversation [*][Edit][JXL Radio Edit Remix],Elvis Presley,1,0.0
8061,Always On My Mind,Elvis Presley,1,0.0
8062,Big Hunk O' Love,Elvis Presley,1,0.0
8063,Blue Hawaii,Elvis Presley,1,0.0
8064,Don't Cry Daddy,Elvis Presley,1,0.0
8065,Early Morning Rain,Elvis Presley,1,0.0
8066,Hawaiian Wedding Song,Elvis Presley,1,0.0
8067,I Forgot to Remember to Forget,Elvis Presley,1,0.0
8068,I Got Stung,Elvis Presley,1,0.0
8069,If I Can Dream,Elvis Presley,1,0.0
8070,Introductions & Credits,Elvis Presley,1,0.0
8071,King Creole,Elvis Presley,1,0.0
8072,Ku U I Po,Elvis Presley,1,0.0
8073,Little Sister,Elvis Presley,1,0.0
8074,Long Tall Sally-Whole Lotta Shakin',Elvis Presley,1,0.0
8075,Loving You,Elvis Presley,1,0.0
8076,Mean Woman Blues,Elvis Presley,1,0.0
8077,Memories,Elvis Presley,1,0.0
8078,Moody Blue,Elvis Presley,1,0.0
8079,No More,Elvis Presley,1,0.0
8080,Promised Land,Elvis Presley,1,0.0
8081,See See Rider,Elvis Presley,1,0.0
8082,Treat Me Nice,Elvis Presley,1,0.0
8083,Trouble,Elvis Presley,1,0.0
8084,Viva Las Vegas,Elvis Presley,1,0.0
8085,Wear My Ring Around Your Neck,Elvis Presley,1,0.0
8086,Welcome To My World,Elvis Presley,1,0.0
8087,You Don't Have To Say You Love Me,Elvis Presley,1,0.0
8088,Come Back To What You Know,Embrace,1,0.0
8089,Unbelievable,EMF,1,0.0
8090,Kill You,Eminem,1,0.0
8091,The Real Slim Shady,Eminem,1,0.0
8092,The Way I Am,Eminem,1,0.0
8093,Who Knew,Eminem,1,0.0
8094,"Il Buono, Il Cattivo, Il Brutto (The Good, The Bad And The Ugly) (Main Title)",Ennio Morricone,1,0.0
8095,Il Tramonto (The Sundown),Ennio Morricone,1,0.0
8096,Sentenza,Ennio Morricone,1,0.0
8097,"¿Dudar?, Quizás",Enrique Bunbury,1,0.0
8098,... Y al final,Enrique Bunbury,1,0.0
8099,Algo en común,Enrique Bunbury,1,0.0
8100,Aquí,Enrique Bunbury,1,0.0
8101,bujias para el dolor,Enrique Bunbury,1,0.0
8102,Canción Cruel,Enrique Bunbury,1,0.0
8103,Ciudad De Las Bajas Pasiones,Enrique Bunbury,1,0.0
8104,Contar contigo,Enrique Bunbury,1,0.0
8105,Doscientos Huesos Y Un Collar De Calaveras,Enrique Bunbury,1,0.0
8106,El Club De Los Imposibles,Enrique Bunbury,1,0.0
8107,El hombre delgado que no flaqueará jamas,Enrique Bunbury,1,0.0
8108,El Porqué De Tus Silencios,Enrique Bunbury,1,0.0
8109,El Rescate,Enrique Bunbury,1,0.0
8110,Enganchado a ti,Enrique Bunbury,1,0.0
8111,Hay Muy Poca Gente,Enrique Bunbury,1,0.0
8112,Hermoso y malditos,Enrique Bunbury,1,0.0
8113,Hoy no estoy para nadie,Enrique Bunbury,1,0.0
8114,Infinito,Enrique Bunbury,1,0.0
8115,Irremediablemente Cotidiano,Enrique Bunbury,1,0.0
8116,Lejos de la tristeza,Enrique Bunbury,1,0.0
8117,Mundo feliz,Enrique Bunbury,1,0.0
8118,No se fíe,Enrique Bunbury,1,0.0
8119,"One, Two, Tree",Enrique Bunbury,1,0.0
8120,Porque Las Cosas Cambian,Enrique Bunbury,1,0.0
8121,Sácame De Aquí,Enrique Bunbury,1,0.0
8122,San Cosme y San Damian,Enrique Bunbury,1,0.0
8123,Sí,Enrique Bunbury,1,0.0
8124,Si No Fuera Por Ti,Enrique Bunbury,1,0.0
8125,Sólo Si Me Perdonas,Enrique Bunbury,1,0.0
8126,Todos Lo Haremos Mejor En El Futuro,Enrique Bunbury,1,0.0
8127,Un bastón para tu corazón,Enrique Bunbury,1,0.0
8128,¡Tamara!,Eskorbuto,1,0.0
8129,Anti-Todo,Eskorbuto,1,0.0
8130,Cuando los dinosaurios dominaban la tierra,Eskorbuto,1,0.0
8131,EL FIN,Eskorbuto,1,0.0
8132,ha llegado el momento,Eskorbuto,1,0.0
8133,mas alla del cementerio,Eskorbuto,1,0.0
8134,No Quiero Cambiar,Eskorbuto,1,0.0
8135,Demonios,Estopa,1,0.0
8136,Destrangis In The Night,Estopa,1,0.0
8137,El Blade,Estopa,1,0.0
8138,Jardín Del Olvido,Estopa,1,0.0
8139,Luna Lunera,Estopa,1,0.0
8140,Nasío pa' la alegría,Estopa,1,0.0
8141,Partiendo La Pana,Estopa,1,0.0
8142,Te Vi Te Vi,Estopa,1,0.0
8143,Vino Tinto,Estopa,1,0.0
8144,¡Qué Sonrisa Tan Rara!,Extremoduro,1,0.0
8145,ábreme el pecho y registra,Extremoduro,1,0.0
8146,Amor Castúo,Extremoduro,1,0.0
8147,"Bri, bri, bli, bli",Extremoduro,1,0.0
8148,Bribribliblí (En el más sucio rincón de mi negro corazón),Extremoduro,1,0.0
8149,Bulerías de la Sangre Caliente,Extremoduro,1,0.0
8150,Cabezabajo,Extremoduro,1,0.0
8151,Calle Esperanza s/n,Extremoduro,1,0.0
8152,Coda Flamenca (Otra Realidad),Extremoduro,1,0.0
8153,Con un Latido del Reloj,Extremoduro,1,0.0
8154,Cuarto Movimiento: La Realidad,Extremoduro,1,0.0
8155,Desarraigo,Extremoduro,1,0.0
8156,El Duende del Parque,Extremoduro,1,0.0
8157,érase una vez,Extremoduro,1,0.0
8158,Estado Policial,Extremoduro,1,0.0
8159,Estoy Muy Bien,Extremoduro,1,0.0
8160,Historias Prohibidas (Nos Tiramos a Joder),Extremoduro,1,0.0
8161,"Islero, Shirlero o Ladrón",Extremoduro,1,0.0
8162,Los Tengo Todos,Extremoduro,1,0.0
8163,Lucha Contigo,Extremoduro,1,0.0
8164,Malos Pensamientos,Extremoduro,1,0.0
8165,Me Estoy Quitando,Extremoduro,1,0.0
8166,Mi espíritu imperecedero,Extremoduro,1,0.0
8167,No Me Calientes Que Me Hundo,Extremoduro,1,0.0
8168,Otra inútil canción para la paz,Extremoduro,1,0.0
8169,Papel Secante,Extremoduro,1,0.0
8170,Pedrá,Extremoduro,1,0.0
8171,Pepe Botika (¿Dónde están mis amigos?),Extremoduro,1,0.0
8172,Posado En Un Nenufar,Extremoduro,1,0.0
8173,Prometeo,Extremoduro,1,0.0
8174,Segundo Movimiento: Lo de Fuera,Extremoduro,1,0.0
8175,Si te vas,Extremoduro,1,0.0
8176,Sin Dios Ni Amo,Extremoduro,1,0.0
8177,Sol de invierno,Extremoduro,1,0.0
8178,Su Culo Es Miel,Extremoduro,1,0.0
8179,Tango suicida,Extremoduro,1,0.0
8180,Tercer Movimiento: Lo de Dentro,Extremoduro,1,0.0
8181,Todos Me Dicen,Extremoduro,1,0.0
8182,última generación,Extremoduro,1,0.0
8183,Villancico del Rey de Extremadura,Extremoduro,1,0.0
8184,Volando Solo,Extremoduro,1,0.0
8185,Acid 8000,Fatboy Slim,1,0.0
8186,Gangster Tripping,Fatboy Slim,1,0.0
8187,In Heaven,Fatboy Slim,1,0.0
8188,Kalifornia,Fatboy Slim,1,0.0
8189,Right Here Right Now,Fatboy Slim,1,0.0
8190,"Right Here, Right Now",Fatboy Slim,1,0.0
8191,Soul Surfing,Fatboy Slim,1,0.0
8192,You're Not from Brighton,Fatboy Slim,1,0.0
8193,Fraternity,Foo Fighters,1,0.0
8194,M.I.A.,Foo Fighters,1,0.0
8195,Any Way The Wind Blows,Frank Zappa,1,0.0
8196,Go Cry On Somebody Else's Shoulder,Frank Zappa,1,0.0
8197,"Help, I'm A Rock",Frank Zappa,1,0.0
8198,I'm Not Satisfied,Frank Zappa,1,0.0
8199,It Can't Happen Here,Frank Zappa,1,0.0
8200,Motherly Love,Frank Zappa,1,0.0
8201,The Return Of The Son Of Monster Magnet,Frank Zappa,1,0.0
8202,Trouble Every Day,Frank Zappa,1,0.0
8203,Who Are the Brain Police,Frank Zappa,1,0.0
8204,You Didn't Try to Call Me,Frank Zappa,1,0.0
8205,You're Probably Wondering Why I'm Here,Frank Zappa,1,0.0
8206,Beauty School Dropout,Frankie Avalon,1,0.0
8207,My Eyes Adored You,Frankie Valli,1,0.0
8208,Brief Encounters,Franz Ferdinand,1,0.0
8209,Evil and a Heathen,Franz Ferdinand,1,0.0
8210,Fade Together,Franz Ferdinand,1,0.0
8211,Goodbye Lovers & Friends,Franz Ferdinand,1,0.0
8212,I'm Your Villain,Franz Ferdinand,1,0.0
8213,Outsiders,Franz Ferdinand,1,0.0
8214,Take Me Out (Daft Punk remix),Franz Ferdinand,1,0.0
8215,The Fallen,Franz Ferdinand,1,0.0
8216,The Universe Expanded,Franz Ferdinand,1,0.0
8217,This Boy,Franz Ferdinand,1,0.0
8218,"Well, That Was Easy",Franz Ferdinand,1,0.0
8219,What You Meant,Franz Ferdinand,1,0.0
8220,You Could Have It So Much Better,Franz Ferdinand,1,0.0
8221,You're the Reason I'm Leaving,Franz Ferdinand,1,0.0
8222,Amor Prohibido,Gabinete Caligari,1,0.0
8223,Cancion Del Pollino,Gabinete Caligari,1,0.0
8224,Como Un Pez,Gabinete Caligari,1,0.0
8225,El Extranjero,Gabinete Caligari,1,0.0
8226,Esta Cancion No Existe,Gabinete Caligari,1,0.0
8227,Juego y el Juguete,Gabinete Caligari,1,0.0
8228,La niña Frank,Gabinete Caligari,1,0.0
8229,La sangre de tu tristesa,Gabinete Caligari,1,0.0
8230,Más dura será la caída,Gabinete Caligari,1,0.0
8231,me tengo que concentrar,Gabinete Caligari,1,0.0
8232,Mentir,Gabinete Caligari,1,0.0
8233,Nadie ma va añorar,Gabinete Caligari,1,0.0
8234,Olor a Carne Quemada,Gabinete Caligari,1,0.0
8235,Palabra De Honor,Gabinete Caligari,1,0.0
8236,Pecados Más Dulces Que Un Zapato De Raso,Gabinete Caligari,1,0.0
8237,Profesional,Gabinete Caligari,1,0.0
8238,Sangre Española,Gabinete Caligari,1,0.0
8239,Saravá,Gabinete Caligari,1,0.0
8240,"Tócala, Uli",Gabinete Caligari,1,0.0
8241,Truena,Gabinete Caligari,1,0.0
8242,A Stroke of Luck,Garbage,1,0.0
8243,As Heaven Is Wide,Garbage,1,0.0
8244,Dog New Tricks,Garbage,1,0.0
8245,Fix Me Now,Garbage,1,0.0
8246,Milk,Garbage,1,0.0
8247,My Lover's Box,Garbage,1,0.0
8248,Not My Idea,Garbage,1,0.0
8249,Only Happy When It Rains,Garbage,1,0.0
8250,Queer,Garbage,1,0.0
8251,Supervixen,Garbage,1,0.0
8252,Vow,Garbage,1,0.0
8253,After the Ordeal,Genesis,1,0.0
8254,Can-Utility And The Coastliner,Genesis,1,0.0
8255,Dancing With the Moonlit Knight,Genesis,1,0.0
8256,For Absent Friends,Genesis,1,0.0
8257,Get'em Out By Friday,Genesis,1,0.0
8258,Harlequin,Genesis,1,0.0
8259,Harold the Barrel,Genesis,1,0.0
8260,Horizons,Genesis,1,0.0
8261,I Know What I Like (In Your Wardrobe),Genesis,1,0.0
8262,Seven Stones,Genesis,1,0.0
8263,Supper's Ready,Genesis,1,0.0
8264,The Battle of Epping Forest,Genesis,1,0.0
8265,The Cinema Show,Genesis,1,0.0
8266,The Fountain of Salmacis,Genesis,1,0.0
8267,The Musical Box,Genesis,1,0.0
8268,The Return of the Giant Hogweed,Genesis,1,0.0
8269,Time Table,Genesis,1,0.0
8270,Watcher of the Skies,Genesis,1,0.0
8271,08 - isn't it a pity (version two),George Harrison,1,0.0
8272,Art of Dying,George Harrison,1,0.0
8273,A Different Corner,George Michael,1,0.0
8274,A Moment With You,George Michael,1,0.0
8275,As,George Michael,1,0.0
8276,Careless Whisper,George Michael,1,0.0
8277,Cowboys and Angels,George Michael,1,0.0
8278,Desafinado,George Michael,1,0.0
8279,Don't Let the Sun Go Down on Me,George Michael,1,0.0
8280,Faith,George Michael,1,0.0
8281,Fantasy,George Michael,1,0.0
8282,Father Figure,George Michael,1,0.0
8283,Freedom! '90,George Michael,1,0.0
8284,Heal the Pain,George Michael,1,0.0
8285,I Can't Make You Love Me,George Michael,1,0.0
8286,I Knew You Were Waiting (For Me),George Michael,1,0.0
8287,"I Want Your Sex, Pt. 2",George Michael,1,0.0
8288,Jesus to a Child,George Michael,1,0.0
8289,Killer / Papa Was A Rollin' Stone,George Michael,1,0.0
8290,Kissing a Fool,George Michael,1,0.0
8291,One More Try,George Michael,1,0.0
8292,Outside,George Michael,1,0.0
8293,Praying For Time,George Michael,1,0.0
8294,Somebody to Love,George Michael,1,0.0
8295,Spinning the Wheel,George Michael,1,0.0
8296,Star People '97,George Michael,1,0.0
8297,The Strangest Thing '97,George Michael,1,0.0
8298,Too Funky,George Michael,1,0.0
8299,Waiting for That Day,George Michael,1,0.0
8300,You Have Been Loved,George Michael,1,0.0
8301,But I'm Not / Outro,Gilbert O'Sullivan,1,0.0
8302,Ooh-Wakka-Doo-Wakka-Day,Gilbert O'Sullivan,1,0.0
8303,Out Of The Question,Gilbert O'Sullivan,1,0.0
8304,The Golden Rule,Gilbert O'Sullivan,1,0.0
8305,What Could Be Nicer (Mum the Kettle's Boiling),Gilbert O'Sullivan,1,0.0
8306,Who Was It,Gilbert O'Sullivan,1,0.0
8307,Daddy's Gone,Glasvegas,1,0.0
8308,Ice Cream Van,Glasvegas,1,0.0
8309,Polmont On My Mind,Glasvegas,1,0.0
8310,S.A.D. Light,Glasvegas,1,0.0
8311,Stabbed,Glasvegas,1,0.0
8312,A Handful Of Stars,Glenn Miller,1,0.0
8313,A Nightingale Sang in Berkeley Square,Glenn Miller,1,0.0
8314,Alice Blue Gown,Glenn Miller,1,0.0
8315,Along the Santa Fe Trail,Glenn Miller,1,0.0
8316,Beat Me Daddy Eight to the Bar,Glenn Miller,1,0.0
8317,Blue Evening,Glenn Miller,1,0.0
8318,Blues In The Night,Glenn Miller,1,0.0
8319,Bugle Call Rag,Glenn Miller,1,0.0
8320,Don't Be That Way,Glenn Miller,1,0.0
8321,Elmer's Tune,Glenn Miller,1,0.0
8322,Falling Leaves,Glenn Miller,1,0.0
8323,Five O'Clock Whistle,Glenn Miller,1,0.0
8324,"Flow Gently, Sweet Afton - Moondreams - Don't Be That Way - Blue Champagne",Glenn Miller,1,0.0
8325,Fresh as a Daisy,Glenn Miller,1,0.0
8326,"Goin' Home - Goodnight, Wherever You Are - I Can't Give You Anything But Love",Glenn Miller,1,0.0
8327,Hallelujah I Just Love Her So,Glenn Miller,1,0.0
8328,I Dream of Jeanie - I Couldn't Sleep a Wink Last Night - Alexander's Ragtim,Glenn Miller,1,0.0
8329,I Know Why,Glenn Miller,1,0.0
8330,I'd Know You Anywhere,Glenn Miller,1,0.0
8331,In The Gloaming - For The First Time - Stompin' At The Savoy - Deep Purple,Glenn Miller,1,0.0
8332,It Happened in Sun Valley,Glenn Miller,1,0.0
8333,Juke Box Saturday Night,Glenn Miller,1,0.0
8334,Limehouse Blues,Glenn Miller,1,0.0
8335,Londonberry Air - Shoo-Shoo Baby - The Way You Look Tonight - Blue Danube,Glenn Miller,1,0.0
8336,"Long, Long Ago - The Music Stopped - The Dipsey Doodle - Wabash Blues",Glenn Miller,1,0.0
8337,Measure for Measure,Glenn Miller,1,0.0
8338,Mine,Glenn Miller,1,0.0
8339,Missouri Waltz,Glenn Miller,1,0.0
8340,Moonlight Cocktail,Glenn Miller,1,0.0
8341,My Melancholy Baby - Moon Love - Stompin' at the Savoy - Blue Moon,Glenn Miller,1,0.0
8342,Nickel Serenade,Glenn Miller,1,0.0
8343,People Like You and Me,Glenn Miller,1,0.0
8344,Perfidia,Glenn Miller,1,0.0
8345,"Ring, Telephone, Ring",Glenn Miller,1,0.0
8346,Song of the Volga Boatmen,Glenn Miller,1,0.0
8347,Sun Valley Jump,Glenn Miller,1,0.0
8348,Sweet And Low,Glenn Miller,1,0.0
8349,That Old Black Magic,Glenn Miller,1,0.0
8350,The Call of the Canyon,Glenn Miller,1,0.0
8351,The Spirit Is Willing,Glenn Miller,1,0.0
8352,Whistle Stop,Glenn Miller,1,0.0
8353,Yesterthoughts,Glenn Miller,1,0.0
8354,You've Got Me This Way,Glenn Miller,1,0.0
8355,No mires a los ojos de la gente,Golpes Bajos,1,0.0
8356,68 State,Gorillaz,1,0.0
8357,Ascension (ft. Vince Staples),Gorillaz,1,0.0
8358,Bill Murray,Gorillaz,1,0.0
8359,Broken,Gorillaz,1,0.0
8360,Carnival (feat. Anthony Hamilton),Gorillaz,1,0.0
8361,Charger (feat. Grace Jones),Gorillaz,1,0.0
8362,Cloud of Unknowing,Gorillaz,1,0.0
8363,Empire Ants,Gorillaz,1,0.0
8364,Hong Kong,Gorillaz,1,0.0
8365,Hongkongaton,Gorillaz,1,0.0
8366,How Far? (feat. Tony Allen & Skepta),Gorillaz,1,0.0
8367,Latin Simone (Que Pasa Contigo),Gorillaz,1,0.0
8368,Let Me Out (feat. Mavis Staples & Pusha T),Gorillaz,1,0.0
8369,Man Research (Clapper),Gorillaz,1,0.0
8370,MLS (feat. JPEGMAFIA & CHAI),Gorillaz,1,0.0
8371,Momentz (feat. De La Soul),Gorillaz,1,0.0
8372,Orchestral Intro,Gorillaz,1,0.0
8373,Pirate Jet,Gorillaz,1,0.0
8374,Sex Murder Party (feat. Jamie Principle & Zebra Katz),Gorillaz,1,0.0
8375,She's My Collar (feat. Kali Uchis),Gorillaz,1,0.0
8376,Strobelite (feat. Peven Everett),Gorillaz,1,0.0
8377,Submission (feat. Danny Brown & Kelela),Gorillaz,1,0.0
8378,Sweepstakes,Gorillaz,1,0.0
8379,To Binge,Gorillaz,1,0.0
8380,White Flag,Gorillaz,1,0.0
8381,A Place for Grief,Graham Coxon,1,0.0
8382,Hurt Prone,Graham Coxon,1,0.0
8383,Thank God for the Rain,Graham Coxon,1,0.0
8384,Tired,Graham Coxon,1,0.0
8385,You Never Will Be,Graham Coxon,1,0.0
8386,Brokedown Palace,Grateful Dead,1,0.0
8387,Candyman,Grateful Dead,1,0.0
8388,China Cat Sunflower,Grateful Dead,1,0.0
8389,Cosmic Charlie,Grateful Dead,1,0.0
8390,Doin' That Rag,Grateful Dead,1,0.0
8391,Dupree's Diamond Blues,Grateful Dead,1,0.0
8392,Mountains of the Moon,Grateful Dead,1,0.0
8393,Operator,Grateful Dead,1,0.0
8394,Ripple,Grateful Dead,1,0.0
8395,Rosemary,Grateful Dead,1,0.0
8396,St. Stephen,Grateful Dead,1,0.0
8397,Sugar Magnolia,Grateful Dead,1,0.0
8398,Till The Morning Comes,Grateful Dead,1,0.0
8399,What's Become of the Baby,Grateful Dead,1,0.0
8400,American Idiot,Green Day,1,0.0
8401,Boulevard of Broken Dreams,Green Day,1,0.0
8402,Good Riddance (Time of Your Life),Green Day,1,0.0
8403,Holiday,Green Day,1,0.0
8404,Prosthetic Head,Green Day,1,0.0
8405,Reject,Green Day,1,0.0
8406,Scattered,Green Day,1,0.0
8407,If Everybody Looked the Same,Groove Armada,1,0.0
8408,14 Years,Guns N' Roses,1,0.0
8409,Back Off Bitch,Guns N' Roses,1,0.0
8410,Bad Obsession,Guns N' Roses,1,0.0
8411,Breakdown,Guns N' Roses,1,0.0
8412,Civil War,Guns N' Roses,1,0.0
8413,Don't Cry,Guns N' Roses,1,0.0
8414,Don't Cry [Alternate Lyrics],Guns N' Roses,1,0.0
8415,Don't Damn Me,Guns N' Roses,1,0.0
8416,Double Talkin' Jive,Guns N' Roses,1,0.0
8417,Dust n' Bones,Guns N' Roses,1,0.0
8418,Estranged,Guns N' Roses,1,0.0
8419,Garden of Eden,Guns N' Roses,1,0.0
8420,Get in the Ring,Guns N' Roses,1,0.0
8421,Knockin' on Heaven's Door,Guns N' Roses,1,0.0
8422,Live and Let Die,Guns N' Roses,1,0.0
8423,Locomotive,Guns N' Roses,1,0.0
8424,My World,Guns N' Roses,1,0.0
8425,November Rain,Guns N' Roses,1,0.0
8426,Perfect Crime,Guns N' Roses,1,0.0
8427,Pretty Tied Up,Guns N' Roses,1,0.0
8428,Right Next Door to Hell,Guns N' Roses,1,0.0
8429,Shotgun Blues,Guns N' Roses,1,0.0
8430,So Fine,Guns N' Roses,1,0.0
8431,The Garden,Guns N' Roses,1,0.0
8432,Yesterdays,Guns N' Roses,1,0.0
8433,You Ain't the First,Guns N' Roses,1,0.0
8434,You Could Be Mine,Guns N' Roses,1,0.0
8435,Discriminación,Hamlet,1,0.0
8436,Step On,Happy Mondays,1,0.0
8437,Can't Get Along (Without You),Hard-Fi,1,0.0
8438,Help Me Please,Hard-Fi,1,0.0
8439,Little Angel,Hard-Fi,1,0.0
8440,The King,Hard-Fi,1,0.0
8441,We Need Love,Hard-Fi,1,0.0
8442,I Can,Helloween,1,0.0
8443,...16,Héroes del Silencio,1,0.0
8444,Apuesta por el R'n'R,Héroes del Silencio,1,0.0
8445,Bendecida,Héroes del Silencio,1,0.0
8446,Dias De Borrasca,Héroes del Silencio,1,0.0
8447,El Estanque,Héroes del Silencio,1,0.0
8448,Hace Tiempo,Héroes del Silencio,1,0.0
8449,La herida (edit),Héroes del Silencio,1,0.0
8450,La Isla De Las Iguanas,Héroes del Silencio,1,0.0
8451,La Lluvia Gris,Héroes del Silencio,1,0.0
8452,La Visión De Vuestras Almas,Héroes del Silencio,1,0.0
8453,No Mas Lagrimas,Héroes del Silencio,1,0.0
8454,No Mas Lagrimas (Live),Héroes del Silencio,1,0.0
8455,Opio (Live),Héroes del Silencio,1,0.0
8456,Oracion (Live),Héroes del Silencio,1,0.0
8457,Awful,Hole,1,0.0
8458,Dying,Hole,1,0.0
8459,Hit So Hard,Hole,1,0.0
8460,Malibu,Hole,1,0.0
8461,Reasons to Be Beautiful,Hole,1,0.0
8462,Use Once & Destroy,Hole,1,0.0
8463,Corpses,Ian Brown,1,0.0
8464,African Man,Iggy Pop,1,0.0
8465,Angel,Iggy Pop,1,0.0
8466,Billy Is a Runaway,Iggy Pop,1,0.0
8467,Curiosity,Iggy Pop,1,0.0
8468,Don't Look Down,Iggy Pop,1,0.0
8469,Five Foot One,Iggy Pop,1,0.0
8470,Girls,Iggy Pop,1,0.0
8471,How Do Ya Fix a Broken Part,Iggy Pop,1,0.0
8472,I'm Bored,Iggy Pop,1,0.0
8473,New Values,Iggy Pop,1,0.0
8474,Tell Me A Story,Iggy Pop,1,0.0
8475,The Endless Sea,Iggy Pop,1,0.0
8476,¡Cuánta Belleza!,Ilegales,1,0.0
8477,A prueba de marcas,Ilegales,1,0.0
8478,Al Borde,Ilegales,1,0.0
8479,Cara Al Peligro,Ilegales,1,0.0
8480,Chicos Pálidos Para La Máquina,Ilegales,1,0.0
8481,Con la Niebla,Ilegales,1,0.0
8482,Dextroanfetamina - No Quiero I,Ilegales,1,0.0
8483,Drogas Duras Llenan Sepulturas,Ilegales,1,0.0
8484,El Fantasma De La Autopista,Ilegales,1,0.0
8485,El Jardín Del Pecado,Ilegales,1,0.0
8486,En El Pasado,Ilegales,1,0.0
8487,Instrumental,Ilegales,1,0.0
8488,La edad del pavo,Ilegales,1,0.0
8489,La rabia de vivir,Ilegales,1,0.0
8490,Mala Suerte,Ilegales,1,0.0
8491,No Puedo Controlarme,Ilegales,1,0.0
8492,Oración,Ilegales,1,0.0
8493,Todos somos traidores,Ilegales,1,0.0
8494,Verano Del 93,Ilegales,1,0.0
8495,Vuelven los problemas,Ilegales,1,0.0
8496,A Certain Shade of Green,Incubus,1,0.0
8497,Battlestar Scralatchtica,Incubus,1,0.0
8498,Calgone,Incubus,1,0.0
8499,Clean,Incubus,1,0.0
8500,Consequence,Incubus,1,0.0
8501,Deep Inside,Incubus,1,0.0
8502,Drive,Incubus,1,0.0
8503,Favorite Things,Incubus,1,0.0
8504,Glass,Incubus,1,0.0
8505,I Miss You,Incubus,1,0.0
8506,Idiot Box,Incubus,1,0.0
8507,Magic Medicine,Incubus,1,0.0
8508,Make Yourself,Incubus,1,0.0
8509,Nebula,Incubus,1,0.0
8510,New Skin,Incubus,1,0.0
8511,Nowhere Fast,Incubus,1,0.0
8512,Out From Under,Incubus,1,0.0
8513,Pardon Me,Incubus,1,0.0
8514,Privilege,Incubus,1,0.0
8515,Redefine,Incubus,1,0.0
8516,Stellar,Incubus,1,0.0
8517,Summer Romance (Anti-Gravity Love Song),Incubus,1,0.0
8518,The Warmth,Incubus,1,0.0
8519,Vitamin,Incubus,1,0.0
8520,When It Comes,Incubus,1,0.0
8521,All Fired Up,Interpol,1,0.0
8522,Pioneer to the Falls,Interpol,1,0.0
8523,Rest My Chemistry,Interpol,1,0.0
8524,The Lighthouse,Interpol,1,0.0
8525,2 Minutes to Midnight,Iron Maiden,1,0.0
8526,Aces High,Iron Maiden,1,0.0
8527,Back in the Village,Iron Maiden,1,0.0
8528,Charlotte the Harlot,Iron Maiden,1,0.0
8529,Die With Your Boots On,Iron Maiden,1,0.0
8530,Flash of the Blade,Iron Maiden,1,0.0
8531,Flight of Icarus,Iron Maiden,1,0.0
8532,Iron Maiden,Iron Maiden,1,0.0
8533,Losfer Words (Big 'Orra),Iron Maiden,1,0.0
8534,Phantom of the Opera,Iron Maiden,1,0.0
8535,Powerslave,Iron Maiden,1,0.0
8536,Prowler,Iron Maiden,1,0.0
8537,Quest for Fire,Iron Maiden,1,0.0
8538,Remember Tomorrow,Iron Maiden,1,0.0
8539,Revelations,Iron Maiden,1,0.0
8540,Rime of the Ancient Mariner,Iron Maiden,1,0.0
8541,Running Free,Iron Maiden,1,0.0
8542,Sanctuary,Iron Maiden,1,0.0
8543,Still Life,Iron Maiden,1,0.0
8544,Strange World,Iron Maiden,1,0.0
8545,Sun and Steel,Iron Maiden,1,0.0
8546,The Duellists,Iron Maiden,1,0.0
8547,The Trooper,Iron Maiden,1,0.0
8548,To Tame a Land,Iron Maiden,1,0.0
8549,Transylvania,Iron Maiden,1,0.0
8550,Where Eagles Dare,Iron Maiden,1,0.0
8551,(Saca Tu Culo) De Aquí,Jaime Urrutia,1,0.0
8552,Azzurro,Jaime Urrutia,1,0.0
8553,Clases de rock'n'roll,Jaime Urrutia,1,0.0
8554,Dame Más,Jaime Urrutia,1,0.0
8555,Maribel,Jaime Urrutia,1,0.0
8556,"Pasimisí, Pasimisá",Jaime Urrutia,1,0.0
8557,Pitusa,Jaime Urrutia,1,0.0
8558,Funktion [Bonus Track],Jamiroquai,1,0.0
8559,Journey to Arnhemland,Jamiroquai,1,0.0
8560,Light Years,Jamiroquai,1,0.0
8561,Manifest Destiny,Jamiroquai,1,0.0
8562,Morning Glory,Jamiroquai,1,0.0
8563,Mr Moon,Jamiroquai,1,0.0
8564,Scam,Jamiroquai,1,0.0
8565,Space Cowboy,Jamiroquai,1,0.0
8566,The Kids,Jamiroquai,1,0.0
8567,Ain't No Right,Jane's Addiction,1,0.0
8568,No One's Leaving,Jane's Addiction,1,0.0
8569,Obvious,Jane's Addiction,1,0.0
8570,Stop,Jane's Addiction,1,0.0
8571,Three Days,Jane's Addiction,1,0.0
8572,A Woman Left Lonely,Janis Joplin,1,0.0
8573,All Is Loneliness,Janis Joplin,1,0.0
8574,Blindman,Janis Joplin,1,0.0
8575,Buried Alive in the Blues,Janis Joplin,1,0.0
8576,"Bye, Bye Baby",Janis Joplin,1,0.0
8577,Caterpillar,Janis Joplin,1,0.0
8578,Coo Coo,Janis Joplin,1,0.0
8579,Cry Baby,Janis Joplin,1,0.0
8580,Down on Me,Janis Joplin,1,0.0
8581,Easy Rider,Janis Joplin,1,0.0
8582,Get It While You Can,Janis Joplin,1,0.0
8583,Half Moon,Janis Joplin,1,0.0
8584,Intruder,Janis Joplin,1,0.0
8585,Kozmic Blues,Janis Joplin,1,0.0
8586,Light Is Faster than Sound,Janis Joplin,1,0.0
8587,Me and Bobby McGee,Janis Joplin,1,0.0
8588,Mercedes Benz,Janis Joplin,1,0.0
8589,Move Over,Janis Joplin,1,0.0
8590,My Baby,Janis Joplin,1,0.0
8591,One Good Man,Janis Joplin,1,0.0
8592,Summertime (live) [bonus track],Janis Joplin,1,0.0
8593,The Last Time,Janis Joplin,1,0.0
8594,Trust Me,Janis Joplin,1,0.0
8595,Try (Just a Little Bit Harder),Janis Joplin,1,0.0
8596,Women Is Losers,Janis Joplin,1,0.0
8597,Bonito,Jarabe de Palo,1,0.0
8598,Depende,Jarabe de Palo,1,0.0
8599,Dueño De Mi Silencio,Jarabe de Palo,1,0.0
8600,El Bosque De Palo,Jarabe de Palo,1,0.0
8601,El Lado Oscuro,Jarabe de Palo,1,0.0
8602,Grita,Jarabe de Palo,1,0.0
8603,La Canción Del Desamor,Jarabe de Palo,1,0.0
8604,La Flaca,Jarabe de Palo,1,0.0
8605,No Suelo Compararme,Jarabe de Palo,1,0.0
8606,Quiero Ser Poeta,Jarabe de Palo,1,0.0
8607,Quítame la vida,Jarabe de Palo,1,0.0
8608,Tiempo,Jarabe de Palo,1,0.0
8609,Vuela,Jarabe de Palo,1,0.0
8610,Leftovers,Jarvis Cocker,1,0.0
8611,Good Shepherd,Jefferson Airplane,1,0.0
8612,Hey Fredrick,Jefferson Airplane,1,0.0
8613,Meadowlands,Jefferson Airplane,1,0.0
8614,The Farm,Jefferson Airplane,1,0.0
8615,Turn My Life Down,Jefferson Airplane,1,0.0
8616,Volunteers,Jefferson Airplane,1,0.0
8617,We Can Be Together,Jefferson Airplane,1,0.0
8618,Wooden Ships,Jefferson Airplane,1,0.0
8619,Real Real Real,Jesus Jones,1,0.0
8620,A New Day Yesterday,Jethro Tull,1,0.0
8621,Aqualung,Jethro Tull,1,0.0
8622,Back to the Family,Jethro Tull,1,0.0
8623,Cheap Day Return,Jethro Tull,1,0.0
8624,Cross-Eyed Mary,Jethro Tull,1,0.0
8625,Fat Man,Jethro Tull,1,0.0
8626,For a Thousand Mothers,Jethro Tull,1,0.0
8627,Hymn 43,Jethro Tull,1,0.0
8628,Jeffrey Goes to Leicester Square,Jethro Tull,1,0.0
8629,Locomotive Breath,Jethro Tull,1,0.0
8630,Mother Goose,Jethro Tull,1,0.0
8631,My God,Jethro Tull,1,0.0
8632,Nothing Is Easy,Jethro Tull,1,0.0
8633,Reasons for Waiting,Jethro Tull,1,0.0
8634,Slipstream,Jethro Tull,1,0.0
8635,Up to Me,Jethro Tull,1,0.0
8636,Wind Up,Jethro Tull,1,0.0
8637,Wond'ring Aloud,Jethro Tull,1,0.0
8638,Alone at a Drive-In Movie,Jim Jacobs,1,0.0
8639,There Are Worse Things I Could Do,Jim Jacobs,1,0.0
8640,Chega de Saudade,João Gilberto,1,0.0
8641,Desafinado,João Gilberto,1,0.0
8642,Insensatez,João Gilberto,1,0.0
8643,O Amor em Paz,João Gilberto,1,0.0
8644,Samba De Uma Nota,João Gilberto,1,0.0
8645,"¡Al Ladrón, al Ladrón!",Joaquín Sabina,1,0.0
8646,Amores eternos,Joaquín Sabina,1,0.0
8647,Así estoy yo sin ti,Joaquín Sabina,1,0.0
8648,Aves de paso,Joaquín Sabina,1,0.0
8649,Besos de Judas,Joaquín Sabina,1,0.0
8650,Con un par,Joaquín Sabina,1,0.0
8651,Contigo,Joaquín Sabina,1,0.0
8652,Cuernos,Joaquín Sabina,1,0.0
8653,El capitán de su calle,Joaquín Sabina,1,0.0
8654,El muro de BerlÍn,Joaquín Sabina,1,0.0
8655,El rocanrol de los idiotas,Joaquín Sabina,1,0.0
8656,Es mentira,Joaquín Sabina,1,0.0
8657,"Hotel, dulce hotel",Joaquín Sabina,1,0.0
8658,Juegos de Azar,Joaquín Sabina,1,0.0
8659,Jugar por jugar,Joaquín Sabina,1,0.0
8660,Los perros del amanecer,Joaquín Sabina,1,0.0
8661,Mentiras piadosas,Joaquín Sabina,1,0.0
8662,Mi primo el Nano,Joaquín Sabina,1,0.0
8663,Mónica,Joaquín Sabina,1,0.0
8664,"No sopor..., no sopor...",Joaquín Sabina,1,0.0
8665,"Oiga, doctor",Joaquín Sabina,1,0.0
8666,Pacto entre caballeros,Joaquín Sabina,1,0.0
8667,Peligro de Incendio,Joaquín Sabina,1,0.0
8668,Ponme un trago más,Joaquín Sabina,1,0.0
8669,Postal de La Habana,Joaquín Sabina,1,0.0
8670,Que se llama soledad,Joaquín Sabina,1,0.0
8671,Rap del Optimista,Joaquín Sabina,1,0.0
8672,Seis de la mañana,Joaquín Sabina,1,0.0
8673,Tan joven y tan viejo,Joaquín Sabina,1,0.0
8674,Viridiana,Joaquín Sabina,1,0.0
8675,Y sin embargo,Joaquín Sabina,1,0.0
8676,Delta Lady,Joe Cocker,1,0.0
8677,Don't Let Me Be Misunderstood,Joe Cocker,1,0.0
8678,Don't You Love Me Anymore,Joe Cocker,1,0.0
8679,Let The Healing Begin,Joe Cocker,1,0.0
8680,Night Calls,Joe Cocker,1,0.0
8681,That's All I Need To Know (Live) Duet With Eros Ramazzotti,Joe Cocker,1,0.0
8682,Tonight,Joe Cocker,1,0.0
8683,Unchain My Heart,Joe Cocker,1,0.0
8684,When The Night Comes,Joe Cocker,1,0.0
8685,You Are So Beautiful,Joe Cocker,1,0.0
8686,New York City,John Lennon,1,0.0
8687,Sunday Bloody Sunday,John Lennon,1,0.0
8688,"Well, Well, Well",John Lennon,1,0.0
8689,Greased Lightnin',John Travolta,1,0.0
8690,Personality Goes A Long Way,John Travolta,1,0.0
8691,Royale With Cheese,John Travolta,1,0.0
8692,Sandy,John Travolta,1,0.0
8693,Summer Nights,John Travolta,1,0.0
8694,We Go Together,John Travolta,1,0.0
8695,You're The One That I Want,John Travolta,1,0.0
8696,(Ghost) Riders in the Sky,Johnny Cash,1,0.0
8697,A Boy Named Sue,Johnny Cash,1,0.0
8698,Daddy Sang Bass,Johnny Cash,1,0.0
8699,Don't Take Your Guns to Town,Johnny Cash,1,0.0
8700,Flesh And Blood,Johnny Cash,1,0.0
8701,Folsom Prison Blues,Johnny Cash,1,0.0
8702,I Still Miss Someone,Johnny Cash,1,0.0
8703,I Walk the Line,Johnny Cash,1,0.0
8704,In the Jailhouse Now,Johnny Cash,1,0.0
8705,Man in Black,Johnny Cash,1,0.0
8706,One Piece at a Time,Johnny Cash,1,0.0
8707,Ring of Fire,Johnny Cash,1,0.0
8708,Sunday Morning Coming Down,Johnny Cash,1,0.0
8709,The Ballad of Ira Hayes,Johnny Cash,1,0.0
8710,The Legend Of John Henry's Hammer,Johnny Cash,1,0.0
8711,Understand Your Man,Johnny Cash,1,0.0
8712,European Me,Johnny Marr,1,0.0
8713,Generate! Generate!,Johnny Marr,1,0.0
8714,I Want the Heartbeat,Johnny Marr,1,0.0
8715,Lockdown,Johnny Marr,1,0.0
8716,Say Demesne,Johnny Marr,1,0.0
8717,The Messenger,Johnny Marr,1,0.0
8718,The Right Thing Right,Johnny Marr,1,0.0
8719,Sascha,Jolie Holland,1,0.0
8720,¿Y cómo es él?,José Luis Perales,1,0.0
8721,Quisiera Decir Tu Nombre,José Luis Perales,1,0.0
8722,Un Velero Llamado Libertad,José Luis Perales,1,0.0
8723,Y Te Vas,José Luis Perales,1,0.0
8724,Atmosphere,Joy Division,1,0.0
8725,Autosuggestion,Joy Division,1,0.0
8726,Dead Souls,Joy Division,1,0.0
8727,Digital,Joy Division,1,0.0
8728,Failures,Joy Division,1,0.0
8729,From Safety to Where,Joy Division,1,0.0
8730,Glass,Joy Division,1,0.0
8731,Incubation,Joy Division,1,0.0
8732,Komakino,Joy Division,1,0.0
8733,Leaders of Men,Joy Division,1,0.0
8734,No Love Lost,Joy Division,1,0.0
8735,Novelty,Joy Division,1,0.0
8736,Transmission,Joy Division,1,0.0
8737,Warsaw,Joy Division,1,0.0
8738,Blood Red Skies,Judas Priest,1,0.0
8739,Come and Get It,Judas Priest,1,0.0
8740,Hard as Iron,Judas Priest,1,0.0
8741,Heavy Metal,Judas Priest,1,0.0
8742,I'm a Rocker,Judas Priest,1,0.0
8743,Johnny B. Goode,Judas Priest,1,0.0
8744,Love You to Death,Judas Priest,1,0.0
8745,Love Zone,Judas Priest,1,0.0
8746,Monsters of Rock,Judas Priest,1,0.0
8747,Ram It Down,Judas Priest,1,0.0
8748,D.A.N.C.E.,Justice,1,0.0
8749,Born to Be a Dancer,Kaiser Chiefs,1,0.0
8750,"Caroline, Yes",Kaiser Chiefs,1,0.0
8751,Everything Is Average Nowadays,Kaiser Chiefs,1,0.0
8752,Learnt My Lesson Well,Kaiser Chiefs,1,0.0
8753,Love's Not A Competition,Kaiser Chiefs,1,0.0
8754,Modern Way,Kaiser Chiefs,1,0.0
8755,Time Honoured Tradition,Kaiser Chiefs,1,0.0
8756,What Did I Ever Give You?,Kaiser Chiefs,1,0.0
8757,La alegría de vivir,Kaka de Luxe,1,0.0
8758,La Pluma Eléctrica,Kaka de Luxe,1,0.0
8759,Pero Me Aburro,Kaka de Luxe,1,0.0
8760,Pero Que Público Más Tonto Tengo,Kaka de Luxe,1,0.0
8761,Pondré mil voltios en tu lengua,Kaka de Luxe,1,0.0
8762,Rosario - Toca el pito,Kaka de Luxe,1,0.0
8763,Viva el Metro,Kaka de Luxe,1,0.0
8764,British Legion,Kasabian,1,0.0
8765,Butcher Blues,Kasabian,1,0.0
8766,By My Side,Kasabian,1,0.0
8767,Cutt Off,Kasabian,1,0.0
8768,L.S.F. (Lost Souls Forever),Kasabian,1,0.0
8769,Orange,Kasabian,1,0.0
8770,Ovary Stripe,Kasabian,1,0.0
8771,Pinch Roller,Kasabian,1,0.0
8772,Running Battle,Kasabian,1,0.0
8773,Seek & Destroy,Kasabian,1,0.0
8774,Stuntman,Kasabian,1,0.0
8775,Test Transmission,Kasabian,1,0.0
8776,The Doberman,Kasabian,1,0.0
8777,Punka,Kenickie,1,0.0
8778,Charon,King Diamond,1,0.0
8779,Dressed in White,King Diamond,1,0.0
8780,Halloween,King Diamond,1,0.0
8781,Haunted,King Diamond,1,0.0
8782,Lurking in the Dark,King Diamond,1,0.0
8783,No Presents For Christmas [Bonus Track],King Diamond,1,0.0
8784,The Candle,King Diamond,1,0.0
8785,The Jonah,King Diamond,1,0.0
8786,The Lake [Bonus Track],King Diamond,1,0.0
8787,The Portrait,King Diamond,1,0.0
8788,Voices from the Past,King Diamond,1,0.0
8789,17,Kings of Leon,1,0.0
8790,Be Somebody,Kings of Leon,1,0.0
8791,Closer,Kings of Leon,1,0.0
8792,Cold Desert,Kings of Leon,1,0.0
8793,Crawl,Kings of Leon,1,0.0
8794,I Want You,Kings of Leon,1,0.0
8795,Manhattan,Kings of Leon,1,0.0
8796,Notion,Kings of Leon,1,0.0
8797,Revelry,Kings of Leon,1,0.0
8798,Sex on Fire,Kings of Leon,1,0.0
8799,Use Somebody,Kings of Leon,1,0.0
8800,Baby Driver,Kiss,1,0.0
8801,Calling Dr. Love,Kiss,1,0.0
8802,Hard Luck Woman,Kiss,1,0.0
8803,I Want You,Kiss,1,0.0
8804,Ladies Room,Kiss,1,0.0
8805,Love 'Em And Leave 'Em,Kiss,1,0.0
8806,Makin' Love,Kiss,1,0.0
8807,Mr. Speed,Kiss,1,0.0
8808,See You In Your Dreams,Kiss,1,0.0
8809,Take Me,Kiss,1,0.0
8810,Ball Tongue,Korn,1,0.0
8811,Blind,Korn,1,0.0
8812,Clown,Korn,1,0.0
8813,Divine,Korn,1,0.0
8814,Faget,Korn,1,0.0
8815,K@#0%!,Korn,1,0.0
8816,Need To,Korn,1,0.0
8817,No Place to Hide,Korn,1,0.0
8818,Airwaves,Kraftwerk,1,0.0
8819,Antenna,Kraftwerk,1,0.0
8820,Endless Endless,Kraftwerk,1,0.0
8821,Europe Endless,Kraftwerk,1,0.0
8822,Franz Schubert,Kraftwerk,1,0.0
8823,Geiger Counter,Kraftwerk,1,0.0
8824,Intermission,Kraftwerk,1,0.0
8825,Metal on Metal,Kraftwerk,1,0.0
8826,News,Kraftwerk,1,0.0
8827,Ohm Sweet Ohm,Kraftwerk,1,0.0
8828,Radio Stars,Kraftwerk,1,0.0
8829,Radioactivity,Kraftwerk,1,0.0
8830,Radioland,Kraftwerk,1,0.0
8831,Showroom Dummies,Kraftwerk,1,0.0
8832,The Hall of Mirrors,Kraftwerk,1,0.0
8833,The Voice of Energy,Kraftwerk,1,0.0
8834,Trans-Europe Express,Kraftwerk,1,0.0
8835,Transistor,Kraftwerk,1,0.0
8836,Uranium,Kraftwerk,1,0.0
8837,108 Battles,Kula Shaker,1,0.0
8838,Golden Avatar,Kula Shaker,1,0.0
8839,Great Hosannah,Kula Shaker,1,0.0
8840,I'm Still Here,Kula Shaker,1,0.0
8841,Last Farewell,Kula Shaker,1,0.0
8842,Mystical Machine Gun,Kula Shaker,1,0.0
8843,Radhe Radhe,Kula Shaker,1,0.0
8844,Red Balloon,Kula Shaker,1,0.0
8845,Shower Your Love,Kula Shaker,1,0.0
8846,SOS,Kula Shaker,1,0.0
8847,Sound Of Drums,Kula Shaker,1,0.0
8848,Tattva (Lucky 13 Mix),Kula Shaker,1,0.0
8849,Timeworm,Kula Shaker,1,0.0
8850,¿Y?,La Habitación Roja,1,0.0
8851,Algún día,La Habitación Roja,1,0.0
8852,Despertar,La Habitación Roja,1,0.0
8853,J. marco,La Habitación Roja,1,0.0
8854,James Stewart,La Habitación Roja,1,0.0
8855,Jueves,La Habitación Roja,1,0.0
8856,Mentiras,La Habitación Roja,1,0.0
8857,Mi habitación,La Habitación Roja,1,0.0
8858,Nadie,La Habitación Roja,1,0.0
8859,Polaroid,La Habitación Roja,1,0.0
8860,Polideportivo,La Habitación Roja,1,0.0
8861,Sofá,La Habitación Roja,1,0.0
8862,Sol,La Habitación Roja,1,0.0
8863,Te Quiero,La Habitación Roja,1,0.0
8864,Así Casca la Basca,La Polla Records,1,0.0
8865,Canción de Cuna,La Polla Records,1,0.0
8866,chica yeye,La Polla Records,1,0.0
8867,Come Mierda,La Polla Records,1,0.0
8868,Críticos,La Polla Records,1,0.0
8869,Delincuencia,La Polla Records,1,0.0
8870,Demócrata y cristiano,La Polla Records,1,0.0
8871,El 7º De Michigan,La Polla Records,1,0.0
8872,El Ataque De Los Hambrientos,La Polla Records,1,0.0
8873,El Gurú,La Polla Records,1,0.0
8874,El Sitio Donde Yo Vivo,La Polla Records,1,0.0
8875,En Londres,La Polla Records,1,0.0
8876,Era Un Hombre,La Polla Records,1,0.0
8877,Es Política,La Polla Records,1,0.0
8878,Estrella Del Rock,La Polla Records,1,0.0
8879,"Herpes, talco y tecno-pop",La Polla Records,1,0.0
8880,La Revolución,La Polla Records,1,0.0
8881,Los Siete Enanitos,La Polla Records,1,0.0
8882,Lucky man for you,La Polla Records,1,0.0
8883,Moriréis Como Imbéciles,La Polla Records,1,0.0
8884,Muy Punk,La Polla Records,1,0.0
8885,no hay jabalix en urbasa,La Polla Records,1,0.0
8886,No Más Presos,La Polla Records,1,0.0
8887,Nuestra Alegre Juventud,La Polla Records,1,0.0
8888,Porno en Acción,La Polla Records,1,0.0
8889,Revistas del Corazón,La Polla Records,1,0.0
8890,Salve,La Polla Records,1,0.0
8891,Tope Bwana,La Polla Records,1,0.0
8892,Tú alucinas,La Polla Records,1,0.0
8893,Txus,La Polla Records,1,0.0
8894,Ven y ve,La Polla Records,1,0.0
8895,Venganza,La Polla Records,1,0.0
8896,Vuestra MaldicióN,La Polla Records,1,0.0
8897,Bonzo's Montreux,Led Zeppelin,1,0.0
8898,Darlene,Led Zeppelin,1,0.0
8899,Ozone Baby,Led Zeppelin,1,0.0
8900,Poor Tom,Led Zeppelin,1,0.0
8901,Walter's Walk,Led Zeppelin,1,0.0
8902,We're Gonna Groove,Led Zeppelin,1,0.0
8903,Wearing & Tearing,Led Zeppelin,1,0.0
8904,Release the Pressure,Leftfield,1,0.0
8905,¡Que Tire La Toalla!,Leño,1,0.0
8906,"Hey, That's No Way to Say Goodbye",Leonard Cohen,1,0.0
8907,One of Us Cannot Be Wrong,Leonard Cohen,1,0.0
8908,"So Long, Marianne",Leonard Cohen,1,0.0
8909,Stories of the Street,Leonard Cohen,1,0.0
8910,Teachers,Leonard Cohen,1,0.0
8911,Boiler,Limp Bizkit,1,0.0
8912,Full Nelson,Limp Bizkit,1,0.0
8913,Getcha Groove On Feat. Xzibit,Limp Bizkit,1,0.0
8914,Hold On,Limp Bizkit,1,0.0
8915,Hot Dog,Limp Bizkit,1,0.0
8916,Intro,Limp Bizkit,1,0.0
8917,It'll Be OK,Limp Bizkit,1,0.0
8918,Livin' It Up,Limp Bizkit,1,0.0
8919,My Generation,Limp Bizkit,1,0.0
8920,Outro,Limp Bizkit,1,0.0
8921,Rollin' (Air Raid Vehicle),Limp Bizkit,1,0.0
8922,"Rollin' (Urban Assault Vehicle) feat. Method Man, Redman and DMX",Limp Bizkit,1,0.0
8923,Take a Look Around,Limp Bizkit,1,0.0
8924,The One,Limp Bizkit,1,0.0
8925,Rumble,Link Wray & His Wraymen,1,0.0
8926,She Said,Longpigs,1,0.0
8927,El ritmo del garage,Loquillo y Trogloditas,1,0.0
8928,A Tope de Amor y Lujo,Los Coronas,1,0.0
8929,Correvuela,Los Coronas,1,0.0
8930,Drama West,Los Coronas,1,0.0
8931,Essaouira,Los Coronas,1,0.0
8932,La Fiebre,Los Coronas,1,0.0
8933,Lady Rolla,Los Coronas,1,0.0
8934,Mulas Huyendo de una Hostia Consagrada,Los Coronas,1,0.0
8935,Sierra Yeguas,Los Coronas,1,0.0
8936,Tono Viejo,Los Coronas,1,0.0
8937,Colores,Los Piratas,1,0.0
8938,Cuando Te Duermas,Los Piratas,1,0.0
8939,El Cielo de lo Nuestro,Los Piratas,1,0.0
8940,Muertos,Los Piratas,1,0.0
8941,Teching,Los Piratas,1,0.0
8942,Ultrasónica,Los Piratas,1,0.0
8943,8,Los Planetas,1,0.0
8944,Aeropuerto,Los Planetas,1,0.0
8945,Cada Vez,Los Planetas,1,0.0
8946,Cancion para ligar (o para que no me dejes),Los Planetas,1,0.0
8947,Canción para ligar (o para que no me dejes),Los Planetas,1,0.0
8948,Ciudad Azul,Los Planetas,1,0.0
8949,Cumpleaсos Total,Los Planetas,1,0.0
8950,David y Claudia,Los Planetas,1,0.0
8951,DB,Los Planetas,1,0.0
8952,dulces sueсos,Los Planetas,1,0.0
8953,El Centro Del Cerebro,Los Planetas,1,0.0
8954,El Espíritu De La Navidad,Los Planetas,1,0.0
8955,Espiral (Demo),Los Planetas,1,0.0
8956,Himno Generacional #83,Los Planetas,1,0.0
8957,Jose Y Yo,Los Planetas,1,0.0
8958,La Casa,Los Planetas,1,0.0
8959,La Copa De Europa,Los Planetas,1,0.0
8960,La máquina de escribir,Los Planetas,1,0.0
8961,Línea 1,Los Planetas,1,0.0
8962,Mil Millones De Veces,Los Planetas,1,0.0
8963,Mis Problemas Con La Justicia,Los Planetas,1,0.0
8964,Nosotros Somos los Zíngaros,Los Planetas,1,0.0
8965,Nuevas Sensaciones,Los Planetas,1,0.0
8966,Ondas Del Espacio Exterior,Los Planetas,1,0.0
8967,Pegado a tí,Los Planetas,1,0.0
8968,Prefiero Bollitos,Los Planetas,1,0.0
8969,Punk,Los Planetas,1,0.0
8970,San Juan De La Cruz,Los Planetas,1,0.0
8971,Temporalmente,Los Planetas,1,0.0
8972,Una Nueva Prensa Musical,Los Planetas,1,0.0
8973,7 Segundos,Los Rodríguez,1,0.0
8974,Aquí no Podemos Hacerlo,Los Rodríguez,1,0.0
8975,Copa Rota,Los Rodríguez,1,0.0
8976,Enganchate Conmigo,Los Rodríguez,1,0.0
8977,Especies Que Desaparecen,Los Rodríguez,1,0.0
8978,Hasta Que El Sueño Venga,Los Rodríguez,1,0.0
8979,La Mujer de 1 Amigo,Los Rodríguez,1,0.0
8980,Mala Suerte,Los Rodríguez,1,0.0
8981,Me Estas Atrapando Otra Vez (,Los Rodríguez,1,0.0
8982,Mi Enfermedad (Version 96),Los Rodríguez,1,0.0
8983,Mi Rock Perdido,Los Rodríguez,1,0.0
8984,"Palabras más, Palabras Menos",Los Rodríguez,1,0.0
8985,Pequeño Salto Mortal,Los Rodríguez,1,0.0
8986,Salud (Dinero & Amor),Los Rodríguez,1,0.0
8987,Salud (Dinero y Amor),Los Rodríguez,1,0.0
8988,Dolores se llamaba Lola,Los Suaves,1,0.0
8989,Pilar,Los Toreros Muertos,1,0.0
8990,Beginning of a Great Adventure,Lou Reed,1,0.0
8991,Betrayed,Lou Reed,1,0.0
8992,Busload of Faith,Lou Reed,1,0.0
8993,Coney Island Baby (Bonus),Lou Reed,1,0.0
8994,Crazy Feeling (Bonus),Lou Reed,1,0.0
8995,Dime Store Mystery,Lou Reed,1,0.0
8996,Dirty Blvd.,Lou Reed,1,0.0
8997,Don't Talk To Me About Work,Lou Reed,1,0.0
8998,Down At The Arcade,Lou Reed,1,0.0
8999,Endless Cycle,Lou Reed,1,0.0
9000,Fly Into The Sun,Lou Reed,1,0.0
9001,Good Evening Mr. Waldheim,Lou Reed,1,0.0
9002,Halloween Parade,Lou Reed,1,0.0
9003,High In The City,Lou Reed,1,0.0
9004,Hold On,Lou Reed,1,0.0
9005,Home Of The Brave,Lou Reed,1,0.0
9006,"I Love You, Suzanne",Lou Reed,1,0.0
9007,Last Great American Whale,Lou Reed,1,0.0
9008,Leave Me Alone (Bonus),Lou Reed,1,0.0
9009,Legendary Hearts,Lou Reed,1,0.0
9010,Make Up My Mind,Lou Reed,1,0.0
9011,Martial Law,Lou Reed,1,0.0
9012,Pow Wow,Lou Reed,1,0.0
9013,Rock 'n' Roll,Lou Reed,1,0.0
9014,Romeo Had Juliette,Lou Reed,1,0.0
9015,Rooftop Garden,Lou Reed,1,0.0
9016,She's My Best Friend (Bonus),Lou Reed,1,0.0
9017,Sick of You,Lou Reed,1,0.0
9018,Strawman,Lou Reed,1,0.0
9019,The Last Shot,Lou Reed,1,0.0
9020,There Is No Time,Lou Reed,1,0.0
9021,Turn Out The Light,Lou Reed,1,0.0
9022,Turn To Me,Lou Reed,1,0.0
9023,What Becomes A Legend Most,Lou Reed,1,0.0
9024,Xmas in February,Lou Reed,1,0.0
9025,Rock & Roll Party Queen,Louis St. Louis,1,0.0
9026,A día de hoy,Luis Eduardo Aute,1,0.0
9027,A Por El Mar,Luis Eduardo Aute,1,0.0
9028,Alone With You,Luis Eduardo Aute,1,0.0
9029,Amor Te Digo Esta Palabra,Luis Eduardo Aute,1,0.0
9030,Anda,Luis Eduardo Aute,1,0.0
9031,De Tripas Corazón,Luis Eduardo Aute,1,0.0
9032,El Ascensor,Luis Eduardo Aute,1,0.0
9033,El resto es humo,Luis Eduardo Aute,1,0.0
9034,Esta Noche,Luis Eduardo Aute,1,0.0
9035,Imaginación,Luis Eduardo Aute,1,0.0
9036,Las Cuatro Y Diez,Luis Eduardo Aute,1,0.0
9037,Na De Na,Luis Eduardo Aute,1,0.0
9038,Naves Quemadas,Luis Eduardo Aute,1,0.0
9039,No Sé Qué Coño Me Pasa Hoy,Luis Eduardo Aute,1,0.0
9040,No Te Desnudes Todavía,Luis Eduardo Aute,1,0.0
9041,Paraules d'amor,Luis Eduardo Aute,1,0.0
9042,Pasaba por aquí,Luis Eduardo Aute,1,0.0
9043,Recordándote,Luis Eduardo Aute,1,0.0
9044,Rojo Sobre Negro,Luis Eduardo Aute,1,0.0
9045,Rosas En El Mar,Luis Eduardo Aute,1,0.0
9046,Te doy una canción,Luis Eduardo Aute,1,0.0
9047,Vailima,Luis Eduardo Aute,1,0.0
9048,500,Lush,1,0.0
9049,Ciao!,Lush,1,0.0
9050,Heavenly Nobodies,Lush,1,0.0
9051,I've Been Here Before,Lush,1,0.0
9052,Ladykillers,Lush,1,0.0
9053,Last Night,Lush,1,0.0
9054,Olympia,Lush,1,0.0
9055,Papasan,Lush,1,0.0
9056,Runaway,Lush,1,0.0
9057,The Childcatcher,Lush,1,0.0
9058,Tralala,Lush,1,0.0
9059,Am I Losin',Lynyrd Skynyrd,1,0.0
9060,Cheatin' Woman,Lynyrd Skynyrd,1,0.0
9061,I'm A Country Boy,Lynyrd Skynyrd,1,0.0
9062,Made In The Shade,Lynyrd Skynyrd,1,0.0
9063,On The Hunt,Lynyrd Skynyrd,1,0.0
9064,Railroad Song,Lynyrd Skynyrd,1,0.0
9065,Saturday Night Special,Lynyrd Skynyrd,1,0.0
9066,Whiskey Rock-A-Roller,Lynyrd Skynyrd,1,0.0
9067,02- My Girl,Madness,1,0.0
9068,08- Int The Middle Of The Night,Madness,1,0.0
9069,Baggy Trousers,Madness,1,0.0
9070,Benny Bullfrog,Madness,1,0.0
9071,Cardiac Arrest,Madness,1,0.0
9072,Close Escape,Madness,1,0.0
9073,Day on the Town,Madness,1,0.0
9074,E.R.N.I.E.,Madness,1,0.0
9075,Embarrassment,Madness,1,0.0
9076,Grey Day,Madness,1,0.0
9077,In the Rain,Madness,1,0.0
9078,Missing You,Madness,1,0.0
9079,Mrs. Hutchinson,Madness,1,0.0
9080,Not Home Today,Madness,1,0.0
9081,On the Beat Pete,Madness,1,0.0
9082,Overdone,Madness,1,0.0
9083,Pac-a-mac,Madness,1,0.0
9084,Promises Promises,Madness,1,0.0
9085,Return of the Los Palmas,Madness,1,0.0
9086,Shadow of Fear,Madness,1,0.0
9087,Shut Up,Madness,1,0.0
9088,Sign of the Times,Madness,1,0.0
9089,Solid Gone,Madness,1,0.0
9090,Take It or Leave It,Madness,1,0.0
9091,The Opium Eaters,Madness,1,0.0
9092,Tomorrow's Dream,Madness,1,0.0
9093,When Dawn Arrives,Madness,1,0.0
9094,You Said,Madness,1,0.0
9095,Candy Perfume Girl,Madonna,1,0.0
9096,Drowned World / Substitute for Love,Madonna,1,0.0
9097,Frozen,Madonna,1,0.0
9098,Little Star,Madonna,1,0.0
9099,Mer Girl,Madonna,1,0.0
9100,Nothing Really Matters,Madonna,1,0.0
9101,Ray of Light,Madonna,1,0.0
9102,Shanti / Ashtangi,Madonna,1,0.0
9103,Skin,Madonna,1,0.0
9104,Sky Fits Heaven,Madonna,1,0.0
9105,Swim,Madonna,1,0.0
9106,The Power of Good-Bye,Madonna,1,0.0
9107,To Have and Not to Hold,Madonna,1,0.0
9108,4st 7lb,Manic Street Preachers,1,0.0
9109,Another Invented Disease,Manic Street Preachers,1,0.0
9110,Archives of Pain,Manic Street Preachers,1,0.0
9111,Born to End,Manic Street Preachers,1,0.0
9112,Condemned to Rock 'n' Roll,Manic Street Preachers,1,0.0
9113,Crucifix Kiss,Manic Street Preachers,1,0.0
9114,Damn Dog,Manic Street Preachers,1,0.0
9115,Drug Drug Druggy,Manic Street Preachers,1,0.0
9116,Gold Against the Soul,Manic Street Preachers,1,0.0
9117,Ifwhiteamericatoldthetruthforjustonedayit'sworldwouldfallapart,Manic Street Preachers,1,0.0
9118,La Tristesse Durera (Scream to a Sigh),Manic Street Preachers,1,0.0
9119,Life Becoming a Landslide,Manic Street Preachers,1,0.0
9120,Love's Sweet Exile,Manic Street Preachers,1,0.0
9121,Mausoleum,Manic Street Preachers,1,0.0
9122,Methadone Pretty,Manic Street Preachers,1,0.0
9123,Nat West-Barclays-Midlands-Lloyds,Manic Street Preachers,1,0.0
9124,Nostalgic Pushead,Manic Street Preachers,1,0.0
9125,Of Walking Abortion,Manic Street Preachers,1,0.0
9126,Repeat (Stars and Stripes),Manic Street Preachers,1,0.0
9127,Repeat (UK),Manic Street Preachers,1,0.0
9128,Revol,Manic Street Preachers,1,0.0
9129,Roses in the Hospital,Manic Street Preachers,1,0.0
9130,She Is Suffering,Manic Street Preachers,1,0.0
9131,Slash 'n' Burn,Manic Street Preachers,1,0.0
9132,Sleepflower,Manic Street Preachers,1,0.0
9133,So Dead,Manic Street Preachers,1,0.0
9134,Spectators of Suicide,Manic Street Preachers,1,0.0
9135,Stay Beautiful,Manic Street Preachers,1,0.0
9136,Symphony of Tourette,Manic Street Preachers,1,0.0
9137,Tennessee,Manic Street Preachers,1,0.0
9138,Yes,Manic Street Preachers,1,0.0
9139,Yourself,Manic Street Preachers,1,0.0
9140,If Love Is a Red Dress (Hang Me in Rags),Maria McKee,1,0.0
9141,The Beautiful People,Marilyn Manson,1,0.0
9142,Back to Tupelo,Mark Knopfler,1,0.0
9143,"Boom, Like That",Mark Knopfler,1,0.0
9144,Everybody Pays,Mark Knopfler,1,0.0
9145,Our Shangri-La,Mark Knopfler,1,0.0
9146,Song for Sonny Liston,Mark Knopfler,1,0.0
9147,Sucker Row,Mark Knopfler,1,0.0
9148,The Trawlerman's Song,Mark Knopfler,1,0.0
9149,Whoop De Doo,Mark Knopfler,1,0.0
9150,Boda en londres,Mecano,1,0.0
9151,Cenando en París,Mecano,1,0.0
9152,Hoy no me puedo levantar,Mecano,1,0.0
9153,La máquina de vapor,Mecano,1,0.0
9154,Maquillaje,Mecano,1,0.0
9155,Me colé en una fiesta,Mecano,1,0.0
9156,Me voy de casa,Mecano,1,0.0
9157,No me enseñen la lección,Mecano,1,0.0
9158,Perdido en mi habitación,Mecano,1,0.0
9159,502,Megadeth,1,0.0
9160,Chosen Ones,Megadeth,1,0.0
9161,Hook in Mouth,Megadeth,1,0.0
9162,In My Darkest Hour,Megadeth,1,0.0
9163,Into the Lungs of Hell,Megadeth,1,0.0
9164,Killing Is My Business... and Business Is Good,Megadeth,1,0.0
9165,Last Rites/Loved to Death,Megadeth,1,0.0
9166,Liar,Megadeth,1,0.0
9167,Looking Down The Cross,Megadeth,1,0.0
9168,Mary Jane,Megadeth,1,0.0
9169,Mechanix,Megadeth,1,0.0
9170,Rattlehead,Megadeth,1,0.0
9171,Set the World Afire,Megadeth,1,0.0
9172,Skull Beneath the Skin,Megadeth,1,0.0
9173,These Boots,Megadeth,1,0.0
9174,(Anesthesia) Pulling Teeth,Metallica,1,0.0
9175,2 X 4,Metallica,1,0.0
9176,Ain't My Bitch,Metallica,1,0.0
9177,Bleeding Me,Metallica,1,0.0
9178,Creeping Death,Metallica,1,0.0
9179,Cure,Metallica,1,0.0
9180,Escape,Metallica,1,0.0
9181,Fade to Black,Metallica,1,0.0
9182,Fight Fire With Fire,Metallica,1,0.0
9183,For Whom the Bell Tolls,Metallica,1,0.0
9184,Hero of the Day,Metallica,1,0.0
9185,Hit the Lights,Metallica,1,0.0
9186,Holier Than Thou,Metallica,1,0.0
9187,Jump in the Fire,Metallica,1,0.0
9188,King Nothing,Metallica,1,0.0
9189,Mama Said,Metallica,1,0.0
9190,Metal Militia,Metallica,1,0.0
9191,Motorbreath,Metallica,1,0.0
9192,No Remorse,Metallica,1,0.0
9193,Phantom Lord,Metallica,1,0.0
9194,Poor Twisted Me,Metallica,1,0.0
9195,Ride the Lightning,Metallica,1,0.0
9196,Ronnie,Metallica,1,0.0
9197,Seek and Destroy,Metallica,1,0.0
9198,The Call of Ktulu,Metallica,1,0.0
9199,The Four Horsemen,Metallica,1,0.0
9200,The House Jack Built,Metallica,1,0.0
9201,The Outlaw Torn,Metallica,1,0.0
9202,Thorn Within,Metallica,1,0.0
9203,Trapped Under Ice,Metallica,1,0.0
9204,Until It Sleeps,Metallica,1,0.0
9205,Wasting My Hate,Metallica,1,0.0
9206,Whiplash,Metallica,1,0.0
9207,Another Part of Me,Michael Jackson,1,0.0
9208,Dirty Diana,Michael Jackson,1,0.0
9209,I Just Can't Stop Loving You,Michael Jackson,1,0.0
9210,Just Good Friends,Michael Jackson,1,0.0
9211,Leave Me Alone,Michael Jackson,1,0.0
9212,Liberian Girl,Michael Jackson,1,0.0
9213,Man in the Mirror,Michael Jackson,1,0.0
9214,Smooth Criminal,Michael Jackson,1,0.0
9215,Speed Demon,Michael Jackson,1,0.0
9216,Grace Kelly,Mika,1,0.0
9217,Lollipop,Mika,1,0.0
9218,Love Today,Mika,1,0.0
9219,My Interpretation,Mika,1,0.0
9220,"Relax, Take It Easy",Mika,1,0.0
9221,Blue Saloon,Mike Oldfield,1,0.0
9222,Clear Light,Mike Oldfield,1,0.0
9223,Dark Star,Mike Oldfield,1,0.0
9224,Incantations Part I,Mike Oldfield,1,0.0
9225,Incantations Part II,Mike Oldfield,1,0.0
9226,Incantations Part III,Mike Oldfield,1,0.0
9227,Incantations Part IV,Mike Oldfield,1,0.0
9228,Ommadawn Part One,Mike Oldfield,1,0.0
9229,Ommadawn Part Two,Mike Oldfield,1,0.0
9230,Red Dawn,Mike Oldfield,1,0.0
9231,Sentinel,Mike Oldfield,1,0.0
9232,Sunjammer,Mike Oldfield,1,0.0
9233,The Bell,Mike Oldfield,1,0.0
9234,"Bess, Oh Where's My Bess",Miles Davis,1,0.0
9235,"Bess, You Is My Woman Now",Miles Davis,1,0.0
9236,"Fisherman, Strawberry and Devil Crab",Miles Davis,1,0.0
9237,Gone,Miles Davis,1,0.0
9238,"Gone, Gone, Gone",Miles Davis,1,0.0
9239,My Man's Gone Now,Miles Davis,1,0.0
9240,Prayer,Miles Davis,1,0.0
9241,Summertime,Miles Davis,1,0.0
9242,The Buzzard Song,Miles Davis,1,0.0
9243,Better Left Invisible,Miles Kane,1,0.0
9244,Better Than That,Miles Kane,1,0.0
9245,Bombshells,Miles Kane,1,0.0
9246,Colour Of The Trap,Miles Kane,1,0.0
9247,Darkness in Our Hearts,Miles Kane,1,0.0
9248,Don't Forget Who You Are,Miles Kane,1,0.0
9249,Fire in My Heart,Miles Kane,1,0.0
9250,Give Up,Miles Kane,1,0.0
9251,Kingcrawler,Miles Kane,1,0.0
9252,Take The Night From Me,Miles Kane,1,0.0
9253,Taking Over,Miles Kane,1,0.0
9254,Telepathy,Miles Kane,1,0.0
9255,Tonight,Miles Kane,1,0.0
9256,What Condition am I In?,Miles Kane,1,0.0
9257,You're Gonna Get It,Miles Kane,1,0.0
9258,Down Slow,Moby,1,0.0
9259,Everloving,Moby,1,0.0
9260,Guitar Flute & String,Moby,1,0.0
9261,If Things Were Perfect,Moby,1,0.0
9262,Inside,Moby,1,0.0
9263,My Weakness,Moby,1,0.0
9264,Soft,Moby,1,0.0
9265,The Sky Is Broken,Moby,1,0.0
9266,Hunted by a Freak,Mogwai,1,0.0
9267,A Drop in the Ocean,Moloko,1,0.0
9268,Absent Minded Friends,Moloko,1,0.0
9269,Being Is Bewildering,Moloko,1,0.0
9270,Dumb Inc.,Moloko,1,0.0
9271,Indigo,Moloko,1,0.0
9272,It's Nothing,Moloko,1,0.0
9273,It's Your Problem,Moloko,1,0.0
9274,Mother,Moloko,1,0.0
9275,Pure Pleasure Seeker,Moloko,1,0.0
9276,Remain the Same,Moloko,1,0.0
9277,Somebody Somewhere,Moloko,1,0.0
9278,The Time Is Now,Moloko,1,0.0
9279,Friction,Morcheeba,1,0.0
9280,Over and Over,Morcheeba,1,0.0
9281,Tape Loop,Morcheeba,1,0.0
9282,Bastard,Mötley Crüe,1,0.0
9283,City Boy Blues,Mötley Crüe,1,0.0
9284,Danger,Mötley Crüe,1,0.0
9285,Fight For Your Rights,Mötley Crüe,1,0.0
9286,God Bless the Children of the Beast,Mötley Crüe,1,0.0
9287,Helter Skelter,Mötley Crüe,1,0.0
9288,Home Sweet Home,Mötley Crüe,1,0.0
9289,In the Beginning,Mötley Crüe,1,0.0
9290,Keep Your Eye On The Money,Mötley Crüe,1,0.0
9291,"Knock 'Em Dead, Kid",Mötley Crüe,1,0.0
9292,Looks That Kill,Mötley Crüe,1,0.0
9293,Louder Than Hell,Mötley Crüe,1,0.0
9294,Raise Your Hands To Rock,Mötley Crüe,1,0.0
9295,Red Hot,Mötley Crüe,1,0.0
9296,Save Our Souls,Mötley Crüe,1,0.0
9297,Shout at the Devil,Mötley Crüe,1,0.0
9298,Smokin' In The Boys Room,Mötley Crüe,1,0.0
9299,Ten Seconds to Love,Mötley Crüe,1,0.0
9300,Tonight (We Need A Lover),Mötley Crüe,1,0.0
9301,Too Young to Fall in Love,Mötley Crüe,1,0.0
9302,Use It Or Lose It,Mötley Crüe,1,0.0
9303,(I Won't) Pay Your Price,Motörhead,1,0.0
9304,Capricorn,Motörhead,1,0.0
9305,Damage Case,Motörhead,1,0.0
9306,I'll Be Your Sister,Motörhead,1,0.0
9307,Limb from Limb,Motörhead,1,0.0
9308,Metropolis,Motörhead,1,0.0
9309,No Class,Motörhead,1,0.0
9310,Overkill,Motörhead,1,0.0
9311,Stay Clean,Motörhead,1,0.0
9312,Stone Dead Forever,Motörhead,1,0.0
9313,Tear Ya Down,Motörhead,1,0.0
9314,Citizen Erased,Muse,1,0.0
9315,Guiding Light,Muse,1,0.0
9316,Hysteria,Muse,1,0.0
9317,MK Ultra,Muse,1,0.0
9318,Resistance,Muse,1,0.0
9319,Undisclosed Desires,Muse,1,0.0
9320,United States of Eurasia (+Collateral Damage),Muse,1,0.0
9321,Uprising,Muse,1,0.0
9322,The Law,Museum,1,0.0
9323,A Man Needs a Maid,Neil Young,1,0.0
9324,After the Gold Rush,Neil Young,1,0.0
9325,Alabama,Neil Young,1,0.0
9326,Are You Ready for the Country?,Neil Young,1,0.0
9327,Birds,Neil Young,1,0.0
9328,Cripple Creek Ferry,Neil Young,1,0.0
9329,Don't Let It Bring You Down,Neil Young,1,0.0
9330,Harvest,Neil Young,1,0.0
9331,Heart of Gold,Neil Young,1,0.0
9332,I Believe in You,Neil Young,1,0.0
9333,"Oh, Lonesome Me",Neil Young,1,0.0
9334,Old Man,Neil Young,1,0.0
9335,Only Love Can Break Your Heart,Neil Young,1,0.0
9336,Out on the Weekend,Neil Young,1,0.0
9337,Southern Man,Neil Young,1,0.0
9338,The Needle and the Damage Done,Neil Young,1,0.0
9339,There's a World,Neil Young,1,0.0
9340,Till the Morning Comes,Neil Young,1,0.0
9341,When You Dance You Can Really Love,Neil Young,1,0.0
9342,Words (Between the Lines of Age),Neil Young,1,0.0
9343,586,New Order,1,0.0
9344,Age of Consent,New Order,1,0.0
9345,All Day Long,New Order,1,0.0
9346,Angel Dust,New Order,1,0.0
9347,As It Is When It Was,New Order,1,0.0
9348,Bizarre Love Triangle,New Order,1,0.0
9349,Broken Promise,New Order,1,0.0
9350,Ecstacy,New Order,1,0.0
9351,Every Little Counts,New Order,1,0.0
9352,Fine Time,New Order,1,0.0
9353,Leave Me Alone,New Order,1,0.0
9354,Paradise,New Order,1,0.0
9355,Regret,New Order,1,0.0
9356,The Village,New Order,1,0.0
9357,Ultraviolence,New Order,1,0.0
9358,Way of Life,New Order,1,0.0
9359,We All Stand,New Order,1,0.0
9360,Weirdo,New Order,1,0.0
9361,Your Silent Face,New Order,1,0.0
9362,(There's Gonna Be A) Showdown,New York Dolls,1,0.0
9363,Babylon,New York Dolls,1,0.0
9364,Bad Detective,New York Dolls,1,0.0
9365,Chatterbox,New York Dolls,1,0.0
9366,Don't Start Me Talkin',New York Dolls,1,0.0
9367,Human Being,New York Dolls,1,0.0
9368,It's Too Late,New York Dolls,1,0.0
9369,Puss 'n' Boots,New York Dolls,1,0.0
9370,Stranded in the Jungle,New York Dolls,1,0.0
9371,Who Are the Mystery Girls?,New York Dolls,1,0.0
9372,Black Betty,Nick Cave & the Bad Seeds,1,0.0
9373,From Her To Eternity,Nick Cave & the Bad Seeds,1,0.0
9374,Hard On for Love,Nick Cave & the Bad Seeds,1,0.0
9375,I'm Gonna Kill That Woman,Nick Cave & the Bad Seeds,1,0.0
9376,Jack's Shadow,Nick Cave & the Bad Seeds,1,0.0
9377,Long Black Veil,Nick Cave & the Bad Seeds,1,0.0
9378,Long Time Man,Nick Cave & the Bad Seeds,1,0.0
9379,Muddy Water,Nick Cave & the Bad Seeds,1,0.0
9380,Sad Waters,Nick Cave & the Bad Seeds,1,0.0
9381,Scum,Nick Cave & the Bad Seeds,1,0.0
9382,She Fell Away,Nick Cave & the Bad Seeds,1,0.0
9383,Sleeping Annaleah,Nick Cave & the Bad Seeds,1,0.0
9384,Stranger Than Kindness,Nick Cave & the Bad Seeds,1,0.0
9385,The Carny,Nick Cave & the Bad Seeds,1,0.0
9386,The Mercy Seat,Nick Cave & the Bad Seeds,1,0.0
9387,The Singer,Nick Cave & the Bad Seeds,1,0.0
9388,Tupelo (single version),Nick Cave & the Bad Seeds,1,0.0
9389,"Your Funeral, My Trial",Nick Cave & the Bad Seeds,1,0.0
9390,A Warm Place,Nine Inch Nails,1,0.0
9391,Big Man With a Gun,Nine Inch Nails,1,0.0
9392,Closer,Nine Inch Nails,1,0.0
9393,Down in It,Nine Inch Nails,1,0.0
9394,Eraser,Nine Inch Nails,1,0.0
9395,Head Like a Hole,Nine Inch Nails,1,0.0
9396,Heresy,Nine Inch Nails,1,0.0
9397,Hurt,Nine Inch Nails,1,0.0
9398,I Do Not Want This,Nine Inch Nails,1,0.0
9399,Kinda I Want To,Nine Inch Nails,1,0.0
9400,March of the Pigs,Nine Inch Nails,1,0.0
9401,Mr Self Destruct,Nine Inch Nails,1,0.0
9402,Piggy,Nine Inch Nails,1,0.0
9403,Reptile,Nine Inch Nails,1,0.0
9404,Ringfinger,Nine Inch Nails,1,0.0
9405,Sanctified,Nine Inch Nails,1,0.0
9406,Sin,Nine Inch Nails,1,0.0
9407,Something I Can Never Have,Nine Inch Nails,1,0.0
9408,Terrible Lie,Nine Inch Nails,1,0.0
9409,That's What I Get,Nine Inch Nails,1,0.0
9410,The Becoming,Nine Inch Nails,1,0.0
9411,The Downward Spiral,Nine Inch Nails,1,0.0
9412,The Only Time,Nine Inch Nails,1,0.0
9413,Aquel Atardecer,Nino Bravo,1,0.0
9414,Arena De Otoño,Nino Bravo,1,0.0
9415,Cartas Amarillas,Nino Bravo,1,0.0
9416,Como Todos,Nino Bravo,1,0.0
9417,Contigo Soy Feliz,Nino Bravo,1,0.0
9418,En Libertad,Nino Bravo,1,0.0
9419,Es El Viento,Nino Bravo,1,0.0
9420,Esa Será Mi Casa,Nino Bravo,1,0.0
9421,La Niña Es Ya Mujer,Nino Bravo,1,0.0
9422,Libre,Nino Bravo,1,0.0
9423,Mi Gran Amor,Nino Bravo,1,0.0
9424,Mi Querida Mamá,Nino Bravo,1,0.0
9425,No Debo Pensar En Ti,Nino Bravo,1,0.0
9426,Noelia,Nino Bravo,1,0.0
9427,Nuestro Hogar Será El Mundo,Nino Bravo,1,0.0
9428,Para darte mi corazón,Nino Bravo,1,0.0
9429,Para qué seguir,Nino Bravo,1,0.0
9430,Por Fin Mañana,Nino Bravo,1,0.0
9431,Por Fin Mi Amor,Nino Bravo,1,0.0
9432,"Te Quiero, Te Quiero",Nino Bravo,1,0.0
9433,Voy Buscando,Nino Bravo,1,0.0
9434,Vuelvo A Estar Sin Ti,Nino Bravo,1,0.0
9435,Yo Te Quiero Dar,Nino Bravo,1,0.0
9436,All Apologies,Nirvana,1,0.0
9437,Lake of Fire,Nirvana,1,0.0
9438,"Oh, Me",Nirvana,1,0.0
9439,Plateau,Nirvana,1,0.0
9440,Where Did You Sleep Last Night,Nirvana,1,0.0
9441,(Stranded On) The Wrong Beach,Noel Gallagher,1,0.0
9442,A Simple Game Of Genius,Noel Gallagher,1,0.0
9443,AKA... Broken Arrow,Noel Gallagher,1,0.0
9444,Soldier Boys and Jesus Freaks,Noel Gallagher,1,0.0
9445,Stop the Clocks,Noel Gallagher,1,0.0
9446,The good rebel,Noel Gallagher,1,0.0
9447,Don't Call Me White,NOFX,1,0.0
9448,Dying Degree,NOFX,1,0.0
9449,Fleas,NOFX,1,0.0
9450,Happy Guy,NOFX,1,0.0
9451,Jeff Wears Birkenstocks,NOFX,1,0.0
9452,Linoleum,NOFX,1,0.0
9453,Lori Meyers,NOFX,1,0.0
9454,My Heart Is Yearning,NOFX,1,0.0
9455,Perfect Government,NOFX,1,0.0
9456,Punk Guy,NOFX,1,0.0
9457,Reeko,NOFX,1,0.0
9458,Scavenger Type,NOFX,1,0.0
9459,The Brews,NOFX,1,0.0
9460,Cállate,Obus,1,0.0
9461,La Escalera,Obus,1,0.0
9462,Va a Estallar el Obús,Obus,1,0.0
9463,Cállate,Obús,1,0.0
9464,La Escalera,Obús,1,0.0
9465,Va A Estallar El Obús,Obús,1,0.0
9466,All Up,Ocean Colour Scene,1,0.0
9467,Besides Yourself,Ocean Colour Scene,1,0.0
9468,Big Star,Ocean Colour Scene,1,0.0
9469,Biggest Thing,Ocean Colour Scene,1,0.0
9470,Can't Get Back to the Baseline,Ocean Colour Scene,1,0.0
9471,Debris Road,Ocean Colour Scene,1,0.0
9472,Foxy's Folk Faced,Ocean Colour Scene,1,0.0
9473,Get Blown Away,Ocean Colour Scene,1,0.0
9474,Give Me a Letter,Ocean Colour Scene,1,0.0
9475,Half a Dream Away,Ocean Colour Scene,1,0.0
9476,If I Gave You My Heart,Ocean Colour Scene,1,0.0
9477,In My Field,Ocean Colour Scene,1,0.0
9478,It's a Beautiful Thing,Ocean Colour Scene,1,0.0
9479,July,Ocean Colour Scene,1,0.0
9480,Mechanical Wonder,Ocean Colour Scene,1,0.0
9481,Sail on My Boat,Ocean Colour Scene,1,0.0
9482,Something For Me,Ocean Colour Scene,1,0.0
9483,Spark and Cindy,Ocean Colour Scene,1,0.0
9484,Tele He's Not Talking,Ocean Colour Scene,1,0.0
9485,We Made It More,Ocean Colour Scene,1,0.0
9486,You Are Amazing,Ocean Colour Scene,1,0.0
9487,Hopelessly Devoted To You,Olivia Newton-John,1,0.0
9488,"Look at Me, I'm Sandra Dee",Olivia Newton-John,1,0.0
9489,Between Angels And Insects,Papa Roach,1,0.0
9490,Binge,Papa Roach,1,0.0
9491,Blood Brothers,Papa Roach,1,0.0
9492,Broken Home,Papa Roach,1,0.0
9493,Dead Cell,Papa Roach,1,0.0
9494,Infest,Papa Roach,1,0.0
9495,Last Resort,Papa Roach,1,0.0
9496,Never Enough,Papa Roach,1,0.0
9497,Revenge,Papa Roach,1,0.0
9498,Snakes,Papa Roach,1,0.0
9499,Thrown Away,Papa Roach,1,0.0
9500,Para ti,Paraíso,1,0.0
9501,Adictos a la lujuria,Parálisis Permanente,1,0.0
9502,Bacanal,Parálisis Permanente,1,0.0
9503,El acto,Parálisis Permanente,1,0.0
9504,Esto no es,Parálisis Permanente,1,0.0
9505,Héroes,Parálisis Permanente,1,0.0
9506,Jugando a las cartas,Parálisis Permanente,1,0.0
9507,Nacidos Para Dominar,Parálisis Permanente,1,0.0
9508,Quiero ser tu perro,Parálisis Permanente,1,0.0
9509,Te gustará,Parálisis Permanente,1,0.0
9510,Tengo un precio,Parálisis Permanente,1,0.0
9511,Todo el mundo,Parálisis Permanente,1,0.0
9512,Un día en Texas,Parálisis Permanente,1,0.0
9513,Vamos a jugar,Parálisis Permanente,1,0.0
9514,The Reeling,Passion Pit,1,0.0
9515,My Generation [bonus track],Patti Smith,1,0.0
9516,Love Is a Many Splendored Thing,Paul Francis Webster,1,0.0
9517,Every Night,Paul McCartney,1,0.0
9518,Hot As Sunglasses,Paul McCartney,1,0.0
9519,Junk,Paul McCartney,1,0.0
9520,Man We Was Lonely,Paul McCartney,1,0.0
9521,Momma Miss America,Paul McCartney,1,0.0
9522,Oo You,Paul McCartney,1,0.0
9523,That Would Be Something,Paul McCartney,1,0.0
9524,The Lovely Linda,Paul McCartney,1,0.0
9525,Valentine Day,Paul McCartney,1,0.0
9526,Sunflower,Paul Weller,1,0.0
9527,The Changingman,Paul Weller,1,0.0
9528,5 - 4 = Unity,Pavement,1,0.0
9529,Date w/ IKEA,Pavement,1,0.0
9530,Elevate Me Later,Pavement,1,0.0
9531,Fillmore Jive,Pavement,1,0.0
9532,Gold Soundz,Pavement,1,0.0
9533,Heaven Is a Truck,Pavement,1,0.0
9534,Hit the Plane Down,Pavement,1,0.0
9535,Newark Wilder,Pavement,1,0.0
9536,Old to Begin,Pavement,1,0.0
9537,Range Life,Pavement,1,0.0
9538,Silence Kit,Pavement,1,0.0
9539,Stop Breathin',Pavement,1,0.0
9540,Transport Is Arranged,Pavement,1,0.0
9541,Unfair,Pavement,1,0.0
9542,(Untitled),Pearl Jam,1,0.0
9543,Alive,Pearl Jam,1,0.0
9544,All Those Yesterdays,Pearl Jam,1,0.0
9545,Animal,Pearl Jam,1,0.0
9546,Aye Davanita,Pearl Jam,1,0.0
9547,Better Man,Pearl Jam,1,0.0
9548,Black,Pearl Jam,1,0.0
9549,Blood,Pearl Jam,1,0.0
9550,Bugs,Pearl Jam,1,0.0
9551,Corduroy,Pearl Jam,1,0.0
9552,Daughter,Pearl Jam,1,0.0
9553,Deep,Pearl Jam,1,0.0
9554,Dirty Frank,Pearl Jam,1,0.0
9555,Dissident,Pearl Jam,1,0.0
9556,Even Flow,Pearl Jam,1,0.0
9557,Garden,Pearl Jam,1,0.0
9558,Given to Fly,Pearl Jam,1,0.0
9559,Glorified G,Pearl Jam,1,0.0
9560,Go,Pearl Jam,1,0.0
9561,I've Got a Feeling,Pearl Jam,1,0.0
9562,Immortality,Pearl Jam,1,0.0
9563,In Hiding,Pearl Jam,1,0.0
9564,Indifference,Pearl Jam,1,0.0
9565,Jeremy,Pearl Jam,1,0.0
9566,Last Exit,Pearl Jam,1,0.0
9567,Leash,Pearl Jam,1,0.0
9568,Low Light,Pearl Jam,1,0.0
9569,Master/Slave,Pearl Jam,1,0.0
9570,MFC,Pearl Jam,1,0.0
9571,Not for You,Pearl Jam,1,0.0
9572,Nothingman,Pearl Jam,1,0.0
9573,Oceans,Pearl Jam,1,0.0
9574,Once,Pearl Jam,1,0.0
9575,Pilate,Pearl Jam,1,0.0
9576,Porch,Pearl Jam,1,0.0
9577,"Pry, To",Pearl Jam,1,0.0
9578,"Push Me, Pull Me",Pearl Jam,1,0.0
9579,Rats,Pearl Jam,1,0.0
9580,Rearviewmirror,Pearl Jam,1,0.0
9581,Release,Pearl Jam,1,0.0
9582,Satan's Bed,Pearl Jam,1,0.0
9583,Tremor Christ,Pearl Jam,1,0.0
9584,W.M.A.,Pearl Jam,1,0.0
9585,Whipping,Pearl Jam,1,0.0
9586,Why Go,Pearl Jam,1,0.0
9587,Wishlist,Pearl Jam,1,0.0
9588,Canción del Odio,Peor Impossible,1,0.0
9589,Garota de Ipanema,Pery Ribeiro,1,0.0
9590,Alphabetical,Phoenix,1,0.0
9591,If It's Not With You,Phoenix,1,0.0
9592,Astronomy Domine,Pink Floyd,1,0.0
9593,Bike,Pink Floyd,1,0.0
9594,Chapter 24,Pink Floyd,1,0.0
9595,Dogs,Pink Floyd,1,0.0
9596,Flaming,Pink Floyd,1,0.0
9597,Lucifer Sam,Pink Floyd,1,0.0
9598,Matilda Mother,Pink Floyd,1,0.0
9599,Pigs (Three Different Ones),Pink Floyd,1,0.0
9600,Pigs on the Wing (Part One),Pink Floyd,1,0.0
9601,Pigs on the Wing (Part Two),Pink Floyd,1,0.0
9602,Scarecrow,Pink Floyd,1,0.0
9603,Sheep,Pink Floyd,1,0.0
9604,Bailey's Walk,Pixies,1,0.0
9605,Bird of Prey,Pixies,1,0.0
9606,Build High,Pixies,1,0.0
9607,Dancing the Manta Ray,Pixies,1,0.0
9608,Daniel Boone,Pixies,1,0.0
9609,Death Horizon,Pixies,1,0.0
9610,Evil Hearted You,Pixies,1,0.0
9611,I've Been Waiting for You,Pixies,1,0.0
9612,In the Arms of Mrs. Mark of Cain,Pixies,1,0.0
9613,Into the White,Pixies,1,0.0
9614,Long Rider,Pixies,1,0.0
9615,Los Surfers Muertos,Pixies,1,0.0
9616,Make Believe,Pixies,1,0.0
9617,Manta Ray,Pixies,1,0.0
9618,On Graveyard Hill,Pixies,1,0.0
9619,Ready for Love,Pixies,1,0.0
9620,Santo,Pixies,1,0.0
9621,Silver Bullet,Pixies,1,0.0
9622,St. Nazaire,Pixies,1,0.0
9623,The Thing,Pixies,1,0.0
9624,Theme From Narc,Pixies,1,0.0
9625,This Is My Fate,Pixies,1,0.0
9626,Vamos (live),Pixies,1,0.0
9627,Velvety Instrumental Version,Pixies,1,0.0
9628,Wave of Mutilation (UK Surf),Pixies,1,0.0
9629,Weird at My School,Pixies,1,0.0
9630,Winterlong,Pixies,1,0.0
9631,Horses in My Dreams,PJ Harvey,1,0.0
9632,Kamikaze,PJ Harvey,1,0.0
9633,The Whores Hustle and the Hustlers Whore,PJ Harvey,1,0.0
9634,This Is Love,PJ Harvey,1,0.0
9635,We Float,PJ Harvey,1,0.0
9636,You Said Something,PJ Harvey,1,0.0
9637,36 Degrees,Placebo,1,0.0
9638,Bionic,Placebo,1,0.0
9639,Blue American,Placebo,1,0.0
9640,Bruise Pristine,Placebo,1,0.0
9641,Come Home,Placebo,1,0.0
9642,Commercial for Levi,Placebo,1,0.0
9643,Days Before You Came,Placebo,1,0.0
9644,Haemoglobin,Placebo,1,0.0
9645,Hang on to Your IQ,Placebo,1,0.0
9646,I Know,Placebo,1,0.0
9647,Lady of the Flowers,Placebo,1,0.0
9648,Narcoleptic,Placebo,1,0.0
9649,Passive Aggressive,Placebo,1,0.0
9650,Peeping Tom,Placebo,1,0.0
9651,Spite & Malice,Placebo,1,0.0
9652,Swallow,Placebo,1,0.0
9653,Taste in Men,Placebo,1,0.0
9654,Teenage Angst,Placebo,1,0.0
9655,A un tipo listo,Platero y tú,1,0.0
9656,Al Cantar,Platero y tú,1,0.0
9657,Bebiendo Del Mismo Vaso,Platero y tú,1,0.0
9658,Bobo,Platero y tú,1,0.0
9659,Esta noche yo haría,Platero y tú,1,0.0
9660,Hay Poco Rock & Roll,Platero y tú,1,0.0
9661,La Noche,Platero y tú,1,0.0
9662,Lo que os merecéis,Platero y tú,1,0.0
9663,Magia,Platero y tú,1,0.0
9664,Maldita Mujer,Platero y tú,1,0.0
9665,Marabao,Platero y tú,1,0.0
9666,Mari Madalenas,Platero y tú,1,0.0
9667,Me dan miedo las noches,Platero y tú,1,0.0
9668,Mírame,Platero y tú,1,0.0
9669,No estoy loco,Platero y tú,1,0.0
9670,No me hagas soplar,Platero y tú,1,0.0
9671,Por Fin...!!!,Platero y tú,1,0.0
9672,R&R batzokian,Platero y tú,1,0.0
9673,Somos los plateros,Platero y tú,1,0.0
9674,Tenemos Que Entrar,Platero y tú,1,0.0
9675,Tras la barra,Platero y tú,1,0.0
9676,Forever,Player,1,0.0
9677,I Just Wanna Be With You,Player,1,0.0
9678,I've Been Thinkin',Player,1,0.0
9679,Join In The Dance,Player,1,0.0
9680,Let Me Down Easy,Player,1,0.0
9681,Love In The Danger Zone,Player,1,0.0
9682,Prisoner of Your Love,Player,1,0.0
9683,Silver Lining,Player,1,0.0
9684,All Mine,Portishead,1,0.0
9685,Cowboys,Portishead,1,0.0
9686,Elysium,Portishead,1,0.0
9687,Half Day Closing,Portishead,1,0.0
9688,Humming,Portishead,1,0.0
9689,Mourning Air,Portishead,1,0.0
9690,Only You,Portishead,1,0.0
9691,Over,Portishead,1,0.0
9692,Seven Months,Portishead,1,0.0
9693,Undenied,Portishead,1,0.0
9694,Western Eyes,Portishead,1,0.0
9695,A Scanner Darkly,Primal Scream,1,0.0
9696,Autobahn 66,Primal Scream,1,0.0
9697,City,Primal Scream,1,0.0
9698,Deep Hit of Morning Sun,Primal Scream,1,0.0
9699,Detroit,Primal Scream,1,0.0
9700,Rise,Primal Scream,1,0.0
9701,Rocks,Primal Scream,1,0.0
9702,Skull X,Primal Scream,1,0.0
9703,Some Velvet Morning,Primal Scream,1,0.0
9704,Space Blues #2,Primal Scream,1,0.0
9705,The Lord Is My Shotgun,Primal Scream,1,0.0
9706,I Wanna Be Your Lover,Prince,1,0.0
9707,Raspberry Beret,Prince,1,0.0
9708,Soft and Wet,Prince,1,0.0
9709,Uptown,Prince,1,0.0
9710,Why You Wanna Treat Me So Bad?,Prince,1,0.0
9711,1981,Public Image Ltd.,1,0.0
9712,Flowers of Romance,Public Image Ltd.,1,0.0
9713,Public Image,Public Image Ltd.,1,0.0
9714,Solitaire,Public Image Ltd.,1,0.0
9715,The Order of Death,Public Image Ltd.,1,0.0
9716,The Pardon,Public Image Ltd.,1,0.0
9717,Tie Me to the Length of That,Public Image Ltd.,1,0.0
9718,Where Are You?,Public Image Ltd.,1,0.0
9719,Being Followed Home,Pulp,1,0.0
9720,Blue Girls,Pulp,1,0.0
9721,Blue Girls (Alternative Mix),Pulp,1,0.0
9722,Boats and Trains,Pulp,1,0.0
9723,Countdown,Pulp,1,0.0
9724,Death Goes to the Disco (Bonus Track),Pulp,1,0.0
9725,Death II,Pulp,1,0.0
9726,Don't You Want Me Anymore?,Pulp,1,0.0
9727,Fairground,Pulp,1,0.0
9728,In Many Ways,Pulp,1,0.0
9729,Joking Aside,Pulp,1,0.0
9730,Live On [#][*][Bbc Mark Goodier Session],Pulp,1,0.0
9731,Love Love,Pulp,1,0.0
9732,My Erection [#][Demo Previously Unreleased][Demo Version],Pulp,1,0.0
9733,My Lighthouse,Pulp,1,0.0
9734,My Lighthouse (Single Version),Pulp,1,0.0
9735,Seconds,Pulp,1,0.0
9736,Separations,Pulp,1,0.0
9737,Sink or swim,Pulp,1,0.0
9738,Space [#][*][Bbc Hit the North Session Soundcheck],Pulp,1,0.0
9739,The Mark Of The Devil,Pulp,1,0.0
9740,This House Is Condemned,Pulp,1,0.0
9741,Weeds,Pulp,1,0.0
9742,Weeds II (The Origin of the Species),Pulp,1,0.0
9743,Wickerman,Pulp,1,0.0
9744,Wishful Thinking,Pulp,1,0.0
9745,You're Not Blind [#][*][Demo Previously Unreleased][Demo Version],Pulp,1,0.0
9746,A Kind Of  'A Kind Of Magic',Queen,1,0.0
9747,Don't Lose Your Head,Queen,1,0.0
9748,Flash,Queen,1,0.0
9749,Forever,Queen,1,0.0
9750,Friends Will Be Friends Will Be Friends...,Queen,1,0.0
9751,Gimme the Prize,Queen,1,0.0
9752,Innuendo,Queen,1,0.0
9753,My Fairy King,Queen,1,0.0
9754,Party,Queen,1,0.0
9755,The Invisible Man,Queen,1,0.0
9756,The Miracle,Queen,1,0.0
9757,Do It Again,Queens of the Stone Age,1,0.0
9758,Go With the Flow,Queens of the Stone Age,1,0.0
9759,Gonna Leave You,Queens of the Stone Age,1,0.0
9760,Hangin' Tree,Queens of the Stone Age,1,0.0
9761,"1,000,000",R.E.M.,1,0.0
9762,9-9,R.E.M.,1,0.0
9763,Be Mine,R.E.M.,1,0.0
9764,Binky the Doormat,R.E.M.,1,0.0
9765,Bittersweet Me,R.E.M.,1,0.0
9766,Carnival Of Sorts (Boxcars),R.E.M.,1,0.0
9767,Catapult,R.E.M.,1,0.0
9768,Departure,R.E.M.,1,0.0
9769,E-Bow the Letter,R.E.M.,1,0.0
9770,Electrolite,R.E.M.,1,0.0
9771,Gardening At Night (Live),R.E.M.,1,0.0
9772,Get Up,R.E.M.,1,0.0
9773,How the West Was Won and Where It Got Us,R.E.M.,1,0.0
9774,Laughing,R.E.M.,1,0.0
9775,Leave,R.E.M.,1,0.0
9776,Low Desert,R.E.M.,1,0.0
9777,Moral Kiosk,R.E.M.,1,0.0
9778,New Test Leper,R.E.M.,1,0.0
9779,Orange Crush,R.E.M.,1,0.0
9780,Perfect Circle,R.E.M.,1,0.0
9781,Pilgrimage,R.E.M.,1,0.0
9782,Pop Song 89,R.E.M.,1,0.0
9783,Radio Free Europe,R.E.M.,1,0.0
9784,Shaking Through,R.E.M.,1,0.0
9785,Sitting Still,R.E.M.,1,0.0
9786,"So Fast, So Numb",R.E.M.,1,0.0
9787,Stand,R.E.M.,1,0.0
9788,Stumble,R.E.M.,1,0.0
9789,Talk About the Passion,R.E.M.,1,0.0
9790,The Wake-Up Bomb,R.E.M.,1,0.0
9791,The Wrong Child,R.E.M.,1,0.0
9792,Turn You Inside-Out,R.E.M.,1,0.0
9793,Undertow,R.E.M.,1,0.0
9794,We Walk,R.E.M.,1,0.0
9795,West of the Fields,R.E.M.,1,0.0
9796,"What's the Frequency, Kenneth?",R.E.M.,1,0.0
9797,"Wolves, Lower",R.E.M.,1,0.0
9798,World Leader Pretend,R.E.M.,1,0.0
9799,You Are the Everything,R.E.M.,1,0.0
9800,Zither,R.E.M.,1,0.0
9801,37 Grados,Radio Futura,1,0.0
9802,A Cara O Cruz,Radio Futura,1,0.0
9803,Annabel Lee,Radio Futura,1,0.0
9804,El Canto del Gallo,Radio Futura,1,0.0
9805,El Hombre De Papel,Radio Futura,1,0.0
9806,El Tonto Simón,Radio Futura,1,0.0
9807,el viento de áfrica,Radio Futura,1,0.0
9808,En Alas De La Mentira,Radio Futura,1,0.0
9809,En El Chino,Radio Futura,1,0.0
9810,En Un Baile De Perros,Radio Futura,1,0.0
9811,Escuela de calor,Radio Futura,1,0.0
9812,Hadaly,Radio Futura,1,0.0
9813,Han Caído Los Dos,Radio Futura,1,0.0
9814,La Ciudad Interior,Radio Futura,1,0.0
9815,La Mala Hora,Radio Futura,1,0.0
9816,La Negra Flor,Radio Futura,1,0.0
9817,La Vida En La Frontera,Radio Futura,1,0.0
9818,Las líneas de la mano,Radio Futura,1,0.0
9819,Lluvia Del Porvenir,Radio Futura,1,0.0
9820,Luna De Agosto,Radio Futura,1,0.0
9821,No Tocarte,Radio Futura,1,0.0
9822,Tormenta de arena,Radio Futura,1,0.0
9823,Un Vaso De Agua (Al Enemigo),Radio Futura,1,0.0
9824,15 Step,Radiohead,1,0.0
9825,All I Need,Radiohead,1,0.0
9826,Bodysnatchers,Radiohead,1,0.0
9827,Faust Arp,Radiohead,1,0.0
9828,House of Cards,Radiohead,1,0.0
9829,Jigsaw Falling Into Place,Radiohead,1,0.0
9830,Lotus Flower,Radiohead,1,0.0
9831,Nude,Radiohead,1,0.0
9832,Reckoner,Radiohead,1,0.0
9833,Videotape,Radiohead,1,0.0
9834,Weird Fishes/Arpeggi,Radiohead,1,0.0
9835,Bulls on Parade,Rage Against the Machine,1,0.0
9836,Down Rodeo,Rage Against the Machine,1,0.0
9837,People of the Sun,Rage Against the Machine,1,0.0
9838,Revolver,Rage Against the Machine,1,0.0
9839,Roll Right,Rage Against the Machine,1,0.0
9840,Snakecharmer,Rage Against the Machine,1,0.0
9841,Tire Me,Rage Against the Machine,1,0.0
9842,Vietnow,Rage Against the Machine,1,0.0
9843,Wind Below,Rage Against the Machine,1,0.0
9844,Without a Face,Rage Against the Machine,1,0.0
9845,Year of tha Boomerang,Rage Against the Machine,1,0.0
9846,Adiós,Rammstein,1,0.0
9847,Alter Mann,Rammstein,1,0.0
9848,Amerika,Rammstein,1,0.0
9849,Amour,Rammstein,1,0.0
9850,Dalai Lama,Rammstein,1,0.0
9851,Fever Frei!,Rammstein,1,0.0
9852,Ich will,Rammstein,1,0.0
9853,Keine Lust,Rammstein,1,0.0
9854,Küss mich (Fellfrosch),Rammstein,1,0.0
9855,Links 2-3-4,Rammstein,1,0.0
9856,Los,Rammstein,1,0.0
9857,Mein Herz brennt,Rammstein,1,0.0
9858,Mein Teil,Rammstein,1,0.0
9859,Morgenstern,Rammstein,1,0.0
9860,Mutter,Rammstein,1,0.0
9861,Nebel,Rammstein,1,0.0
9862,Ohne dich,Rammstein,1,0.0
9863,Rammstein (Eskimos & Egypt Radio Edit),Rammstein,1,0.0
9864,Rein Raus,Rammstein,1,0.0
9865,"Reise, Reise",Rammstein,1,0.0
9866,Sonne,Rammstein,1,0.0
9867,Spieluhr,Rammstein,1,0.0
9868,Stein um Stein,Rammstein,1,0.0
9869,Wilder Wein,Rammstein,1,0.0
9870,Wollt Ihr das Bett in Flammen sehen,Rammstein,1,0.0
9871,Zwitter,Rammstein,1,0.0
9872,Do You Remember Rock 'n' Roll Radio,Ramones,1,0.0
9873,Howling at the Moon (Sha-La-La),Ramones,1,0.0
9874,Now I Wanna Be a Good Boy,Ramones,1,0.0
9875,Psycho Therapy,Ramones,1,0.0
9876,Rock 'n' Roll High School (Ed Stasium mix),Ramones,1,0.0
9877,She's a Sensation,Ramones,1,0.0
9878,Somebody Put Something in My Drink,Ramones,1,0.0
9879,Swallow My Pride (Single Version),Ramones,1,0.0
9880,Tomorrow She Goes Away,Ramones,1,0.0
9881,We Want the Airwaves,Ramones,1,0.0
9882,Adina,Rancid,1,0.0
9883,Animosity,Rancid,1,0.0
9884,Another Night,Rancid,1,0.0
9885,Detroit,Rancid,1,0.0
9886,Get Out Of My Way,Rancid,1,0.0
9887,Holiday Sunrise,Rancid,1,0.0
9888,Hyena,Rancid,1,0.0
9889,Injury,Rancid,1,0.0
9890,Outta My Mind,Rancid,1,0.0
9891,Rats In The Hallway,Rancid,1,0.0
9892,Rejected,Rancid,1,0.0
9893,Situation,Rancid,1,0.0
9894,The Bottle,Rancid,1,0.0
9895,Trenches,Rancid,1,0.0
9896,Unwritten Rules,Rancid,1,0.0
9897,Whirlwind,Rancid,1,0.0
9898,A Sentimental Blues,Ray Charles,1,0.0
9899,All to Myself,Ray Charles,1,0.0
9900,Alone in the City,Ray Charles,1,0.0
9901,Baby Let Me Hold Your Hand,Ray Charles,1,0.0
9902,Baby Won't You Please Come Home,Ray Charles,1,0.0
9903,Blues Before Sunrise,Ray Charles,1,0.0
9904,Can Anyone Ask for More?,Ray Charles,1,0.0
9905,Confession Blues,Ray Charles,1,0.0
9906,Hey Now,Ray Charles,1,0.0
9907,How Long Blues,Ray Charles,1,0.0
9908,"I Love You, I Love You (I Will Never Let You Go)",Ray Charles,1,0.0
9909,I Wonder Who's Kissing Her Now,Ray Charles,1,0.0
9910,I've Had My Fun (Going Down Slow),Ray Charles,1,0.0
9911,Kiss Me Baby,Ray Charles,1,0.0
9912,Let's Have a Ball,Ray Charles,1,0.0
9913,Rocking Chair Blues,Ray Charles,1,0.0
9914,See See Rider,Ray Charles,1,0.0
9915,Sitting On Top of the World,Ray Charles,1,0.0
9916,Tell Me Baby,Ray Charles,1,0.0
9917,The Snow Is Falling,Ray Charles,1,0.0
9918,You'll Always Miss The Water,Ray Charles,1,0.0
9919,Apache Rose Peacock,Red Hot Chili Peppers,1,0.0
9920,Blood Sugar Sex Magik,Red Hot Chili Peppers,1,0.0
9921,Cabron,Red Hot Chili Peppers,1,0.0
9922,Can't Stop,Red Hot Chili Peppers,1,0.0
9923,Give It Away,Red Hot Chili Peppers,1,0.0
9924,I Could Die for You,Red Hot Chili Peppers,1,0.0
9925,Midnight,Red Hot Chili Peppers,1,0.0
9926,Minor Thing,Red Hot Chili Peppers,1,0.0
9927,My Lovely Man,Red Hot Chili Peppers,1,0.0
9928,Naked in the Rain,Red Hot Chili Peppers,1,0.0
9929,On Mercury,Red Hot Chili Peppers,1,0.0
9930,Tear,Red Hot Chili Peppers,1,0.0
9931,The Greeting Song,Red Hot Chili Peppers,1,0.0
9932,The Righteous & The Wicked,Red Hot Chili Peppers,1,0.0
9933,The Zephyr Song,Red Hot Chili Peppers,1,0.0
9934,Throw Away Your Television,Red Hot Chili Peppers,1,0.0
9935,Under the Bridge,Red Hot Chili Peppers,1,0.0
9936,Venice Queen,Red Hot Chili Peppers,1,0.0
9937,Warm Tape,Red Hot Chili Peppers,1,0.0
9938,Bacalao,Reincidentes,1,0.0
9939,Carmen,Reincidentes,1,0.0
9940,Cartas Desde El Asilo,Reincidentes,1,0.0
9941,Dos Colegas,Reincidentes,1,0.0
9942,El Cuento Del Alfajor,Reincidentes,1,0.0
9943,El Sur,Reincidentes,1,0.0
9944,En el útero,Reincidentes,1,0.0
9945,En Mi Interior,Reincidentes,1,0.0
9946,Mi Barrio,Reincidentes,1,0.0
9947,Nazis nunca más,Reincidentes,1,0.0
9948,Okupa,Reincidentes,1,0.0
9949,Sal de tus trincheras,Reincidentes,1,0.0
9950,Sin Ganas de Olvidar,Reincidentes,1,0.0
9951,Todo para tÍ,Reincidentes,1,0.0
9952,Beneath,Ride,1,0.0
9953,Here and Now,Ride,1,0.0
9954,Nowhere,Ride,1,0.0
9955,Sennen,Ride,1,0.0
9956,Taste,Ride,1,0.0
9957,Today,Ride,1,0.0
9958,Unfamiliar,Ride,1,0.0
9959,Vapour Trail,Ride,1,0.0
9960,Dead Flowers,Rinôçérôse,1,0.0
9961,It's Time To Go Now!,Rinôçérôse,1,0.0
9962,Lost Love,Rinôçérôse,1,0.0
9963,Résurrection D'une Idôle Pop,Rinôçérôse,1,0.0
9964,1976,RJD2,1,0.0
9965,Baby Girl Window,Robbie Williams,1,0.0
9966,Better Man,Robbie Williams,1,0.0
9967,By All Means Necessary,Robbie Williams,1,0.0
9968,Clean,Robbie Williams,1,0.0
9969,Ego a Go Go,Robbie Williams,1,0.0
9970,Forever Texas,Robbie Williams,1,0.0
9971,If It's Hurting You,Robbie Williams,1,0.0
9972,Kids,Robbie Williams,1,0.0
9973,Killing Me,Robbie Williams,1,0.0
9974,Knutsford City Limits,Robbie Williams,1,0.0
9975,Let Love Be Your Energy,Robbie Williams,1,0.0
9976,Let Me Entertain You,Robbie Williams,1,0.0
9977,Life Thru A Lens,Robbie Williams,1,0.0
9978,Love Calling Earth,Robbie Williams,1,0.0
9979,One Of God's Better People,Robbie Williams,1,0.0
9980,Singing for the Lonely,Robbie Williams,1,0.0
9981,South of the Border,Robbie Williams,1,0.0
9982,Supreme,Robbie Williams,1,0.0
9983,The Road to Mandalay,Robbie Williams,1,0.0
9984,Benko (feat. Fatoumata Diawara & Damon Albarn),Rocket Juice & The Moon,1,0.0
9985,Check Out,Rocket Juice & The Moon,1,0.0
9986,Chop Up (feat. M.anifest & M3nsa),Rocket Juice & The Moon,1,0.0
9987,Dam(n) [feat. Erykah Badu & M.anifest],Rocket Juice & The Moon,1,0.0
9988,Extinguished (feat. Cheick Tidiane Seck),Rocket Juice & The Moon,1,0.0
9989,Fatala (Bonus Track) [feat. Fatoumata Diawara],Rocket Juice & The Moon,1,0.0
9990,Fatherless,Rocket Juice & The Moon,1,0.0
9991,Follow-Fashion (feat. Fatoumata Diawara & M.anifest),Rocket Juice & The Moon,1,0.0
9992,Forward Sweep,Rocket Juice & The Moon,1,0.0
9993,Leave-Taking,Rocket Juice & The Moon,1,0.0
9994,Manuela (Bonus Track) [feat. Erykah Badu],Rocket Juice & The Moon,1,0.0
9995,Rotary Connection,Rocket Juice & The Moon,1,0.0
9996,The Unfadable (feat. M.anifest),Rocket Juice & The Moon,1,0.0
9997,There,Rocket Juice & The Moon,1,0.0
9998,Worries,Rocket Juice & The Moon,1,0.0
9999,Persuasion (bonus track),Rory Gallagher,1,0.0
10000,¿Qué Me Das?,Rosendo,1,0.0
10001,A La Sombra De Una Mentira,Rosendo,1,0.0
10002,A Las Lombrices,Rosendo,1,0.0
10003,Ah!,Rosendo,1,0.0
10004,Andar Por Casa,Rosendo,1,0.0
10005,"Bacilo, vacila!",Rosendo,1,0.0
10006,Borrachuzos,Rosendo,1,0.0
10007,Calidez,Rosendo,1,0.0
10008,Cara A Cara,Rosendo,1,0.0
10009,Control... Memeces!,Rosendo,1,0.0
10010,Dando Vueltas A Un Farol,Rosendo,1,0.0
10011,De Repente,Rosendo,1,0.0
10012,Del Pulmón,Rosendo,1,0.0
10013,En Agua Caliente,Rosendo,1,0.0
10014,Entre dientes,Rosendo,1,0.0
10015,Go Home!,Rosendo,1,0.0
10016,Jugar Al Gua,Rosendo,1,0.0
10017,La Tortuga,Rosendo,1,0.0
10018,Majete!,Rosendo,1,0.0
10019,Mala Vida,Rosendo,1,0.0
10020,Menú de la Cuneta,Rosendo,1,0.0
10021,No Es Lo Mismo,Rosendo,1,0.0
10022,No Me Apetece!,Rosendo,1,0.0
10023,Pagando Residencia,Rosendo,1,0.0
10024,Para Cuando Desatino,Rosendo,1,0.0
10025,Para Nada,Rosendo,1,0.0
10026,Puede Que...,Rosendo,1,0.0
10027,Que te acompañe la suerte,Rosendo,1,0.0
10028,"Quincalla, o no!",Rosendo,1,0.0
10029,Sufrido,Rosendo,1,0.0
10030,Sumisión,Rosendo,1,0.0
10031,Tierra de Nadie,Rosendo,1,0.0
10032,Unos Golpes de Cincel,Rosendo,1,0.0
10033,Ven y ve!,Rosendo,1,0.0
10034,Yo También!,Rosendo,1,0.0
10035,2 H.B.,Roxy Music,1,0.0
10036,Bitters End,Roxy Music,1,0.0
10037,Chance Meeting,Roxy Music,1,0.0
10038,If There Is Something,Roxy Music,1,0.0
10039,Re-Make-Re-Model,Roxy Music,1,0.0
10040,Sea Breezes,Roxy Music,1,0.0
10041,The Bob (medley),Roxy Music,1,0.0
10042,Would You Believe?,Roxy Music,1,0.0
10043,Only Love Can Break Your Heart,Saint Etienne,1,0.0
10044,Ezekiel 25:17,Samuel L. Jackson,1,0.0
10045,Always Somewhere,Scorpions,1,0.0
10046,Animal Magnetism,Scorpions,1,0.0
10047,Another Piece Of Meat,Scorpions,1,0.0
10048,Backstage Queen,Scorpions,1,0.0
10049,Born To Touch Your Feelings,Scorpions,1,0.0
10050,Can't Get Enough,Scorpions,1,0.0
10051,Catch Your Train,Scorpions,1,0.0
10052,Coast To Coast,Scorpions,1,0.0
10053,Crying Days,Scorpions,1,0.0
10054,Don't Make No Promises (Your Body Can't Keep),Scorpions,1,0.0
10055,Drifting Sun,Scorpions,1,0.0
10056,Evening Wind,Scorpions,1,0.0
10057,Falling In Love,Scorpions,1,0.0
10058,Far Away,Scorpions,1,0.0
10059,Fly People Fly,Scorpions,1,0.0
10060,Fly To The Rainbow,Scorpions,1,0.0
10061,He's A Woman - She's A Man,Scorpions,1,0.0
10062,Hell Cat,Scorpions,1,0.0
10063,Hold Me Tight,Scorpions,1,0.0
10064,Holiday,Scorpions,1,0.0
10065,I've Got To Be Free,Scorpions,1,0.0
10066,In Your Park,Scorpions,1,0.0
10067,Is There Anybody There?,Scorpions,1,0.0
10068,Lady Starlight,Scorpions,1,0.0
10069,Living And Dying,Scorpions,1,0.0
10070,Lovedrive,Scorpions,1,0.0
10071,Loving You Sunday Morning,Scorpions,1,0.0
10072,Make It Real,Scorpions,1,0.0
10073,No One Like You,Scorpions,1,0.0
10074,Only A Man,Scorpions,1,0.0
10075,Pictured Life,Scorpions,1,0.0
10076,Polar Night,Scorpions,1,0.0
10077,Polar Nights (live),Scorpions,1,0.0
10078,Robot Man,Scorpions,1,0.0
10079,Speedy's Coming,Scorpions,1,0.0
10080,Steamrock Fever,Scorpions,1,0.0
10081,Sun In My Hand,Scorpions,1,0.0
10082,Suspender Love,Scorpions,1,0.0
10083,The Riot Of Your Time,Scorpions,1,0.0
10084,The Sails Of Charon,Scorpions,1,0.0
10085,The Zoo,Scorpions,1,0.0
10086,They Need A Million,Scorpions,1,0.0
10087,This Is My Song,Scorpions,1,0.0
10088,Twentieth Century Man,Scorpions,1,0.0
10089,Virgin Killer,Scorpions,1,0.0
10090,We'll Burn The Sky,Scorpions,1,0.0
10091,Yellow Raven,Scorpions,1,0.0
10092,Your Light,Scorpions,1,0.0
10093,EMI (Unlimited Edition),Sex Pistols,1,0.0
10094,Blue Moon,Sha Na Na,1,0.0
10095,Born to Hand Jive,Sha Na Na,1,0.0
10096,Hound Dog,Sha Na Na,1,0.0
10097,Rock & Roll Is Here to Stay,Sha Na Na,1,0.0
10098,Tears on My Pillow,Sha Na Na,1,0.0
10099,Those Magic Changes,Sha Na Na,1,0.0
10100,Going For Gold,Shed Seven,1,0.0
10101,A La Vera Del Mar,Sidonie,1,0.0
10102,Al viento,Sidonie,1,0.0
10103,Algo nos pasará,Sidonie,1,0.0
10104,El Adiós,Sidonie,1,0.0
10105,El Incendio,Sidonie,1,0.0
10106,Empiza El Dia En Tu Jardin,Sidonie,1,0.0
10107,En Mi Garganta,Sidonie,1,0.0
10108,La Sombra,Sidonie,1,0.0
10109,Nueva York,Sidonie,1,0.0
10110,Por Ti,Sidonie,1,0.0
10111,Sin Querer,Sidonie,1,0.0
10112,Un día más en la vida,Sidonie,1,0.0
10113,Viva El Loco Que Inventó El Amor,Sidonie,1,0.0
10114,Hafssól,Sigur Rós,1,0.0
10115,Mistur,Sigur Rós,1,0.0
10116,Myrkur,Sigur Rós,1,0.0
10117,Rukrym,Sigur Rós,1,0.0
10118,Syndir Guðs (opinberun frelsarans),Sigur Rós,1,0.0
10119,Veröld ný og óð,Sigur Rós,1,0.0
10120,Von,Sigur Rós,1,0.0
10121,"¿Qué tal, homosexual?",Siniestro Total,1,0.0
10122,"¿Quiénes Somos, De Donde Venimos, Adónde Vamos?",Siniestro Total,1,0.0
10123,Al Final,Siniestro Total,1,0.0
10124,Assumpta,Siniestro Total,1,0.0
10125,aunque este en el frenopatico te tirare del atico,Siniestro Total,1,0.0
10126,"Ayatollah, Number 9",Siniestro Total,1,0.0
10127,Bailaré Sobre tu Tumba,Siniestro Total,1,0.0
10128,Cada Día Somos Más,Siniestro Total,1,0.0
10129,Can't Get Enough,Siniestro Total,1,0.0
10130,Chochos voladores,Siniestro Total,1,0.0
10131,Cobrador loco,Siniestro Total,1,0.0
10132,Demasiado Lejos,Siniestro Total,1,0.0
10133,E.L.E.V.E.N. (El famoso encuentro de Matt Murdock y Ray Charles),Siniestro Total,1,0.0
10134,Emilio Cao,Siniestro Total,1,0.0
10135,Fuera Las Manos Chinas del Vietnam Socialista,Siniestro Total,1,0.0
10136,"Hey, Hey, Vigo",Siniestro Total,1,0.0
10137,Juegas Al Palé,Siniestro Total,1,0.0
10138,Kalahari,Siniestro Total,1,0.0
10139,Keke Rosberg,Siniestro Total,1,0.0
10140,La Matanza de Taxis,Siniestro Total,1,0.0
10141,La Revista,Siniestro Total,1,0.0
10142,Las Tetas de Mi Novia,Siniestro Total,1,0.0
10143,Los Esqueletos No Tienen Pilila,Siniestro Total,1,0.0
10144,Mártires de Uganda,Siniestro Total,1,0.0
10145,Más Vale Ser Punki Que Maricón De Playa,Siniestro Total,1,0.0
10146,Matar Hippies En las Cies,Siniestro Total,1,0.0
10147,Menea el Bullarengue,Siniestro Total,1,0.0
10148,Mongoloide,Siniestro Total,1,0.0
10149,No Me Lavo en la Vida,Siniestro Total,1,0.0
10150,No me mates con tomate,Siniestro Total,1,0.0
10151,Nocilla que Merendilla,Siniestro Total,1,0.0
10152,"Oh, Qué Raro Soy",Siniestro Total,1,0.0
10153,Ponte En Mi Lugar,Siniestro Total,1,0.0
10154,Que Corra La Nicotina,Siniestro Total,1,0.0
10155,Rock En Samil,Siniestro Total,1,0.0
10156,"Señor, ilumina mi corazón",Siniestro Total,1,0.0
10157,Sexo Chungo,Siniestro Total,1,0.0
10158,Si Yo Canto,Siniestro Total,1,0.0
10159,Sonorice su templo,Siniestro Total,1,0.0
10160,Te Quiero,Siniestro Total,1,0.0
10161,"Tipi, dulce Tipi",Siniestro Total,1,0.0
10162,Vamos al Kway,Siniestro Total,1,0.0
10163,Viene El Verano,Siniestro Total,1,0.0
10164,We Are the World,Siniestro Total,1,0.0
10165,Ye-Ye,Siniestro Total,1,0.0
10166,Arabian Knights,Siouxsie and the Banshees,1,0.0
10167,Halloween,Siouxsie and the Banshees,1,0.0
10168,Head Cut,Siouxsie and the Banshees,1,0.0
10169,Into the Light,Siouxsie and the Banshees,1,0.0
10170,Monitor,Siouxsie and the Banshees,1,0.0
10171,Night Shift,Siouxsie and the Banshees,1,0.0
10172,Sin In My Heart,Siouxsie and the Banshees,1,0.0
10173,Spellbound,Siouxsie and the Banshees,1,0.0
10174,Voodoo Dolly,Siouxsie and the Banshees,1,0.0
10175,Aggressive Perfector,Slayer,1,0.0
10176,Altar of Sacrifice,Slayer,1,0.0
10177,Angel of Death,Slayer,1,0.0
10178,Black Magic,Slayer,1,0.0
10179,Criminally Insane,Slayer,1,0.0
10180,Crionics,Slayer,1,0.0
10181,Die by the Sword,Slayer,1,0.0
10182,Epidemic,Slayer,1,0.0
10183,Evil Has No Boundaries,Slayer,1,0.0
10184,Fight Till Death,Slayer,1,0.0
10185,Jesus Saves,Slayer,1,0.0
10186,Metalstorm_Face the Slayer,Slayer,1,0.0
10187,Necrophobic,Slayer,1,0.0
10188,Piece By Piece,Slayer,1,0.0
10189,Postmortem,Slayer,1,0.0
10190,Raining Blood,Slayer,1,0.0
10191,Reborn,Slayer,1,0.0
10192,Show No Mercy,Slayer,1,0.0
10193,The Antichrist,Slayer,1,0.0
10194,The Final Command,Slayer,1,0.0
10195,Tormentor,Slayer,1,0.0
10196,Bang Someone Out,Sleaford Mods,1,0.0
10197,Kebab Spider,Sleaford Mods,1,0.0
10198,Nudge It,Sleaford Mods,1,0.0
10199,Shortcummings,Sleaford Mods,1,0.0
10200,Bubblegum,Sonic Youth,1,0.0
10201,Death to Our Friends,Sonic Youth,1,0.0
10202,Expressway to Yr. Skull,Sonic Youth,1,0.0
10203,Green Light,Sonic Youth,1,0.0
10204,In the Kingdom #19,Sonic Youth,1,0.0
10205,Marilyn Moore,Sonic Youth,1,0.0
10206,Secret Girl,Sonic Youth,1,0.0
10207,Shadow of a Doubt,Sonic Youth,1,0.0
10208,Star Power,Sonic Youth,1,0.0
10209,Tom Violence,Sonic Youth,1,0.0
10210,4th of July,Soundgarden,1,0.0
10211,Fell on Black Days,Soundgarden,1,0.0
10212,Fresh Tendrils,Soundgarden,1,0.0
10213,Half,Soundgarden,1,0.0
10214,Head Down,Soundgarden,1,0.0
10215,Kickstand,Soundgarden,1,0.0
10216,Let Me Drown,Soundgarden,1,0.0
10217,Like Suicide,Soundgarden,1,0.0
10218,Limo Wreck,Soundgarden,1,0.0
10219,Mailman,Soundgarden,1,0.0
10220,My Wave,Soundgarden,1,0.0
10221,She Likes Surprises,Soundgarden,1,0.0
10222,Spoonman,Soundgarden,1,0.0
10223,Superunknown,Soundgarden,1,0.0
10224,The Day I Tried to Live,Soundgarden,1,0.0
10225,A Liddle Biddy Help From Elvis,Space,1,0.0
10226,Avenging Angels,Space,1,0.0
10227,Bad Day's,Space,1,0.0
10228,Be There,Space,1,0.0
10229,Begin Again,Space,1,0.0
10230,Disco Dolly,Space,1,0.0
10231,Fran In Japan,Space,1,0.0
10232,Piggies,Space,1,0.0
10233,The Ballad Of Tom Jones,Space,1,0.0
10234,The Man,Space,1,0.0
10235,The Unluckiest Man In The World,Space,1,0.0
10236,There's No You,Space,1,0.0
10237,Ladies and Gentlemen We Are Floating in Space,Spiritualized,1,0.0
10238,None Of Your Doing,Steppenwolf,1,0.0
10239,Anonymous Collective,Stereolab,1,0.0
10240,Cybele's Reverie,Stereolab,1,0.0
10241,Emperor Tomato Ketchup,Stereolab,1,0.0
10242,Les Yper-sound,Stereolab,1,0.0
10243,Metronomic Underground,Stereolab,1,0.0
10244,Monstre Sacre,Stereolab,1,0.0
10245,Motoroller Scalatron,Stereolab,1,0.0
10246,OLV 26,Stereolab,1,0.0
10247,Percolator,Stereolab,1,0.0
10248,Slow Fast Hazel,Stereolab,1,0.0
10249,Spark Plug,Stereolab,1,0.0
10250,The Noise of Carpet,Stereolab,1,0.0
10251,Tomorrow Is Already Here,Stereolab,1,0.0
10252,I Believe (When I Fall in Love It Will Be Forever),Stevie Wonder,1,0.0
10253,They Won't Go When I Go,Stevie Wonder,1,0.0
10254,"Look at Me, I'm Sandra Dee",Stockard Channing,1,0.0
10255,Army Ants,Stone Temple Pilots,1,0.0
10256,Big Empty,Stone Temple Pilots,1,0.0
10257,Interstate Love Song,Stone Temple Pilots,1,0.0
10258,Kitchenware & Candybars,Stone Temple Pilots,1,0.0
10259,Lounge Fly,Stone Temple Pilots,1,0.0
10260,Meat Plow,Stone Temple Pilots,1,0.0
10261,Pretty Penny,Stone Temple Pilots,1,0.0
10262,Silvergun Superman,Stone Temple Pilots,1,0.0
10263,Still Remains,Stone Temple Pilots,1,0.0
10264,Ungived,Stone Temple Pilots,1,0.0
10265,Vasoline,Stone Temple Pilots,1,0.0
10266,Astrogirl,Suede,1,0.0
10267,Beautiful Loser,Suede,1,0.0
10268,Lonely Girls,Suede,1,0.0
10269,Lost in TV,Suede,1,0.0
10270,Positivity,Suede,1,0.0
10271,Stay Together,Suede,1,0.0
10272,Streetlife,Suede,1,0.0
10273,untitled... morning,Suede,1,0.0
10274,When the Rain Falls,Suede,1,0.0
10275,A sopabox opera,Supertramp,1,0.0
10276,If Everyone Was Listening,Supertramp,1,0.0
10277,You Started Laughing,Supertramp,1,0.0
10278,Baby Lemonade,Syd Barrett,1,0.0
10279,Dominoes,Syd Barrett,1,0.0
10280,Effervescing Elephant,Syd Barrett,1,0.0
10281,Gigolo Aunt,Syd Barrett,1,0.0
10282,I Never Lied to You,Syd Barrett,1,0.0
10283,It Is Obvious,Syd Barrett,1,0.0
10284,Love Song,Syd Barrett,1,0.0
10285,Maisie,Syd Barrett,1,0.0
10286,Rats,Syd Barrett,1,0.0
10287,Wined and Dined,Syd Barrett,1,0.0
10288,Wolfpack,Syd Barrett,1,0.0
10289,Corcovado,Sylvia Telles,1,0.0
10290,Dindi,Sylvia Telles,1,0.0
10291,Discussão,Sylvia Telles,1,0.0
10292,Fotografia,Sylvia Telles,1,0.0
10293,Sucedeu Assim,Sylvia Telles,1,0.0
10294,Chariot Choogle,T. Rex,1,0.0
10295,Main Man,T. Rex,1,0.0
10296,(Nothing But) Flowers,Talking Heads,1,0.0
10297,And She Was,Talking Heads,1,0.0
10298,Blind,Talking Heads,1,0.0
10299,Burning Down the House,Talking Heads,1,0.0
10300,Love → Building on Fire,Talking Heads,1,0.0
10301,Road to Nowhere,Talking Heads,1,0.0
10302,This Must Be the Place (Naive Melody),Talking Heads,1,0.0
10303,Alcoholiday,Teenage Fanclub,1,0.0
10304,Can't Feel My Soul,Teenage Fanclub,1,0.0
10305,December,Teenage Fanclub,1,0.0
10306,Did I Say,Teenage Fanclub,1,0.0
10307,Discolite,Teenage Fanclub,1,0.0
10308,Empty Space,Teenage Fanclub,1,0.0
10309,Going Places,Teenage Fanclub,1,0.0
10310,Guiding Star,Teenage Fanclub,1,0.0
10311,Hang On,Teenage Fanclub,1,0.0
10312,Hardcore/Ballad,Teenage Fanclub,1,0.0
10313,I Don't Care,Teenage Fanclub,1,0.0
10314,I Don't Know,Teenage Fanclub,1,0.0
10315,I Gotta Know,Teenage Fanclub,1,0.0
10316,I Need Direction,Teenage Fanclub,1,0.0
10317,I'll Make It Clear,Teenage Fanclub,1,0.0
10318,Is This Music?,Teenage Fanclub,1,0.0
10319,It's A Bad World,Teenage Fanclub,1,0.0
10320,Metal Baby,Teenage Fanclub,1,0.0
10321,Mount Everest,Teenage Fanclub,1,0.0
10322,Neil Jung,Teenage Fanclub,1,0.0
10323,Pet Rock,Teenage Fanclub,1,0.0
10324,Planets,Teenage Fanclub,1,0.0
10325,Satan,Teenage Fanclub,1,0.0
10326,Say No,Teenage Fanclub,1,0.0
10327,Sidewinder,Teenage Fanclub,1,0.0
10328,Speed Of Light,Teenage Fanclub,1,0.0
10329,Star Sign,Teenage Fanclub,1,0.0
10330,Starsign,Teenage Fanclub,1,0.0
10331,Start Again,Teenage Fanclub,1,0.0
10332,Take The Long Way Round,Teenage Fanclub,1,0.0
10333,Tears,Teenage Fanclub,1,0.0
10334,Verisimilitude,Teenage Fanclub,1,0.0
10335,Winter,Teenage Fanclub,1,0.0
10336,Your Love Is The Place Where I Come From,Teenage Fanclub,1,0.0
10337,Glory,Television,1,0.0
10338,Discotheque Wreck,Terrorvision,1,0.0
10339,Middleman,Terrorvision,1,0.0
10340,Oblivion,Terrorvision,1,0.0
10341,Pretend Best Friend,Terrorvision,1,0.0
10342,Some People Say,Terrorvision,1,0.0
10343,Stab in the Back,Terrorvision,1,0.0
10344,Still the Rhythm,Terrorvision,1,0.0
10345,Stop the Bus,Terrorvision,1,0.0
10346,Ten Shades of Grey,Terrorvision,1,0.0
10347,Tequila,Terrorvision,1,0.0
10348,Time O' The Signs,Terrorvision,1,0.0
10349,What Makes You Tick,Terrorvision,1,0.0
10350,What the Doctor Ordered,Terrorvision,1,0.0
10351,Day After Day,Texas,1,0.0
10352,Girl,Texas,1,0.0
10353,In Our Lifetime,Texas,1,0.0
10354,Move In,Texas,1,0.0
10355,Saint,Texas,1,0.0
10356,Sunday Afternoon,Texas,1,0.0
10357,Tell Me The Answer,Texas,1,0.0
10358,The Day Before I Went Away,Texas,1,0.0
10359,The Hush,Texas,1,0.0
10360,When We Are Together,Texas,1,0.0
10361,Zero Zero,Texas,1,0.0
10362,(I Don't Want To) Hang Up My Rock and Roll Shoes,The Band,1,0.0
10363,Don't Do It,The Band,1,0.0
10364,Get Up Jake,The Band,1,0.0
10365,Life Is A Carnival,The Band,1,0.0
10366,The Genetic Method,The Band,1,0.0
10367,Unfaithful Servant,The Band,1,0.0
10368,Baby You're a Rich Man,The Beatles,1,0.0
10369,Blue Jay Way,The Beatles,1,0.0
10370,Devil in Her Heart,The Beatles,1,0.0
10371,Every Little Thing,The Beatles,1,0.0
10372,Everybody's Trying to Be My Baby,The Beatles,1,0.0
10373,Flying,The Beatles,1,0.0
10374,"Help! [from the Film ""Help! ""]",The Beatles,1,0.0
10375,Hold Me Tight,The Beatles,1,0.0
10376,Honey Don't,The Beatles,1,0.0
10377,I Am the Walrus,The Beatles,1,0.0
10378,"I Am the Walrus [from the Film ""Magical Mystery Tour""]",The Beatles,1,0.0
10379,I Don't Want to Spoil the Party,The Beatles,1,0.0
10380,I Wanna Be Your Man,The Beatles,1,0.0
10381,Kansas City/Hey-Hey-Hey-Hey! [Medley],The Beatles,1,0.0
10382,Little Child,The Beatles,1,0.0
10383,Money (That's What I Want),The Beatles,1,0.0
10384,No Reply,The Beatles,1,0.0
10385,Not a Second Time,The Beatles,1,0.0
10386,Please Mister Postman,The Beatles,1,0.0
10387,Roll Over Beethoven,The Beatles,1,0.0
10388,The Ballad of John and Yoko,The Beatles,1,0.0
10389,Till There Was You,The Beatles,1,0.0
10390,What You're Doing,The Beatles,1,0.0
10391,You Really Got a Hold on Me,The Beatles,1,0.0
10392,Your Mother Should Know,The Beatles,1,0.0
10393,Slight Return,The Bluetones,1,0.0
10394,Does This Hurt?,The Boo Radleys,1,0.0
10395,Firesky,The Boo Radleys,1,0.0
10396,I Feel Nothing,The Boo Radleys,1,0.0
10397,Lazy Day,The Boo Radleys,1,0.0
10398,Losing It (Song For Abigail),The Boo Radleys,1,0.0
10399,Memory Babe,The Boo Radleys,1,0.0
10400,Paradise,The Boo Radleys,1,0.0
10401,Room At The Top,The Boo Radleys,1,0.0
10402,Skyscraper,The Boo Radleys,1,0.0
10403,Smile Fades Fast,The Boo Radleys,1,0.0
10404,Spaniard,The Boo Radleys,1,0.0
10405,Sparrow,The Boo Radleys,1,0.0
10406,Towards The Light,The Boo Radleys,1,0.0
10407,I Am a Pilgrim,The Byrds,1,0.0
10408,03.45: No Sleep,The Cardigans,1,0.0
10409,A Good Horse,The Cardigans,1,0.0
10410,And Then You Kissed Me,The Cardigans,1,0.0
10411,Been It,The Cardigans,1,0.0
10412,Choke,The Cardigans,1,0.0
10413,Communication,The Cardigans,1,0.0
10414,Couldn't Care Less,The Cardigans,1,0.0
10415,Feathers And Down,The Cardigans,1,0.0
10416,For What It's Worth,The Cardigans,1,0.0
10417,Great Divide,The Cardigans,1,0.0
10418,Happy Meal II,The Cardigans,1,0.0
10419,Heartbreaker,The Cardigans,1,0.0
10420,Iron Man,The Cardigans,1,0.0
10421,Lead Me Into The Night,The Cardigans,1,0.0
10422,Live and Learn,The Cardigans,1,0.0
10423,Losers,The Cardigans,1,0.0
10424,Never Recover,The Cardigans,1,0.0
10425,Please Sister,The Cardigans,1,0.0
10426,Step On Me,The Cardigans,1,0.0
10427,You're the Storm,The Cardigans,1,0.0
10428,Your New Cuckoo,The Cardigans,1,0.0
10429,(No One) Not Even the Rain,The Charlatans,1,0.0
10430,109 pt2,The Charlatans,1,0.0
10431,Area 51,The Charlatans,1,0.0
10432,Believe You Me,The Charlatans,1,0.0
10433,Can't Even Be Bothered,The Charlatans,1,0.0
10434,Chewing Gum Weekend,The Charlatans,1,0.0
10435,Flower,The Charlatans,1,0.0
10436,Get on It,The Charlatans,1,0.0
10437,How Can You Leave Us,The Charlatans,1,0.0
10438,How High,The Charlatans,1,0.0
10439,North Country Boy,The Charlatans,1,0.0
10440,One to Another,The Charlatans,1,0.0
10441,Only Teethin',The Charlatans,1,0.0
10442,Opportunity,The Charlatans,1,0.0
10443,Polar Bear,The Charlatans,1,0.0
10444,Rob's Theme,The Charlatans,1,0.0
10445,Sonic,The Charlatans,1,0.0
10446,Sproston Green,The Charlatans,1,0.0
10447,Tellin' Stories,The Charlatans,1,0.0
10448,Then,The Charlatans,1,0.0
10449,Title Fight,The Charlatans,1,0.0
10450,Two of Us,The Charlatans,1,0.0
10451,Weirdo,The Charlatans,1,0.0
10452,White Shirt,The Charlatans,1,0.0
10453,With No Shoes,The Charlatans,1,0.0
10454,You're a Big Girl Now,The Charlatans,1,0.0
10455,You're Not Very Well,The Charlatans,1,0.0
10456,Alive Alone,The Chemical Brothers,1,0.0
10457,Chico's Groove,The Chemical Brothers,1,0.0
10458,Come With Us,The Chemical Brothers,1,0.0
10459,Denmark,The Chemical Brothers,1,0.0
10460,Fuck Up Beats,The Chemical Brothers,1,0.0
10461,Galaxy Bounce,The Chemical Brothers,1,0.0
10462,Galvanize,The Chemical Brothers,1,0.0
10463,Hoops,The Chemical Brothers,1,0.0
10464,It Began In Afrika,The Chemical Brothers,1,0.0
10465,Life Is Sweet,The Chemical Brothers,1,0.0
10466,My Elastic Eye,The Chemical Brothers,1,0.0
10467,One Too Many Mornings,The Chemical Brothers,1,0.0
10468,Pioneer Skies,The Chemical Brothers,1,0.0
10469,Playground for a Wedgeless Firm,The Chemical Brothers,1,0.0
10470,The State We're In,The Chemical Brothers,1,0.0
10471,Three Little Birdies Down Beat,The Chemical Brothers,1,0.0
10472,Clampdown,The Clash,1,0.0
10473,Corner Soul,The Clash,1,0.0
10474,Four Horsemen,The Clash,1,0.0
10475,Hateful,The Clash,1,0.0
10476,Hitsville U.K.,The Clash,1,0.0
10477,Ivan Meets G.I. Joe,The Clash,1,0.0
10478,Junco Partner,The Clash,1,0.0
10479,Lets Go Crazy,The Clash,1,0.0
10480,Lightning Strikes (Not Once but Twice),The Clash,1,0.0
10481,Look Here,The Clash,1,0.0
10482,One More Dub,The Clash,1,0.0
10483,One More Time,The Clash,1,0.0
10484,Rebel Waltz,The Clash,1,0.0
10485,Somebody Got Murdered,The Clash,1,0.0
10486,Something about England,The Clash,1,0.0
10487,The Card Cheat,The Clash,1,0.0
10488,The Crooked Beat,The Clash,1,0.0
10489,The Leader,The Clash,1,0.0
10490,The Magnificent Seven,The Clash,1,0.0
10491,The Right Profile,The Clash,1,0.0
10492,Up in Heaven (Not Only Here),The Clash,1,0.0
10493,Wrong 'Em Boyo,The Clash,1,0.0
10494,Beautiful Garden,The Cramps,1,0.0
10495,Can't Find My Mind,The Cramps,1,0.0
10496,Caveman,The Cramps,1,0.0
10497,Don't Eat Stuff Off The Sidewalk,The Cramps,1,0.0
10498,Goo Goo Muck,The Cramps,1,0.0
10499,Green Door,The Cramps,1,0.0
10500,Green Fuz,The Cramps,1,0.0
10501,Jungle Hop,The Cramps,1,0.0
10502,Primitive,The Cramps,1,0.0
10503,Rockin' Bones,The Cramps,1,0.0
10504,The Crusher,The Cramps,1,0.0
10505,The Natives Are Restless,The Cramps,1,0.0
10506,Under The Wires,The Cramps,1,0.0
10507,Voodoo Idol,The Cramps,1,0.0
10508,Bosnia,The Cranberries,1,0.0
10509,Daffodil Lament,The Cranberries,1,0.0
10510,Disappointment,The Cranberries,1,0.0
10511,Dreaming My Dreams,The Cranberries,1,0.0
10512,Electric Blue,The Cranberries,1,0.0
10513,Empty,The Cranberries,1,0.0
10514,Everything I Said,The Cranberries,1,0.0
10515,Forever Yellow Skies,The Cranberries,1,0.0
10516,Free to Decide,The Cranberries,1,0.0
10517,Hollywood,The Cranberries,1,0.0
10518,I Can't Be with You,The Cranberries,1,0.0
10519,I Just Shot John Lennon,The Cranberries,1,0.0
10520,I'm Still Remembering,The Cranberries,1,0.0
10521,Joe,The Cranberries,1,0.0
10522,No Need to Argue,The Cranberries,1,0.0
10523,Ode to My Family,The Cranberries,1,0.0
10524,Ridiculous Thoughts,The Cranberries,1,0.0
10525,The Icicle Melts,The Cranberries,1,0.0
10526,The Rebels,The Cranberries,1,0.0
10527,Twenty One,The Cranberries,1,0.0
10528,War Child,The Cranberries,1,0.0
10529,When You're Gone,The Cranberries,1,0.0
10530,Will You Remember?,The Cranberries,1,0.0
10531,Yeat's Grave,The Cranberries,1,0.0
10532,Zombie,The Cranberries,1,0.0
10533,A Letter to Elise,The Cure,1,0.0
10534,A Short Term Effect,The Cure,1,0.0
10535,A Strange Day,The Cure,1,0.0
10536,Apart,The Cure,1,0.0
10537,Bananafishbones,The Cure,1,0.0
10538,Bare,The Cure,1,0.0
10539,Bird Mad Girl,The Cure,1,0.0
10540,Club America,The Cure,1,0.0
10541,Cold,The Cure,1,0.0
10542,Cut,The Cure,1,0.0
10543,Disintegration,The Cure,1,0.0
10544,Doing the Unstuck,The Cure,1,0.0
10545,Dressing Up,The Cure,1,0.0
10546,End,The Cure,1,0.0
10547,Fascination Street,The Cure,1,0.0
10548,From the Edge of the Deep Green Sea,The Cure,1,0.0
10549,Give Me It,The Cure,1,0.0
10550,Gone!,The Cure,1,0.0
10551,High,The Cure,1,0.0
10552,Homesick,The Cure,1,0.0
10553,Jupiter Crash,The Cure,1,0.0
10554,Last Dance,The Cure,1,0.0
10555,Lovesong,The Cure,1,0.0
10556,Lullaby,The Cure,1,0.0
10557,Mint Car,The Cure,1,0.0
10558,Numb,The Cure,1,0.0
10559,One Hundred Years,The Cure,1,0.0
10560,Open,The Cure,1,0.0
10561,Piggy in the Mirror,The Cure,1,0.0
10562,Pornography,The Cure,1,0.0
10563,Prayers for Rain,The Cure,1,0.0
10564,Return,The Cure,1,0.0
10565,Round & Round & Round,The Cure,1,0.0
10566,Shake Dog Shake,The Cure,1,0.0
10567,Siamese Twins,The Cure,1,0.0
10568,Strange Attraction,The Cure,1,0.0
10569,The 13th,The Cure,1,0.0
10570,The Caterpillar,The Cure,1,0.0
10571,The Empty World,The Cure,1,0.0
10572,The Figurehead,The Cure,1,0.0
10573,The Hanging Garden,The Cure,1,0.0
10574,The Same Deep Water as You,The Cure,1,0.0
10575,The Top,The Cure,1,0.0
10576,This Is a Lie,The Cure,1,0.0
10577,To Wish Impossible Things,The Cure,1,0.0
10578,Trap,The Cure,1,0.0
10579,Treasure,The Cure,1,0.0
10580,Trust,The Cure,1,0.0
10581,Untitled,The Cure,1,0.0
10582,Wailing Wall,The Cure,1,0.0
10583,Want,The Cure,1,0.0
10584,Wendy Time,The Cure,1,0.0
10585,We Used to Be Friends,The Dandy Warhols,1,0.0
10586,A Little Game,The Doors,1,0.0
10587,Alabama Song (Whiskey Bar),The Doors,1,0.0
10588,Break On Through #2 (Celebration Of The Lizard),The Doors,1,0.0
10589,Celebration Of The Lizard,The Doors,1,0.0
10590,Close to You,The Doors,1,0.0
10591,Down on the Farm,The Doors,1,0.0
10592,Gloria,The Doors,1,0.0
10593,Hang on to Your Life,The Doors,1,0.0
10594,House Announcer,The Doors,1,0.0
10595,"I'm Horny, I'm Stoned",The Doors,1,0.0
10596,Light My Fire (Including Graveyard Poem),The Doors,1,0.0
10597,Ships w/ Sails,The Doors,1,0.0
10598,Texas Radio & The Big Beat,The Doors,1,0.0
10599,The Hill Dwellers,The Doors,1,0.0
10600,Tightrope Ride,The Doors,1,0.0
10601,Unknown Soldier,The Doors,1,0.0
10602,Variety Is the Spice of Life,The Doors,1,0.0
10603,Wandering Musician,The Doors,1,0.0
10604,Who Do You Love (medley),The Doors,1,0.0
10605,Groovy Train,The Farm,1,0.0
10606,Chelsea Dagger,The Fratellis,1,0.0
10607,Flathead,The Fratellis,1,0.0
10608,Ole Black 'n' Blue Eyes,The Fratellis,1,0.0
10609,A Get Together to Tear It Apart,The Hives,1,0.0
10610,Declare Guerre Nucleaire,The Hives,1,0.0
10611,"Die, All Right!",The Hives,1,0.0
10612,Find Another Girl,The Hives,1,0.0
10613,Hate to Say I Told You So,The Hives,1,0.0
10614,Inspection Wise 1999,The Hives,1,0.0
10615,Introduce the Metric System in Time,The Hives,1,0.0
10616,Knock Knock,The Hives,1,0.0
10617,Main Offender,The Hives,1,0.0
10618,Outsmarted,The Hives,1,0.0
10619,Statecontrol,The Hives,1,0.0
10620,Supply and Demand,The Hives,1,0.0
10621,A Train Roars,The Horrors,1,0.0
10622,Count In Fives,The Horrors,1,0.0
10623,Death At The Chapel (UK Bonus Track),The Horrors,1,0.0
10624,Draw Japan,The Horrors,1,0.0
10625,Excellent Choice,The Horrors,1,0.0
10626,Gil Sleeping,The Horrors,1,0.0
10627,Gloves,The Horrors,1,0.0
10628,Jack The Ripper,The Horrors,1,0.0
10629,Little Victories,The Horrors,1,0.0
10630,She Is The New Thing,The Horrors,1,0.0
10631,Sheena Is A Parasite,The Horrors,1,0.0
10632,Thunderclaps,The Horrors,1,0.0
10633,But I'm Different Now,The Jam,1,0.0
10634,Dreamtime,The Jam,1,0.0
10635,Man in the Corner Shop,The Jam,1,0.0
10636,Music for the Last Couple,The Jam,1,0.0
10637,Pretty Green,The Jam,1,0.0
10638,Scrape Away,The Jam,1,0.0
10639,Set the House Ablaze,The Jam,1,0.0
10640,Start!,The Jam,1,0.0
10641,That's Entertainment,The Jam,1,0.0
10642,Darklands,The Jesus and Mary Chain,1,0.0
10643,Deep One Perfect Morning,The Jesus and Mary Chain,1,0.0
10644,Down on Me,The Jesus and Mary Chain,1,0.0
10645,Happy When It Rains,The Jesus and Mary Chain,1,0.0
10646,A Dustland Fairytale,The Killers,1,0.0
10647,Bling (Confession of a King),The Killers,1,0.0
10648,Enterlude,The Killers,1,0.0
10649,Exitlude,The Killers,1,0.0
10650,For Reasons Unknown,The Killers,1,0.0
10651,"Goodnight, Travel Well",The Killers,1,0.0
10652,Human,The Killers,1,0.0
10653,I Can't Stay,The Killers,1,0.0
10654,Joy Ride,The Killers,1,0.0
10655,Losing Touch,The Killers,1,0.0
10656,My List,The Killers,1,0.0
10657,Neon Tiger,The Killers,1,0.0
10658,Read My Mind,The Killers,1,0.0
10659,Sam's Town,The Killers,1,0.0
10660,Spaceman,The Killers,1,0.0
10661,The World We Live In,The Killers,1,0.0
10662,This Is Your Life,The Killers,1,0.0
10663,This River Is Wild,The Killers,1,0.0
10664,Uncle Jonny,The Killers,1,0.0
10665,When You Were Young,The Killers,1,0.0
10666,Why Do I Keep Counting?,The Killers,1,0.0
10667,20th Century Man,The Kinks,1,0.0
10668,Acute Schizophrenia Paranoia Blues,The Kinks,1,0.0
10669,Alcohol,The Kinks,1,0.0
10670,"Apeman (Alternate Mix, Mono)",The Kinks,1,0.0
10671,Complicated Life,The Kinks,1,0.0
10672,Have A Cuppa Tea,The Kinks,1,0.0
10673,Here Come The People In Grey,The Kinks,1,0.0
10674,Holiday,The Kinks,1,0.0
10675,Holloway Jail,The Kinks,1,0.0
10676,Kentucky Moon,The Kinks,1,0.0
10677,"Lola (Single A-Side 1970, Mono)",The Kinks,1,0.0
10678,Muswell Hillbilly,The Kinks,1,0.0
10679,Oklahoma U.S.A.,The Kinks,1,0.0
10680,Powerman (demo),The Kinks,1,0.0
10681,Skin & Bone,The Kinks,1,0.0
10682,The World Keeps Going Round,The Kinks,1,0.0
10683,Uncle Son,The Kinks,1,0.0
10684,Village Green (no strings version),The Kinks,1,0.0
10685,My Sharona,The Knack,1,0.0
10686,Into Your Arms,The Lemonheads,1,0.0
10687,It's a Shame about Ray,The Lemonheads,1,0.0
10688,The Great Big NO,The Lemonheads,1,0.0
10689,Hidden Track,The Libertines,1,0.0
10690,The Life Of Riley,The Lightning Seeds,1,0.0
10691,Surf Rider,The Lively Ones,1,0.0
10692,Swallow Tattoo,The Long Blondes,1,0.0
10693,Out Of Limits,The Marketts,1,0.0
10694,Can You Dig It?,The Mock Turtles,1,0.0
10695,Hypnotize,The Notorious B.I.G.,1,0.0
10696,All I Want,The Offspring,1,0.0
10697,Amazed,The Offspring,1,0.0
10698,Americana,The Offspring,1,0.0
10699,Change the World,The Offspring,1,0.0
10700,Cool to Hate,The Offspring,1,0.0
10701,Disclaimer,The Offspring,1,0.0
10702,Don't Pick It Up,The Offspring,1,0.0
10703,Feelings,The Offspring,1,0.0
10704,Gone Away,The Offspring,1,0.0
10705,Have You Ever,The Offspring,1,0.0
10706,I Choose,The Offspring,1,0.0
10707,Intermission,The Offspring,1,0.0
10708,Leave It Behind,The Offspring,1,0.0
10709,Me & My Old Lady,The Offspring,1,0.0
10710,Mota,The Offspring,1,0.0
10711,No Brakes,The Offspring,1,0.0
10712,Pay the Man,The Offspring,1,0.0
10713,Pretty Fly (For a White Guy),The Offspring,1,0.0
10714,She's Got Issues,The Offspring,1,0.0
10715,Staring at the Sun,The Offspring,1,0.0
10716,The End of the Line,The Offspring,1,0.0
10717,The Kids Aren't Alright,The Offspring,1,0.0
10718,The Meaning of Life,The Offspring,1,0.0
10719,Walla Walla,The Offspring,1,0.0
10720,Way Down the Line,The Offspring,1,0.0
10721,Why Don't You Get a Job?,The Offspring,1,0.0
10722,Behind My Camel,The Police,1,0.0
10723,Bombs Away,The Police,1,0.0
10724,"De Do Do Do, De Da Da Da",The Police,1,0.0
10725,Don't Stand So Close to Me,The Police,1,0.0
10726,Driven To Tears,The Police,1,0.0
10727,Every Breath You Take,The Police,1,0.0
10728,King of Pain,The Police,1,0.0
10729,Man In A Suitcase,The Police,1,0.0
10730,Miss Gradenko,The Police,1,0.0
10731,Mother,The Police,1,0.0
10732,Murder By Numbers,The Police,1,0.0
10733,O My God,The Police,1,0.0
10734,Shadows In The Rain,The Police,1,0.0
10735,Synchronicity I,The Police,1,0.0
10736,Synchronicity II,The Police,1,0.0
10737,Tea in the Sahara,The Police,1,0.0
10738,The Other Way of Stopping,The Police,1,0.0
10739,Voices Inside My Head,The Police,1,0.0
10740,Walking in Your Footsteps,The Police,1,0.0
10741,"When the World Is Running Down, You Make the Best of What's Still",The Police,1,0.0
10742,Wrapped Around Your Finger,The Police,1,0.0
10743,Bad Boys Get Spanked,The Pretenders,1,0.0
10744,Birds of Paradise,The Pretenders,1,0.0
10745,Day After Day,The Pretenders,1,0.0
10746,I Go To Sleep,The Pretenders,1,0.0
10747,Jealous Dogs,The Pretenders,1,0.0
10748,Louie Louie,The Pretenders,1,0.0
10749,Lovers Of Today,The Pretenders,1,0.0
10750,Message of Love,The Pretenders,1,0.0
10751,Mystery Achievement,The Pretenders,1,0.0
10752,Pack It Up,The Pretenders,1,0.0
10753,Talk Of The Town,The Pretenders,1,0.0
10754,The Adultress,The Pretenders,1,0.0
10755,The English Roses,The Pretenders,1,0.0
10756,Waste Not Want Not,The Pretenders,1,0.0
10757,Hotride,The Prodigy,1,0.0
10758,Since I First Met You,The Robins,1,0.0
10759,100 Years Ago,The Rolling Stones,1,0.0
10760,All The Way Down,The Rolling Stones,1,0.0
10761,Already Over Me,The Rolling Stones,1,0.0
10762,Always Suffering,The Rolling Stones,1,0.0
10763,Anybody Seen My Baby,The Rolling Stones,1,0.0
10764,Black Limousine,The Rolling Stones,1,0.0
10765,Can You Hear The Music,The Rolling Stones,1,0.0
10766,Coming Down Again,The Rolling Stones,1,0.0
10767,Dancing with Mr. D.,The Rolling Stones,1,0.0
10768,Doo Doo Doo Doo Doo (Heartbreaker),The Rolling Stones,1,0.0
10769,Feel On Baby,The Rolling Stones,1,0.0
10770,Fight,The Rolling Stones,1,0.0
10771,Flip the Switch,The Rolling Stones,1,0.0
10772,Gunface,The Rolling Stones,1,0.0
10773,Hang Fire,The Rolling Stones,1,0.0
10774,Harlem Shuffle,The Rolling Stones,1,0.0
10775,Heaven,The Rolling Stones,1,0.0
10776,Hide Your Love,The Rolling Stones,1,0.0
10777,High and Dry,The Rolling Stones,1,0.0
10778,Hold Back,The Rolling Stones,1,0.0
10779,How Can I Stop,The Rolling Stones,1,0.0
10780,I Am Waiting,The Rolling Stones,1,0.0
10781,In Another Land,The Rolling Stones,1,0.0
10782,It Must Be Hell,The Rolling Stones,1,0.0
10783,It's Not Easy,The Rolling Stones,1,0.0
10784,It's Only Rock 'n' Roll (But I Like It),The Rolling Stones,1,0.0
10785,Little T & A,The Rolling Stones,1,0.0
10786,Low Down,The Rolling Stones,1,0.0
10787,Might As Well Get Juiced,The Rolling Stones,1,0.0
10788,Neighbors,The Rolling Stones,1,0.0
10789,No Use in Crying,The Rolling Stones,1,0.0
10790,One Hit (To The Body),The Rolling Stones,1,0.0
10791,Out of Control,The Rolling Stones,1,0.0
10792,Pretty Beat Up,The Rolling Stones,1,0.0
10793,Saint of Me,The Rolling Stones,1,0.0
10794,She Was Hot,The Rolling Stones,1,0.0
10795,Silver Train,The Rolling Stones,1,0.0
10796,Slave,The Rolling Stones,1,0.0
10797,Some Girls,The Rolling Stones,1,0.0
10798,Star Star,The Rolling Stones,1,0.0
10799,Start Me Up,The Rolling Stones,1,0.0
10800,Take It or Leave It,The Rolling Stones,1,0.0
10801,Thief in the Night,The Rolling Stones,1,0.0
10802,Think,The Rolling Stones,1,0.0
10803,Tie You Up (The Pain Of Love),The Rolling Stones,1,0.0
10804,Too Much Blood,The Rolling Stones,1,0.0
10805,Too Rude,The Rolling Stones,1,0.0
10806,Too Tight,The Rolling Stones,1,0.0
10807,Too Tough,The Rolling Stones,1,0.0
10808,Tops,The Rolling Stones,1,0.0
10809,Undercover Of The Night,The Rolling Stones,1,0.0
10810,Waiting on a Friend,The Rolling Stones,1,0.0
10811,Wanna Hold You,The Rolling Stones,1,0.0
10812,What To Do,The Rolling Stones,1,0.0
10813,Winter,The Rolling Stones,1,0.0
10814,Worried About You,The Rolling Stones,1,0.0
10815,You Don't Have To Mean It,The Rolling Stones,1,0.0
10816,Age of Innocence,The Smashing Pumpkins,1,0.0
10817,Blue Skies Bring Tears,The Smashing Pumpkins,1,0.0
10818,By Starlight,The Smashing Pumpkins,1,0.0
10819,Farewell and Goodnight,The Smashing Pumpkins,1,0.0
10820,Glass and the Ghost Children,The Smashing Pumpkins,1,0.0
10821,Heavy Metal Machine,The Smashing Pumpkins,1,0.0
10822,I of the Mourning,The Smashing Pumpkins,1,0.0
10823,Raindrops + Sunshowers,The Smashing Pumpkins,1,0.0
10824,The Crying Tree Of Mercury,The Smashing Pumpkins,1,0.0
10825,The Everlasting Gaze,The Smashing Pumpkins,1,0.0
10826,The Imploding Voice,The Smashing Pumpkins,1,0.0
10827,The Sacred and Profane,The Smashing Pumpkins,1,0.0
10828,With Every Light,The Smashing Pumpkins,1,0.0
10829,Wound,The Smashing Pumpkins,1,0.0
10830,A Rush and a Push and the Land Is Ours,The Smiths,1,0.0
10831,Back to the Old House,The Smiths,1,0.0
10832,Death at One's Elbow,The Smiths,1,0.0
10833,Girl Afraid,The Smiths,1,0.0
10834,Paint a Vulgar Picture,The Smiths,1,0.0
10835,Panic,The Smiths,1,0.0
10836,Some Girls Are Bigger Than Others,The Smiths,1,0.0
10837,Stop Me If You Think You've Heard This One Before,The Smiths,1,0.0
10838,The Boy With The Thorn In His Side,The Smiths,1,0.0
10839,Unhappy Birthday,The Smiths,1,0.0
10840,Vicar in a Tutu,The Smiths,1,0.0
10841,I'm Free,The Soup Dragons,1,0.0
10842,Little Bitch,The Specials,1,0.0
10843,Flowers on the Wall,The Statler Brothers,1,0.0
10844,Fools Gold,The Stone Roses,1,0.0
10845,1970,The Stooges,1,0.0
10846,Death Trip,The Stooges,1,0.0
10847,Dirt,The Stooges,1,0.0
10848,Down On The Street,The Stooges,1,0.0
10849,Fun House,The Stooges,1,0.0
10850,Gimme Danger,The Stooges,1,0.0
10851,I Need Somebody,The Stooges,1,0.0
10852,L.A. Blues,The Stooges,1,0.0
10853,Loose,The Stooges,1,0.0
10854,Penetration,The Stooges,1,0.0
10855,Raw Power,The Stooges,1,0.0
10856,Search and Destroy,The Stooges,1,0.0
10857,Shake Appeal,The Stooges,1,0.0
10858,T.V. Eye,The Stooges,1,0.0
10859,Your Pretty Face Is Going to Hell,The Stooges,1,0.0
10860,12:51,The Strokes,1,0.0
10861,Automatic Stop,The Strokes,1,0.0
10862,Between Love & Hate,The Strokes,1,0.0
10863,I Can't Win,The Strokes,1,0.0
10864,Meet Me in the Bathroom,The Strokes,1,0.0
10865,The End Has No End,The Strokes,1,0.0
10866,The Way It Is,The Strokes,1,0.0
10867,What Ever Happened?,The Strokes,1,0.0
10868,You Talk Way Too Much,The Strokes,1,0.0
10869,Reward,The Teardrop Explodes,1,0.0
10870,Here She Comes Now,The Velvet Underground,1,0.0
10871,I Heard Her Call My Name,The Velvet Underground,1,0.0
10872,Lady Godiva's Operation,The Velvet Underground,1,0.0
10873,Sister Ray,The Velvet Underground,1,0.0
10874,The Gift,The Velvet Underground,1,0.0
10875,White Light - White Heat,The Velvet Underground,1,0.0
10876,Life's An Ocean,The Verve,1,0.0
10877,Stormy Clouds,The Verve,1,0.0
10878,Stormy Clouds (Reprise),The Verve,1,0.0
10879,Animal Machine,The Vines,1,0.0
10880,Ride,The Vines,1,0.0
10881,6th Avenue Heartache,The Wallflowers,1,0.0
10882,Bleeders,The Wallflowers,1,0.0
10883,Invisible City,The Wallflowers,1,0.0
10884,Josephine,The Wallflowers,1,0.0
10885,Laughing Out Loud,The Wallflowers,1,0.0
10886,The Difference,The Wallflowers,1,0.0
10887,Three Marlenas,The Wallflowers,1,0.0
10888,As Ugly as I Seem,The White Stripes,1,0.0
10889,Blue Orchid,The White Stripes,1,0.0
10890,Dead Leaves and the Dirty Ground,The White Stripes,1,0.0
10891,Expecting,The White Stripes,1,0.0
10892,Fell in Love With a Girl,The White Stripes,1,0.0
10893,Forever for Her (Is Over for Me),The White Stripes,1,0.0
10894,"Girl, You Have No Faith in Medicine",The White Stripes,1,0.0
10895,Hotel Yorba,The White Stripes,1,0.0
10896,Hypnotize,The White Stripes,1,0.0
10897,I Think I Smell a Rat,The White Stripes,1,0.0
10898,I'm Finding It Harder to Be a Gentleman,The White Stripes,1,0.0
10899,I'm Lonely (But I Ain't That Lonely Yet),The White Stripes,1,0.0
10900,Instinct Blues,The White Stripes,1,0.0
10901,Little Acorns,The White Stripes,1,0.0
10902,Little Ghost,The White Stripes,1,0.0
10903,Little Room,The White Stripes,1,0.0
10904,My Doorbell,The White Stripes,1,0.0
10905,Offend in Every Way,The White Stripes,1,0.0
10906,Passive Manipulation,The White Stripes,1,0.0
10907,Red Rain,The White Stripes,1,0.0
10908,"Take, Take, Take",The White Stripes,1,0.0
10909,The Air Near My Fingers,The White Stripes,1,0.0
10910,The Denial Twist,The White Stripes,1,0.0
10911,The Hardest Button to Button,The White Stripes,1,0.0
10912,The Nurse,The White Stripes,1,0.0
10913,The Same Boy You've Always Known,The White Stripes,1,0.0
10914,The Union Forever,The White Stripes,1,0.0
10915,We're Going to Be Friends,The White Stripes,1,0.0
10916,Well It's True That We Love One Another,The White Stripes,1,0.0
10917,White Moon,The White Stripes,1,0.0
10918,1921,The Who,1,0.0
10919,905,The Who,1,0.0
10920,A Man Is A Man,The Who,1,0.0
10921,"A Quick One, While He's Away",The Who,1,0.0
10922,Amazing Journey,The Who,1,0.0
10923,Christmas,The Who,1,0.0
10924,Cobwebs and Strange,The Who,1,0.0
10925,Cooks County,The Who,1,0.0
10926,Cousin Kevin,The Who,1,0.0
10927,Cry If You Want,The Who,1,0.0
10928,Dangerous,The Who,1,0.0
10929,Don't Look Away,The Who,1,0.0
10930,Eyesight to the Blind (The Haw,The Who,1,0.0
10931,Fiddle About,The Who,1,0.0
10932,Go to the Mirror!,The Who,1,0.0
10933,Guitar And Pen,The Who,1,0.0
10934,Had Enough,The Who,1,0.0
10935,Heat Wave,The Who,1,0.0
10936,I Need You,The Who,1,0.0
10937,I've Known No War,The Who,1,0.0
10938,It's a Boy,The Who,1,0.0
10939,It's Your Turn,The Who,1,0.0
10940,Love Is Coming Down,The Who,1,0.0
10941,Music Must Change,The Who,1,0.0
10942,New Song,The Who,1,0.0
10943,One At A Time,The Who,1,0.0
10944,One Life's Enough,The Who,1,0.0
10945,Overture,The Who,1,0.0
10946,Pinball Wizard,The Who,1,0.0
10947,Sally Simpson,The Who,1,0.0
10948,"See Me, Feel Me/Listening to You",The Who,1,0.0
10949,See My Way,The Who,1,0.0
10950,Sensation,The Who,1,0.0
10951,Sister Disco,The Who,1,0.0
10952,Smash the Mirror,The Who,1,0.0
10953,So Sad About Us,The Who,1,0.0
10954,Sparks,The Who,1,0.0
10955,The Acid Queen,The Who,1,0.0
10956,"Tommy, Can You Hear Me?",The Who,1,0.0
10957,Tommy's Holiday Camp,The Who,1,0.0
10958,Trick Of The Light,The Who,1,0.0
10959,Underture,The Who,1,0.0
10960,We're Not Gonna Take It,The Who,1,0.0
10961,Welcome,The Who,1,0.0
10962,Whiskey Man,The Who,1,0.0
10963,Who Are You,The Who,1,0.0
10964,Why Did I Fall For That,The Who,1,0.0
10965,Welcome to the Cheap Seats,The Wonder Stuff,1,0.0
10966,Atoms for Peace,Thom Yorke,1,0.0
10967,Disposition,Tool,1,0.0
10968,Eon Blue Apocalypse,Tool,1,0.0
10969,Faaip de Oiad,Tool,1,0.0
10970,Lateralus,Tool,1,0.0
10971,Mantra,Tool,1,0.0
10972,Parabol,Tool,1,0.0
10973,Parabola,Tool,1,0.0
10974,Reflection,Tool,1,0.0
10975,Schism,Tool,1,0.0
10976,The Grudge,Tool,1,0.0
10977,The Patient,Tool,1,0.0
10978,Ticks & Leeches,Tool,1,0.0
10979,Triad,Tool,1,0.0
10980,Falling Down,Travis,1,0.0
10981,Funny Thing,Travis,1,0.0
10982,Good Feeling,Travis,1,0.0
10983,Happy,Travis,1,0.0
10984,I Love You Anyways,Travis,1,0.0
10985,Midsummer Nights Dreamin',Travis,1,0.0
10986,More Than Us,Travis,1,0.0
10987,Side,Travis,1,0.0
10988,Tied To The 90's,Travis,1,0.0
10989,Babyface,U2,1,0.0
10990,Daddy's Gonna Pay For Your Crashed Car,U2,1,0.0
10991,Dirty Day,U2,1,0.0
10992,Lemon,U2,1,0.0
10993,Numb,U2,1,0.0
10994,"Stay (Faraway, So Close!)",U2,1,0.0
10995,The First Time,U2,1,0.0
10996,The Wanderer,U2,1,0.0
10997,Zooropa,U2,1,0.0
10998,"Girl, You'll Be a Woman Soon",Urge Overkill,1,0.0
10999,Bottoms Up!,Van Halen,1,0.0
11000,Dance the Night Away,Van Halen,1,0.0
11001,Runnin' With the Devil,Van Halen,1,0.0
11002,Somebody Get Me a Doctor,Van Halen,1,0.0
11003,Spanish Fly,Van Halen,1,0.0
11004,You're No Good,Van Halen,1,0.0
11005,Cleaning Windows,Van Morrison,1,0.0
11006,Dweller On The Threshold,Van Morrison,1,0.0
11007,Queen Of The Slipstream,Van Morrison,1,0.0
11008,Whenever God Shines His Light,Van Morrison,1,0.0
11009,Wild Night,Van Morrison,1,0.0
11010,Pela Luz Dos Olhos Teus,Vinícius de Moraes,1,0.0
11011,A Las Cosas Por Su Nombre,Violadores del Verso,1,0.0
11012,Asómate,Violadores del Verso,1,0.0
11013,Filosofía y Letras,Violadores del Verso,1,0.0
11014,Nada más,Violadores del Verso,1,0.0
11015,Pura Droga Sin Cortar,Violadores del Verso,1,0.0
11016,American Gigolo,Weezer,1,0.0
11017,Burndt Jamb,Weezer,1,0.0
11018,Crab,Weezer,1,0.0
11019,Death and Destruction,Weezer,1,0.0
11020,December,Weezer,1,0.0
11021,Dope Nose,Weezer,1,0.0
11022,Fall Together,Weezer,1,0.0
11023,Glorious Day,Weezer,1,0.0
11024,Island in the Sun,Weezer,1,0.0
11025,Keep Fishin',Weezer,1,0.0
11026,Knock-Down Drag-Out,Weezer,1,0.0
11027,Love Explosion,Weezer,1,0.0
11028,O Girlfriend,Weezer,1,0.0
11029,Photograph,Weezer,1,0.0
11030,Possibilities,Weezer,1,0.0
11031,Simple Pages,Weezer,1,0.0
11032,Slave,Weezer,1,0.0
11033,Slob,Weezer,1,0.0
11034,Smile,Weezer,1,0.0
11035,Space Rock,Weezer,1,0.0
11036,Take Control,Weezer,1,0.0
11037,A Shot In The Arm,Wilco,1,0.0
11038,How To Fight Loneliness,Wilco,1,0.0
11039,I Can't Stand It,Wilco,1,0.0
11040,I'm Always In Love,Wilco,1,0.0
11041,In A Future Age,Wilco,1,0.0
11042,My Darling,Wilco,1,0.0
11043,Nothing'severgonnastandinmyway(again),Wilco,1,0.0
11044,Pieholden Suite,Wilco,1,0.0
11045,She's A Jar,Wilco,1,0.0
11046,Summer Teeth,Wilco,1,0.0
11047,Via Chicago,Wilco,1,0.0
11048,When You Wake Up Feeling Old,Wilco,1,0.0
11049,Band On The Run,Wings,1,0.0
11050,Big Barn Bed,Wings,1,0.0
11051,Bip Bop,Wings,1,0.0
11052,Bip Bop Link (instrumental),Wings,1,0.0
11053,Dear Friend,Wings,1,0.0
11054,Get on the Right Thing,Wings,1,0.0
11055,Helen Wheels,Wings,1,0.0
11056,I Am Your Singer,Wings,1,0.0
11057,Let Me Roll It,Wings,1,0.0
11058,Little Lamb Dragonfly,Wings,1,0.0
11059,Love Is Strange,Wings,1,0.0
11060,Mamunia,Wings,1,0.0
11061,Mrs. Vandebilt,Wings,1,0.0
11062,Mumbo,Wings,1,0.0
11063,My Love,Wings,1,0.0
11064,Nineteen Hundred Eighty Five,Wings,1,0.0
11065,No Words,Wings,1,0.0
11066,One More Kiss,Wings,1,0.0
11067,Picasso's Last Words (Drink To,Wings,1,0.0
11068,Single Pigeon,Wings,1,0.0
11069,Some People Never Know,Wings,1,0.0
11070,Tomorrow,Wings,1,0.0
11071,When the Night,Wings,1,0.0
11072,Wild Life,Wings,1,0.0
11073,Conclusion,Wu-Tang Clan,1,0.0
11074,Method Man [Skunk Mix],Wu-Tang Clan,1,0.0
11075,Tearz,Wu-Tang Clan,1,0.0
11076,Wu-Tang 7th Chamber - Part 2,Wu-Tang Clan,1,0.0
11077,A quai,Yann Tiersen,1,0.0
11078,"Comptine d'un autre été, l'après midi",Yann Tiersen,1,0.0
11079,"G. Khan, R.A.Whiting, H. Akst / Guilty",Yann Tiersen,1,0.0
11080,J'y suis jamais allé,Yann Tiersen,1,0.0
11081,L'autre valse d'Amelie,Yann Tiersen,1,0.0
11082,La Noyée,Yann Tiersen,1,0.0
11083,La Valse d'Amélie,Yann Tiersen,1,0.0
11084,Le Moulin,Yann Tiersen,1,0.0
11085,Les Jours tristes (instrumental),Yann Tiersen,1,0.0
11086,And You and I,Yes,1,0.0
11087,Close to the Edge,Yes,1,0.0
11088,Siberian Khatru,Yes,1,0.0
11089,Beer Drinkers & Hell Raisers,ZZ Top,1,0.0
11090,Can't Stop Rockin',ZZ Top,1,0.0
11091,Delirious,ZZ Top,1,0.0
11092,Dipping Low (In The Lap Of Luxury),ZZ Top,1,0.0
11093,Don't Tease Me,ZZ Top,1,0.0
11094,Groovy Little Hippie Pad,ZZ Top,1,0.0
11095,Have You Heard?,ZZ Top,1,0.0
11096,"Heaven, Hell Or Houston",ZZ Top,1,0.0
11097,"Hot, Blue and Righteous",ZZ Top,1,0.0
11098,I Got The Message,ZZ Top,1,0.0
11099,I Wanna Drive You Home,ZZ Top,1,0.0
11100,It's So Hard,ZZ Top,1,0.0
11101,Jesus Just Left Chicago,ZZ Top,1,0.0
11102,La Grange,ZZ Top,1,0.0
11103,Leila,ZZ Top,1,0.0
11104,Master of Sparks,ZZ Top,1,0.0
11105,Move Me on Down the Line,ZZ Top,1,0.0
11106,Party on the Patio,ZZ Top,1,0.0
11107,Pearl Necklace,ZZ Top,1,0.0
11108,Planet Of Women,ZZ Top,1,0.0
11109,Precious and Grace,ZZ Top,1,0.0
11110,Rough Boy,ZZ Top,1,0.0
11111,Shiek,ZZ Top,1,0.0
11112,Sleeping Bag,ZZ Top,1,0.0
11113,Stages,ZZ Top,1,0.0
11114,Ten Foot Pole,ZZ Top,1,0.0
11115,Tube Snake Boogie,ZZ Top,1,0.0
11116,Velcro Fly,ZZ Top,1,0.0
11117,Waitin' for the Bus,ZZ Top,1,0.0
11118,Woke Up with Wood,ZZ Top,1,0.0
