Puesto;Canción;Artista;Scrobbles
1;Coney Island Baby;Lou Reed;77
2;Beetlebum;Blur;70
3;City Lights;Lou Reed;70
4;Oh Darling;Supertramp;69
5;That's Life;Frank Sinatra;65
6;Proud Mary;Creedence Clearwater Revival;64
7;Life on Mars?;David Bowie;58
8;Metal Gods;Judas Priest;56
9;Once In The Morning;Diana Ross;54
10;This Is a Low;Blur;53
11;The Boss;Diana Ross;51
12;Tenderness;Diana Ross;48
13;I'm Coming Out;Diana Ross;47
14;Casual Conversations;Supertramp;47
15;Goodbye Stranger;Supertramp;47
16;Fantastic Voyage;David Bowie;44
17;I Ain't Been Licked;Diana Ross;44
18;Hold On;John Lennon;44
19;Home Tonight;Aerosmith;43
20;Have Fun (Again);Diana Ross;43
21;I'm In The World;Diana Ross;42
22;Gimme Some Truth;John Lennon;42
23;The Blue Mask;Lou Reed;42
24;Thought I Was a Spaceman;Blur;40
25;Grinder;Judas Priest;40
26;Isn't She Lovely;Stevie Wonder;40
27;Joy Inside My Tears;Stevie Wonder;40
28;Turn to Stone;Electric Light Orchestra;39
29;A Gift;Lou Reed;39
30;Badhead;Blur;38
31;Gigantic;Pixies;38
32;Cool Cat;Queen;38
33;It's My House;Diana Ross;37
34;Sparkle;Diana Ross;37
35;Ride Into The Sun;Lou Reed;37
36;She's My Best Friend;Lou Reed;37
37;Light My Fire;The Doors;37
38;Song 2;Blur;36
39;Living After Midnight;Judas Priest;36
40;The End;The Doors;36
41;Space Oddity;David Bowie;35
42;Don't Look Back in Anger;Oasis;35
43;Alabama Song (Whisky Bar);The Doors;35
44;Starlight;Electric Light Orchestra;34
45;Berlin;Lou Reed;34
46;Karma Police;Radiohead;34
47;Indian Summer;The Doors;34
48;Dancing in the Moonlight;Thin Lizzy;34
49;Chemical World;Blur;33
50;Waves Of Fear;Lou Reed;33
51;Goodnight Tonight;Paul McCartney;33
52;Knocks Me Off My Feet;Stevie Wonder;33
53;You're So Great;Blur;32
54;All For One;Diana Ross;32
55;Velouria;Pixies;32
56;Break on Through (to the Other Side);The Doors;32
57;Yes Sir, No Sir;The Kinks;32
58;You're My Best Friend;Queen;31
59;Blue Sunday;The Doors;31
60;End of the Night;The Doors;31
61;The Crystal Ship;The Doors;31
62;Clover Over Dover;Blur;30
63;What You Gave Me;Diana Ross;30
64;Average Guy;Lou Reed;30
65;How Do You Think It Feels;Lou Reed;30
66;Oh, Jim;Lou Reed;30
67;The Weight;The Band;30
68;Spanish Bombs;The Clash;30
69;I Looked at You;The Doors;30
70;Southbound;Thin Lizzy;30
71;Tracy Jacks;Blur;29
72;Jamming;Bob Marley;29
73;Mind Games;John Lennon;29
74;Heavenly Arms;Lou Reed;29
75;Soul Kitchen;The Doors;29
76;Parklife;Blur;28
77;Nangs;Tame Impala;28
78;Back Door Man;The Doors;28
79;Queen of the Highway;The Doors;28
80;Take It as It Comes;The Doors;28
81;Twentieth Century Fox;The Doors;28
82;End of a Century;Blur;27
83;For Tomorrow;Blur;27
84;Ghost Ship;Blur;27
85;Jubilee;Blur;27
86;There Are Too Many of Us;Blur;27
87;To the End;Blur;27
88;Mulder and Scully;Catatonia;27
89;Low;Coldplay;27
90;A New Career in a New Town;David Bowie;27
91;No One Gets The Prize;Diana Ross;27
92;Sad Song;Lou Reed;27
93;Barriers;Suede;27
94;Take the Long Way Home;Supertramp;27
95;Feels Like We Only Go Backwards;Tame Impala;27
96;Mr. Churchill Says;The Kinks;27
97;Bank Holiday;Blur;26
98;Go Out;Blur;26
99;The Universal;Blur;26
100;Villa Rosie;Blur;26
101;Wrote a Song for Everyone;Creedence Clearwater Revival;26
102;Imagine;John Lennon;26
103;Trash;Suede;26
104;Nothing To Say;The Kinks;26
105;Dear Heart;Thin Lizzy;26
106;Fight or Fall;Thin Lizzy;26
107;The Boys Are Back in Town;Thin Lizzy;26
108;Girls & Boys;Blur;25
109;Trouble in the Message Centre;Blur;25
110;D.J.;David Bowie;25
111;Soul Love;David Bowie;25
112;Theme From New York New York;Frank Sinatra;25
113;Midnight Train to Georgia;Gladys Knight & The Pips;25
114;You Don't Have To Be Old To Be;Judas Priest;25
115;Bohemian Rhapsody;Queen;25
116;Sir Duke;Stevie Wonder;25
117;Love So Right;Bee Gees;24
118;Charmless Man;Blur;24
119;Far Out;Blur;24
120;Ong Ong;Blur;24
121;Hungry Heart;Bruce Springsteen;24
122;Sons of the Silent Age;David Bowie;24
123;Where Are We Now?;David Bowie;24
124;Welcome to the World of the Plastic Beach;Gorillaz;24
125;Lady Day;Lou Reed;24
126;Men of Good Fortune;Lou Reed;24
127;Satellite of Love;Lou Reed;24
128;Ship of Fools;The Doors;24
129;Dear Lord;Thin Lizzy;24
130;Downtown Sundown;Thin Lizzy;24
131;Subway;Bee Gees;23
132;Coffee & TV;Blur;23
133;Colin Zeal;Blur;23
134;Lonesome Street;Blur;23
135;Lot 105;Blur;23
136;The Debt Collector;Blur;23
137;"""Heroes""";David Bowie;23
138;Isolation;John Lennon;23
139;Jealous Guy;John Lennon;23
140;Breaking the Law;Judas Priest;23
141;I Want to Boogie With You;Lou Reed;23
142;Off the Wall;Michael Jackson;23
143;Allison;Pixies;23
144;Where Is My Mind?;Pixies;23
145;Golden Lady;Stevie Wonder;23
146;The Logical Song;Supertramp;23
147;Roadhouse Blues;The Doors;23
148;Waiting for the Sun;The Doors;23
149;Yes, the River Knows;The Doors;23
150;Advert;Blur;22
151;London Loves;Blur;22
152;Magic America;Blur;22
153;Just Like a Woman;Bob Dylan;22
154;Last Train to London;Electric Light Orchestra;22
155;Last Living Souls;Gorillaz;22
156;United;Judas Priest;22
157;We Are the Champions;Queen;22
158;No Surprises;Radiohead;22
159;Peace Frog;The Doors;22
160;You Make Me Real;The Doors;22
161;I Broadcast;Blur;21
162;Bad Moon Rising;Creedence Clearwater Revival;21
163;Bennie and the Jets;Elton John;21
164;Bad Bad Leroy Brown;Frank Sinatra;21
165;Virtual Insanity;Jamiroquai;21
166;Live to Win;Motörhead;21
167;Champagne Supernova;Oasis;21
168;The Great Gig in the Sky;Pink Floyd;21
169;Letter to Memphis;Pixies;21
170;Condena De Amor;Radio Futura;21
171;Born to Be Wild;Steppenwolf;21
172;Land Ho;The Doors;21
173;Children Of The World;Bee Gees;20
174;Blue Jeans;Blur;20
175;Turn It Up;Blur;20
176;I Am the Mob;Catatonia;20
177;Road Rage;Catatonia;20
178;On the Run;Electric Light Orchestra;20
179;The Whale;Electric Light Orchestra;20
180;Mack the Knife;Frank Sinatra;20
181;Moon River;Frank Sinatra;20
182;My Way;Frank Sinatra;20
183;Busted and Blue;Gorillaz;20
184;Bittersweet Bundle Of Misery;Graham Coxon;20
185;Cosmic Girl;Jamiroquai;20
186;Intuition;John Lennon;20
187;Evening Star;Judas Priest;20
188;Kill Your Sons;Lou Reed;20
189;First-Time Mothers Joy (Flying);Mercury Rev;20
190;Some Might Say;Oasis;20
191;Too Young;Phoenix;20
192;Something Changed;Pulp;20
193;The Tourist;Radiohead;20
194;Creepin';Stevie Wonder;20
195;He's Misstra Know-It-All;Stevie Wonder;20
196;Gone Hollywood;Supertramp;20
197;Sexy Sadie;The Beatles;20
198;The Spy;The Doors;20
199;Ava Adore;The Smashing Pumpkins;20
200;Showdown;Thin Lizzy;20
201;Caravan;Blur;19
202;Pyongyang;Blur;19
203;Star Shaped;Blur;19
204;Sunday Sunday;Blur;19
205;I Heard It Through the Grapevine;Creedence Clearwater Revival;19
206;Courtship Dating;Crystal Castles;19
207;Nightvision;Daft Punk;19
208;Upside Down;Diana Ross;19
209;Nobody Loves You (When You're Down and Out);John Lennon;19
210;Steeler;Judas Priest;19
211;Across Yer Ocean;Mercury Rev;19
212;Sudden Ray of Hope;Mercury Rev;19
213;Rock with You;Michael Jackson;19
214;The Happening;Pixies;19
215;Dishes;Pulp;19
216;Child of Vision;Supertramp;19
217;Something;The Beatles;19
218;While My Guitar Gently Weeps;The Beatles;19
219;Maggie M'Gill;The Doors;19
220;Spanish Caravan;The Doors;19
221;Shangri-La;The Kinks;19
222;Coping;Blur;18
223;Out of Time;Blur;18
224;Crimewave;Crystal Castles;18
225;Vanished;Crystal Castles;18
226;Sound and Vision;David Bowie;18
227;Speed of Life;David Bowie;18
228;My Old Piano;Diana Ross;18
229;Shine a Little Love;Electric Light Orchestra;18
230;Give Me Love (Give Me Peace on Earth);George Harrison;18
231;Storms of Troubled Times;Gladys Knight & The Pips;18
232;Andromeda;Gorillaz;18
233;Spend a Lifetime;Jamiroquai;18
234;Going Down on Love;John Lennon;18
235;Spiders And Flies;Mercury Rev;18
236;It's the Falling in Love;Michael Jackson;18
237;She's Electric;Oasis;18
238;All Over the World;Pixies;18
239;Steal Away;Robbie Dupree;18
240;I Shall Be Released;The Band;18
241;I'm So Tired;The Beatles;18
242;Death on the Stairs;The Libertines;18
243;Time for Heroes;The Libertines;18
244;Don't Believe a Word;Thin Lizzy;18
245;Bugman;Blur;17
246;M.O.R.;Blur;17
247;Oily Water;Blur;17
248;Friend To Friend;Diana Ross;17
249;I'm Still Standing;Elton John;17
250;L.A. Is My Lady;Frank Sinatra;17
251;Alone Again (Naturally);Gilbert O'Sullivan;17
252;Hallelujah Money;Gorillaz;17
253;Maybe;Janis Joplin;17
254;Rapid Fire;Judas Priest;17
255;The Rage;Judas Priest;17
256;Stairway to Heaven;Led Zeppelin;17
257;When the Levee Breaks;Led Zeppelin;17
258;Going Down;Lou Reed;17
259;Time;Pink Floyd;17
260;Hang Wire;Pixies;17
261;Just Another Nervous Wreck;Supertramp;17
262;Lord Is It Mine;Supertramp;17
263;Why Won't You Make Up Your Mind?;Tame Impala;17
264;We Can Talk;The Band;17
265;With a Little Help From My Friends;The Beatles;17
266;Hyacinth House;The Doors;17
267;Love Street;The Doors;17
268;Australia;The Kinks;17
269;One More Kiss, Dear;Vangelis;17
270;Complicated Game;XTC;17
271;He Thought of Cars;Blur;16
272;Ice Cream Man;Blur;16
273;No Distance Left to Run;Blur;16
274;Pressure on Julian;Blur;16
275;Sweet Talkin' Woman;Electric Light Orchestra;16
276;Sweet Painted Lady;Elton John;16
277;Strangers in the Night;Frank Sinatra;16
278;Once in a Lifetime Thing;Gladys Knight & The Pips;16
279;We Got the Power;Gorillaz;16
280;We Used to Know;Jethro Tull;16
281;White Heat, Red Hot;Judas Priest;16
282;Caroline Says I;Lou Reed;16
283;Families;Lou Reed;16
284;Lithium;Nirvana;16
285;Ana;Pixies;16
286;Blown Away;Pixies;16
287;Brick Is Red;Pixies;16
288;River Euphrates;Pixies;16
289;Rock Music;Pixies;16
290;Happy Endings;Pulp;16
291;Don't Stop Me Now;Queen;16
292;Creep;Radiohead;16
293;Swallow;Sleeper;16
294;It Ain't No Use;Stevie Wonder;16
295;Beautiful Ones;Suede;16
296;Sometimes I Feel I’ll Float Away;Suede;16
297;Breakfast in America;Supertramp;16
298;Cry Baby Cry;The Beatles;16
299;Martha My Dear;The Beatles;16
300;Lola;The Kinks;16
301;Some Mother's Son;The Kinks;16
302;Soldier of Fortune;Thin Lizzy;16
303;That Woman's Gonna Break You Heart;Thin Lizzy;16
304;Mirrorball;Blur;15
305;Miss America;Blur;15
306;My Terracotta Heart;Blur;15
307;New World Towers;Blur;15
308;There's No Other Way;Blur;15
309;Game On;Catatonia;15
310;All the Madmen;David Bowie;15
311;Kooks;David Bowie;15
312;Lady Stardust;David Bowie;15
313;Give Up;Diana Ross;15
314;Bluebird Is Dead;Electric Light Orchestra;15
315;It's Over;Electric Light Orchestra;15
316;Fly Me to the Moon;Frank Sinatra;15
317;The Lady Is a Tramp;Frank Sinatra;15
318;Best Thing That Ever Happened to Me;Gladys Knight & The Pips;15
319;In the Mood;Glenn Miller;15
320;All Alone;Gorillaz;15
321;Tripping Over;Graham Coxon;15
322;Last Rose of Summer;Judas Priest;15
323;Caroline Says II;Lou Reed;15
324;Make Up;Lou Reed;15
325;Perfect Day;Lou Reed;15
326;The Day John Kennedy Died;Lou Reed;15
327;The Kids;Lou Reed;15
328;Walk on the Wild Side;Lou Reed;15
329;Opus 40;Mercury Rev;15
330;Straight Edge;NOFX;15
331;Live Forever;Oasis;15
332;Holding on together;Phoenix;15
333;Is She Weird;Pixies;15
334;The Sad Punk;Pixies;15
335;Baby Come Back;Player;15
336;Purple Rain;Prince;15
337;Common People;Pulp;15
338;Help the Aged;Pulp;15
339;Party Hard;Pulp;15
340;Viajero Nocturno;Sidonie;15
341;Delicious;Sleeper;15
342;Inbetweener;Sleeper;15
343;Vegas;Sleeper;15
344;Ordinary Pain;Stevie Wonder;15
345;Psycho Killer;Talking Heads;15
346;Let It Be;The Beatles;15
347;Waterloo Sunset;The Kinks;15
348;Sway;The Rolling Stones;15
349;Bad Reputation;Thin Lizzy;15
350;Jump;Van Halen;15
351;Love Theme;Vangelis;15
352;Memories of Green;Vangelis;15
353;Barbaric;Blur;14
354;Death Of A Party;Blur;14
355;St. Charles Square;Blur;14
356;Tender;Blur;14
357;The Narcissist;Blur;14
358;We've Got a File on You;Blur;14
359;Is This Love;Bob Marley;14
360;Knights;Crystal Castles;14
361;Look Back in Anger;David Bowie;14
362;Sweet Thing;David Bowie;14
363;Instant Street;dEUS;14
364;Latitude 88 North (Previously Unreleased);Electric Light Orchestra;14
365;Need Her Love;Electric Light Orchestra;14
366;My Sweet Lord;George Harrison;14
367;Where Peaceful Waters Flow;Gladys Knight & The Pips;14
368;La Casa del Misterio;Ilegales;14
369;(Just Like) Starting Over;John Lennon;14
370;Love;John Lennon;14
371;Better by You, Better Than Me;Judas Priest;14
372;Delivering the Goods;Judas Priest;14
373;Diamonds and Rust;Judas Priest;14
374;Saints in Hell;Judas Priest;14
375;Stained Class;Judas Priest;14
376;Claim To Fame;Lou Reed;14
377;The Bed;Lou Reed;14
378;Someone's Missing;MGMT;14
379;Love Me Like a Reptile;Motörhead;14
380;Liza and Louise;NOFX;14
381;Wonderwall;Oasis;14
382;Dig for Fire;Pixies;14
383;Havalina;Pixies;14
384;Palace of the Brine;Pixies;14
385;Death Goes To The Disco;Pulp;14
386;Disco 2000;Pulp;14
387;Underwear;Pulp;14
388;We Will Rock You;Queen;14
389;Paranoid Android;Radiohead;14
390;Anarchy in the U.K.;Sex Pistols;14
391;Pyrotechnician;Sleeper;14
392;Alright;Supergrass;14
393;Sofa (of My Lethargy);Supergrass;14
394;Blackbird;The Beatles;14
395;In My Life;The Beatles;14
396;Nowhere Man;The Beatles;14
397;Wintertime Love;The Doors;14
398;Drivin';The Kinks;14
399;1979;The Smashing Pumpkins;14
400;Rolling People;The Verve;14
401;Killer Without a Cause;Thin Lizzy;14
402;Opium Trail;Thin Lizzy;14
403;Roads Girdle the Globe;XTC;14
404;Cuando te conocí;Andrés Calamaro;13
405;Loco;Andrés Calamaro;13
406;Girl From Mars;Ash;13
407;Love Me;Bee Gees;13
408;Wind Of Change;Bee Gees;13
409;Birthday;Blur;13
410;Sing;Blur;13
411;The Ballad;Blur;13
412;The Heights;Blur;13
413;I Shot The Sheriff;Bob Marley;13
414;Tenth Avenue Freeze-Out;Bruce Springsteen;13
415;X&Y;Coldplay;13
416;xxzxcuzx me;Crystal Castles;13
417;Digital Love;Daft Punk;13
418;Be My Wife;David Bowie;13
419;Confusion;Electric Light Orchestra;13
420;Summer and Lightning;Electric Light Orchestra;13
421;Tightrope;Electric Light Orchestra;13
422;Epic;Faith No More;13
423;Como Un Animal;Gabinete Caligari;13
424;I've Got to Use My Imagination;Gladys Knight & The Pips;13
425;Humility;Gorillaz;13
426;White Light;Gorillaz;13
427;Don't Let Him Waste Your Time;Jarvis Cocker;13
428;Riding on the Wind;Judas Priest;13
429;Sinner;Judas Priest;13
430;Starbreaker;Judas Priest;13
431;Tattva;Kula Shaker;13
432;Vicious;Lou Reed;13
433;A Kiss from an Old Flame (A Trip to the Moon);Mercury Rev;13
434;Girlfriend;Michael Jackson;13
435;I Can't Help It;Michael Jackson;13
436;Leave It Alone;NOFX;13
437;Cast No Shadow;Oasis;13
438;Digsy's Dinner;Oasis;13
439;On Fire;Phoenix;13
440;Down to the Well;Pixies;13
441;Motorway to Roswell;Pixies;13
442;Something Against You;Pixies;13
443;Stormy Weather;Pixies;13
444;The Navajo Know;Pixies;13
445;Wave of Mutilation;Pixies;13
446;You're a Nightmare [John Peel 07/02.93] [BBC John Peel Session '78][#][;Pulp;13
447;Der Meister;Rammstein;13
448;Female of the Species;Space;13
449;Saturn;Stevie Wonder;13
450;Here I Go;Syd Barrett;13
451;Life's a Gas;T. Rex;13
452;Uh-Oh, Love Comes to Town;Talking Heads;13
453;What Goes On;The Beatles;13
454;You Won't See Me;The Beatles;13
455;Wishful Sinful;The Doors;13
456;Arthur;The Kinks;13
457;She's Bought A Hat Like Princess Marina;The Kinks;13
458;Situation Vacant;The Kinks;13
459;Young And Innocent Days;The Kinks;13
460;Moonlight Mile;The Rolling Stones;13
461;Day in Day Out;XTC;13
462;Scissor Man;XTC;13
463;You See Me Crying;Aerosmith;12
464;Can't Keep A Good Man Down;Bee Gees;12
465;Lovers;Bee Gees;12
466;Killing Yourself to Live;Black Sabbath;12
467;Avalon;Blur;12
468;B.L.U.R.E.M.I.;Blur;12
469;Battle;Blur;12
470;Far Away Island;Blur;12
471;Goodbye Albert;Blur;12
472;Look Inside America;Blur;12
473;Movin' On;Blur;12
474;Popscene;Blur;12
475;Resigned;Blur;12
476;Russian Strings;Blur;12
477;The Everglades (For Leonard);Blur;12
478;Real World;Buzzcocks;12
479;What If;Coldplay;12
480;Born on the Bayou;Creedence Clearwater Revival;12
481;Alice Practice;Crystal Castles;12
482;Changes;David Bowie;12
483;Quicksand;David Bowie;12
484;Somebody Up There Likes Me;David Bowie;12
485;Now That You're Gone;Diana Ross;12
486;Big Wheels;Electric Light Orchestra;12
487;Livin' Thing;Electric Light Orchestra;12
488;Mission (A World Record);Electric Light Orchestra;12
489;Night in the City;Electric Light Orchestra;12
490;Standin' in the Rain;Electric Light Orchestra;12
491;Steppin' Out;Electric Light Orchestra;12
492;Don't Be Cruel;Elvis Presley;12
493;Girl From Ipanema;Frank Sinatra;12
494;Amor De Madre;Gabinete Caligari;12
495;Try Some, Buy Some;George Harrison;12
496;Wah-Wah;George Harrison;12
497;HillBilly Man;Gorillaz;12
498;Tesoro;Héroes del Silencio;12
499;Tonite;Jarvis Cocker;12
500;God;John Lennon;12
501;Invader;Judas Priest;12
502;Savage;Judas Priest;12
503;You've Got Another Thing Comin';Judas Priest;12
504;Hey Dude;Kula Shaker;12
505;Start All Over;Kula Shaker;12
506;In the Light;Led Zeppelin;12
507;Underneath The Bottle;Lou Reed;12
508;A Design for Life;Manic Street Preachers;12
509;Be Thankful for What You've Got;Massive Attack;12
510;Columbia;Oasis;12
511;A Saucerful of Secrets;Pink Floyd;12
512;Money;Pink Floyd;12
513;Cecilia Ann;Pixies;12
514;Bar Italia;Pulp;12
515;Do You Remember the First Time?;Pulp;12
516;Pencil Skirt;Pulp;12
517;Spread Your Wings;Queen;12
518;Just;Radiohead;12
519;Subterranean Homesick Alien;Radiohead;12
520;God Save the Queen;Sex Pistols;12
521;Why Can't We Be Friends;Smash Mouth;12
522;A Ballad to Forget;Soulwax;12
523;It Starts and Ends With You;Suede;12
524;New Generation;Suede;12
525;Caught by the Fuzz;Supergrass;12
526;Pet Sounds;The Beach Boys;12
527;Drive My Car;The Beatles;12
528;Girl;The Beatles;12
529;I'm Looking Through You;The Beatles;12
530;If I Needed Someone;The Beatles;12
531;Michelle;The Beatles;12
532;Norwegian Wood (This Bird Has Flown);The Beatles;12
533;Rocky Raccoon;The Beatles;12
534;Run for Your Life;The Beatles;12
535;The Word;The Beatles;12
536;Think for Yourself;The Beatles;12
537;Wait;The Beatles;12
538;Drug-Stabbing Time;The Clash;12
539;I'm Not Down;The Clash;12
540;Train in Vain;The Clash;12
541;Five to One;The Doors;12
542;Carnation;The Jam;12
543;You Really Got Me;The Kinks;12
544;Brown Sugar;The Rolling Stones;12
545;Here Is No Why;The Smashing Pumpkins;12
546;This Charming Man;The Smiths;12
547;Suicide;Thin Lizzy;12
548;Outside World;XTC;12
549;Real by Reel;XTC;12
550;Ten Feet Tall;XTC;12
551;That Is the Way;XTC;12
552;When You're Near Me I Have Difficulty;XTC;12
553;Goldfinger;Ash;11
554;Looking for Today;Black Sabbath;11
555;Paranoid;Black Sabbath;11
556;Sabbra Cadabra;Black Sabbath;11
557;Chinese Bombs;Blur;11
558;Country Sad Ballad Man;Blur;11
559;Fade Away;Blur;11
560;On Your Own;Blur;11
561;Strange News From Another Star;Blur;11
562;Lodi;Creedence Clearwater Revival;11
563;Penthouse Pauper;Creedence Clearwater Revival;11
564;Air War;Crystal Castles;11
565;Good Time;Crystal Castles;11
566;Boys Keep Swinging;David Bowie;11
567;Fashion;David Bowie;11
568;Moonage Daydream;David Bowie;11
569;Oh! You Pretty Things;David Bowie;11
570;Wild Is the Wind;David Bowie;11
571;Believe Me Now;Electric Light Orchestra;11
572;Jungle;Electric Light Orchestra;11
573;Shangri-La;Electric Light Orchestra;11
574;So Fine;Electric Light Orchestra;11
575;Hound Dog;Elvis Presley;11
576;For Once in My Life;Frank Sinatra;11
577;What Now My Love;Frank Sinatra;11
578;Fastlove;George Michael;11
579;Dead Bees;Graham Coxon;11
580;Freakin' Out;Graham Coxon;11
581;El Camino Del Exceso;Héroes del Silencio;11
582;Iberia Sumergida;Héroes del Silencio;11
583;Eh, Sabina;Joaquín Sabina;11
584;#9 Dream;John Lennon;11
585;I Found Out;John Lennon;11
586;Woman Is the Nigger of the World;John Lennon;11
587;Devil's Child;Judas Priest;11
588;Dissident Aggressor;Judas Priest;11
589;Pain and Pleasure;Judas Priest;11
590;Raw Deal;Judas Priest;11
591;Screaming for Vengeance;Judas Priest;11
592;Celebration Day;Led Zeppelin;11
593;Whole Lotta Love;Led Zeppelin;11
594;Santos Que Yo Te Pinté;Los Planetas;11
595;Extraño;Los Rodríguez;11
596;Tides Of The Moon;Mercury Rev;11
597;Song for Dan Treacy;MGMT;11
598;Fast and Loose;Motörhead;11
599;Territorial Pissings;Nirvana;11
600;Dig;NOFX;11
601;Hey Now!;Oasis;11
602;Morning Glory;Oasis;11
603;Roll with It;Oasis;11
604;The Swamp Song [excerpt 2];Oasis;11
605;Any Colour You Like;Pink Floyd;11
606;Brain Damage;Pink Floyd;11
607;In the Flesh?;Pink Floyd;11
608;Us and Them;Pink Floyd;11
609;Hey;Pixies;11
610;Levitate Me;Pixies;11
611;Tame;Pixies;11
612;Vamos;Pixies;11
613;Live Bed Show;Pulp;11
614;The Birds in Your Garden;Pulp;11
615;El Amigo Desconocido;Radio Futura;11
616;Airbag;Radiohead;11
617;My Iron Lung;Radiohead;11
618;There There. (The Boney King of Nowhere.);Radiohead;11
619;I Wanna Be Sedated;Ramones;11
620;This Is How It Feels;Richard Ashcroft;11
621;Bodies;Sex Pistols;11
622;Disconnect the Dots;Smash Mouth;11
623;Love's in Need of Love Today;Stevie Wonder;11
624;Smile Please;Stevie Wonder;11
625;Summer Soft;Stevie Wonder;11
626;Saturday Night;Suede;11
627;Get It On;T. Rex;11
628;Girl;T. Rex;11
629;Alter Ego;Tame Impala;11
630;Everything Flows;Teenage Fanclub;11
631;Don't Talk (Put Your Head on My Shoulder);The Beach Boys;11
632;Wouldn't It Be Nice;The Beach Boys;11
633;Glass Onion;The Beatles;11
634;Oh! Darling;The Beatles;11
635;Sun King;The Beatles;11
636;Hello, I Love You;The Doors;11
637;Love Me Two Times;The Doors;11
638;Tin Soldier Man;The Kinks;11
639;Dead Flowers;The Rolling Stones;11
640;Miss You;The Rolling Stones;11
641;Wild Horses;The Rolling Stones;11
642;You Gotta Move;The Rolling Stones;11
643;Drugs Don't Work;The Verve;11
644;Mama Nature Said;Thin Lizzy;11
645;Rosalie;Thin Lizzy;11
646;Main Titles;Vangelis;11
647;Helicopter;XTC;11
648;Making Plans for Nigel;XTC;11
649;Intervention;Arcade Fire;10
650;Just The Way You Are;Barry White;10
651;The Way It Was;Bee Gees;10
652;You Should Be Dancing;Bee Gees;10
653;You Stepped Into My Life;Bee Gees;10
654;Fluff;Black Sabbath;10
655;Ambulance;Blur;10
656;Bad Day;Blur;10
657;Bang;Blur;10
658;Battery in Your Leg;Blur;10
659;Crazy Beat;Blur;10
660;Good Song;Blur;10
661;I'm Just A Killer For Your Love;Blur;10
662;On the Way to the Club;Blur;10
663;She's So High;Blur;10
664;Slow Down;Blur;10
665;Theme From Retro;Blur;10
666;Trailerpark;Blur;10
667;Trimm Trabb;Blur;10
668;Under the Westway;Blur;10
669;Waiting In Vain;Bob Marley;10
670;Ever Fallen in Love (With Someone You Shouldn't've)?;Buzzcocks;10
671;Sixteen Again;Buzzcocks;10
672;Johnny Come Lately;Catatonia;10
673;I'm So Glad;Cream;10
674;Graveyard Train;Creedence Clearwater Revival;10
675;Love and Caring;Crystal Castles;10
676;The Selfish Giant;Damon Albarn;10
677;Eight Line Poem;David Bowie;10
678;Queen Bitch;David Bowie;10
679;Rebel Rebel;David Bowie;10
680;Rock 'n' Roll With Me;David Bowie;10
681;The Lung;Dinosaur Jr.;10
682;Close...But;Echobelly;10
683;Across the Border;Electric Light Orchestra;10
684;Evil Woman;Electric Light Orchestra;10
685;The Diary of Horace Wimp;Electric Light Orchestra;10
686;Wishing;Electric Light Orchestra;10
687;Heartbreak Hotel;Elvis Presley;10
688;Chicago Is My Kind of Town;Frank Sinatra;10
689;Somethin' Stupid;Frank Sinatra;10
690;Living in the Material World;George Harrison;10
691;Run of the Mill;George Harrison;10
692;Window Raisin' Granny;Gladys Knight & The Pips;10
693;Charger;Gorillaz;10
694;Souk Eye;Gorillaz;10
695;I Wish;Graham Coxon;10
696;El último hombre;Ilegales;10
697;Tiempos Nuevos, Tiempos Salvajes;Ilegales;10
698;Somebody to Love;Jefferson Airplane;10
699;Cold Turkey;John Lennon;10
700;Instant Karma!;John Lennon;10
701;(Take These) Chains;Judas Priest;10
702;Bloodstone;Judas Priest;10
703;Fever;Judas Priest;10
704;Here Come the Tears;Judas Priest;10
705;Let Us Prey / Call for the Priest;Judas Priest;10
706;Immigrant Song;Led Zeppelin;10
707;Pesadilla En El Parque De Atracciones;Los Planetas;10
708;Charley's Girl;Lou Reed;10
709;Gimme Some Good Times;Lou Reed;10
710;Elvis Impersonator: Blackpool Pier;Manic Street Preachers;10
711;Enola/Alone;Manic Street Preachers;10
712;Wide Open Space;Mansun;10
713;Come as You Are;Nirvana;10
714;Drain You;Nirvana;10
715;In Bloom;Nirvana;10
716;Slide Away;Oasis;10
717;The Swamp Song [excerpt 1];Oasis;10
718;Break It Up;Patti Smith;10
719;Brinx Job;Pavement;10
720;Honeymoon;Phoenix;10
721;Another Brick in the Wall (Part 2);Pink Floyd;10
722;Breathe;Pink Floyd;10
723;Eclipse;Pink Floyd;10
724;Mother;Pink Floyd;10
725;Speak to Me;Pink Floyd;10
726;Break My Body;Pixies;10
727;Crackity Jones;Pixies;10
728;Debaser;Pixies;10
729;Head On;Pixies;10
730;Mr. Grieves;Pixies;10
731;Planet of Sound;Pixies;10
732;Trompe le Monde;Pixies;10
733;Let's Go Crazy;Prince;10
734;Babies;Pulp;10
735;F.E.E.L.I.N.G.C.A.L.L.E.D.L.O.V.E;Pulp;10
736;I Love Life;Pulp;10
737;I Spy;Pulp;10
738;Mis-Shapes;Pulp;10
739;Monday Morning;Pulp;10
740;Sorted for E's & Wizz;Pulp;10
741;The Boss [#][*][Demo Previously Unreleased][Demo Version];Pulp;10
742;God Save the Queen;Queen;10
743;Electioneering;Radiohead;10
744;Exit Music (for a Film);Radiohead;10
745;Let Down;Radiohead;10
746;Rockaway Beach;Ramones;10
747;She's the One;Ramones;10
748;Tienes Gracia;Sidonie;10
749;Todo Lo Que Nos Gusta;Sidonie;10
750;Bedhead;Sleeper;10
751;Hunch;Sleeper;10
752;Lady Love Your Countryside;Sleeper;10
753;Compute;Soulwax;10
754;Ebony Eyes;Stevie Wonder;10
755;Animal Nitrate;Suede;10
756;She's So Loose;Supergrass;10
757;Sitting Up Straight;Supergrass;10
758;Mind;Talking Heads;10
759;The Book I Read;Talking Heads;10
760;With Our Love;Talking Heads;10
761;Let It Happen;Tame Impala;10
762;Nothing That Has Happened So Far Has Been Anything We Could Control;Tame Impala;10
763;Lonesome Suzie;The Band;10
764;A Day in the Life;The Beatles;10
765;Can't Buy Me Love;The Beatles;10
766;For No One;The Beatles;10
767;Happiness Is a Warm Gun;The Beatles;10
768;All the Young Punks (New Boots and Contracts);The Clash;10
769;Riders on the Storm;The Doors;10
770;When the Music's Over;The Doors;10
771;Nineteen Seventeen;The Good, the Bad & the Queen;10
772;Big Sky;The Kinks;10
773;Brainwashed;The Kinks;10
774;Denmark Street;The Kinks;10
775;Do You Remember Walter?;The Kinks;10
776;Sitting by the Riverside;The Kinks;10
777;Village Green;The Kinks;10
778;Can't Stand Me Now;The Libertines;10
779;Up the Bracket;The Libertines;10
780;Diesel Power;The Prodigy;10
781;Bitch;The Rolling Stones;10
782;Can't You Hear Me Knocking;The Rolling Stones;10
783;I Got the Blues;The Rolling Stones;10
784;Jigsaw Puzzle;The Rolling Stones;10
785;Sister Morphine;The Rolling Stones;10
786;Heaven Knows I'm Miserable Now;The Smiths;10
787;Under Control;The Strokes;10
788;Blade Runner Blues;Vangelis;10
789;Tears in Rain;Vangelis;10
790;Wait for Me;Vangelis;10
791;Millions;XTC;10
792;Maradona;Andrés Calamaro;9
793;I Just Want to Be Your Everything;Andy Gibb;9
794;The Beat Goes On;Beady Eye;9
795;Fanny (Be Tender With My Love);Bee Gees;9
796;Iron Man;Black Sabbath;9
797;Brothers and Sisters;Blur;9
798;Country House;Blur;9
799;Essex Dogs;Blur;9
800;Fool;Blur;9
801;Globe Alone;Blur;9
802;Jets;Blur;9
803;Moroccan Peoples Revolutionary Bowls Club;Blur;9
804;Sweet Song;Blur;9
805;Like a Rolling Stone;Bob Dylan;9
806;Could You Be Loved;Bob Marley;9
807;Jungleland;Bruce Springsteen;9
808;Nostalgia;Buzzcocks;9
809;Indicios de arrepentimiento;Carlos Berlanga;9
810;Goldfish and Paracetamol;Catatonia;9
811;Swallowed in the Sea;Coldplay;9
812;I Feel Free;Cream;9
813;Bootleg;Creedence Clearwater Revival;9
814;Good Golly Miss Molly;Creedence Clearwater Revival;9
815;Green River;Creedence Clearwater Revival;9
816;Magic Spells;Crystal Castles;9
817;Untrust Us;Crystal Castles;9
818;Ashes to Ashes;David Bowie;9
819;Fill Your Heart;David Bowie;9
820;Rock 'n' Roll Suicide;David Bowie;9
821;The Prettiest Star;David Bowie;9
822;Thursday's Child;David Bowie;9
823;Up the Hill Backwards;David Bowie;9
824;Demon's Eye;Deep Purple;9
825;Smoke on the Water;Deep Purple;9
826;The Killing Moon;Echo & the Bunnymen;9
827;Midnight Blue;Electric Light Orchestra;9
828;The Ballad Of Danny Bailey (1909-34);Elton John;9
829;Don't Stop;Fleetwood Mac;9
830;Come Fly With Me;Frank Sinatra;9
831;Summer Wind;Frank Sinatra;9
832;Mr. Bad Guy;Freddie Mercury;9
833;Mi Buena Estrella;Gabinete Caligari;9
834;Isn't It a Pity (version two);George Harrison;9
835;The Light That Has Lighted the World;George Harrison;9
836;Perfect Love;Gladys Knight & The Pips;9
837;(I've Got a Gal In) Kalamazoo;Glenn Miller;9
838;Magic City;Gorillaz;9
839;O Green World;Gorillaz;9
840;Strobelite;Gorillaz;9
841;If You Want Me;Graham Coxon;9
842;That's All I Wanna Do;Graham Coxon;9
843;Despertar;Héroes del Silencio;9
844;Another Life;Iron Maiden;9
845;Murders in the Rue Morgue;Iron Maiden;9
846;Prodigal Son;Iron Maiden;9
847;Wrathchild;Iron Maiden;9
848;Crippled Inside;John Lennon;9
849;It's So Hard;John Lennon;9
850;Power to the People;John Lennon;9
851;Working Class Hero;John Lennon;9
852;Electric Eye;Judas Priest;9
853;Exciter;Judas Priest;9
854;The Hellion;Judas Priest;9
855;All My Love;Led Zeppelin;9
856;Misty Mountain Hop;Led Zeppelin;9
857;Ten Years Gone;Led Zeppelin;9
858;Me Estás Atrapando Otra Vez;Los Rodríguez;9
859;All Through The Night;Lou Reed;9
860;Animal Language;Lou Reed;9
861;Nobody's Business;Lou Reed;9
862;Ooohhh Baby;Lou Reed;9
863;From Despair to Where;Manic Street Preachers;9
864;Chains;Mercury Rev;9
865;In A Funny Way;Mercury Rev;9
866;In The Wilderness;Mercury Rev;9
867;Brian Eno;MGMT;9
868;Tubular Bells. Part One;Mike Oldfield;9
869;Out of Control;Miles Kane;9
870;Ace of Spades;Motörhead;9
871;Soft as Snow (But Warm Inside);my bloody valentine;9
872;Smells Like Teen Spirit;Nirvana;9
873;Stickin in My Eye;NOFX;9
874;The Bag;NOFX;9
875;You're Bleeding;NOFX;9
876;Bring It on Down;Oasis;9
877;Cigarettes & Alcohol;Oasis;9
878;Hello;Oasis;9
879;Rock'n'roll Star;Oasis;9
880;Supersonic;Oasis;9
881;The Day We Caught the Train;Ocean Colour Scene;9
882;The Riverboat Song;Ocean Colour Scene;9
883;Motion Suggests Itself;Pavement;9
884;Empty Spaces;Pink Floyd;9
885;On the Run;Pink Floyd;9
886;Wish You Were Here;Pink Floyd;9
887;Young Lust;Pink Floyd;9
888;Alec Eiffel;Pixies;9
889;Cactus;Pixies;9
890;Dead;Pixies;9
891;Gouge Away;Pixies;9
892;Here Comes Your Man;Pixies;9
893;I Bleed;Pixies;9
894;La La Love You;Pixies;9
895;Monkey Gone to Heaven;Pixies;9
896;No. 13 Baby;Pixies;9
897;There Goes My Gun;Pixies;9
898;El roce de tu cuerpo;Platero y tú;9
899;I Would Die 4 U;Prince;9
900;When Doves Cry;Prince;9
901;Lipgloss;Pulp;9
902;This Is Hardcore;Pulp;9
903;'39;Queen;9
904;Back Chat;Queen;9
905;Death On Two Legs;Queen;9
906;Lazing on a Sunday Afternoon;Queen;9
907;Corazón De Tiza;Radio Futura;9
908;Climbing Up the Walls;Radiohead;9
909;Du hast;Rammstein;9
910;Crucifixión;Rosendo;9
911;EMI;Sex Pistols;9
912;Holidays in the Sun;Sex Pistols;9
913;Boheme;Sidonie;9
914;Alice in Vain;Sleeper;9
915;Amuse;Sleeper;9
916;Poor Flying Man;Sleeper;9
917;Flo;Smash Mouth;9
918;Let's Rock;Smash Mouth;9
919;Any Minute Now;Soulwax;9
920;E Talking;Soulwax;9
921;Black Man;Stevie Wonder;9
922;Contusion;Stevie Wonder;9
923;Have a Talk with God;Stevie Wonder;9
924;I Wish;Stevie Wonder;9
925;Pastime Paradise;Stevie Wonder;9
926;Village Ghetto Land;Stevie Wonder;9
927;Snowblind;Suede;9
928;Eon;Supergrass;9
929;Mansize Rooster;Supergrass;9
930;You Make Me Feel (Mighty Real);Sylvester;9
931;Found a Job;Talking Heads;9
932;The Good Thing;Talking Heads;9
933;The Moment;Tame Impala;9
934;All Summer Long;The Beach Boys;9
935;Back in the U.S.S.R.;The Beatles;9
936;Dear Prudence;The Beatles;9
937;Helter Skelter;The Beatles;9
938;Long, Long, Long;The Beatles;9
939;Love Me Do;The Beatles;9
940;Ob-La-Di, Ob-La-Da;The Beatles;9
941;The Continuing Story of Bungalow Bill;The Beatles;9
942;Why Don't We Do It in the Road?;The Beatles;9
943;Wild Honey Pie;The Beatles;9
944;Stay Free;The Clash;9
945;Boys Don't Cry;The Cure;9
946;Been Down So Long;The Doors;9
947;Cars Hiss by My Window;The Doors;9
948;L'America;The Doors;9
949;Love Her Madly;The Doors;9
950;Not to Touch the Earth;The Doors;9
951;Summer's Almost Gone;The Doors;9
952;The Changeling;The Doors;9
953;The Unknown Soldier;The Doors;9
954;We Could Be So Good Together;The Doors;9
955;The Poison Tree;The Good, the Bad & the Queen;9
956;The Hardest Walk;The Jesus and Mary Chain;9
957;All of My Friends Were There;The Kinks;9
958;Cadillac;The Kinks;9
959;Picture Book;The Kinks;9
960;Victoria;The Kinks;9
961;What Katie Did;The Libertines;9
962;Love Train;The O'Jays;9
963;Breathe;The Prodigy;9
964;Firestarter;The Prodigy;9
965;Funky Shit;The Prodigy;9
966;Serial Thrilla;The Prodigy;9
967;Monkey Man;The Rolling Stones;9
968;Under My Thumb;The Rolling Stones;9
969;William, It Was Really Nothing;The Smiths;9
970;I Can't Stand It;The Specials;9
971;Hard to Explain;The Strokes;9
972;Bitter Sweet Symphony;The Verve;9
973;Sonnet;The Verve;9
974;Old Flame;Thin Lizzy;9
975;Running Back;Thin Lizzy;9
976;It's Not Unusual;Tom Jones;9
977;Blush Response;Vangelis;9
978;Buddy Holly;Weezer;9
979;Tired of Sex;Weezer;9
980;Living Through Another Cuba;XTC;9
981;Respectable Street;XTC;9
982;Girls Got Rhythm;AC/DC;8
983;Highway to Hell;AC/DC;8
984;Love Hungry Man;AC/DC;8
985;Night Prowler;AC/DC;8
986;Shot Down in Flames;AC/DC;8
987;Touch Too Much;AC/DC;8
988;Walk All Over You;AC/DC;8
989;EL HOSPITAL;Alaska y Dinarama;8
990;Efilnikufesin (N.F.L.);Anthrax;8
991;How Deep Is Your Love;Bee Gees;8
992;Love You Inside Out;Bee Gees;8
993;A National Acrobat;Black Sabbath;8
994;Sabbath Bloody Sabbath;Black Sabbath;8
995;Spiral Architect;Black Sabbath;8
996;Pretty Baby;Blondie;8
997;Caramel;Blur;8
998;Come Together;Blur;8
999;Gene By Gene;Blur;8
1000;Polished Stone;Blur;8
1001;Swamp Song;Blur;8
1002;Yuko and Hiro;Blur;8
1003;Born to Run;Bruce Springsteen;8
1004;¿qué hace una chica como tú en un sitio como éste?;Burning;8
1005;Lujuria;Burning;8
1006;E.S.P.;Buzzcocks;8
1007;Nothing Left;Buzzcocks;8
1008;Vivir así es morir de amor;Camilo Sesto;8
1009;Everybody Dance;Chic;8
1010;Keep on Chooglin';Creedence Clearwater Revival;8
1011;Tombstone Shadow;Creedence Clearwater Revival;8
1012;Baptism;Crystal Castles;8
1013;Birds;Crystal Castles;8
1014;Celestica;Crystal Castles;8
1015;Pap Smear;Crystal Castles;8
1016;Through the Hosiery;Crystal Castles;8
1017;Violent Dreams;Crystal Castles;8
1018;Mr Tembo;Damon Albarn;8
1019;Andy Warhol;David Bowie;8
1020;It Ain't Easy;David Bowie;8
1021;It's No Game (Part 1);David Bowie;8
1022;Saviour Machine;David Bowie;8
1023;Scary Monsters (and Super Creeps);David Bowie;8
1024;Song for Bob Dylan;David Bowie;8
1025;The Bewlay Brothers;David Bowie;8
1026;The Supermen;David Bowie;8
1027;We Are the Dead;David Bowie;8
1028;Highway Star;Deep Purple;8
1029;You Were The One;Diana Ross;8
1030;Sultans of Swing;Dire Straits;8
1031;Don't Bring Me Down;Electric Light Orchestra;8
1032;Laredo Tornado;Electric Light Orchestra;8
1033;Strange Magic;Electric Light Orchestra;8
1034;Sweet Is the Night;Electric Light Orchestra;8
1035;Telephone Line;Electric Light Orchestra;8
1036;Goodbye Yellow Brick Road;Elton John;8
1037;Love Me Tender;Elvis Presley;8
1038;Ama, Ama, Ama y Ensancha el Alma;Extremoduro;8
1039;I Get a Kick Out of You;Frank Sinatra;8
1040;I've Got You Under My Skin;Frank Sinatra;8
1041;Love's Been Good to Me;Frank Sinatra;8
1042;Grease;Frankie Valli;8
1043;Fresh Strawberries;Franz Ferdinand;8
1044;Take Me Out;Franz Ferdinand;8
1045;Exercises In Free Love;Freddie Mercury;8
1046;In My Defence;Freddie Mercury;8
1047;A Dormir;Gabinete Caligari;8
1048;Por la Paz;Gabinete Caligari;8
1049;Don't Let Me Wait Too Long;George Harrison;8
1050;That Is All;George Harrison;8
1051;American Patrol;Glenn Miller;8
1052;Moonlight Serenade;Glenn Miller;8
1053;DARE;Gorillaz;8
1054;Dirty Harry;Gorillaz;8
1055;Feel Good Inc.;Gorillaz;8
1056;Submission;Gorillaz;8
1057;Don't Let Your Man Know;Graham Coxon;8
1058;Just A State Of Mind;Graham Coxon;8
1059;Running for Your Life;Graham Coxon;8
1060;Television;Hard-Fi;8
1061;La Herida;Héroes del Silencio;8
1062;Lust For Life;Iggy Pop;8
1063;Soy un Macarra;Ilegales;8
1064;Mammoth;Interpol;8
1065;Genghis Khan;Iron Maiden;8
1066;Innocent Exile;Iron Maiden;8
1067;Killers;Iron Maiden;8
1068;The Ides of March;Iron Maiden;8
1069;Twilight Zone;Iron Maiden;8
1070;Pongamos Que Hablo De Madrid;Joaquín Sabina;8
1071;Surfing with the Alien;Joe Satriani;8
1072;How Do You Sleep?;John Lennon;8
1073;I'm Losing You;John Lennon;8
1074;Oh My Love;John Lennon;8
1075;Beyond the Realms of Death;Judas Priest;8
1076;Heroes End;Judas Priest;8
1077;Rock Forever;Judas Priest;8
1078;Govinda;Kula Shaker;8
1079;Knight On The Town;Kula Shaker;8
1080;Smart Dogs;Kula Shaker;8
1081;Temple of Everlasting Light;Kula Shaker;8
1082;Black Dog;Led Zeppelin;8
1083;D'yer Mak'er;Led Zeppelin;8
1084;Dancing Days;Led Zeppelin;8
1085;Four Sticks;Led Zeppelin;8
1086;Going to California;Led Zeppelin;8
1087;Rock and Roll;Led Zeppelin;8
1088;The Battle of Evermore;Led Zeppelin;8
1089;The Wanton Song;Led Zeppelin;8
1090;Un Buen Día;Los Planetas;8
1091;My House;Lou Reed;8
1092;The Heroine;Lou Reed;8
1093;Everything Must Go;Manic Street Preachers;8
1094;The Girl Who Wanted to Be God;Manic Street Preachers;8
1095;Nite and Fog;Mercury Rev;8
1096;Congratulations;MGMT;8
1097;It's Working;MGMT;8
1098;She's Out of My Life;Michael Jackson;8
1099;Tubular Bells. Part Two;Mike Oldfield;8
1100;Bite the Bullet;Motörhead;8
1101;Shoot You in the Back;Motörhead;8
1102;The Hammer;Motörhead;8
1103;Breed;Nirvana;8
1104;Lounge Act;Nirvana;8
1105;Stay Away;Nirvana;8
1106;Bob;NOFX;8
1107;Please Play This Song on the Radio;NOFX;8
1108;Soul Doubt;NOFX;8
1109;Fade Away;Oasis;8
1110;Up in the Sky;Oasis;8
1111;Up on the Downside;Ocean Colour Scene;8
1112;My Girl;Otis Redding;8
1113;Do the Evolution;Pearl Jam;8
1114;Everything Is Everything;Phoenix;8
1115;Another Brick in the Wall (Part 1);Pink Floyd;8
1116;Corporal Clegg;Pink Floyd;8
1117;Let There Be More Light;Pink Floyd;8
1118;Remember a Day;Pink Floyd;8
1119;See Saw;Pink Floyd;8
1120;Set the Controls for the Heart of the Sun;Pink Floyd;8
1121;Bone Machine;Pixies;8
1122;Distance Equals Rate Times Time;Pixies;8
1123;I'm Amazed;Pixies;8
1124;Silver;Pixies;8
1125;U-Mass;Pixies;8
1126;You Don't Care About Us;Placebo;8
1127;Computer Blue;Prince;8
1128;Darling Nikki;Prince;8
1129;Take Me With U;Prince;8
1130;I'm a Man;Pulp;8
1131;Pink Glove;Pulp;8
1132;TV Movie;Pulp;8
1133;Friends Will Be Friends;Queen;8
1134;Good Company;Queen;8
1135;I'm in Love with My Car;Queen;8
1136;Love of My Life;Queen;8
1137;Seaside Rendezvous;Queen;8
1138;Sweet Lady;Queen;8
1139;The Prophet's Song;Queen;8
1140;Fitter Happier;Radiohead;8
1141;Lucky;Radiohead;8
1142;Ripcord;Radiohead;8
1143;The National Anthem;Radiohead;8
1144;Don't Come Close;Ramones;8
1145;Now I Wanna Sniff Some Glue;Ramones;8
1146;Liar;Sex Pistols;8
1147;No Feelings;Sex Pistols;8
1148;Submission;Sex Pistols;8
1149;Los Olvidados;Sidonie;8
1150;Twisted;Sleeper;8
1151;Beer Goggles;Smash Mouth;8
1152;Heave-Ho;Smash Mouth;8
1153;Walkin' on the Sun;Smash Mouth;8
1154;The Pusher;Steppenwolf;8
1155;All Day Sucker;Stevie Wonder;8
1156;Breakdown;Suede;8
1157;Pantomime Horse;Suede;8
1158;Sabotage;Suede;8
1159;Sleeping Pills;Suede;8
1160;So Young;Suede;8
1161;Beautiful People;Supergrass;8
1162;Lose It;Supergrass;8
1163;Sun Hits the Sky;Supergrass;8
1164;Time;Supergrass;8
1165;Time to Go;Supergrass;8
1166;Mambo Sun;T. Rex;8
1167;Cities;Talking Heads;8
1168;Happy Day;Talking Heads;8
1169;Heaven;Talking Heads;8
1170;I'm Not in Love;Talking Heads;8
1171;Life During Wartime;Talking Heads;8
1172;Memories Can't Wait;Talking Heads;8
1173;New Feeling;Talking Heads;8
1174;No Compassion;Talking Heads;8
1175;Stay Hungry;Talking Heads;8
1176;Take Me to the River;Talking Heads;8
1177;Tentative Decisions;Talking Heads;8
1178;Thank You for Sending Me an Angel;Talking Heads;8
1179;The Girls Want to Be With the Girls;Talking Heads;8
1180;Warning Sign;Talking Heads;8
1181;Who Is It?;Talking Heads;8
1182;Disciples;Tame Impala;8
1183;Expectation;Tame Impala;8
1184;The Concept;Teenage Fanclub;8
1185;Long Black Veil;The Band;8
1186;Come Together;The Beatles;8
1187;Don't Pass Me By;The Beatles;8
1188;Honey Pie;The Beatles;8
1189;I Will;The Beatles;8
1190;Julia;The Beatles;8
1191;Mean Mr. Mustard;The Beatles;8
1192;Octopus's Garden;The Beatles;8
1193;Piggies;The Beatles;8
1194;Revolution 1;The Beatles;8
1195;She Loves You;The Beatles;8
1196;10.15 Saturday Night;The Cure;8
1197;Crawling King Snake;The Doors;8
1198;Easy Ride;The Doors;8
1199;L.A. Woman;The Doors;8
1200;Moonlight Drive;The Doors;8
1201;My Wild Love;The Doors;8
1202;People Are Strange;The Doors;8
1203;Strange Days;The Doors;8
1204;The Wasp (Texas Radio and the Big Beat);The Doors;8
1205;Touch Me;The Doors;8
1206;Unhappy Girl;The Doors;8
1207;Lady Boston;The Good, the Bad & the Queen;8
1208;The Truce of Twilight;The Good, the Bad & the Queen;8
1209;Afternoon Tea;The Kinks;8
1210;Animal Farm;The Kinks;8
1211;Death of a Clown;The Kinks;8
1212;I Took My Baby Home;The Kinks;8
1213;Lazy Old Sun;The Kinks;8
1214;Love Me Till The Sun Shines;The Kinks;8
1215;Polly;The Kinks;8
1216;Starstruck;The Kinks;8
1217;Wonderboy;The Kinks;8
1218;I Get Along;The Libertines;8
1219;Last Post on the Bugle;The Libertines;8
1220;Tell the King;The Libertines;8
1221;California Dreamin';The Mamas & the Papas;8
1222;So Lonely;The Police;8
1223;Tonight, Tonight;The Smashing Pumpkins;8
1224;I Wanna Be Adored;The Stone Roses;8
1225;Last Nite;The Strokes;8
1226;Lucky Man;The Verve;8
1227;Odorono;The Who;8
1228;Our Love Was;The Who;8
1229;Fools Gold;Thin Lizzy;8
1230;Blade Runner (End Titles);Vangelis;8
1231;Rachel's Song;Vangelis;8
1232;Love At First Sight;XTC;8
1233;Beating Around the Bush;AC/DC;7
1234;Get It Hot;AC/DC;7
1235;If You Want Blood (You've Got It);AC/DC;7
1236;Riff Raff;AC/DC;7
1237;Adam's Apple;Aerosmith;7
1238;Boogie Child;Bee Gees;7
1239;Don't Let It Go to Your Head;Black Harmony;7
1240;Children of the Grave;Black Sabbath;7
1241;N.I.B.;Black Sabbath;7
1242;Who Are You;Black Sabbath;7
1243;11-59;Blondie;7
1244;1992;Blur;7
1245;Best Days;Blur;7
1246;Chemical World (Reworked);Blur;7
1247;High Cool;Blur;7
1248;It Could Be You;Blur;7
1249;Mellow Song;Blur;7
1250;Wear Me Down;Blur;7
1251;Young and Lovely;Blur;7
1252;Ballad of a Thin Man;Bob Dylan;7
1253;I Want You;Bob Dylan;7
1254;Queen Jane Approximately;Bob Dylan;7
1255;Backstreets;Bruce Springsteen;7
1256;She's the One;Bruce Springsteen;7
1257;Thunder Road;Bruce Springsteen;7
1258;20 De Abril;Celtas Cortos;7
1259;In My Place;Coldplay;7
1260;Commotion;Creedence Clearwater Revival;7
1261;Sinister Purpose;Creedence Clearwater Revival;7
1262;Don't Dream It's Over;Crowded House;7
1263;1991;Crystal Castles;7
1264;Doe Deer;Crystal Castles;7
1265;Reckless;Crystal Castles;7
1266;Sad Eyes;Crystal Castles;7
1267;Suffocation;Crystal Castles;7
1268;Year of Silence;Crystal Castles;7
1269;Superheroes;Daft Punk;7
1270;African Night Flight;David Bowie;7
1271;China Girl;David Bowie;7
1272;Cracked Actor;David Bowie;7
1273;Red Money;David Bowie;7
1274;Teenage Wildlife;David Bowie;7
1275;Young Americans;David Bowie;7
1276;Branquias bajo el agua;Derribos Arias;7
1277;Never Say I Don't Love You;Diana Ross;7
1278;In a Jar;Dinosaur Jr.;7
1279;Show Me the Way;Dinosaur Jr.;7
1280;Planet Earth;Duran Duran;7
1281;Give Her a Gun;Echobelly;7
1282;Mr. Blue Sky;Electric Light Orchestra;7
1283;Rockaria!;Electric Light Orchestra;7
1284;Candle in the Wind;Elton John;7
1285;Dirty Little Girl;Elton John;7
1286;(Let Me Be Your) Teddy Bear;Elvis Presley;7
1287;All Shook Up;Elvis Presley;7
1288;Burning Love;Elvis Presley;7
1289;Surrender;Elvis Presley;7
1290;Too Much;Elvis Presley;7
1291;Quemando Tus Recuerdos;Extremoduro;7
1292;Best Is Yet To Come;Frank Sinatra;7
1293;Love and Marriage;Frank Sinatra;7
1294;Foolin' Around;Freddie Mercury;7
1295;Living On My Own;Freddie Mercury;7
1296;Time;Freddie Mercury;7
1297;Your Kind Of Lover;Freddie Mercury;7
1298;Lo Mejor De Ti;Gabinete Caligari;7
1299;Isn't It a Pity;George Harrison;7
1300;Who Can See It;George Harrison;7
1301;Malos tiempos para la lírica;Golpes Bajos;7
1302;Kansas;Gorillaz;7
1303;Saturnz Barz;Gorillaz;7
1304;Tomorrow Comes Today;Gorillaz;7
1305;Tranz;Gorillaz;7
1306;We Are Happy Landfill;Gorillaz;7
1307;Sorrow's Army;Graham Coxon;7
1308;Spectacular;Graham Coxon;7
1309;Suburban Knights;Hard-Fi;7
1310;Con Nombre De Guerra;Héroes del Silencio;7
1311;Ángel exterminador;Ilegales;7
1312;Destruye;Ilegales;7
1313;Quiero Ser Millonario;Ilegales;7
1314;Drifter;Iron Maiden;7
1315;Purgatory;Iron Maiden;7
1316;I Never Said I Was Deep;Jarvis Cocker;7
1317;Ciudadano cero;Joaquín Sabina;7
1318;Cuando era más joven;Joaquín Sabina;7
1319;El joven aprendiz de pintor;Joaquín Sabina;7
1320;Princesa;Joaquín Sabina;7
1321;Look at Me;John Lennon;7
1322;Remember;John Lennon;7
1323;Stand by Me;John Lennon;7
1324;Well Well Well;John Lennon;7
1325;Burnin' Up;Judas Priest;7
1326;Evil Fantasies;Judas Priest;7
1327;Hell Bent for Leather;Judas Priest;7
1328;Killing Machine;Judas Priest;7
1329;Running Wild;Judas Priest;7
1330;Take on the World;Judas Priest;7
1331;The Green Manalishi (With the Two-Pronged Crown);Judas Priest;7
1332;The Sentinel;Judas Priest;7
1333;Turbo Lover;Judas Priest;7
1334;Na Na Na Na Naa;Kaiser Chiefs;7
1335;Into the Deep;Kula Shaker;7
1336;Magic Theatre;Kula Shaker;7
1337;Heartbreaker;Led Zeppelin;7
1338;Houses of the Holy;Led Zeppelin;7
1339;No Quarter;Led Zeppelin;7
1340;Over the Hills and Far Away;Led Zeppelin;7
1341;The Crunge;Led Zeppelin;7
1342;The Ocean;Led Zeppelin;7
1343;The Rain Song;Led Zeppelin;7
1344;The Song Remains the Same;Led Zeppelin;7
1345;El equilibrio es imposible;Los Piratas;7
1346;La Cara De Niki Lauda;Los Planetas;7
1347;Andy's Chest;Lou Reed;7
1348;Crazy Feeling;Lou Reed;7
1349;Kicks;Lou Reed;7
1350;Ladies Pay;Lou Reed;7
1351;Lisa Says;Lou Reed;7
1352;N.Y. Stars;Lou Reed;7
1353;Stupid Man;Lou Reed;7
1354;Vicious Circle;Lou Reed;7
1355;Wagon Wheel;Lou Reed;7
1356;Women;Lou Reed;7
1357;You Wear It So Well;Lou Reed;7
1358;Sweet Home Alabama;Lynyrd Skynyrd;7
1359;Primrose Hill;Madness;7
1360;Kevin Carter;Manic Street Preachers;7
1361;Small Black Flowers That Grow in the Sky;Manic Street Preachers;7
1362;Endlessly;Mercury Rev;7
1363;I Collect Coins;Mercury Rev;7
1364;Tonite It Shows;Mercury Rev;7
1365;Flash Delirium;MGMT;7
1366;I Found a Whistle;MGMT;7
1367;Lady Dada's Nightmare;MGMT;7
1368;Siberian Breaks;MGMT;7
1369;(We Are) The Road Crew;Motörhead;7
1370;Dance;Motörhead;7
1371;Fire Fire;Motörhead;7
1372;Jailbait;Motörhead;7
1373;The Chase Is Better Than the Catch;Motörhead;7
1374;Plug In Baby;Muse;7
1375;Supermassive Black Hole;Muse;7
1376;On a Plain;Nirvana;7
1377;Pennyroyal Tea;Nirvana;7
1378;Buggley Eyes;NOFX;7
1379;I Wanna Be Your Baby;NOFX;7
1380;Johnny Appleseed;NOFX;7
1381;She's Gone;NOFX;7
1382;Warm;NOFX;7
1383;Married With Children;Oasis;7
1384;Shakermaker;Oasis;7
1385;The Shock of the Lightning;Oasis;7
1386;Uncle Albert - Admiral Halsey;Paul McCartney;7
1387;Father to a Sister of Thought;Pavement;7
1388;Summer Days;Phoenix;7
1389;Another Brick in the Wall (Part 3);Pink Floyd;7
1390;Don't Leave Me Now;Pink Floyd;7
1391;Echoes;Pink Floyd;7
1392;Fearless;Pink Floyd;7
1393;Goodbye Blue Sky;Pink Floyd;7
1394;Goodbye Cruel World;Pink Floyd;7
1395;One of My Turns;Pink Floyd;7
1396;One of These Days;Pink Floyd;7
1397;San Tropez;Pink Floyd;7
1398;The Happiest Days of Our Lives;Pink Floyd;7
1399;The Thin Ice;Pink Floyd;7
1400;Bird Dream of the Olympus Mons;Pixies;7
1401;Broken Face;Pixies;7
1402;Lovely Day;Pixies;7
1403;Oh My Golly!;Pixies;7
1404;Space (I Believe In);Pixies;7
1405;Subbacultcha;Pixies;7
1406;Tony's Theme;Pixies;7
1407;You Fucking Die! I Said...;Pixies;7
1408;Every You Every Me;Placebo;7
1409;Si tú te vas;Platero y tú;7
1410;Baby I'm a Star;Prince;7
1411;The Beautiful Ones;Prince;7
1412;A Little Soul;Pulp;7
1413;Bob Lind (The Only Way Is Down);Pulp;7
1414;David's Last Summer;Pulp;7
1415;Glory Days;Pulp;7
1416;Have You Seen Her Lately?;Pulp;7
1417;Joyriders;Pulp;7
1418;Sylvia;Pulp;7
1419;The Fear;Pulp;7
1420;Under Pressure;Queen;7
1421;Man on the Moon;R.E.M.;7
1422;2 + 2 = 5 (The Lukewarm.);Radiohead;7
1423;Commando;Ramones;7
1424;Teenage Lobotomy;Ramones;7
1425;Loco Por Incordiar;Rosendo;7
1426;Pretty Vacant;Sex Pistols;7
1427;Problems;Sex Pistols;7
1428;Nervous in the Alley;Smash Mouth;7
1429;Desperation;Steppenwolf;7
1430;Your Wall's Too High;Steppenwolf;7
1431;Easy Goin' Evening (My Mama's;Stevie Wonder;7
1432;Animal Lover;Suede;7
1433;Elephant Man;Suede;7
1434;For the Strangers;Suede;7
1435;Hit Me;Suede;7
1436;Metal Mickey;Suede;7
1437;Moving;Suede;7
1438;Picnic by the Motorway;Suede;7
1439;She's Not Dead;Suede;7
1440;The Drowners;Suede;7
1441;What Are You Not Telling Me?;Suede;7
1442;I'd Like to Know;Supergrass;7
1443;Lenny;Supergrass;7
1444;Strange Ones;Supergrass;7
1445;We're Not Supposed To;Supergrass;7
1446;Get Yourself Together;Tahiti 80;7
1447;Air;Talking Heads;7
1448;Animals;Talking Heads;7
1449;Artists Only;Talking Heads;7
1450;Don't Worry About the Government;Talking Heads;7
1451;First Week / Last Week...Carefree;Talking Heads;7
1452;Pulled Up;Talking Heads;7
1453;The Big Country;Talking Heads;7
1454;The Less I Know the Better;Tame Impala;7
1455;Caledonia Mission;The Band;7
1456;Chest Fever;The Band;7
1457;In a Station;The Band;7
1458;Tears Of Rage;The Band;7
1459;This Wheel's on Fire;The Band;7
1460;To Kingdom Come;The Band;7
1461;I Get Around;The Beach Boys;7
1462;That's Not Me;The Beach Boys;7
1463;A Hard Day's Night;The Beatles;7
1464;And Your Bird Can Sing;The Beatles;7
1465;Because;The Beatles;7
1466;Birthday;The Beatles;7
1467;Carry That Weight;The Beatles;7
1468;Everybody's Got Something to Hide Except Me and My Monkey;The Beatles;7
1469;Get Back;The Beatles;7
1470;Golden Slumbers;The Beatles;7
1471;Help!;The Beatles;7
1472;Here Comes the Sun;The Beatles;7
1473;I Want You (She's So Heavy);The Beatles;7
1474;Maxwell's Silver Hammer;The Beatles;7
1475;Mother Nature's Son;The Beatles;7
1476;Polythene Pam;The Beatles;7
1477;Savoy Truffle;The Beatles;7
1478;She Came In Throught The Bathroom Window;The Beatles;7
1479;Strawberry Fields Forever;The Beatles;7
1480;The End;The Beatles;7
1481;Ticket to Ride;The Beatles;7
1482;Twist and Shout;The Beatles;7
1483;Yellow Submarine;The Beatles;7
1484;Yer Blues;The Beatles;7
1485;You Never Give Me Your Money;The Beatles;7
1486;Fine;The Cardigans;7
1487;Hey Boy Hey Girl;The Chemical Brothers;7
1488;Out of Control;The Chemical Brothers;7
1489;Star Guitar;The Chemical Brothers;7
1490;Lover's Rock;The Clash;7
1491;Rock the Casbah;The Clash;7
1492;Safe European Home;The Clash;7
1493;Should I Stay or Should I Go;The Clash;7
1494;White Riot;The Clash;7
1495;So What;The Cure;7
1496;A Woman of the World;The Divine Comedy;7
1497;Middle-Class Heroes;The Divine Comedy;7
1498;Something for the Weekend;The Divine Comedy;7
1499;Theme From Casanova;The Divine Comedy;7
1500;Do It;The Doors;7
1501;Horse Latitudes;The Doors;7
1502;I Can't See Your Face in My Mind;The Doors;7
1503;My Eyes Have Seen You;The Doors;7
1504;Runnin' Blue;The Doors;7
1505;Shaman's Blues;The Doors;7
1506;Tell All the People;The Doors;7
1507;The Soft Parade;The Doors;7
1508;Wild Child;The Doors;7
1509;You're Lost Little Girl;The Doors;7
1510;Gun to the Head;The Good, the Bad & the Queen;7
1511;Herculean;The Good, the Bad & the Queen;7
1512;Merrie Land;The Good, the Bad & the Queen;7
1513;Autumn Almanac;The Kinks;7
1514;Beautiful Delilah;The Kinks;7
1515;David Watts;The Kinks;7
1516;End of the Season;The Kinks;7
1517;Funny Face;The Kinks;7
1518;Get Back in Line;The Kinks;7
1519;Harry Rag;The Kinks;7
1520;Johnny Thunder;The Kinks;7
1521;Last of the Steam Powered Trains;The Kinks;7
1522;Long Tall Shorty;The Kinks;7
1523;Monica;The Kinks;7
1524;No Return;The Kinks;7
1525;People Take Pictures of Each Other;The Kinks;7
1526;Phenomenal Cat;The Kinks;7
1527;Rats;The Kinks;7
1528;Revenge;The Kinks;7
1529;Two Sisters;The Kinks;7
1530;Wicked Annabella;The Kinks;7
1531;Boys in the Band;The Libertines;7
1532;Horrorshow;The Libertines;7
1533;Music When the Lights Go Out;The Libertines;7
1534;Radio America;The Libertines;7
1535;The Boy Looked at Johnny;The Libertines;7
1536;Vertigo;The Libertines;7
1537;Smack My Bitch Up;The Prodigy;7
1538;Bullet With Butterfly Wings;The Smashing Pumpkins;7
1539;Someday;The Strokes;7
1540;Seven Nation Army;The White Stripes;7
1541;Eminence Front;The Who;7
1542;Cowboy Song;Thin Lizzy;7
1543;Johnny the Fox Meets Jimmy the Weed;Thin Lizzy;7
1544;Massacre;Thin Lizzy;7
1545;Night Life;Thin Lizzy;7
1546;Romeo and the Lonely Girl;Thin Lizzy;7
1547;Say It Ain't So;Weezer;7
1548;Generals And Majors;XTC;7
1549;Sin City;AC/DC;6
1550;Mardy Bum;Arctic Monkeys;6
1551;Boogie;Babyshambles;6
1552;French Dog Blues;Babyshambles;6
1553;Lazy Flies;Beck;6
1554;Night Fever;Bee Gees;6
1555;After Forever;Black Sabbath;6
1556;Into the Void;Black Sabbath;6
1557;Lord of This World;Black Sabbath;6
1558;Solitude;Black Sabbath;6
1559;Bone Bag;Blur;6
1560;Dan Abnormal;Blur;6
1561;Entertain Me;Blur;6
1562;Ernold Same;Blur;6
1563;Repetition;Blur;6
1564;Sweet Song (Demo);Blur;6
1565;The Rabbi;Blur;6
1566;The Swan;Blur;6
1567;It Takes a Lot to Laugh, It Takes a Train to Cry;Bob Dylan;6
1568;One of Us Must Know (Sooner or Later);Bob Dylan;6
1569;Pledging My Time;Bob Dylan;6
1570;Rainy Day Women #12 & 35;Bob Dylan;6
1571;Temporary Like Achilles;Bob Dylan;6
1572;Visions of Johanna;Bob Dylan;6
1573;Exodus;Bob Marley;6
1574;Get Up Stand Up;Bob Marley;6
1575;Three Little Birds;Bob Marley;6
1576;Meeting Across the River;Bruce Springsteen;6
1577;Night;Bruce Springsteen;6
1578;Just Lust;Buzzcocks;6
1579;Love Is Lies;Buzzcocks;6
1580;Operator's Manual;Buzzcocks;6
1581;International Velvet;Catatonia;6
1582;My Selfish Gene;Catatonia;6
1583;Strange Glue;Catatonia;6
1584;La Senda Del Tiempo;Celtas Cortos;6
1585;No Nos Podrán Parar;Celtas Cortos;6
1586;Todo Es Ponerse;Celtas Cortos;6
1587;Don't Panic;Coldplay;6
1588;Fix You;Coldplay;6
1589;Trouble;Coldplay;6
1590;Cat's Squirrel;Cream;6
1591;Dreaming;Cream;6
1592;Four Until Late;Cream;6
1593;N.S.U.;Cream;6
1594;Rollin' And Tumblin';Cream;6
1595;Sleepy Time Time;Cream;6
1596;Spoonful;Cream;6
1597;Sweet Wine;Cream;6
1598;The Coffee Song;Cream;6
1599;Toad;Cream;6
1600;Wrapping Paper;Cream;6
1601;Cotton Fields;Creedence Clearwater Revival;6
1602;Cross-Tie Walker;Creedence Clearwater Revival;6
1603;Down on the Corner;Creedence Clearwater Revival;6
1604;The Night Time Is the Right Time;Creedence Clearwater Revival;6
1605;Black Panther;Crystal Castles;6
1606;Intimate;Crystal Castles;6
1607;Not in Love;Crystal Castles;6
1608;Tell Me What to Swallow;Crystal Castles;6
1609;Face to Face;Daft Punk;6
1610;Voyager;Daft Punk;6
1611;Alabama Song (UK single A-side, 1979);David Bowie;6
1612;Always Crashing in the Same Car;David Bowie;6
1613;Because You're Young;David Bowie;6
1614;Black Country Rock;David Bowie;6
1615;Blackout;David Bowie;6
1616;Diamond Dogs;David Bowie;6
1617;Five Years;David Bowie;6
1618;Janine;David Bowie;6
1619;Kingdom Come;David Bowie;6
1620;Modern Love;David Bowie;6
1621;Move On;David Bowie;6
1622;Repetition;David Bowie;6
1623;Scream Like a Baby;David Bowie;6
1624;Starman;David Bowie;6
1625;Suffragette City;David Bowie;6
1626;Yassassin (Turkish for: Long Live);David Bowie;6
1627;Oi! Oi! Oi!;Decibelios;6
1628;Where Did We Go Wrong;Diana Ross;6
1629;Girls on Film;Duran Duran;6
1630;Tel Aviv;Duran Duran;6
1631;Today Tomorrow Sometime Never;Echobelly;6
1632;Above the Clouds;Electric Light Orchestra;6
1633;Birmingham Blues;Electric Light Orchestra;6
1634;Do Ya;Electric Light Orchestra;6
1635;Wild West Hero;Electric Light Orchestra;6
1636;Grey Seal;Elton John;6
1637;This Song Has No Title;Elton John;6
1638;Oliver's Army;Elvis Costello;6
1639;(Now and Then There's) a Fool Such as I;Elvis Presley;6
1640;A Big Hunk o' Love;Elvis Presley;6
1641;Are You Lonesome Tonight?;Elvis Presley;6
1642;Don't;Elvis Presley;6
1643;Stuck on You;Elvis Presley;6
1644;Suspicious Minds;Elvis Presley;6
1645;Wooden Heart;Elvis Presley;6
1646;Tu Corazón;Extremoduro;6
1647;From Out of Nowhere;Faith No More;6
1648;Cassius;Foals;6
1649;It Was a Very Good Year;Frank Sinatra;6
1650;They Can't Take That Away from Me;Frank Sinatra;6
1651;The Great Pretender;Freddie Mercury;6
1652;Al Final De Todo;Gabinete Caligari;6
1653;Sólo Se Vive Una Vez;Gabinete Caligari;6
1654;Sue Me, Sue You Blues;George Harrison;6
1655;Clair;Gilbert O'Sullivan;6
1656;I Can See Clearly Now;Gladys Knight & The Pips;6
1657;Pennsylvania Six-Five Thousand;Glenn Miller;6
1658;Fire Coming Out of the Monkey's Head;Gorillaz;6
1659;Kids with Guns;Gorillaz;6
1660;Lake Zurich;Gorillaz;6
1661;Rockit;Gorillaz;6
1662;Some Kind of Nature;Gorillaz;6
1663;I Don't Wanna Go Out;Graham Coxon;6
1664;No Good Time;Graham Coxon;6
1665;Oochy Woochy;Graham Coxon;6
1666;What's He Got?;Graham Coxon;6
1667;You & I;Graham Coxon;6
1668;La Apariencia No Es Sincera;Héroes del Silencio;6
1669;La Sirena Varada;Héroes del Silencio;6
1670;Morir Todavía;Héroes del Silencio;6
1671;Nuestros Nombres;Héroes del Silencio;6
1672;The Passenger;Iggy Pop;6
1673;Agotados de Esperar El Fin;Ilegales;6
1674;El Piloto;Ilegales;6
1675;Libérate;Ilegales;6
1676;Odio Los Pasodobles;Ilegales;6
1677;Para Siempre;Ilegales;6
1678;Mentiras;Jaime Urrutia;6
1679;Hey Joe;Jimi Hendrix;6
1680;Love Or Confusion;Jimi Hendrix;6
1681;¿Quién me ha robado el mes de Abril?;Joaquín Sabina;6
1682;Balada de Tolito;Joaquín Sabina;6
1683;Círculos viciosos;Joaquín Sabina;6
1684;Nacidos Para Perder;Joaquín Sabina;6
1685;Rebajas de Enero;Joaquín Sabina;6
1686;I Don't Want To Be A Soldier Mama;John Lennon;6
1687;My Mummy's Dead;John Lennon;6
1688;Oh Yoko!;John Lennon;6
1689;Out the Blue;John Lennon;6
1690;Watching the Wheels;John Lennon;6
1691;Whatever Gets You Thru the Night;John Lennon;6
1692;Before the Dawn;Judas Priest;6
1693;Hot for Love;Judas Priest;6
1694;Locked In;Judas Priest;6
1695;Out in the Cold;Judas Priest;6
1696;Parental Guidance;Judas Priest;6
1697;Prelude;Judas Priest;6
1698;Private Property;Judas Priest;6
1699;Reckless;Judas Priest;6
1700;Rock Hard Ride Free;Judas Priest;6
1701;Rock You All Around the World;Judas Priest;6
1702;Victim of Changes;Judas Priest;6
1703;Wild Nights, Hot & Crazy Days;Judas Priest;6
1704;Venusia;Klaxons;6
1705;303;Kula Shaker;6
1706;Grateful When You're Dead/Jerry Was There;Kula Shaker;6
1707;Sleeping Jiva;Kula Shaker;6
1708;Down by the Seaside;Led Zeppelin;6
1709;Kashmir;Led Zeppelin;6
1710;The Rover;Led Zeppelin;6
1711;Trampled Under Foot;Led Zeppelin;6
1712;Barcelona ciudad;Loquillo y Trogloditas;6
1713;Años 80;Los Piratas;6
1714;Caótico Neutral;Los Piratas;6
1715;Cuando La Musica Termina;Los Suaves;6
1716;Banging On My Drum;Lou Reed;6
1717;Follow The Leader;Lou Reed;6
1718;Hangin' 'Round;Lou Reed;6
1719;I Love You;Lou Reed;6
1720;My Friend George;Lou Reed;6
1721;The Gun;Lou Reed;6
1722;Besos Como Balas;Luis Eduardo Aute;6
1723;Imán De Mujer;Luis Eduardo Aute;6
1724;Our House;Madness;6
1725;Further Away;Manic Street Preachers;6
1726;No Surface All Feeling;Manic Street Preachers;6
1727;Removables;Manic Street Preachers;6
1728;Me gustas tú;Manu Chao;6
1729;Close Encounters of the 3rd Grade;Mercury Rev;6
1730;Delta Sun Bottleneck Stomp;Mercury Rev;6
1731;Everlasting Arm;Mercury Rev;6
1732;Goddess On A Hiway;Mercury Rev;6
1733;Holes;Mercury Rev;6
1734;Hudson Line;Mercury Rev;6
1735;Pick Up If You're There;Mercury Rev;6
1736;Racing the Tide;Mercury Rev;6
1737;The Funny Bird;Mercury Rev;6
1738;The Happy End (The Drunk Room);Mercury Rev;6
1739;Burn This Disco Out;Michael Jackson;6
1740;Don't Stop 'Til You Get Enough;Michael Jackson;6
1741;Get on the Floor;Michael Jackson;6
1742;P.Y.T (Pretty Young Thing);Michael Jackson;6
1743;The Girl Is Mine (Featuring Paul McCartney);Michael Jackson;6
1744;Thriller;Michael Jackson;6
1745;Working Day and Night;Michael Jackson;6
1746;Polly;Nirvana;6
1747;Scentless Apprentice;Nirvana;6
1748;Listen Up;Oasis;6
1749;Mucky Fingers;Oasis;6
1750;Waiting for the Rapture;Oasis;6
1751;Coming Up;Paul McCartney;6
1752;Ram On;Paul McCartney;6
1753;Cut Your Hair;Pavement;6
1754;Spin the Black Circle;Pearl Jam;6
1755;Consolation Prizes;Phoenix;6
1756;Long Distance Call;Phoenix;6
1757;Sometimes In The Fall;Phoenix;6
1758;A Pillow of Winds;Pink Floyd;6
1759;Bring the Boys Back Home;Pink Floyd;6
1760;Comfortably Numb;Pink Floyd;6
1761;Hey You;Pink Floyd;6
1762;Is There Anybody Out There?;Pink Floyd;6
1763;Jugband Blues;Pink Floyd;6
1764;Nobody Home;Pink Floyd;6
1765;Seamus;Pink Floyd;6
1766;Shine On You Crazy Diamond (Parts I-V);Pink Floyd;6
1767;Shine On You Crazy Diamond (Parts VI-IX);Pink Floyd;6
1768;Vera;Pink Floyd;6
1769;Ed Is Dead;Pixies;6
1770;Allergic (to Thoughts of Mother Earth);Placebo;6
1771;Rompe Los Cristales;Platero y tú;6
1772;Lady Cab Driver;Prince;6
1773;Let's Pretend We're Married;Prince;6
1774;Little Red Corvette;Prince;6
1775;Acrylic Afternoons;Pulp;6
1776;She's a Lady;Pulp;6
1777;Someone Like the Moon;Pulp;6
1778;The Day After the Revolution;Pulp;6
1779;The Trees;Pulp;6
1780;All Dead, All Dead;Queen;6
1781;Fight From the Inside;Queen;6
1782;Get Down, Make Love;Queen;6
1783;It's Late;Queen;6
1784;My Melancholy Blues;Queen;6
1785;Sheer Heart Attack;Queen;6
1786;Sleeping on the Sidewalk;Queen;6
1787;Who Needs You;Queen;6
1788;Vegetable;Radiohead;6
1789;Seemann;Rammstein;6
1790;Wollt Ihr Das Bett In Flammen;Rammstein;6
1791;Bad Brain;Ramones;6
1792;Blitzkrieg Bop;Ramones;6
1793;I Just Want to Have Something to Do;Ramones;6
1794;I Wanna Be Your Boyfriend;Ramones;6
1795;I'm Affected;Ramones;6
1796;Judy Is a Punk;Ramones;6
1797;Surfin' Bird;Ramones;6
1798;Around the World;Red Hot Chili Peppers;6
1799;Easily;Red Hot Chili Peppers;6
1800;Scar Tissue;Red Hot Chili Peppers;6
1801;Old Before I Die;Robbie Williams;6
1802;...Y Dale;Rosendo;6
1803;Callejones;Rosendo;6
1804;Beauty Queen;Roxy Music;6
1805;New York;Sex Pistols;6
1806;Seventeen;Sex Pistols;6
1807;Fascinado;Sidonie;6
1808;Pet Names;Smash Mouth;6
1809;Gold;Spandau Ballet;6
1810;A Girl I Knew;Steppenwolf;6
1811;Berry Rides Again;Steppenwolf;6
1812;Everybody's Next One;Steppenwolf;6
1813;Hoochie Coochie Man;Steppenwolf;6
1814;Sookie Sookie;Steppenwolf;6
1815;As;Stevie Wonder;6
1816;Bird Of Beauty;Stevie Wonder;6
1817;Always;Suede;6
1818;Down;Suede;6
1819;Electricity;Suede;6
1820;Faultlines;Suede;6
1821;Heroine;Suede;6
1822;She;Suede;6
1823;She's in Fashion;Suede;6
1824;Starcrazy;Suede;6
1825;The Next Life;Suede;6
1826;Moving;Supergrass;6
1827;Asylum;Supertramp;6
1828;The Motivator;T. Rex;6
1829;1,000 Times;Tahiti 80;6
1830;Drugs;Talking Heads;6
1831;Electric Guitar;Talking Heads;6
1832;I Zimbra;Talking Heads;6
1833;Paper;Talking Heads;6
1834;Desire Be Desire Go;Tame Impala;6
1835;Eventually;Tame Impala;6
1836;Gossip;Tame Impala;6
1837;Jeremy's Storm;Tame Impala;6
1838;Runway, Houses, City, Clouds;Tame Impala;6
1839;She Just Won't Believe Me;Tame Impala;6
1840;Solitude Is Bliss;Tame Impala;6
1841;Yes I'm Changing;Tame Impala;6
1842;King Harvest (Has Surely Come);The Band;6
1843;God Only Knows;The Beach Boys;6
1844;Here Today;The Beach Boys;6
1845;I Just Wasn't Made for These Times;The Beach Boys;6
1846;Let's Go Away for a While;The Beach Boys;6
1847;You Still Believe in Me;The Beach Boys;6
1848;Baby It's You;The Beatles;6
1849;Eight Days a Week;The Beatles;6
1850;Eleanor Rigby;The Beatles;6
1851;Good Night;The Beatles;6
1852;Here, There and Everywhere;The Beatles;6
1853;Hey Bulldog;The Beatles;6
1854;I Need You;The Beatles;6
1855;I Want to Tell You;The Beatles;6
1856;I'm Only Sleeping;The Beatles;6
1857;Lucy in the Sky With Diamonds;The Beatles;6
1858;Penny Lane;The Beatles;6
1859;Revolution 9;The Beatles;6
1860;She Said She Said;The Beatles;6
1861;The Long and Winding Road;The Beatles;6
1862;Yesterday;The Beatles;6
1863;Beautiful One;The Cardigans;6
1864;Sabbath Bloody Sabbath;The Cardigans;6
1865;Tomorrow;The Cardigans;6
1866;Cheapskates;The Clash;6
1867;English Civil War;The Clash;6
1868;Garageland;The Clash;6
1869;Julie's Been Working for the Drug Squad;The Clash;6
1870;Tommy Gun;The Clash;6
1871;A Forest;The Cure;6
1872;Fire in Cairo;The Cure;6
1873;What a Fool Believes;The Doobie Brothers;6
1874;Drifters & Trawlers;The Good, the Bad & the Queen;6
1875;Just Like Honey;The Jesus and Mary Chain;6
1876;Taste the Floor;The Jesus and Mary Chain;6
1877;Mr. Brightside;The Killers;6
1878;Act Nice and Gentle;The Kinks;6
1879;Apeman;The Kinks;6
1880;Bald Headed Woman;The Kinks;6
1881;Dead End Street;The Kinks;6
1882;I'm A Lover Not A Fighter;The Kinks;6
1883;Just Can't Go To Sleep;The Kinks;6
1884;Powerman;The Kinks;6
1885;So Mystifying;The Kinks;6
1886;Suzannah's Still Alive;The Kinks;6
1887;The Village Green Preservation Society;The Kinks;6
1888;Top of the Pops;The Kinks;6
1889;Campaign of Hate;The Libertines;6
1890;What a Waster;The Libertines;6
1891;Do You Wanna Dance;The Mamas & the Papas;6
1892;Go Where You Wanna Go;The Mamas & the Papas;6
1893;Got A Feelin';The Mamas & the Papas;6
1894;I Call Your Name;The Mamas & the Papas;6
1895;Monday, Monday;The Mamas & the Papas;6
1896;Spanish Harlem;The Mamas & the Papas;6
1897;Straight Shooter;The Mamas & the Papas;6
1898;Climbatize;The Prodigy;6
1899;Fuel My Fire;The Prodigy;6
1900;Mindfields;The Prodigy;6
1901;Narayan;The Prodigy;6
1902;Gimme Shelter;The Rolling Stones;6
1903;Live With Me;The Rolling Stones;6
1904;Sympathy for the Devil;The Rolling Stones;6
1905;Hand in Glove;The Smiths;6
1906;You Only Live Once;The Strokes;6
1907;Disco Inferno;The Trammps;6
1908;I'm Waiting for the Man;The Velvet Underground;6
1909;There She Goes Again;The Velvet Underground;6
1910;Catching the Butterfly;The Verve;6
1911;This Time;The Verve;6
1912;Mary Jane;The Vines;6
1913;Armenia City in the Sky;The Who;6
1914;Heinz Baked Beans;The Who;6
1915;I Can See for Miles;The Who;6
1916;I Can't Reach You;The Who;6
1917;Mary Anne with the Shaky Hand;The Who;6
1918;Medac;The Who;6
1919;Rael 1 & 2;The Who;6
1920;Relax;The Who;6
1921;Silas Stingy;The Who;6
1922;Sunrise;The Who;6
1923;Tattoo;The Who;6
1924;Angel From the Coast;Thin Lizzy;6
1925;Borderline;Thin Lizzy;6
1926;Emerald;Thin Lizzy;6
1927;Jailbreak;Thin Lizzy;6
1928;Sweet Marie;Thin Lizzy;6
1929;Warriors;Thin Lizzy;6
1930;One;U2;6
1931;Damask Rose;Vangelis;6
1932;Only in Dreams;Weezer;6
1933;The Good Life;Weezer;6
1934;Are You Receiving Me?;XTC;6
1935;Battery Brides (Andy Paints Brian);XTC;6
1936;Beatown;XTC;6
1937;Burning With Optimism's Flames;XTC;6
1938;Buzzcity Talking;XTC;6
1939;Crowded Room;XTC;6
1940;I Am the Audience;XTC;6
1941;Jumping in Gomorrah;XTC;6
1942;Life is Good in the Greenhouse;XTC;6
1943;Meccanik Dancing (Oh We Go!);XTC;6
1944;My Weapon;XTC;6
1945;No Language in Our Lungs;XTC;6
1946;Paper and Iron (Notes and Coins);XTC;6
1947;Red;XTC;6
1948;Rocket From a Bottle;XTC;6
1949;Sgt. Rock (Is Going To Help Me);XTC;6
1950;Super-Tuff;XTC;6
1951;The Rhythm;XTC;6
1952;Towers Of London;XTC;6
1953;Travels in Nihilon;XTC;6
1954;Ain't That a Bitch;Aerosmith;5
1955;Pink;Aerosmith;5
1956;Round and Round;Aerosmith;5
1957;Walk This Way;Aerosmith;5
1958;Let's Stay Together;Al Green;5
1959;In the Backseat;Arcade Fire;5
1960;We Exist;Arcade Fire;5
1961;A Certain Romance;Arctic Monkeys;5
1962;I'd Give You Anything;Ash;5
1963;Barón Rojo;Barón Rojo;5
1964;Chica De La Ciudad;Barón Rojo;5
1965;En Blanco Y Negro;Barricada;5
1966;Living Together;Bee Gees;5
1967;Changes;Black Sabbath;5
1968;Orchid;Black Sabbath;5
1969;Sweet Leaf;Black Sabbath;5
1970;Heart of Glass;Blondie;5
1971;Just Go Away;Blondie;5
1972;Inertia;Blur;5
1973;Mr. Robinson's Quango;Blur;5
1974;One Born Every Minute;Blur;5
1975;St Louis;Blur;5
1976;Stereotypes;Blur;5
1977;Top Man;Blur;5
1978;Ultranol;Blur;5
1979;4th Time Around;Bob Dylan;5
1980;Absolutely Sweet Marie;Bob Dylan;5
1981;Desolation Row;Bob Dylan;5
1982;From a Buick 6;Bob Dylan;5
1983;Highway 61 Revisited;Bob Dylan;5
1984;Just Like Tom Thumb's Blues;Bob Dylan;5
1985;Leopard-Skin Pill-Box Hat;Bob Dylan;5
1986;Most Likely You Go Your Way (And I'll Go Mine);Bob Dylan;5
1987;Obviously 5 Believers;Bob Dylan;5
1988;Stuck Inside of Mobile with the Memphis Blues Again;Bob Dylan;5
1989;Tombstone Blues;Bob Dylan;5
1990;Buffalo Solider;Bob Marley;5
1991;No Woman No Cry;Bob Marley;5
1992;Lo que el tiempo no borró;Burning;5
1993;I Don't Mind;Buzzcocks;5
1994;Late for the Train;Buzzcocks;5
1995;Walking Distance;Buzzcocks;5
1996;Sitting;Cat Stevens;5
1997;Don't Need the Sunshine;Catatonia;5
1998;Part of the Furniture;Catatonia;5
1999;Why I Can't Stand One Night Stands;Catatonia;5
2000;Gente Distinta;Celtas Cortos;5
2001;Tranquilo Majete;Celtas Cortos;5
2002;Everything's Not Lost;Coldplay;5
2003;High Speed;Coldplay;5
2004;Parachutes;Coldplay;5
2005;Shiver;Coldplay;5
2006;Sparks;Coldplay;5
2007;Spies;Coldplay;5
2008;The Hardest Part;Coldplay;5
2009;We Never Change;Coldplay;5
2010;Yellow;Coldplay;5
2011;I Put a Spell on You;Creedence Clearwater Revival;5
2012;It Came Out of the Sky;Creedence Clearwater Revival;5
2013;World Where You Live;Crowded House;5
2014;Empathy;Crystal Castles;5
2015;Fainting Spells;Crystal Castles;5
2016;Vietnam;Crystal Castles;5
2017;Da Funk;Daft Punk;5
2018;Everyday Robots;Damon Albarn;5
2019;Heavy Seas of Love;Damon Albarn;5
2020;Lonely Press Play;Damon Albarn;5
2021;Royal Morning Blue;Damon Albarn;5
2022;Across the Universe;David Bowie;5
2023;Bombers;David Bowie;5
2024;Breaking Glass;David Bowie;5
2025;Can You Hear Me;David Bowie;5
2026;Candidate;David Bowie;5
2027;Cat People;David Bowie;5
2028;Criminal World;David Bowie;5
2029;Fame;David Bowie;5
2030;Fascination;David Bowie;5
2031;Future Legend;David Bowie;5
2032;Hang Onto Yourself;David Bowie;5
2033;It's No Game (Part 2);David Bowie;5
2034;Joe the Lion;David Bowie;5
2035;Jump They Say;David Bowie;5
2036;Let's Dance;David Bowie;5
2037;Let's Spend the Night Together;David Bowie;5
2038;Miracle Goodnight;David Bowie;5
2039;Red Sails;David Bowie;5
2040;Ricochet;David Bowie;5
2041;Right;David Bowie;5
2042;Star;David Bowie;5
2043;Sweet Thing (reprise);David Bowie;5
2044;Time;David Bowie;5
2045;Watch That Man;David Bowie;5
2046;What in the World;David Bowie;5
2047;Win;David Bowie;5
2048;Without You;David Bowie;5
2049;Ziggy Stardust;David Bowie;5
2050;Kaos;Decibelios;5
2051;Piara Indecente;Decibelios;5
2052;Reach Out I'll Be There;Diana Ross;5
2053;To Love Again;Diana Ross;5
2054;Miserlou;Dick Dale;5
2055;Anyone Out There;Duran Duran;5
2056;Careless Memories;Duran Duran;5
2057;Friends of Mine;Duran Duran;5
2058;Is There Something I Should Know;Duran Duran;5
2059;Night Boat;Duran Duran;5
2060;Sound of Thunder;Duran Duran;5
2061;Call Me Names;Echobelly;5
2062;Father, Ruler, King, Computer;Echobelly;5
2063;All-Nighter;Elastica;5
2064;Car Song;Elastica;5
2065;Never Here;Elastica;5
2066;All The Girls Love Alice;Elton John;5
2067;Funeral For A Friend (Love Lies Bleeding);Elton John;5
2068;Harmony;Elton John;5
2069;I've Seen That Movie Too;Elton John;5
2070;Jamaica Jerk-Off;Elton John;5
2071;Roy Rogers;Elton John;5
2072;Social Disease;Elton John;5
2073;Your Sister Can't Twist (But She Can Rock 'n Roll);Elton John;5
2074;(I Don't Want To Go To) Chelsea;Elvis Costello;5
2075;Good Luck Charm;Elvis Presley;5
2076;Hard Headed Woman;Elvis Presley;5
2077;It's Now or Never;Elvis Presley;5
2078;Jailhouse Rock;Elvis Presley;5
2079;Golfa;Extremoduro;5
2080;A Small Victory;Faith No More;5
2081;Falling to Pieces;Faith No More;5
2082;Surprise! You're Dead!;Faith No More;5
2083;The Real Thing;Faith No More;5
2084;Zombie Eaters;Faith No More;5
2085;Balloons;Foals;5
2086;Learn to Fly;Foo Fighters;5
2087;Barcelona;Freddie Mercury;5
2088;Let's Turn It On;Freddie Mercury;5
2089;Love Kills;Freddie Mercury;5
2090;Cuatro Rosas;Gabinete Caligari;5
2091;Golpes;Gabinete Caligari;5
2092;La Sangre De Tu Tristeza;Gabinete Caligari;5
2093;The Day the World Gets 'Round;George Harrison;5
2094;The Lord Loves the One (That Loves the Lord);George Harrison;5
2095;Little Brown Jug;Glenn Miller;5
2096;Aries (feat. Peter Hook & Georgia);Gorillaz;5
2097;Clint Eastwood;Gorillaz;5
2098;Double Bass;Gorillaz;5
2099;Every Planet We Reach Is Dead;Gorillaz;5
2100;Glitter Freeze;Gorillaz;5
2101;Momentary Bliss (feat. slowthai & Slaves);Gorillaz;5
2102;November Has Come;Gorillaz;5
2103;Strange Timez (feat. Robert Smith);Gorillaz;5
2104;The Valley of the Pagans (feat. Beck);Gorillaz;5
2105;Big Bird;Graham Coxon;5
2106;Bitter Tears;Graham Coxon;5
2107;Feel Alright;Graham Coxon;5
2108;Hopeless Friend;Graham Coxon;5
2109;I Can't Look At Your Skin;Graham Coxon;5
2110;In the Morning;Graham Coxon;5
2111;Deshacer El Mundo;Héroes del Silencio;5
2112;En Brazos De La Fiebre;Héroes del Silencio;5
2113;Los Placeres De La Pobreza;Héroes del Silencio;5
2114;Oración;Héroes del Silencio;5
2115;Celebrity Skin;Hole;5
2116;Fall In Love With Me;Iggy Pop;5
2117;Neighborhood Threat;Iggy Pop;5
2118;Sixteen;Iggy Pop;5
2119;Some Weird Sin;Iggy Pop;5
2120;Success;Iggy Pop;5
2121;Tonight;Iggy Pop;5
2122;Turn Blue;Iggy Pop;5
2123;El norte está lleno de frío;Ilegales;5
2124;La Chica del Club de Golf;Ilegales;5
2125;Los Chicos Desconfían;Ilegales;5
2126;No Me Gusta El Blues;Ilegales;5
2127;Stick de Hockey;Ilegales;5
2128;Todo Lo Que Digais Que Somos;Ilegales;5
2129;Who Do You Think;Interpol;5
2130;Cántame;Jaime Urrutia;5
2131;Everyday;Jamiroquai;5
2132;Black Magic;Jarvis Cocker;5
2133;Fat Children;Jarvis Cocker;5
2134;My Best Friend;Jefferson Airplane;5
2135;The Wind Cries Mary;Jimi Hendrix;5
2136;Calle Melancolía;Joaquín Sabina;5
2137;Give Peace a Chance;John Lennon;5
2138;Happy Xmas (War Is Over);John Lennon;5
2139;How?;John Lennon;5
2140;Meat City;John Lennon;5
2141;Mother;John Lennon;5
2142;Woman;John Lennon;5
2143;Deceiver;Judas Priest;5
2144;Dreamer Deceiver;Judas Priest;5
2145;Epitaph;Judas Priest;5
2146;Genocide;Judas Priest;5
2147;Island of Domination;Judas Priest;5
2148;The Ripper;Judas Priest;5
2149;Tyrant;Judas Priest;5
2150;You Can Have It All;Kaiser Chiefs;5
2151;Boogie With Stu;Led Zeppelin;5
2152;Bring It on Home;Led Zeppelin;5
2153;Bron-Yr-Aur;Led Zeppelin;5
2154;Custard Pie;Led Zeppelin;5
2155;In My Time of Dying;Led Zeppelin;5
2156;In the Evening;Led Zeppelin;5
2157;Moby Dick;Led Zeppelin;5
2158;Night Flight;Led Zeppelin;5
2159;The Lemon Song;Led Zeppelin;5
2160;Cucarachas;Leño;5
2161;Maneras De Vivir;Leño;5
2162;Si Señor, Si Señor;Leño;5
2163;Sorprendente;Leño;5
2164;Dulce Condena;Los Rodríguez;5
2165;Mi Enfermedad;Los Rodríguez;5
2166;A Caín;Los Suaves;5
2167;Frankenstein;Los Suaves;5
2168;Mear Contra El Viento;Los Suaves;5
2169;No Llores Más Por Mí;Los Suaves;5
2170;Por Las Noches;Los Suaves;5
2171;Siempre igual;Los Suaves;5
2172;Sospecho;Los Suaves;5
2173;Tocando Fondo;Los Suaves;5
2174;Una Ciudad Llamada Perdición;Los Suaves;5
2175;D.N.I.;Los Toreros Muertos;5
2176;Yo No Me Llamo Javier;Los Toreros Muertos;5
2177;A Sheltered Life;Lou Reed;5
2178;Dirt;Lou Reed;5
2179;Disco Mystic;Lou Reed;5
2180;Goodnight Ladies;Lou Reed;5
2181;I Believe In Love;Lou Reed;5
2182;I'm So Free;Lou Reed;5
2183;Looking For Love;Lou Reed;5
2184;My Old Man;Lou Reed;5
2185;New York Telephone Conversation;Lou Reed;5
2186;Rock And Roll Heart;Lou Reed;5
2187;Senselessly Cruel;Lou Reed;5
2188;Temporary Thing;Lou Reed;5
2189;Walk And Talk It;Lou Reed;5
2190;With You;Lou Reed;5
2191;Tiro Por La Culata;Luis Eduardo Aute;5
2192;I Need You;Lynyrd Skynyrd;5
2193;Australia;Manic Street Preachers;5
2194;Black Dog on My Shoulder;Manic Street Preachers;5
2195;Interiors (Song For Willem De Kooning);Manic Street Preachers;5
2196;You Love Us;Manic Street Preachers;5
2197;Diamonds;Mercury Rev;5
2198;Down Poured The Heavens;Mercury Rev;5
2199;Empire State (Son House in Excelsis);Mercury Rev;5
2200;My Love;Mercury Rev;5
2201;Peaceful Night;Mercury Rev;5
2202;Secret For A Song;Mercury Rev;5
2203;Vermillion;Mercury Rev;5
2204;Young Man's Stride;Mercury Rev;5
2205;Electric Feel;MGMT;5
2206;Billie Jean;Michael Jackson;5
2207;Hergest Ridge Part One;Mike Oldfield;5
2208;Hergest Ridge Part Two;Mike Oldfield;5
2209;Concierto de Aranjuez;Miles Davis;5
2210;Saeta;Miles Davis;5
2211;Solea;Miles Davis;5
2212;The Pan Piper;Miles Davis;5
2213;Will O' the Wisp;Miles Davis;5
2214;Braineaters;Misfits;5
2215;Porcelain;Moby;5
2216;Lose My Breath;my bloody valentine;5
2217;You Get What You Give;New Radicals;5
2218;Train Long-Suffering;Nick Cave & the Bad Seeds;5
2219;Tupelo;Nick Cave & the Bad Seeds;5
2220;About a Girl;Nirvana;5
2221;Frances Farmer Will Have Her Revenge on Seattle;Nirvana;5
2222;Serve the Servants;Nirvana;5
2223;Something in the Way;Nirvana;5
2224;Just a Girl;No Doubt;5
2225;Spiderwebs;No Doubt;5
2226;Acquiesce;Oasis;5
2227;All Around the World;Oasis;5
2228;Be Here Now;Oasis;5
2229;Don't Go Away;Oasis;5
2230;Going Nowhere;Oasis;5
2231;The Masterplan;Oasis;5
2232;Gloria;Patti Smith;5
2233;Monkberry Moon Delight;Paul McCartney;5
2234;Serpentine Pad;Pavement;5
2235;Lost And Found;Phoenix;5
2236;School's Rules;Phoenix;5
2237;Have a Cigar;Pink Floyd;5
2238;In the Flesh;Pink Floyd;5
2239;Interstellar Overdrive;Pink Floyd;5
2240;The Show Must Go On;Pink Floyd;5
2241;Welcome to the Machine;Pink Floyd;5
2242;The Holiday Song;Pixies;5
2243;Ask for Answers;Placebo;5
2244;Brick Shithouse;Placebo;5
2245;My Sweet Prince;Placebo;5
2246;Pure Morning;Placebo;5
2247;Scared of Girls;Placebo;5
2248;Summer's Gone;Placebo;5
2249;The Crawl;Placebo;5
2250;Without You I'm Nothing;Placebo;5
2251;Juliette;Platero y tú;5
2252;Voy a acabar borracho;Platero y tú;5
2253;Don't Fight It, Feel It;Primal Scream;5
2254;Movin' On Up;Primal Scream;5
2255;1999;Prince;5
2256;D.M.S.R.;Prince;5
2257;Delirious;Prince;5
2258;Love Is Blind;Pulp;5
2259;Modern Marriage [#][Demo Previously Unreleased][Demo Version];Pulp;5
2260;Hammer to Fall;Queen;5
2261;In the Fade;Queens of the Stone Age;5
2262;Veneno en la Piel;Radio Futura;5
2263;Black Star;Radiohead;5
2264;Bones;Radiohead;5
2265;Bullet Proof..I Wish I Was;Radiohead;5
2266;Fake Plastic Trees;Radiohead;5
2267;High and Dry;Radiohead;5
2268;In Limbo;Radiohead;5
2269;Nice Dream;Radiohead;5
2270;Optimistic;Radiohead;5
2271;Planet Telex;Radiohead;5
2272;Sail to the Moon. (Brush the Cobwebs Out of the Sky.);Radiohead;5
2273;Sit Down. Stand Up. (Snakes & Ladders.);Radiohead;5
2274;Street Spirit (Fade Out);Radiohead;5
2275;Sulk;Radiohead;5
2276;The Bends;Radiohead;5
2277;Where I End and You Begin. (The Sky Is Falling In.);Radiohead;5
2278;Asche zu Asche;Rammstein;5
2279;Weisses Fleisch;Rammstein;5
2280;Baby, I Love You;Ramones;5
2281;Beat on the Brat;Ramones;5
2282;Chinese Rock;Ramones;5
2283;Go Mental;Ramones;5
2284;Here Today, Gone Tomorrow;Ramones;5
2285;I Can't Make It on Time;Ramones;5
2286;I Don't Want You;Ramones;5
2287;I Wanted Everything;Ramones;5
2288;I'm Against It;Ramones;5
2289;It's a Long Way Back;Ramones;5
2290;Needles & Pins;Ramones;5
2291;Questioningly;Ramones;5
2292;The KKK Took My Baby Away;Ramones;5
2293;The Return of Jack and Judy;Ramones;5
2294;This Ain't Havana;Ramones;5
2295;Californication;Red Hot Chili Peppers;5
2296;Get on Top;Red Hot Chili Peppers;5
2297;Otherside;Red Hot Chili Peppers;5
2298;Parallel Universe;Red Hot Chili Peppers;5
2299;No Tengo Dinero;Righeira;5
2300;Vamos a la playa;Righeira;5
2301;Agradecido;Rosendo;5
2302;Aguanta El Tipo;Rosendo;5
2303;Buenas Noches;Rosendo;5
2304;Navegando;Rosendo;5
2305;No Son Gigantes;Rosendo;5
2306;Costa Azul;Sidonie;5
2307;Jardin Polar;Sidonie;5
2308;Padrino;Smash Mouth;5
2309;Take What You Need;Steppenwolf;5
2310;The Ostrich;Steppenwolf;5
2311;Another Star;Stevie Wonder;5
2312;Heaven Is 10 Zillion Light Years Away;Stevie Wonder;5
2313;If It's Magic;Stevie Wonder;5
2314;Ngiculela - Es Una Historia -;Stevie Wonder;5
2315;Please Don't Go;Stevie Wonder;5
2316;Too High;Stevie Wonder;5
2317;Visions;Stevie Wonder;5
2318;By the Sea;Suede;5
2319;Filmstar;Suede;5
2320;He's Gone;Suede;5
2321;Hi-Fi;Suede;5
2322;Lazy;Suede;5
2323;Obsessions;Suede;5
2324;The 2 of Us;Suede;5
2325;The Asphalt World;Suede;5
2326;The Chemistry Between Us;Suede;5
2327;The Wild Ones;Suede;5
2328;Cheapskate;Supergrass;5
2329;In It for the Money;Supergrass;5
2330;Late in the Day;Supergrass;5
2331;Richard III;Supergrass;5
2332;What Went Wrong (In Your Head);Supergrass;5
2333;You Can See Me;Supergrass;5
2334;From Now On;Supertramp;5
2335;Cosmic Dancer;T. Rex;5
2336;Jeepster;T. Rex;5
2337;Lean Woman Blues;T. Rex;5
2338;Monolith;T. Rex;5
2339;Planet Queen;T. Rex;5
2340;Rip Off;T. Rex;5
2341;Happy End;Tahiti 80;5
2342;Open Book;Tahiti 80;5
2343;The Train;Tahiti 80;5
2344;Houses in Motion;Talking Heads;5
2345;'Cause I'm a Man;Tame Impala;5
2346;Endors Toi;Tame Impala;5
2347;I Don't Really Mind;Tame Impala;5
2348;It Isn't Meant to Be;Tame Impala;5
2349;Lucidity;Tame Impala;5
2350;Past Life;Tame Impala;5
2351;The Bold Arrow of Time;Tame Impala;5
2352;Caroline No;The Beach Boys;5
2353;I Know There's An Answe;The Beach Boys;5
2354;I'm Waiting for the Day;The Beach Boys;5
2355;Our Favorite Recording Sessions;The Beach Boys;5
2356;Sloop John B;The Beach Boys;5
2357;All You Need Is Love;The Beatles;5
2358;Do You Want to Know a Secret;The Beatles;5
2359;Getting Better;The Beatles;5
2360;Hello Goodbye;The Beatles;5
2361;It's Only Love;The Beatles;5
2362;Lovely Rita;The Beatles;5
2363;P.S. I Love You;The Beatles;5
2364;The Fool on the Hill;The Beatles;5
2365;The Night Before;The Beatles;5
2366;There's a Place;The Beatles;5
2367;Daddy's Car;The Cardigans;5
2368;Erase/Rewind;The Cardigans;5
2369;My Favorite Game;The Cardigans;5
2370;Complete Control;The Clash;5
2371;Last Gang in Town;The Clash;5
2372;Lost in the Supermarket;The Clash;5
2373;Straight to Hell;The Clash;5
2374;The Guns of Brixton;The Clash;5
2375;I Remember When;The Coral;5
2376;The Funeral Party;The Cure;5
2377;Coming in From the Cold;The Delgados;5
2378;Becoming More Like Alfie;The Divine Comedy;5
2379;Charge;The Divine Comedy;5
2380;In & Out of Paris & London;The Divine Comedy;5
2381;Songs of Love;The Divine Comedy;5
2382;The Dogs & the Horses;The Divine Comedy;5
2383;The Frog Princess;The Divine Comedy;5
2384;Through a Long & Sleepless Night;The Divine Comedy;5
2385;80's Life;The Good, the Bad & the Queen;5
2386;Ribbons;The Good, the Bad & the Queen;5
2387;The Last Man to Leave;The Good, the Bad & the Queen;5
2388;No Pun Intended;The Hives;5
2389;Cut Dead;The Jesus and Mary Chain;5
2390;Taste of Cindy;The Jesus and Mary Chain;5
2391;The Living End;The Jesus and Mary Chain;5
2392;Bones;The Killers;5
2393;A Long Way from Home;The Kinks;5
2394;Got My Feet On the Ground;The Kinks;5
2395;Got to Be Free;The Kinks;5
2396;I've Been Driving On Bald Mountain;The Kinks;5
2397;Lincoln County;The Kinks;5
2398;Look for Me Baby;The Kinks;5
2399;Rosie Won't You Please Come Home;The Kinks;5
2400;Strangers;The Kinks;5
2401;The Contenders;The Kinks;5
2402;The Money Go Round;The Kinks;5
2403;There Is No Life Without Love;The Kinks;5
2404;This Time Tomorrow;The Kinks;5
2405;Tired of Waiting for You;The Kinks;5
2406;Too Much Monkey Business;The Kinks;5
2407;Looking Glass;The La's;5
2408;There She Goes;The La's;5
2409;Begging;The Libertines;5
2410;The Good Old Days;The Libertines;5
2411;The Man Who Would Be King;The Libertines;5
2412;The Saga;The Libertines;5
2413;Hey Girl;The Mamas & the Papas;5
2414;In Crowd;The Mamas & the Papas;5
2415;Somebody Groovy;The Mamas & the Papas;5
2416;You Baby;The Mamas & the Papas;5
2417;Next To You;The Police;5
2418;Roxanne;The Police;5
2419;Love in Vain;The Rolling Stones;5
2420;Perfect;The Smashing Pumpkins;5
2421;Today;The Smashing Pumpkins;5
2422;Zero;The Smashing Pumpkins;5
2423;What Difference Does It Make;The Smiths;5
2424;You've Got Everything Now;The Smiths;5
2425;Monkey Man;The Specials;5
2426;(Song for My) Sugar Spun Sister;The Stone Roses;5
2427;Bye Bye Badman;The Stone Roses;5
2428;Don't Stop;The Stone Roses;5
2429;Elizabeth My Dear;The Stone Roses;5
2430;I Am the Resurrection;The Stone Roses;5
2431;Made of Stone;The Stone Roses;5
2432;She Bangs the Drums;The Stone Roses;5
2433;Shoot You Down;The Stone Roses;5
2434;This Is the One;The Stone Roses;5
2435;Waterfall;The Stone Roses;5
2436;Heroin;The Velvet Underground;5
2437;Sunday Morning;The Velvet Underground;5
2438;Come On;The Verve;5
2439;Deep Freeze;The Verve;5
2440;Lord I Guess I'll Never Know;The Verve;5
2441;Neon Wilderness;The Verve;5
2442;One Day;The Verve;5
2443;Space and Time;The Verve;5
2444;Velvet Morning;The Verve;5
2445;Weeping Willow;The Verve;5
2446;Highly Evolved;The Vines;5
2447;Broken Boys;The WAEVE;5
2448;Baba O'Riley;The Who;5
2449;Bargain;The Who;5
2450;Love Ain't for Keeping;The Who;5
2451;My Wife;The Who;5
2452;Won't Get Fooled Again;The Who;5
2453;Ballad of a Hard Man;Thin Lizzy;5
2454;Boogie Woogie Dance;Thin Lizzy;5
2455;Fighting My Way Back;Thin Lizzy;5
2456;For Those Who Love to Live;Thin Lizzy;5
2457;Frankie Carroll;Thin Lizzy;5
2458;Johnny;Thin Lizzy;5
2459;Philomena;Thin Lizzy;5
2460;Rocky;Thin Lizzy;5
2461;Still in Love With You;Thin Lizzy;5
2462;Wild One;Thin Lizzy;5
2463;Tales of the Future;Vangelis;5
2464;Across the Sea;Weezer;5
2465;Falling for You;Weezer;5
2466;Hash Pipe;Weezer;5
2467;Holiday;Weezer;5
2468;No One Else;Weezer;5
2469;No Other One;Weezer;5
2470;Pink Triangle;Weezer;5
2471;Surf Wax America;Weezer;5
2472;Undone (The Sweater Song);Weezer;5
2473;Why Bother;Weezer;5
2474;Zero;Yeah Yeah Yeahs;5
2475;Gimme All Your Lovin';ZZ Top;5
2476;Got Me Under Pressure;ZZ Top;5
2477;Sharp Dressed Man;ZZ Top;5
2478;Back in Black;AC/DC;4
2479;Down Payment Blues;AC/DC;4
2480;Gimme a Bullet;AC/DC;4
2481;Givin the Dog a Bone;AC/DC;4
2482;Gone Shootin';AC/DC;4
2483;Have a Drink on Me;AC/DC;4
2484;Hells Bells;AC/DC;4
2485;Kicked in the Teeth;AC/DC;4
2486;Let Me Put My Love Into You;AC/DC;4
2487;Rock 'n' Roll Damnation;AC/DC;4
2488;Shoot to Thrill;AC/DC;4
2489;Up to My Neck in You;AC/DC;4
2490;What Do You Do for Money Honey;AC/DC;4
2491;What's Next to the Moon;AC/DC;4
2492;You Shook Me All Night Long;AC/DC;4
2493;Big Ten Inch Record;Aerosmith;4
2494;Sweet Emotion;Aerosmith;4
2495;L-O-V-E (Love);Al Green;4
2496;¿Quién asó la manteca?;Andrés Calamaro;4
2497;Donde Manda Marinero;Andrés Calamaro;4
2498;Todo lo demás;Andrés Calamaro;4
2499;Una bomba;Andrés Calamaro;4
2500;Wake Up;Arcade Fire;4
2501;Let It Flow;Ash;4
2502;Son Como Hormigas;Barón Rojo;4
2503;Telegram Sam;Bauhaus;4
2504;The Morning Son;Beady Eye;4
2505;Fight for Your Right;Beastie Boys;4
2506;Jive Talkin';Bee Gees;4
2507;Stayin' Alive;Bee Gees;4
2508;The Anchor Song;Björk;4
2509;Cornucopia;Black Sabbath;4
2510;Evil Woman;Black Sabbath;4
2511;FX;Black Sabbath;4
2512;Laguna Sunrise;Black Sabbath;4
2513;Snowblind;Black Sabbath;4
2514;St. Vitus Dance;Black Sabbath;4
2515;Supernaut;Black Sabbath;4
2516;Tomorrows Dream;Black Sabbath;4
2517;Under the Sun;Black Sabbath;4
2518;Wheels of Confusion;Black Sabbath;4
2519;Alex's Song;Blur;4
2520;All We Want;Blur;4
2521;Beachcoma;Blur;4
2522;Charmless Man (Live At The Budokan);Blur;4
2523;Chemical World (Live At The Budokan);Blur;4
2524;Cowboy Song;Blur;4
2525;M.O.R. (Road Version);Blur;4
2526;Mr Briggs;Blur;4
2527;Music Is My Radar;Blur;4
2528;Optigan 1;Blur;4
2529;Peach;Blur;4
2530;Peter Panic;Blur;4
2531;The Puritan;Blur;4
2532;Threadneedle Street;Blur;4
2533;Sad Eyed Lady of the Lowlands;Bob Dylan;4
2534;Redemption Song;Bob Marley;4
2535;Satisfy My Soul;Bob Marley;4
2536;Un poquito nada más;Burning;4
2537;Haz Turismo (En Vivo);Celtas Cortos;4
2538;Madera De Colleja;Celtas Cortos;4
2539;Ya está bien;Celtas Cortos;4
2540;Power;Clawfinger;4
2541;Talk;Coldplay;4
2542;Sunshine of Your Love;Cream;4
2543;Don't Look Now;Creedence Clearwater Revival;4
2544;Effigy;Creedence Clearwater Revival;4
2545;Feelin' Blue;Creedence Clearwater Revival;4
2546;Fortunate Son;Creedence Clearwater Revival;4
2547;Get Down Woman;Creedence Clearwater Revival;4
2548;Gloomy;Creedence Clearwater Revival;4
2549;My Baby Left Me;Creedence Clearwater Revival;4
2550;Ninety-Nine And A Half;Creedence Clearwater Revival;4
2551;Ooby Dooby;Creedence Clearwater Revival;4
2552;Poorboy Shuffle;Creedence Clearwater Revival;4
2553;Porterville;Creedence Clearwater Revival;4
2554;Ramble Tamble;Creedence Clearwater Revival;4
2555;Run Through the Jungle;Creedence Clearwater Revival;4
2556;Side o' the Road;Creedence Clearwater Revival;4
2557;Susie Q;Creedence Clearwater Revival;4
2558;The Midnight Special;Creedence Clearwater Revival;4
2559;The Working Man;Creedence Clearwater Revival;4
2560;Walk On The Water;Creedence Clearwater Revival;4
2561;Who'll Stop the Rain;Creedence Clearwater Revival;4
2562;I Am Made of Chalk;Crystal Castles;4
2563;Daftendirekt;Daft Punk;4
2564;High Life;Daft Punk;4
2565;One More Time;Daft Punk;4
2566;Darkness to Light;Damon Albarn;4
2567;Hostiles;Damon Albarn;4
2568;1984;David Bowie;4
2569;Aladdin Sane;David Bowie;4
2570;Beauty and the Beast;David Bowie;4
2571;Big Brother;David Bowie;4
2572;Black Tie White Noise;David Bowie;4
2573;Drive-In Saturday;David Bowie;4
2574;I Feel Free;David Bowie;4
2575;Lady Grinning Soul;David Bowie;4
2576;Moss Garden;David Bowie;4
2577;Nite Flights;David Bowie;4
2578;Panic in Detroit;David Bowie;4
2579;Sense of Doubt;David Bowie;4
2580;Shake It;David Bowie;4
2581;Subterraneans;David Bowie;4
2582;The Jean Genie;David Bowie;4
2583;The Wedding;David Bowie;4
2584;Unwashed and Somewhat Slightly Dazed;David Bowie;4
2585;V-2 Schneider;David Bowie;4
2586;Valentine’s Day;David Bowie;4
2587;Warszawa;David Bowie;4
2588;Weeping Wall;David Bowie;4
2589;You've Been Around;David Bowie;4
2590;Lazy;Deep Purple;4
2591;Maybe I'm a Leo;Deep Purple;4
2592;Never Before;Deep Purple;4
2593;Pictures of Home;Deep Purple;4
2594;Lovin', Livin' &  Givin';Diana Ross;4
2595;Sorry Doesn't Always Make It Right;Diana Ross;4
2596;Together;Diana Ross;4
2597;Bang Bang You're Dead;Dirty Pretty Things;4
2598;Deadwood;Dirty Pretty Things;4
2599;Rio;Duran Duran;4
2600;Blue;Elastica;4
2601;Connection;Elastica;4
2602;Line Up;Elastica;4
2603;Smile;Elastica;4
2604;Stutter;Elastica;4
2605;Leaders of the Free World;Elbow;4
2606;I Guess That's Why They Call It the Blues;Elton John;4
2607;Saturday Night's Alright For Fighting;Elton John;4
2608;I Wanna Be Loved;Elvis Costello;4
2609;Man Out Of Time;Elvis Costello;4
2610;(Marie's the Name) His Latest Flame;Elvis Presley;4
2611;Blue Suede Shoes;Elvis Presley;4
2612;Can't Help Falling in Love;Elvis Presley;4
2613;One Night;Elvis Presley;4
2614;Return to Sender;Elvis Presley;4
2615;She's Not You;Elvis Presley;4
2616;Lady Blue;Enrique Bunbury;4
2617;De Ti Depende;Eskorbuto;4
2618;Donde esta el porvenir;Eskorbuto;4
2619;Decidí;Extremoduro;4
2620;Jesucristo García;Extremoduro;4
2621;La Hoguera;Extremoduro;4
2622;Necesito Droga y Amor;Extremoduro;4
2623;Necesito droga y amor (Los camellos no me fían);Extremoduro;4
2624;Primer movimiento: el sueño;Extremoduro;4
2625;Salir;Extremoduro;4
2626;Edge of the World;Faith No More;4
2627;The Morning After;Faith No More;4
2628;Underwater Love;Faith No More;4
2629;War Pigs;Faith No More;4
2630;Woodpecker From Mars;Faith No More;4
2631;Second Hand News;Fleetwood Mac;4
2632;Michael;Franz Ferdinand;4
2633;Cómo Perdimos Berlín;Gabinete Caligari;4
2634;Haciendo el bobo;Gabinete Caligari;4
2635;Rey o Vasallo;Gabinete Caligari;4
2636;Suite Nupcial;Gabinete Caligari;4
2637;Underground;Gabinete Caligari;4
2638;I Think I'm Paranoid;Garbage;4
2639;Push It;Garbage;4
2640;Special;Garbage;4
2641;When I Grow Up;Garbage;4
2642;Be Here Now;George Harrison;4
2643;I'd Have You Anytime;George Harrison;4
2644;Let It Down;George Harrison;4
2645;Boulder Buff;Glenn Miller;4
2646;Farewell Blues;Glenn Miller;4
2647;King Porter Stomp;Glenn Miller;4
2648;St. Louis Blues;Glenn Miller;4
2649;String of Pearls;Glenn Miller;4
2650;Tuxedo Junction;Glenn Miller;4
2651;19-2000;Gorillaz;4
2652;Ascension;Gorillaz;4
2653;Chalk Tablet Towers (feat. St. Vincent);Gorillaz;4
2654;Demon Days;Gorillaz;4
2655;Désolé (feat. Fatoumata Diawara) [Extended Version];Gorillaz;4
2656;Don't Get Lost in Heaven;Gorillaz;4
2657;El Mañana;Gorillaz;4
2658;Intro;Gorillaz;4
2659;Momentz;Gorillaz;4
2660;Murdoc Is God;Gorillaz;4
2661;Rock The House (Rock Da House);Gorillaz;4
2662;She's My Collar;Gorillaz;4
2663;Slow Country;Gorillaz;4
2664;Stylo;Gorillaz;4
2665;The Lost Chord (feat. Leee John);Gorillaz;4
2666;The Pink Phantom (Feat. Elton John & 6LACK);Gorillaz;4
2667;All Over Me;Graham Coxon;4
2668;Are You Ready?;Graham Coxon;4
2669;Bah Singer;Graham Coxon;4
2670;Bottom Bunk;Graham Coxon;4
2671;City Hall;Graham Coxon;4
2672;Don't Be A Stranger;Graham Coxon;4
2673;Don't Believe Anything I Say;Graham Coxon;4
2674;Fame and Fortune;Graham Coxon;4
2675;Gimme Some Love;Graham Coxon;4
2676;Girl Done Gone;Graham Coxon;4
2677;Home;Graham Coxon;4
2678;November;Graham Coxon;4
2679;People Of The Earth;Graham Coxon;4
2680;Perfect Love;Graham Coxon;4
2681;Ribbons And Leaves;Graham Coxon;4
2682;See A Better Day;Graham Coxon;4
2683;You Always Let Me Down;Graham Coxon;4
2684;Culpable;Héroes del Silencio;4
2685;El Refugio Interior;Héroes del Silencio;4
2686;Entre Dos Tierras;Héroes del Silencio;4
2687;Flor De Loto;Héroes del Silencio;4
2688;Maldito Duende;Héroes del Silencio;4
2689;Acabaremos Mal;Ilegales;4
2690;África paga;Ilegales;4
2691;Delincuente Habitual;Ilegales;4
2692;El Número De La Bestia;Ilegales;4
2693;Hombre Blanco;Ilegales;4
2694;Regreso Al Sexo Químicamente Puro;Ilegales;4
2695;This Is How It Feels;Inspiral Carpets;4
2696;Vestida Para Mi;Jaime Urrutia;4
2697;Been Caught Stealing;Jane's Addiction;4
2698;Heavy Weather;Jarvis Cocker;4
2699;Hold Still;Jarvis Cocker;4
2700;Grace;Jeff Buckley;4
2701;She Has Funny Cars;Jefferson Airplane;4
2702;White Rabbit;Jefferson Airplane;4
2703;Crazy Arms;Jerry Lee Lewis;4
2704;Down the Line;Jerry Lee Lewis;4
2705;Great Balls of Fire;Jerry Lee Lewis;4
2706;It'll Be Me;Jerry Lee Lewis;4
2707;Mean Woman Blues;Jerry Lee Lewis;4
2708;the End of the Road;Jerry Lee Lewis;4
2709;Whole Lotta Shakin' Goin' On;Jerry Lee Lewis;4
2710;You Win Again;Jerry Lee Lewis;4
2711;Manic Depression;Jimi Hendrix;4
2712;Purple Haze;Jimi Hendrix;4
2713;Manual para héroes o canallas;Joaquín Sabina;4
2714;Pasándolo Bien;Joaquín Sabina;4
2715;Quédate a dormir;Joaquín Sabina;4
2716;Whisky Sin Soda;Joaquín Sabina;4
2717;Summer in the City;Joe Cocker;4
2718;Aisumasen (I'm Sorry);John Lennon;4
2719;Beautiful Boy (Darling Boy);John Lennon;4
2720;Born in a Prison;John Lennon;4
2721;Bring on the Lucie (Freda Peeple);John Lennon;4
2722;I Know (I Know);John Lennon;4
2723;Mother (single edit);John Lennon;4
2724;Nobody Told Me;John Lennon;4
2725;One Day (At a Time);John Lennon;4
2726;You Are Here;John Lennon;4
2727;Upstarts;Johnny Marr;4
2728;Candidate;Joy Division;4
2729;Day of the Lords;Joy Division;4
2730;Disorder;Joy Division;4
2731;Insight;Joy Division;4
2732;Love Will Tear Us Apart;Joy Division;4
2733;New Dawn Fades;Joy Division;4
2734;She's Lost Control;Joy Division;4
2735;Caviar and Meths;Judas Priest;4
2736;Cheater;Judas Priest;4
2737;Deep Freeze;Judas Priest;4
2738;Defenders of the Faith;Judas Priest;4
2739;Dying to Meet You;Judas Priest;4
2740;Eat Me Alive;Judas Priest;4
2741;Freewheel Burning;Judas Priest;4
2742;Heavy Duty;Judas Priest;4
2743;Jawbreaker;Judas Priest;4
2744;Love Bites;Judas Priest;4
2745;Never Satisfied;Judas Priest;4
2746;Night Comes Down;Judas Priest;4
2747;One for the Road;Judas Priest;4
2748;Rocka Rolla;Judas Priest;4
2749;Run of the Mill;Judas Priest;4
2750;Some Heads Are Gonna Roll;Judas Priest;4
2751;Winter;Judas Priest;4
2752;Winter Retreat;Judas Priest;4
2753;21st Century Schizoid Man / Mirrors;King Crimson;4
2754;Epitaph / March for No Reason / Tomorrow and Tomorrow;King Crimson;4
2755;I Talk to the Wind;King Crimson;4
2756;Rock And Roll All Nite;Kiss;4
2757;Strutter;Kiss;4
2758;Autobahn;Kraftwerk;4
2759;Black Country Woman;Led Zeppelin;4
2760;Carouselambra;Led Zeppelin;4
2761;Hot Dog;Led Zeppelin;4
2762;Living Loving Maid (She's Just a Woman);Led Zeppelin;4
2763;Ramble On;Led Zeppelin;4
2764;Sick Again;Led Zeppelin;4
2765;Thank You;Led Zeppelin;4
2766;That's the Way;Led Zeppelin;4
2767;What Is and What Should Never Be;Led Zeppelin;4
2768;Como Debe Ser;Leño;4
2769;El Tren;Leño;4
2770;La Noche De Que Te Hablé;Leño;4
2771;Can't Believe You Wanna Leave;Little Richard;4
2772;True Fine Mama;Little Richard;4
2773;Tutti Frutti;Little Richard;4
2774;Anuncio Para Coches;Los Planetas;4
2775;El Artista Madridista;Los Planetas;4
2776;Flotando Sobre Loscos;Los Planetas;4
2777;Maniobra de evasión;Los Planetas;4
2778;A los Ojos;Los Rodríguez;4
2779;Dispara;Los Rodríguez;4
2780;Engánchate Conmigo;Los Rodríguez;4
2781;Mi Agüita Amarilla;Los Toreros Muertos;4
2782;Baby Face;Lou Reed;4
2783;Billy;Lou Reed;4
2784;Chooser And The Chosen One;Lou Reed;4
2785;Ennui;Lou Reed;4
2786;I Can't Stand It;Lou Reed;4
2787;I Wanna Be Black;Lou Reed;4
2788;I'm Waiting For The Man;Lou Reed;4
2789;Love Makes You Feel;Lou Reed;4
2790;Oh Jim;Lou Reed;4
2791;Real Good Time Together;Lou Reed;4
2792;Shooting Star;Lou Reed;4
2793;Street Hassle;Lou Reed;4
2794;The Bells;Lou Reed;4
2795;Wild Child;Lou Reed;4
2796;Hemingway Delira;Luis Eduardo Aute;4
2797;Don't Ask Me No Questions;Lynyrd Skynyrd;4
2798;Workin' For MCA;Lynyrd Skynyrd;4
2799;In the Middle of the Night;Madness;4
2800;My Girl;Madness;4
2801;Night Boat to Cairo;Madness;4
2802;One Step Beyond;Madness;4
2803;If You Tolerate This Your Children Will Be Next;Manic Street Preachers;4
2804;My Little Empire;Manic Street Preachers;4
2805;Ready for Drowning;Manic Street Preachers;4
2806;The Everlasting;Manic Street Preachers;4
2807;Tsunami;Manic Street Preachers;4
2808;You Stole the Sun From My Heart;Manic Street Preachers;4
2809;You're Tender and You're Tired;Manic Street Preachers;4
2810;Stripper Vicar;Mansun;4
2811;Flyin' High (In the Friendly Sky);Marvin Gaye;4
2812;God Is Love;Marvin Gaye;4
2813;Inner City Blues (Make Me Wanna Holler);Marvin Gaye;4
2814;Mercy Mercy Me (The Ecology);Marvin Gaye;4
2815;Right On;Marvin Gaye;4
2816;Save the Children;Marvin Gaye;4
2817;What's Going On;Marvin Gaye;4
2818;What's Happening Brother;Marvin Gaye;4
2819;Wholy Holy;Marvin Gaye;4
2820;Holy Wars... The Punishment Due;Megadeth;4
2821;Arise;Mercury Rev;4
2822;Black Forest (lorelei);Mercury Rev;4
2823;Litte Rhymes;Mercury Rev;4
2824;Moving On;Mercury Rev;4
2825;The Climbing Rose;Mercury Rev;4
2826;You're My Queen;Mercury Rev;4
2827;Orion;Metallica;4
2828;4th Dimensional Transition;MGMT;4
2829;Future Reflections;MGMT;4
2830;Kids;MGMT;4
2831;Of Moons, Birds & Monsters;MGMT;4
2832;Pieces of What;MGMT;4
2833;The Handshake;MGMT;4
2834;The Youth;MGMT;4
2835;Time to Pretend;MGMT;4
2836;Weekend Wars;MGMT;4
2837;Assassin;Muse;4
2838;City of Delusion;Muse;4
2839;Hyper Music;Muse;4
2840;Invincible;Muse;4
2841;Knights of Cydonia;Muse;4
2842;Soldier's Poem;Muse;4
2843;Unnatural Selection;Muse;4
2844;(When You Wake) You're Still in a Dream;my bloody valentine;4
2845;Cupid Come;my bloody valentine;4
2846;Sub-Culture;New Order;4
2847;Wanted Man;Nick Cave & the Bad Seeds;4
2848;Milk It;Nirvana;4
2849;Rape Me;Nirvana;4
2850;tourette's;Nirvana;4
2851;Sixteen;No Doubt;4
2852;AKA... What a Life!;Noel Gallagher;4
2853;Ballad Of The Mighty I;Noel Gallagher;4
2854;If I Had A Gun...;Noel Gallagher;4
2855;The Death of You and Me;Noel Gallagher;4
2856;D'You Know What I Mean?;Oasis;4
2857;I Am The Walrus [Live];Oasis;4
2858;I Hope, I Think, I Know;Oasis;4
2859;Love Like a Bomb;Oasis;4
2860;Soldier On;Oasis;4
2861;Stand By Me;Oasis;4
2862;Talk Tonight;Oasis;4
2863;The Girl in the Dirty Shirt;Oasis;4
2864;The Meaning of Soul;Oasis;4
2865;The Swamp Song;Oasis;4
2866;To Be Where There's Life;Oasis;4
2867;Underneath the Sky;Oasis;4
2868;Better Day;Ocean Colour Scene;4
2869;Profit in Peace;Ocean Colour Scene;4
2870;Change Is Gonna Come;Otis Redding;4
2871;Down in the Valley;Otis Redding;4
2872;I've Been Loving You Too Long;Otis Redding;4
2873;Ole Man Trouble;Otis Redding;4
2874;Respect;Otis Redding;4
2875;Shake;Otis Redding;4
2876;Wonderful World;Otis Redding;4
2877;A New Level;Pantera;4
2878;Mouth for War;Pantera;4
2879;Walk;Pantera;4
2880;Redondo Beach;Patti Smith;4
2881;Grounded;Pavement;4
2882;Embuscade;Phoenix;4
2883;If I Ever Feel Better;Phoenix;4
2884;Party Time;Phoenix;4
2885;Outside the Wall;Pink Floyd;4
2886;Run Like Hell;Pink Floyd;4
2887;The Trial;Pink Floyd;4
2888;Waiting for the Worms;Pink Floyd;4
2889;Caribou;Pixies;4
2890;I've Been Tired;Pixies;4
2891;Isla de Encanta;Pixies;4
2892;Nimrod's Son;Pixies;4
2893;Good Fortune;PJ Harvey;4
2894;Burger Queen;Placebo;4
2895;Special K;Placebo;4
2896;Estás solo;Platero y tú;4
2897;Slip Inside This House;Primal Scream;4
2898;All The Critics Love U In New York;Prince;4
2899;Automatic;Prince;4
2900;Free;Prince;4
2901;International Lover;Prince;4
2902;Something In The Water (Does Not Compute);Prince;4
2903;Dogs Are Everywhere;Pulp;4
2904;Like A Friend;Pulp;4
2905;Mile End;Pulp;4
2906;A Kind of Magic;Queen;4
2907;Bicycle Race;Queen;4
2908;Good Old-Fashioned Lover Boy;Queen;4
2909;I Want to Break Free;Queen;4
2910;White Man;Queen;4
2911;You Take My Breath Away;Queen;4
2912;Monsters in the Parasol;Queens of the Stone Age;4
2913;Losing My Religion;R.E.M.;4
2914;Shiny Happy People;R.E.M.;4
2915;Al Otro Lado;Radio Futura;4
2916;Enamorado De La Moda Juvenil;Radio Futura;4
2917;Imagen Pública;Radio Futura;4
2918;Radar;Radio Futura;4
2919;Si Me Dejas Solo;Radio Futura;4
2920;Anyone Can Play Guitar;Radiohead;4
2921;Backdrifts. (Honeymoon Is Over.);Radiohead;4
2922;Everything in Its Right Place;Radiohead;4
2923;Go to Sleep. (Little Man Being Erased.);Radiohead;4
2924;How Do You?;Radiohead;4
2925;How to Disappear Completely;Radiohead;4
2926;Idioteque;Radiohead;4
2927;Kid A;Radiohead;4
2928;Morning Bell;Radiohead;4
2929;The Gloaming. (Softly Open Our Mouths in the Cold.);Radiohead;4
2930;Treefingers;Radiohead;4
2931;We Suck Young Blood. (Your Time Is Up.);Radiohead;4
2932;Bullet in the Head;Rage Against the Machine;4
2933;Killing in the Name;Rage Against the Machine;4
2934;Know Your Enemy;Rage Against the Machine;4
2935;Settle for Nothing;Rage Against the Machine;4
2936;Heirate mich;Rammstein;4
2937;Sehnsucht;Rammstein;4
2938;Tier;Rammstein;4
2939;53rd & 3rd;Ramones;4
2940;All the Way;Ramones;4
2941;California Sun;Ramones;4
2942;Danny Says;Ramones;4
2943;Do You Remember Rock 'n' Roll Radio?;Ramones;4
2944;High Risk Insurance;Ramones;4
2945;Let's Go;Ramones;4
2946;Loudmouth;Ramones;4
2947;Rock 'n' Roll High School;Ramones;4
2948;Emit Remmus;Red Hot Chili Peppers;4
2949;I Like Dirt;Red Hot Chili Peppers;4
2950;Porcelain;Red Hot Chili Peppers;4
2951;Purple Stain;Red Hot Chili Peppers;4
2952;Right on Time;Red Hot Chili Peppers;4
2953;Road Trippin';Red Hot Chili Peppers;4
2954;Savior;Red Hot Chili Peppers;4
2955;This Velvet Glove;Red Hot Chili Peppers;4
2956;Hold On;Richard Ashcroft;4
2957;These People;Richard Ashcroft;4
2958;Tanzen Mit Righeira;Righeira;4
2959;Angels;Robbie Williams;4
2960;Como Estatuas De Sal;Rosendo;4
2961;Corazón;Rosendo;4
2962;Me Gusta Así;Rosendo;4
2963;Obstáculo Impertinente;Rosendo;4
2964;Todo Lo Que Sigue;Rosendo;4
2965;In Trance;Scorpions;4
2966;My Way;Sid Vicious;4
2967;Acrobacias en Exopotamia;Sidonie;4
2968;Dandy Del Extrarradio;Sidonie;4
2969;Dos Murcielagos;Sidonie;4
2970;Fiebre;Sidonie;4
2971;Gente de Barrett;Sidonie;4
2972;Joe;Sidonie;4
2973;MTA;Sidonie;4
2974;Persona;Sidonie;4
2975;Sylvia;Sidonie;4
2976;Sale of the Century;Sleeper;4
2977;Push;Smash Mouth;4
2978;The Fonz;Smash Mouth;4
2979;Youth Against Facism;Sonic Youth;4
2980;Accidents and Compliments;Soulwax;4
2981;Dance 2 Slow;Soulwax;4
2982;Krack;Soulwax;4
2983;Miserable Girl;Soulwax;4
2984;NY Excuse;Soulwax;4
2985;Please... Don't Be Yourself;Soulwax;4
2986;Slowdance;Soulwax;4
2987;The Truth Is So Boring;Soulwax;4
2988;YYY/NNN;Soulwax;4
2989;Major Pager;Space;4
2990;Money;Space;4
2991;Higher Ground;Stevie Wonder;4
2992;Living for the City;Stevie Wonder;4
2993;You Are the Sunshine of My Life;Stevie Wonder;4
2994;You Haven't Done Nothin';Stevie Wonder;4
2995;Asbestos;Suede;4
2996;Black or Blue;Suede;4
2997;Can't Get Enough;Suede;4
2998;Crack in the Union Jack;Suede;4
2999;Everything Will Flow;Suede;4
3000;Head Music;Suede;4
3001;Indian Strings;Suede;4
3002;One Hit to the Body;Suede;4
3003;Savoir Faire;Suede;4
3004;The Power;Suede;4
3005;This Hollywood Life;Suede;4
3006;G-Song;Supergrass;4
3007;Hollow Little Reign;Supergrass;4
3008;It's Not Me;Supergrass;4
3009;Shotover Hill;Supergrass;4
3010;Tonight;Supergrass;4
3011;Babaji;Supertramp;4
3012;Downstream;Supertramp;4
3013;Even In The Quietest Moments;Supertramp;4
3014;Fool's Overture;Supertramp;4
3015;Give a Little Bit;Supertramp;4
3016;Lover Boy;Supertramp;4
3017;Dark Globe;Syd Barrett;4
3018;Octopus;Syd Barrett;4
3019;Terrapin;Syd Barrett;4
3020;Crosseyed and Painless;Talking Heads;4
3021;Once in a Lifetime;Talking Heads;4
3022;The Great Curve;Talking Heads;4
3023;Apocalypse Dreams;Tame Impala;4
3024;Be Above It;Tame Impala;4
3025;Elephant;Tame Impala;4
3026;Keep on Lying;Tame Impala;4
3027;Mind Mischief;Tame Impala;4
3028;Music to Walk Home By;Tame Impala;4
3029;Reality in Motion;Tame Impala;4
3030;Sun's Coming Up;Tame Impala;4
3031;Why Won't They Talk to Me?;Tame Impala;4
3032;Torn Curtain;Television;4
3033;Carl's Big Chance;The Beach Boys;4
3034;Do You Remember?;The Beach Boys;4
3035;Don't Back Down;The Beach Boys;4
3036;Drive-In;The Beach Boys;4
3037;Girls On The Beach;The Beach Boys;4
3038;Hushabye;The Beach Boys;4
3039;Little Honda;The Beach Boys;4
3040;We'll Run Away;The Beach Boys;4
3041;Wendy;The Beach Boys;4
3042;A Taste of Honey;The Beatles;4
3043;Across the Universe;The Beatles;4
3044;Act Naturally;The Beatles;4
3045;Another Girl;The Beatles;4
3046;Being for the Benefit of Mr. Kite!;The Beatles;4
3047;Dig a Pony;The Beatles;4
3048;Dig It;The Beatles;4
3049;Dizzy Miss Lizzy;The Beatles;4
3050;Doctor Robert;The Beatles;4
3051;Fixing a Hole;The Beatles;4
3052;For You Blue;The Beatles;4
3053;From Me to You;The Beatles;4
3054;Good Day Sunshine;The Beatles;4
3055;Good Morning Good Morning;The Beatles;4
3056;Got to Get You Into My Life;The Beatles;4
3057;Hey Jude;The Beatles;4
3058;I Me Mine;The Beatles;4
3059;I Should Have Known Better;The Beatles;4
3060;I Want to Hold Your Hand;The Beatles;4
3061;I'm a Loser;The Beatles;4
3062;I've Got a Feeling;The Beatles;4
3063;I've Just Seen a Face;The Beatles;4
3064;Maggie Mae;The Beatles;4
3065;Misery;The Beatles;4
3066;One After 909;The Beatles;4
3067;Only a Northern Song;The Beatles;4
3068;Sgt. Pepper's Lonely Hearts Club Band;The Beatles;4
3069;Sgt. Pepper's Lonely Hearts Club Band (reprise);The Beatles;4
3070;She's Leaving Home;The Beatles;4
3071;Taxman;The Beatles;4
3072;Tell Me What You See;The Beatles;4
3073;Tomorrow Never Knows;The Beatles;4
3074;Two of Us;The Beatles;4
3075;When I'm Sixty-Four;The Beatles;4
3076;Within You Without You;The Beatles;4
3077;You Like Me Too Much;The Beatles;4
3078;You're Going to Lose That Girl;The Beatles;4
3079;You've Got to Hide Your Love Away;The Beatles;4
3080;You Ain't Going Nowhere;The Byrds;4
3081;After All...;The Cardigans;4
3082;Carnival;The Cardigans;4
3083;Celia Inside;The Cardigans;4
3084;Explode;The Cardigans;4
3085;Gordon's Gardenparty;The Cardigans;4
3086;Hanging Around;The Cardigans;4
3087;Hey! Get Out Of My Way;The Cardigans;4
3088;Higher;The Cardigans;4
3089;Marvel Hill;The Cardigans;4
3090;Nil;The Cardigans;4
3091;Rise and Shine;The Cardigans;4
3092;Sick and Tired;The Cardigans;4
3093;Starter;The Cardigans;4
3094;Travelling With Charley;The Cardigans;4
3095;Let Forever Be;The Chemical Brothers;4
3096;Atom Tan;The Clash;4
3097;Car Jamming;The Clash;4
3098;Death is a Star;The Clash;4
3099;Ghetto Defendant;The Clash;4
3100;Guns on the Roof;The Clash;4
3101;Inoculated City;The Clash;4
3102;Know Your Rights;The Clash;4
3103;Overpowered by Funk;The Clash;4
3104;Red Angel Dragnet;The Clash;4
3105;Remote Control;The Clash;4
3106;Revolution Rock;The Clash;4
3107;Rudie Can't Fail;The Clash;4
3108;Sean Flynn;The Clash;4
3109;At Night;The Cure;4
3110;Grinding Halt;The Cure;4
3111;Play for Today;The Cure;4
3112;Subway Song;The Cure;4
3113;Creepin Up the Backstairs;The Fratellis;4
3114;A Soldier's Tale;The Good, the Bad & the Queen;4
3115;Green Fields;The Good, the Bad & the Queen;4
3116;The Bunting Song;The Good, the Bad & the Queen;4
3117;Three Changes;The Good, the Bad & the Queen;4
3118;Abra Cadaver;The Hives;4
3119;Little Boy Soldiers;The Jam;4
3120;Town Called Malice;The Jam;4
3121;Dandy;The Kinks;4
3122;Dedicated Follower Of Fashion;The Kinks;4
3123;Got Love If You Want It;The Kinks;4
3124;I Am Free;The Kinks;4
3125;Nothin' In the World Can Stop Me Worryin' 'Bout That Girl;The Kinks;4
3126;Party Line;The Kinks;4
3127;Rainy Day In June;The Kinks;4
3128;Session Man;The Kinks;4
3129;Stop Your Sobbing;The Kinks;4
3130;Sunny Afternoon;The Kinks;4
3131;Too Much On My Mind;The Kinks;4
3132;Doledrum;The La's;4
3133;Failure;The La's;4
3134;Feelin';The La's;4
3135;Freedom Song;The La's;4
3136;I Can't Sleep;The La's;4
3137;I.O.U.;The La's;4
3138;Liberty Ship;The La's;4
3139;Son of a Gun;The La's;4
3140;Timeless Melody;The La's;4
3141;Way Out;The La's;4
3142;Arbeit Macht Frei;The Libertines;4
3143;Don't Be Shy;The Libertines;4
3144;Narcissist;The Libertines;4
3145;Tomblands;The Libertines;4
3146;Be My Girl - Sally;The Police;4
3147;Born In The 50's;The Police;4
3148;Can't Stand Losing You;The Police;4
3149;Hole In My Life;The Police;4
3150;Masoko Tanga;The Police;4
3151;Peanuts;The Police;4
3152;Truth Hits Everybody;The Police;4
3153;Full Throttle;The Prodigy;4
3154;Voodoo People;The Prodigy;4
3155;Country Honk;The Rolling Stones;4
3156;Let It Bleed;The Rolling Stones;4
3157;Midnight Rambler;The Rolling Stones;4
3158;No Expectations;The Rolling Stones;4
3159;Prodigal Son;The Rolling Stones;4
3160;Street Fighting Man;The Rolling Stones;4
3161;Stupid Girl;The Rolling Stones;4
3162;You Can't Always Get What You Want;The Rolling Stones;4
3163;You Got the Silver;The Rolling Stones;4
3164;An Ode to No One;The Smashing Pumpkins;4
3165;Love;The Smashing Pumpkins;4
3166;Once Upon a Time;The Smashing Pumpkins;4
3167;To Forgive;The Smashing Pumpkins;4
3168;To Sheila;The Smashing Pumpkins;4
3169;How Soon Is Now?;The Smiths;4
3170;Miserable Lie;The Smiths;4
3171;Reel Around the Fountain;The Smiths;4
3172;Still Ill;The Smiths;4
3173;These Things Take Time;The Smiths;4
3174;Concrete Jungle;The Specials;4
3175;Maggie's Farm;The Specials;4
3176;Razorblade;The Strokes;4
3177;Soma;The Strokes;4
3178;All Tomorrow's Parties;The Velvet Underground;4
3179;European Son;The Velvet Underground;4
3180;Femme Fatale;The Velvet Underground;4
3181;I'll Be Your Mirror;The Velvet Underground;4
3182;Run Run Run;The Velvet Underground;4
3183;The Black Angel's Death Song;The Velvet Underground;4
3184;Venus in Furs;The Velvet Underground;4
3185;Outtathaway;The Vines;4
3186;All Along;The WAEVE;4
3187;Alone And Free;The WAEVE;4
3188;Can I Call You;The WAEVE;4
3189;City Lights;The WAEVE;4
3190;Drowning;The WAEVE;4
3191;Druantia;The WAEVE;4
3192;Girl of the Endless Night;The WAEVE;4
3193;I Belong To;The WAEVE;4
3194;Kill Me Again;The WAEVE;4
3195;Moth to the Flame;The WAEVE;4
3196;Over And Over;The WAEVE;4
3197;Sleepwalking;The WAEVE;4
3198;Someone Up There;The WAEVE;4
3199;Song For Eliza May;The WAEVE;4
3200;Sunrise;The WAEVE;4
3201;Undine;The WAEVE;4
3202;You Saw;The WAEVE;4
3203;You're All I Want To Know;The WAEVE;4
3204;Behind Blue Eyes;The Who;4
3205;Getting in Tune;The Who;4
3206;Going Mobile;The Who;4
3207;My Generation;The Who;4
3208;The Song Is Over;The Who;4
3209;Banshee;Thin Lizzy;4
3210;Freedom Song;Thin Lizzy;4
3211;It's Only Money;Thin Lizzy;4
3212;King's Vengeance;Thin Lizzy;4
3213;Silver Dollar;Thin Lizzy;4
3214;Spirit Slips Away;Thin Lizzy;4
3215;Whisky in the Jar;Thin Lizzy;4
3216;With or Without You;U2;4
3217;Butterfly;Weezer;4
3218;Don't Let Go;Weezer;4
3219;El Scorcho;Weezer;4
3220;Getchoo;Weezer;4
3221;In the Garage;Weezer;4
3222;My Name Is Jonas;Weezer;4
3223;The World Has Turned and Left Me Here;Weezer;4
3224;ELT;Wilco;4
3225;Jet;Wings;4
3226;Bad Girl;ZZ Top;4
3227;Dirty Dog;ZZ Top;4
3228;I Got the Six;ZZ Top;4
3229;I Need You Tonight;ZZ Top;4
3230;If I Could Only Flag Her Down;ZZ Top;4
3231;Legs;ZZ Top;4
3232;Thug;ZZ Top;4
3233;TV Dinners;ZZ Top;4
3234;Rock and Roll Ain't Noise Pollution;AC/DC;3
3235;Shake a Leg;AC/DC;3
3236;Falling In Love (Is Hard on the Knees);Aerosmith;3
3237;No More No More;Aerosmith;3
3238;Toys in the Attic;Aerosmith;3
3239;Uncle Salty;Aerosmith;3
3240;Bleed the Freak;Alice in Chains;3
3241;Confusion;Alice in Chains;3
3242;I Can't Remember;Alice in Chains;3
3243;I Know Somethin (Bout You);Alice in Chains;3
3244;It Ain't Like That;Alice in Chains;3
3245;Love, Hate, Love;Alice in Chains;3
3246;Man in the Box;Alice in Chains;3
3247;Put You Down;Alice in Chains;3
3248;Real Thing;Alice in Chains;3
3249;Sea of Sorrow;Alice in Chains;3
3250;Sunshine;Alice in Chains;3
3251;We Die Young;Alice in Chains;3
3252;Alta Suciedad;Andrés Calamaro;3
3253;Flaca;Andrés Calamaro;3
3254;Media Verónica;Andrés Calamaro;3
3255;Black Wave/Bad Vibrations;Arcade Fire;3
3256;Dancing Shoes;Arctic Monkeys;3
3257;Don't Sit Down 'Cause I've Moved Your Chair;Arctic Monkeys;3
3258;Fake Tales of San Francisco;Arctic Monkeys;3
3259;I Bet You Look Good on the Dancefloor;Arctic Monkeys;3
3260;Riot Van;Arctic Monkeys;3
3261;The View from the Afternoon;Arctic Monkeys;3
3262;Angel Interceptor;Ash;3
3263;Darkside Lightside;Ash;3
3264;Gone The Dream;Ash;3
3265;Kung Fu;Ash;3
3266;Lose Control;Ash;3
3267;Lost In You;Ash;3
3268;Oh Yeah;Ash;3
3269;Chup Chup;Australian Blonde;3
3270;Raindrops Keep Fallin' On My Head;B.J. Thomas;3
3271;El Pobre;Barón Rojo;3
3272;Cold Brains;Beck;3
3273;Nobody's Fault But My Own;Beck;3
3274;Novacane;Beck;3
3275;Charade;Bee Gees;3
3276;Dogs;Bee Gees;3
3277;Down The Road;Bee Gees;3
3278;Give A Hand, Take A Hand;Bee Gees;3
3279;Had A Lot Of Love Last Night;Bee Gees;3
3280;Heavy Breathing;Bee Gees;3
3281;I Can't Let You Go;Bee Gees;3
3282;Lost In Your Love;Bee Gees;3
3283;More Than a Woman;Bee Gees;3
3284;Mr. Natural;Bee Gees;3
3285;Throw A Penny;Bee Gees;3
3286;Too Much Heaven;Bee Gees;3
3287;Voices;Bee Gees;3
3288;Dancing with Myself;Billy Idol;3
3289;White Wedding (Part 1);Billy Idol;3
3290;Like Someone in Love;Björk;3
3291;Fade Away And Radiate;Blondie;3
3292;Hanging on the Telephone;Blondie;3
3293;I Know But I Don't Know;Blondie;3
3294;One Way or Another;Blondie;3
3295;Picture This;Blondie;3
3296;Sunday Girl;Blondie;3
3297;Will Anything Happen?;Blondie;3
3298;Badgeman Brown;Blur;3
3299;Black Book;Blur;3
3300;Colours;Blur;3
3301;Don't Be;Blur;3
3302;Far Out (Beagle 2 Remix);Blur;3
3303;Get Out of Cities;Blur;3
3304;I'm Fine;Blur;3
3305;Mace;Blur;3
3306;Mellow Jam;Blur;3
3307;Resigned / Commercial Break;Blur;3
3308;Supa Shoppa;Blur;3
3309;Swallows in the Heatwave;Blur;3
3310;Tame;Blur;3
3311;Easy Skanking;Bob Marley;3
3312;Guiltiness;Bob Marley;3
3313;Natural Mystic;Bob Marley;3
3314;One Love - People Get Ready;Bob Marley;3
3315;People Get Ready;Bob Marley;3
3316;So Much Things To Say;Bob Marley;3
3317;The Heathen;Bob Marley;3
3318;Turn Your Lights Down Low;Bob Marley;3
3319;Blinded by the Light;Bruce Springsteen;3
3320;Born in the U.S.A.;Bruce Springsteen;3
3321;An Empty Cup (And a Broken Date);Buddy Holly;3
3322;I'm Changing All Those Changes;Buddy Holly;3
3323;Las chicas del drugstore;Burning;3
3324;Puedes Sentirlo;Burning;3
3325;Autonomy;Buzzcocks;3
3326;Fast Cars;Buzzcocks;3
3327;Paradise;Buzzcocks;3
3328;Jamás;Camilo Sesto;3
3329;Cálida trinchera;Celtas Cortos;3
3330;Cuéntame un cuento;Celtas Cortos;3
3331;El Emigrante (remix);Celtas Cortos;3
3332;Lluvia En Soledad;Celtas Cortos;3
3333;Romance De Rosabella Y Domingo;Celtas Cortos;3
3334;Si No Me Veo No Me Creo;Celtas Cortos;3
3335;Skaparate Nacional;Celtas Cortos;3
3336;Moonlight in Vermont;Chet Baker;3
3337;My Funny Valentine;Chet Baker;3
3338;The More I See You;Chet Baker;3
3339;Lola;Cicatriz;3
3340;Rock 'N Roll de Cicatriz;Cicatriz;3
3341;Do What I Say;Clawfinger;3
3342;Pay the Bill;Clawfinger;3
3343;Pin Me Down;Clawfinger;3
3344;Twisted Logic;Coldplay;3
3345;World of Pain;Cream;3
3346;Before You Accuse Me;Creedence Clearwater Revival;3
3347;Lookin' Out My Back Door;Creedence Clearwater Revival;3
3348;Travelin' Band;Creedence Clearwater Revival;3
3349;Up Around the Bend;Creedence Clearwater Revival;3
3350;Revolution 909;Daft Punk;3
3351;Something About Us;Daft Punk;3
3352;Combustion;Damon Albarn;3
3353;Daft Wader;Damon Albarn;3
3354;Esje;Damon Albarn;3
3355;Giraffe Trumpet Sea;Damon Albarn;3
3356;Hollow Ponds;Damon Albarn;3
3357;Parakeet;Damon Albarn;3
3358;Particles;Damon Albarn;3
3359;Photographs (You Are Taking Now);Damon Albarn;3
3360;Polaris;Damon Albarn;3
3361;Seven High;Damon Albarn;3
3362;The Cormorant;Damon Albarn;3
3363;The Tower of Montevideo;Damon Albarn;3
3364;You And Me;Damon Albarn;3
3365;1000 Miles;Dave Rowntree;3
3366;Black Sheep;Dave Rowntree;3
3367;Devil's Island;Dave Rowntree;3
3368;Downtown;Dave Rowntree;3
3369;Hk;Dave Rowntree;3
3370;London Bridge;Dave Rowntree;3
3371;Machines Like Me;Dave Rowntree;3
3372;Tape Measure;Dave Rowntree;3
3373;Volcano;Dave Rowntree;3
3374;Who's Asking;Dave Rowntree;3
3375;After All;David Bowie;3
3376;Art Decade;David Bowie;3
3377;Chant of the Ever Circling Skeletal Family;David Bowie;3
3378;Crystal Japan (Japanese single A-side, 1979);David Bowie;3
3379;Don't Let Me Down & Down;David Bowie;3
3380;Golden Years;David Bowie;3
3381;I Know It's Gonna Happen Someday;David Bowie;3
3382;Looking for Lester;David Bowie;3
3383;Lucy Can't Dance;David Bowie;3
3384;Neuköln;David Bowie;3
3385;Pallas Athena;David Bowie;3
3386;Running Gun Blues;David Bowie;3
3387;She Shook Me Cold;David Bowie;3
3388;Space Oddity (re-recorded single B-side, 1979);David Bowie;3
3389;Station to Station;David Bowie;3
3390;Stay;David Bowie;3
3391;The Man Who Sold the World;David Bowie;3
3392;The Secret Life of Arabia;David Bowie;3
3393;The Wedding Song;David Bowie;3
3394;TVC 15;David Bowie;3
3395;Width of a Circle;David Bowie;3
3396;Word on a Wing;David Bowie;3
3397;Manhattan Skyline;David Shire;3
3398;Night on Disco Mountain;David Shire;3
3399;Salsation;David Shire;3
3400;Fireball;Deep Purple;3
3401;Space Truckin';Deep Purple;3
3402;Behind the Wheel;Depeche Mode;3
3403;Enjoy the Silence;Depeche Mode;3
3404;Strangelove;Depeche Mode;3
3405;Everybody's Weird;dEUS;3
3406;Let's See Who Goes Down First;dEUS;3
3407;Magdalena;dEUS;3
3408;One Advice, Space;dEUS;3
3409;Put The Freaks Up Front;dEUS;3
3410;Sister Dew;dEUS;3
3411;The Ideal Crash;dEUS;3
3412;Freak Scene;Dinosaur Jr.;3
3413;Just Like Heaven;Dinosaur Jr.;3
3414;Kracked;Dinosaur Jr.;3
3415;Little Fury Things;Dinosaur Jr.;3
3416;Lose;Dinosaur Jr.;3
3417;Poledo;Dinosaur Jr.;3
3418;Raisans;Dinosaur Jr.;3
3419;Show Me the Way (bonus);Dinosaur Jr.;3
3420;Sludgefeast;Dinosaur Jr.;3
3421;Tarpit;Dinosaur Jr.;3
3422;Angel of Mercy;Dire Straits;3
3423;Communiqué;Dire Straits;3
3424;Follow Me Home;Dire Straits;3
3425;Lady Writer;Dire Straits;3
3426;News;Dire Straits;3
3427;Once Upon a Time in the West;Dire Straits;3
3428;Portobello Belle;Dire Straits;3
3429;Single Handed Sailor;Dire Straits;3
3430;Where Do You Think You're Going?;Dire Straits;3
3431;Gin & Milk;Dirty Pretty Things;3
3432;Beyond This Life;Dream Theater;3
3433;Hold Back the Rain;Duran Duran;3
3434;Hungry Like the Wolf;Duran Duran;3
3435;Last Chance on the Stairway;Duran Duran;3
3436;Lonely in Your Nightmare;Duran Duran;3
3437;My Own Way;Duran Duran;3
3438;New Religion;Duran Duran;3
3439;Seven Seas;Echo & the Bunnymen;3
3440;Great Things;Echobelly;3
3441;I Can't Imagine the World Without Me;Echobelly;3
3442;Insomniac;Echobelly;3
3443;King of the Kerb;Echobelly;3
3444;Pantyhose and Roses;Echobelly;3
3445;La Vie L'amour;Édith Piaf;3
3446;Polichinelle;Édith Piaf;3
3447;¿Quién Eres Tu?;El Último de la Fila;3
3448;Aviones Plateados;El Último de la Fila;3
3449;Dulces sueños;El Último de la Fila;3
3450;El loco de la calle;El Último de la Fila;3
3451;Insurrección;El Último de la Fila;3
3452;Lejos De Las Leyes De Los Hombres;El Último de la Fila;3
3453;Mi Patria En Mis Zapatos;El Último de la Fila;3
3454;No Me Acostumbro;El Último de la Fila;3
3455;Querida Milagros;El Último de la Fila;3
3456;Son cuatro días;El Último de la Fila;3
3457;Soy Un Accidente;El Último de la Fila;3
3458;2:1;Elastica;3
3459;Annie;Elastica;3
3460;Vaseline;Elastica;3
3461;Waking Up;Elastica;3
3462;In Old England Town (Boogie No.2);Electric Light Orchestra;3
3463;Mama...;Electric Light Orchestra;3
3464;Nightrider;Electric Light Orchestra;3
3465;Nobody's Child;Electric Light Orchestra;3
3466;Cold As Christmas;Elton John;3
3467;Crystal;Elton John;3
3468;My Father's Gun;Elton John;3
3469;Religion;Elton John;3
3470;Too Low For Zero;Elton John;3
3471;(What's So Funny 'Bout) Peace, Love And Understanding;Elvis Costello;3
3472;Accidents Will Happen;Elvis Costello;3
3473;Everyday I Write the Book;Elvis Costello;3
3474;Pump It Up;Elvis Costello;3
3475;Radio Radio;Elvis Costello;3
3476;Watching the Detectives;Elvis Costello;3
3477;(You're The) Devil in Disguise;Elvis Presley;3
3478;Crying in the Chapel;Elvis Presley;3
3479;Fever;Elvis Presley;3
3480;I Want You, I Need You, I Love You;Elvis Presley;3
3481;Love Me;Elvis Presley;3
3482;My Way;Elvis Presley;3
3483;Something;Elvis Presley;3
3484;That's All Right;Elvis Presley;3
3485;The Wonder Of You;Elvis Presley;3
3486;¡Cuidado!;Eskorbuto;3
3487;ANTES EN LAS GUERRAS;Eskorbuto;3
3488;Ya no quedan mas cojones - este maldito pais - Eskorbuto a las elecciones;Eskorbuto;3
3489;Como Camarón;Estopa;3
3490;El Del Medio De Los Chichos;Estopa;3
3491;Partiendo La Pana;Estopa;3
3492;Adiós, abanico, que llegó el aire;Extremoduro;3
3493;Arrebato;Extremoduro;3
3494;Caballero Andante (¡no Me Dejen Así!);Extremoduro;3
3495;Desidia;Extremoduro;3
3496;Emparedado;Extremoduro;3
3497;Extremaydura;Extremoduro;3
3498;J.D. La central nuclear;Extremoduro;3
3499;La Canción de los Oficios;Extremoduro;3
3500;Ni Príncipes Ni Princesas;Extremoduro;3
3501;No Me Calientes, Que Me Hundo;Extremoduro;3
3502;Perro Callejero;Extremoduro;3
3503;Resolución;Extremoduro;3
3504;Romperás;Extremoduro;3
3505;Te Juzgarán Sólo Por Tus Errores (Yo No);Extremoduro;3
3506;Todos Me Dicen;Extremoduro;3
3507;V Centenario;Extremoduro;3
3508;Dreams;Fleetwood Mac;3
3509;Go Your Own Way;Fleetwood Mac;3
3510;Gold Dust Woman;Fleetwood Mac;3
3511;I Don't Want to Know;Fleetwood Mac;3
3512;Never Going Back Again;Fleetwood Mac;3
3513;Oh Daddy;Fleetwood Mac;3
3514;Songbird;Fleetwood Mac;3
3515;The Chain;Fleetwood Mac;3
3516;You Make Loving Fun;Fleetwood Mac;3
3517;The French Open;Foals;3
3518;Aurora;Foo Fighters;3
3519;Breakout;Foo Fighters;3
3520;Generator;Foo Fighters;3
3521;Gimme Stitches;Foo Fighters;3
3522;Live-In Skin;Foo Fighters;3
3523;Next Year;Foo Fighters;3
3524;Stacked Actors;Foo Fighters;3
3525;Hungry Freaks, Daddy;Frank Zappa;3
3526;Darts of Pleasure;Franz Ferdinand;3
3527;El Calor del Amor En un Bar;Gabinete Caligari;3
3528;Nadie me va añorar;Gabinete Caligari;3
3529;Tócala Uli;Gabinete Caligari;3
3530;Hammering in My Head;Garbage;3
3531;Medication;Garbage;3
3532;Temptation Waits;Garbage;3
3533;I Live for You;George Harrison;3
3534;What Is Life;George Harrison;3
3535;In My Hole;Gilbert O'Sullivan;3
3536;Faster Than the Speed of Love;Giorgio Moroder;3
3537;First Hand Experience in Second Hand Love;Giorgio Moroder;3
3538;From Here to Eternity;Giorgio Moroder;3
3539;From Here to Eternity (reprise);Giorgio Moroder;3
3540;I'm Left, You're Right, She's Gone;Giorgio Moroder;3
3541;Lost Angeles;Giorgio Moroder;3
3542;Too Hot to Handle;Giorgio Moroder;3
3543;Utopia - Me Giorgio;Giorgio Moroder;3
3544;Lonesome Swan;Glasvegas;3
3545;Danny Boy (Londonderry Air);Glenn Miller;3
3546;Johnson Rag;Glenn Miller;3
3547;5-4 (Five Four);Gorillaz;3
3548;Andromeda (feat. D.R.A.M.);Gorillaz;3
3549;Aspen Forest;Gorillaz;3
3550;Carnival;Gorillaz;3
3551;Dead Butterflies (feat. Kano & Roxani Arias);Gorillaz;3
3552;Detroit;Gorillaz;3
3553;Friday 13th (feat. Octavian);Gorillaz;3
3554;Highway (Under Construction);Gorillaz;3
3555;Hollywood;Gorillaz;3
3556;Idaho;Gorillaz;3
3557;Let Me Out;Gorillaz;3
3558;M1 A1;Gorillaz;3
3559;Pac-Man (feat. ScHoolboy Q);Gorillaz;3
3560;Phoner to Arizona;Gorillaz;3
3561;Punk;Gorillaz;3
3562;Re-Hash;Gorillaz;3
3563;Saturnz Barz (feat. Popcaan);Gorillaz;3
3564;Shy-town;Gorillaz;3
3565;Superfast Jellyfish;Gorillaz;3
3566;Taxi Back To 80's Reykjavík;Gorillaz;3
3567;The Snake in Dallas;Gorillaz;3
3568;We Got The Power (feat. Jehnny Beth);Gorillaz;3
3569;A Day Is Far Too Long;Graham Coxon;3
3570;brave the storm;Graham Coxon;3
3571;Burn It Down;Graham Coxon;3
3572;Caspian Sea;Graham Coxon;3
3573;Empty Word;Graham Coxon;3
3574;Fags and Failure;Graham Coxon;3
3575;Far From Everything;Graham Coxon;3
3576;Flights To The Sea (Lovely Rain);Graham Coxon;3
3577;Humble Man;Graham Coxon;3
3578;In A Salty Sea;Graham Coxon;3
3579;Look into the Light;Graham Coxon;3
3580;R U Lonely?;Graham Coxon;3
3581;Satan i Gatan;Graham Coxon;3
3582;Seven Naked Valleys;Graham Coxon;3
3583;Song for the Sick;Graham Coxon;3
3584;Standing On My Own Again;Graham Coxon;3
3585;Tell It Like It Is;Graham Coxon;3
3586;The Fear;Graham Coxon;3
3587;The Truth;Graham Coxon;3
3588;This House;Graham Coxon;3
3589;What'll It Take?;Graham Coxon;3
3590;Where'd You Go?;Graham Coxon;3
3591;Basket Case;Green Day;3
3592;Blood, Sex and Booze;Green Day;3
3593;Burnout;Green Day;3
3594;Chump;Green Day;3
3595;Church on Sunday;Green Day;3
3596;Coming Clean;Green Day;3
3597;Emenius Sleepus;Green Day;3
3598;Extraordinary Girl;Green Day;3
3599;F.O.D./All by Myself;Green Day;3
3600;Fashion Victim;Green Day;3
3601;Having a Blast;Green Day;3
3602;In the End;Green Day;3
3603;Longview;Green Day;3
3604;Pulling Teeth;Green Day;3
3605;Sassafras Roots;Green Day;3
3606;She;Green Day;3
3607;Welcome to Paradise;Green Day;3
3608;When I Come Around;Green Day;3
3609;It's So Easy;Guns N' Roses;3
3610;Mr. Brownstone;Guns N' Roses;3
3611;My Michelle;Guns N' Roses;3
3612;Nightrain;Guns N' Roses;3
3613;Out ta Get Me;Guns N' Roses;3
3614;Paradise City;Guns N' Roses;3
3615;Think About You;Guns N' Roses;3
3616;Welcome to the Jungle;Guns N' Roses;3
3617;Al Lado;Hamlet;3
3618;Ceremonia T.V.;Hamlet;3
3619;Coeficiente Deprimente;Hamlet;3
3620;Irracional;Hamlet;3
3621;Perdón Por Vivir;Hamlet;3
3622;Qué voy a Hacer;Hamlet;3
3623;Quién;Hamlet;3
3624;Reza;Hamlet;3
3625;SACRIFICAR;Hamlet;3
3626;I Close My Eyes;Hard-Fi;3
3627;Watch Me Fall Apart;Hard-Fi;3
3628;Avalancha;Héroes del Silencio;3
3629;Decadencia;Héroes del Silencio;3
3630;El Cuadro II;Héroes del Silencio;3
3631;Hechizo;Héroes del Silencio;3
3632;La Carta;Héroes del Silencio;3
3633;Malas Intenciones;Héroes del Silencio;3
3634;Olvidado;Héroes del Silencio;3
3635;Parasiempre;Héroes del Silencio;3
3636;Sangre Hirviendo;Héroes del Silencio;3
3637;Senda;Héroes del Silencio;3
3638;¡qué Mal Huelen Los Muertos!;Ilegales;3
3639;Ella saltó por la ventana;Ilegales;3
3640;Enamorados de Varsovia;Ilegales;3
3641;Está fascinada;Ilegales;3
3642;Heil Hitler;Ilegales;3
3643;No Me Acaricies El Pelo;Ilegales;3
3644;No Me Gusta El Trabajo;Ilegales;3
3645;Problema Sexual;Ilegales;3
3646;Saber vivir;Ilegales;3
3647;Besides Me;Inspiral Carpets;3
3648;Directing Traffik;Inspiral Carpets;3
3649;Many Happy Returns;Inspiral Carpets;3
3650;Memories of You;Inspiral Carpets;3
3651;Real Thing;Inspiral Carpets;3
3652;Song for a Family;Inspiral Carpets;3
3653;Wrecking Ball;Interpol;3
3654;22 Acacia Avenue;Iron Maiden;3
3655;Children of the Damned;Iron Maiden;3
3656;Gangland;Iron Maiden;3
3657;Hallowed Be Thy Name;Iron Maiden;3
3658;Invaders;Iron Maiden;3
3659;Run to the Hills;Iron Maiden;3
3660;The Number of the Beast;Iron Maiden;3
3661;The Prisoner;Iron Maiden;3
3662;¡Qué barbaridad!;Jaime Urrutia;3
3663;¿Qué hay de comer?;Jaime Urrutia;3
3664;Toda Mi Vida;Jaime Urrutia;3
3665;Alright;Jamiroquai;3
3666;Black Capricorn Day;Jamiroquai;3
3667;Butterfly;Jamiroquai;3
3668;Canned Heat (album version);Jamiroquai;3
3669;Deeper Underground;Jamiroquai;3
3670;Destitute Illusions;Jamiroquai;3
3671;Drifting Along;Jamiroquai;3
3672;Falling;Jamiroquai;3
3673;High Times;Jamiroquai;3
3674;King for a Day;Jamiroquai;3
3675;Planet Home;Jamiroquai;3
3676;Soul Education;Jamiroquai;3
3677;Supersonic;Jamiroquai;3
3678;Travelling Without Moving;Jamiroquai;3
3679;Where Do We Go from Here?;Jamiroquai;3
3680;Baby's Coming Back To Me;Jarvis Cocker;3
3681;Disney Time;Jarvis Cocker;3
3682;From Auschwitz To Ipswich;Jarvis Cocker;3
3683;I Will Kill Again;Jarvis Cocker;3
3684;Corpus Christi Carol;Jeff Buckley;3
3685;Dream Brother;Jeff Buckley;3
3686;Eternal Life;Jeff Buckley;3
3687;Hallelujah;Jeff Buckley;3
3688;Last Goodbye;Jeff Buckley;3
3689;Lilac Wine;Jeff Buckley;3
3690;Lover, You Should've Come Over;Jeff Buckley;3
3691;Mojo Pin;Jeff Buckley;3
3692;So Real;Jeff Buckley;3
3693;3/5 of a Mile in 10 Seconds;Jefferson Airplane;3
3694;Comin' Back to Me;Jefferson Airplane;3
3695;D.C.B.A. - 25;Jefferson Airplane;3
3696;Embryonic Journey;Jefferson Airplane;3
3697;How Do You Feel;Jefferson Airplane;3
3698;Plastic Fantastic Lover;Jefferson Airplane;3
3699;Today;Jefferson Airplane;3
3700;Break Up;Jerry Lee Lewis;3
3701;Breathless;Jerry Lee Lewis;3
3702;Fools Like Me;Jerry Lee Lewis;3
3703;High School Confidential;Jerry Lee Lewis;3
3704;Lewis Boogie;Jerry Lee Lewis;3
3705;Matchbox;Jerry Lee Lewis;3
3706;Ubangi Stomp;Jerry Lee Lewis;3
3707;Fire;Jimi Hendrix;3
3708;I Don't Live Today;Jimi Hendrix;3
3709;May This Be Love;Jimi Hendrix;3
3710;Besos en la frente;Joaquín Sabina;3
3711;Bruja;Joaquín Sabina;3
3712;Cuando Aprieta el Frío;Joaquín Sabina;3
3713;Incompatibilidad de caracteres;Joaquín Sabina;3
3714;Kung-Fu;Joaquín Sabina;3
3715;Locos de Atar;Joaquín Sabina;3
3716;Mi amigo Sátan;Joaquín Sabina;3
3717;Pisa el acelerador;Joaquín Sabina;3
3718;Telespañolito;Joaquín Sabina;3
3719;Could You Be Loved;Joe Cocker;3
3720;N'oubliez Jamais;Joe Cocker;3
3721;The Simple Things;Joe Cocker;3
3722;Always with Me, Always with You;Joe Satriani;3
3723;Circles;Joe Satriani;3
3724;Crushing Day;Joe Satriani;3
3725;Echo;Joe Satriani;3
3726;Hill of the Skull;Joe Satriani;3
3727;Ice 9;Joe Satriani;3
3728;Lords of Karma;Joe Satriani;3
3729;Midnight;Joe Satriani;3
3730;Satch Boogie;Joe Satriani;3
3731;Bless You;John Lennon;3
3732;Clean Up Time;John Lennon;3
3733;I'm Moving On;John Lennon;3
3734;Old Dirt Road;John Lennon;3
3735;Only People;John Lennon;3
3736;Steel and Glass;John Lennon;3
3737;Tight As;John Lennon;3
3738;What You Got;John Lennon;3
3739;Whatever Gets You Through the Night;John Lennon;3
3740;I Remember Nothing;Joy Division;3
3741;Interzone;Joy Division;3
3742;Shadowplay;Joy Division;3
3743;Wilderness;Joy Division;3
3744;A Touch of Evil;Judas Priest;3
3745;All Guns Blazing;Judas Priest;3
3746;Battle Hymn;Judas Priest;3
3747;Between the Hammer & the Anvil;Judas Priest;3
3748;Hell Patrol;Judas Priest;3
3749;Leather Rebel;Judas Priest;3
3750;Metal Meltdown;Judas Priest;3
3751;Night Crawler;Judas Priest;3
3752;One Shot at Glory;Judas Priest;3
3753;Painkiller;Judas Priest;3
3754;Everyday I Love You Less and Less;Kaiser Chiefs;3
3755;I Predict a Riot;Kaiser Chiefs;3
3756;Club Foot;Kasabian;3
3757;Boogie Shoes;KC and The Sunshine Band;3
3758;Moonchild / The Dream / The Illusion;King Crimson;3
3759;The Court of the Crimson King / The Return of the Fire Witch / The Dance of t...;King Crimson;3
3760;Cold Gin;Kiss;3
3761;Firehouse;Kiss;3
3762;Getaway;Kiss;3
3763;Ladies In Waiting;Kiss;3
3764;Let Me Know;Kiss;3
3765;Nothin' to Lose;Kiss;3
3766;Room Service;Kiss;3
3767;Two Timer;Kiss;3
3768;Open Sesame;Kool & the Gang;3
3769;Kometenmelodie 1;Kraftwerk;3
3770;Kometenmelodie 2;Kraftwerk;3
3771;Mitternacht;Kraftwerk;3
3772;Morgenspaziergang;Kraftwerk;3
3773;Hollow Man (parts 1 & 2);Kula Shaker;3
3774;Bron-Y-Aur Stomp;Led Zeppelin;3
3775;Fool in the Rain;Led Zeppelin;3
3776;Friends;Led Zeppelin;3
3777;Gallows Pole;Led Zeppelin;3
3778;Good Times Bad Times;Led Zeppelin;3
3779;Hats Off to (Roy) Harper;Led Zeppelin;3
3780;I Can't Quit You Baby;Led Zeppelin;3
3781;I'm Gonna Crawl;Led Zeppelin;3
3782;Out on the Tiles;Led Zeppelin;3
3783;Since I've Been Loving You;Led Zeppelin;3
3784;South Bound Saurez;Led Zeppelin;3
3785;Tangerine;Led Zeppelin;3
3786;¡Corre, Corre!;Leño;3
3787;¡Qué desilusión!;Leño;3
3788;Apágalas;Leño;3
3789;Aprendiendo A Escuchar;Leño;3
3790;Calendario;Leño;3
3791;El Oportunista;Leño;3
3792;Entre Las Cejas;Leño;3
3793;Este Madrid;Leño;3
3794;Mientras Tanto;Leño;3
3795;Sodoma Y Chabola;Leño;3
3796;Todo Es Más Sencillo;Leño;3
3797;Master Song;Leonard Cohen;3
3798;Suzanne;Leonard Cohen;3
3799;The Stranger Song;Leonard Cohen;3
3800;Winter Lady;Leonard Cohen;3
3801;Baby;Little Richard;3
3802;Jenny Jenny;Little Richard;3
3803;Long Tall Sally;Little Richard;3
3804;Miss Ann;Little Richard;3
3805;Oh Why?;Little Richard;3
3806;Ready Teddy;Little Richard;3
3807;Rip It Up;Little Richard;3
3808;She's Got It;Little Richard;3
3809;Slippin' and Slidin';Little Richard;3
3810;María;Loquillo y Trogloditas;3
3811;Pégate a mí;Loquillo y Trogloditas;3
3812;Un accidente de circulación;Loquillo y Trogloditas;3
3813;Inevitable;Los Piratas;3
3814;De Viaje;Los Planetas;3
3815;Vas a Verme por la Tele;Los Planetas;3
3816;100 Pájaros Volando;Los Rodríguez;3
3817;Buena Suerte;Los Rodríguez;3
3818;Canal 69;Los Rodríguez;3
3819;La Parte de Atrás;Los Rodríguez;3
3820;Sin Documentos;Los Rodríguez;3
3821;Sin empleo;Los Suaves;3
3822;Soy Un Animal;Los Toreros Muertos;3
3823;Keep Away;Lou Reed;3
3824;Leave Me Alone;Lou Reed;3
3825;New Sensations;Lou Reed;3
3826;Nowhere At All (Bonus);Lou Reed;3
3827;Ocean;Lou Reed;3
3828;Ride Sally Ride;Lou Reed;3
3829;Sally Can't Dance;Lou Reed;3
3830;Wait;Lou Reed;3
3831;Dear Peter (Te Debo Esta Canción);Luis Eduardo Aute;3
3832;Hoy, Ahora, Ya;Luis Eduardo Aute;3
3833;Terca Noche;Luis Eduardo Aute;3
3834;Gimme Three Steps;Lynyrd Skynyrd;3
3835;I Ain't the One;Lynyrd Skynyrd;3
3836;Mississippi Kid;Lynyrd Skynyrd;3
3837;Swamp Music;Lynyrd Skynyrd;3
3838;The Ballad Of Curtis Loew;Lynyrd Skynyrd;3
3839;Tuesday's Gone;Lynyrd Skynyrd;3
3840;Bed & Breakfast Man;Madness;3
3841;Believe Me;Madness;3
3842;Blue Skinned Beast;Madness;3
3843;Chipmunks Are Go!;Madness;3
3844;Land Of The Hope And Glory;Madness;3
3845;Madness (bonus);Madness;3
3846;Mummy's Boy;Madness;3
3847;Razor Blade Alley;Madness;3
3848;Rise and Fall;Madness;3
3849;Rockin' in A Flat;Madness;3
3850;Sunday Morning;Madness;3
3851;Swan Lake;Madness;3
3852;Tarzan's Nuts;Madness;3
3853;The Prince;Madness;3
3854;Tomorrow's Just Another Day;Madness;3
3855;Be Natural;Manic Street Preachers;3
3856;Born a Girl;Manic Street Preachers;3
3857;I'm Not Working;Manic Street Preachers;3
3858;Nobody Loved You;Manic Street Preachers;3
3859;S.Y.M.M.;Manic Street Preachers;3
3860;Socialist Serenade [Bonus track for Japan];Manic Street Preachers;3
3861;Dark Mavis;Mansun;3
3862;Disgusting;Mansun;3
3863;Egg Shaped Fred;Mansun;3
3864;Mansun's Only Love Song;Mansun;3
3865;Naked Twister;Mansun;3
3866;She Makes My Nose Bleed;Mansun;3
3867;Taxloss;Mansun;3
3868;The Chad Who Loved Me;Mansun;3
3869;You, Who Do You Hate?;Mansun;3
3870;(Exchange);Massive Attack;3
3871;Angel;Massive Attack;3
3872;Black Milk;Massive Attack;3
3873;Blue Lines;Massive Attack;3
3874;Daydreaming;Massive Attack;3
3875;Dissolved Girl;Massive Attack;3
3876;Exchange;Massive Attack;3
3877;Five Man Army;Massive Attack;3
3878;Group Four;Massive Attack;3
3879;Hymn of the Big Wheel;Massive Attack;3
3880;Inertia Creeps;Massive Attack;3
3881;Lately;Massive Attack;3
3882;Man Next Door;Massive Attack;3
3883;Mezzanine;Massive Attack;3
3884;One Love;Massive Attack;3
3885;Risingson;Massive Attack;3
3886;Safe From Harm;Massive Attack;3
3887;Teardrop;Massive Attack;3
3888;Unfinished Sympathy;Massive Attack;3
3889;Dawn Patrol;Megadeth;3
3890;Five Magics;Megadeth;3
3891;Hangar 18;Megadeth;3
3892;Lucretia;Megadeth;3
3893;Poison Was the Cure;Megadeth;3
3894;Rust In Peace...Polaris;Megadeth;3
3895;Skin O' My Teeth;Megadeth;3
3896;Symphony of Destruction;Megadeth;3
3897;Take No Prisoners;Megadeth;3
3898;Tornado of Souls;Megadeth;3
3899;The Dark Is Rising;Mercury Rev;3
3900;K-Jee;MFSB;3
3901;Baby Be Mine;Michael Jackson;3
3902;Bad;Michael Jackson;3
3903;Human Nature;Michael Jackson;3
3904;Wanna Be Startin' Somethin';Michael Jackson;3
3905;20 Eyes;Misfits;3
3906;All Hell Breaks Loose;Misfits;3
3907;Astro Zombies;Misfits;3
3908;Devils Whorehouse;Misfits;3
3909;Die Die My Darling;Misfits;3
3910;Hatebreeders;Misfits;3
3911;I Turned Into a Martian;Misfits;3
3912;Mommy Can I Go Out And Lill Tonight [Live!];Misfits;3
3913;Night of the Living Dead;Misfits;3
3914;Nike a Go Go;Misfits;3
3915;Skulls;Misfits;3
3916;Vampira;Misfits;3
3917;Violent World;Misfits;3
3918;I'm Not Worried At All;Moby;3
3919;In My Heart;Moby;3
3920;Why Does My Heart Feel So Bad?;Moby;3
3921;Chinga Tu Madre;Molotov;3
3922;Gimma Tha Power;Molotov;3
3923;Puto;Molotov;3
3924;Que no te Haga Bobo Jacobo;Molotov;3
3925;Come On And Dance;Mötley Crüe;3
3926;Live Wire;Mötley Crüe;3
3927;Merry-Go-Round;Mötley Crüe;3
3928;On With The Show;Mötley Crüe;3
3929;Piece Of Your Action;Mötley Crüe;3
3930;Public Enemy #1;Mötley Crüe;3
3931;Starry Eyes;Mötley Crüe;3
3932;Take Me to the Top;Mötley Crüe;3
3933;Too Fast For Love;Mötley Crüe;3
3934;Bliss;Muse;3
3935;Exo-Politics;Muse;3
3936;Hoodoo;Muse;3
3937;Map of the Problematique;Muse;3
3938;Sober;Muse;3
3939;Starlight;Muse;3
3940;Take a Bow;Muse;3
3941;Uno;Muse;3
3942;All I Need;my bloody valentine;3
3943;Feed Me With Your Kiss;my bloody valentine;3
3944;No More Sorry;my bloody valentine;3
3945;Elegia;New Order;3
3946;Face Up;New Order;3
3947;Love Vigilantes;New Order;3
3948;Sooner Than You Think;New Order;3
3949;Sunrise;New Order;3
3950;The Perfect Kiss;New Order;3
3951;This Time of Night;New Order;3
3952;Black Crow King;Nick Cave & the Bad Seeds;3
3953;All Apologies & Gallons Of Rubbing Alcohol Flow Thought The Trip;Nirvana;3
3954;Blew;Nirvana;3
3955;Dumb;Nirvana;3
3956;Floyd the Barber;Nirvana;3
3957;Heart-Shaped Box;Nirvana;3
3958;Radio Friendly Unit Shifter;Nirvana;3
3959;School;Nirvana;3
3960;Very Ape;Nirvana;3
3961;Different People;No Doubt;3
3962;Excuse Me Mr.;No Doubt;3
3963;Happy Now;No Doubt;3
3964;The Climb;No Doubt;3
3965;You Can Do It;No Doubt;3
3966;Dream On;Noel Gallagher;3
3967;In the Heat of the Moment;Noel Gallagher;3
3968;Lock All The Doors;Noel Gallagher;3
3969;Riverman;Noel Gallagher;3
3970;The Girl with X-Ray Eyes;Noel Gallagher;3
3971;A Bell Will Ring;Oasis;3
3972;Ain't Got Nothin';Oasis;3
3973;All Around the World (reprise);Oasis;3
3974;Bag It Up;Oasis;3
3975;Fade In-Out;Oasis;3
3976;Falling Down;Oasis;3
3977;Guess God Thinks I'm Abel;Oasis;3
3978;I'm Outta Time;Oasis;3
3979;It's Gettin' Better (Man!!);Oasis;3
3980;Keep the Dream Alive;Oasis;3
3981;Let There Be Love;Oasis;3
3982;Lyla;Oasis;3
3983;Magic Pie;Oasis;3
3984;My Big Mouth;Oasis;3
3985;Part of the Queue;Oasis;3
3986;Rockin' Chair;Oasis;3
3987;The Importance of Being Idle;Oasis;3
3988;The Nature of Reality;Oasis;3
3989;The Turning;Oasis;3
3990;Turn Up the Sun;Oasis;3
3991;(I Can't Get No) Satisfaction;Otis Redding;3
3992;Rock Me Baby;Otis Redding;3
3993;You Don't Miss Your Water;Otis Redding;3
3994;Fucking Hostile;Pantera;3
3995;No Good (Attack the Radical);Pantera;3
3996;Rise;Pantera;3
3997;This Love;Pantera;3
3998;Autosuficiencia;Parálisis Permanente;3
3999;Birdland;Patti Smith;3
4000;Elegie;Patti Smith;3
4001;Free Money;Patti Smith;3
4002;Kimberly;Patti Smith;3
4003;Land: Horses + Land Of A Thousand Dances + La Mer (de);Patti Smith;3
4004;3 Legs;Paul McCartney;3
4005;Dear Boy;Paul McCartney;3
4006;On the Way;Paul McCartney;3
4007;Smile Away;Paul McCartney;3
4008;Temporary Secretary;Paul McCartney;3
4009;The Back Seat of My Car;Paul McCartney;3
4010;Too Many People;Paul McCartney;3
4011;Waterfalls;Paul McCartney;3
4012;Black Out;Pavement;3
4013;Extradition;Pavement;3
4014;Rattled by the Rush;Pavement;3
4015;We Dance;Pavement;3
4016;Definitive Breaks;Phoenix;3
4017;Funky Squaredance;Phoenix;3
4018;One Time Too Many;Phoenix;3
4019;Second To None;Phoenix;3
4020;Fat Old Sun;Pink Floyd;3
4021;A Place Called Home;PJ Harvey;3
4022;Big Exit;PJ Harvey;3
4023;One Line;PJ Harvey;3
4024;This Mess We're In;PJ Harvey;3
4025;Black-Eyed;Placebo;3
4026;Slave to the Wage;Placebo;3
4027;Alucinante;Platero y tú;3
4028;Cantalojas;Platero y tú;3
4029;Contaminamos;Platero y tú;3
4030;Desertor;Platero y tú;3
4031;Esa chica tan cara;Platero y tú;3
4032;La Vecina;Platero y tú;3
4033;Meando en la pared;Platero y tú;3
4034;No hierve tu sangre;Platero y tú;3
4035;No me quieres saludar;Platero y tú;3
4036;Ramón;Platero y tú;3
4037;Sin solución;Platero y tú;3
4038;Tiemblan los corazones;Platero y tú;3
4039;Ya no existe la vida;Platero y tú;3
4040;Damaged;Primal Scream;3
4041;Higher Than the Sun;Primal Scream;3
4042;Miss Lucifer;Primal Scream;3
4043;Poptones;Public Image Ltd.;3
4044;Roadkill;Pulp;3
4045;Seductive Barry;Pulp;3
4046;Street Operator [#][Demo Previously Unreleased][Demo Version];Pulp;3
4047;Sunrise;Pulp;3
4048;Action This Day;Queen;3
4049;Dancer;Queen;3
4050;Drowse;Queen;3
4051;Life Is Real (Song For Lennon);Queen;3
4052;Long Away;Queen;3
4053;One Vision;Queen;3
4054;Put Out The Fire;Queen;3
4055;Seven Seas of Rhye;Queen;3
4056;Somebody to Love;Queen;3
4057;Staying Power;Queen;3
4058;Teo Torriatte (Let Us Cling Together);Queen;3
4059;The Millionaire Waltz;Queen;3
4060;The Show Must Go On;Queen;3
4061;Tie Your Mother Down;Queen;3
4062;You and I;Queen;3
4063;Better Living Through Chemistry;Queens of the Stone Age;3
4064;Feel Good Hit of the Summer;Queens of the Stone Age;3
4065;No One Knows;Queens of the Stone Age;3
4066;Quick and to the Pointless;Queens of the Stone Age;3
4067;(Don't Go Back to) Rockville;R.E.M.;3
4068;Belong;R.E.M.;3
4069;Country Feedback;R.E.M.;3
4070;Daysleeper;R.E.M.;3
4071;Endgame;R.E.M.;3
4072;Half a World Away;R.E.M.;3
4073;Low;R.E.M.;3
4074;Me in Honey;R.E.M.;3
4075;Near Wild Heaven;R.E.M.;3
4076;Nightswimming;R.E.M.;3
4077;Radio Song;R.E.M.;3
4078;Texarkana;R.E.M.;3
4079;Instrumental;Radio Futura;3
4080;Mercuriana;Radio Futura;3
4081;A Punchup at a Wedding. (No No No No No No No No.);Radiohead;3
4082;A Wolf at the Door. (It Girl. Rag Doll.);Radiohead;3
4083;Blow Out;Radiohead;3
4084;I Can't;Radiohead;3
4085;I Will. (No Man's Land.);Radiohead;3
4086;Lurgee;Radiohead;3
4087;Myxomatosis. (Judge, Jury & Executioner.);Radiohead;3
4088;Prove Yourself;Radiohead;3
4089;Scatterbrain. (As Dead as Leaves.);Radiohead;3
4090;Stop Whispering;Radiohead;3
4091;Thinking About You;Radiohead;3
4092;You;Radiohead;3
4093;Bombtrack;Rage Against the Machine;3
4094;Fistful of Steel;Rage Against the Machine;3
4095;Freedom;Rage Against the Machine;3
4096;Take the Power Back;Rage Against the Machine;3
4097;Township Rebellion;Rage Against the Machine;3
4098;Wake Up;Rage Against the Machine;3
4099;Calypso Breakdown;Ralph MacDonald;3
4100;Bestrafe Mich;Rammstein;3
4101;Du Riechst So Gut;Rammstein;3
4102;Eifersucht;Rammstein;3
4103;Engel;Rammstein;3
4104;Herzeleid;Rammstein;3
4105;Laichzeit;Rammstein;3
4106;Rammstein;Rammstein;3
4107;Spiel Mit Mir;Rammstein;3
4108;Carbona Not Glue;Ramones;3
4109;Chain Saw;Ramones;3
4110;Havana Affair;Ramones;3
4111;I Don't Wanna Go Down to the Basement;Ramones;3
4112;I Don't Wanna Walk Around With You;Ramones;3
4113;Let's Dance;Ramones;3
4114;Listen to My Heart;Ramones;3
4115;Sheena Is a Punk Rocker;Ramones;3
4116;Sheena Is a Punk Rocker (single version);Ramones;3
4117;Today Your Love, Tomorrow the World;Ramones;3
4118;By the Way;Red Hot Chili Peppers;3
4119;Vicio;Reincidentes;3
4120;Black Lines;Richard Ashcroft;3
4121;Everybody Needs Somebody To Hurt;Richard Ashcroft;3
4122;Out Of My Body;Richard Ashcroft;3
4123;They Don't Own Me;Richard Ashcroft;3
4124;Gli Parlerò Di Te;Righeira;3
4125;Luciano Serra Pilota;Righeira;3
4126;Music Kills Me;Rinôçérôse;3
4127;Poison (feat. Damon Albarn);Rocket Juice & The Moon;3
4128;Cosita;Rosendo;3
4129;Entonces, Duerme;Rosendo;3
4130;Flojos de Pantalón;Rosendo;3
4131;Fuera De Lugar;Rosendo;3
4132;Hasta De Perfil;Rosendo;3
4133;Los De Siempre;Rosendo;3
4134;Manifiesta Deprimente;Rosendo;3
4135;Pan De Higo;Rosendo;3
4136;Vaya Ejemplar de Primavera;Rosendo;3
4137;Veo, Veo... Mamoneo;Rosendo;3
4138;Dutch TV;Saint Etienne;3
4139;Dark Lady;Scorpions;3
4140;Empieza El Día En Tu Jardín;Sidonie;3
4141;Giraluna;Sidonie;3
4142;Mi Canción De Domingo;Sidonie;3
4143;Miles;Sidonie;3
4144;Nuestro Baile Del Viernes;Sidonie;3
4145;Brave Men Run (In My Family);Sonic Youth;3
4146;Ghost Bitch;Sonic Youth;3
4147;I Love Her All The Time;Sonic Youth;3
4148;I'm Insane;Sonic Youth;3
4149;Intro;Sonic Youth;3
4150;Justice Is Might;Sonic Youth;3
4151;Society Is A Hole;Sonic Youth;3
4152;Black Hole Sun;Soundgarden;3
4153;Me & You vs The World;Space;3
4154;Mister Psycho;Space;3
4155;Neighbourhood;Space;3
4156;Voodoo Roller;Space;3
4157;Nihilist Assault Group;Stereolab;3
4158;Transona Five;Stereolab;3
4159;Boogie on Reggae Woman;Stevie Wonder;3
4160;Don't You Worry 'Bout a Thing;Stevie Wonder;3
4161;Too Shy To Say;Stevie Wonder;3
4162;Daddy's Speeding;Suede;3
4163;Introducing the Band;Suede;3
4164;Still Life;Suede;3
4165;We Are the Pigs;Suede;3
4166;Born Again;Supergrass;3
4167;Going Out;Supergrass;3
4168;Jesus Came From Outta Space;Supergrass;3
4169;Pumping on Your Stereo;Supergrass;3
4170;Sometimes I Make You Sad;Supergrass;3
4171;Your Love;Supergrass;3
4172;Bullets (feat. Graham Coxon);Superstate;3
4173;Heaven (Buy a Ticket) [feat. Graham Coxon & Vula];Superstate;3
4174;I Don't Wanna Wait For You (feat. Graham Coxon & Sharlene Hector);Superstate;3
4175;It's All In Your Mind (feat. Graham Coxon & Rahel Debebe-Dessalegne);Superstate;3
4176;L.I.L.Y (feat. Graham Coxon);Superstate;3
4177;Only Takes A Stranger (feat. Graham Coxon & Rahel Debebe-Dessalegne);Superstate;3
4178;The Astral Light (feat. Graham Coxon, Valentina Pappalardo & Sharlene Hector);Superstate;3
4179;The Ball of Light (feat. Graham Coxon);Superstate;3
4180;Tommy Gun (feat. Graham Coxon);Superstate;3
4181;Uncle Sam (feat. Graham Coxon & Rahel Debebe-Dessalegne);Superstate;3
4182;Yoga Town (feat. Graham Coxon & Valentina Pappalardo);Superstate;3
4183;Hide in Your Shell;Supertramp;3
4184;Poor Boy;Supertramp;3
4185;Feel;Syd Barrett;3
4186;Golden Hair;Syd Barrett;3
4187;Long Gone;Syd Barrett;3
4188;Love You;Syd Barrett;3
4189;No Good Trying;Syd Barrett;3
4190;No Man's Land;Syd Barrett;3
4191;She Took a Long Cold Look;Syd Barrett;3
4192;Fun Fair;Tahiti 80;3
4193;Born Under Punches (The Heat Goes On);Talking Heads;3
4194;Listening Wind;Talking Heads;3
4195;Seen and Not Seen;Talking Heads;3
4196;The Overload;Talking Heads;3
4197;Love/Paranoia;Tame Impala;3
4198;New Person, Same Old Mistakes;Tame Impala;3
4199;More Than A Woman by Tavares;Tavares;3
4200;Sparky's Dream;Teenage Fanclub;3
4201;Friction;Television;3
4202;Guiding Light;Television;3
4203;Marquee Moon;Television;3
4204;Prove It;Television;3
4205;See No Evil;Television;3
4206;Venus;Television;3
4207;Mystery Of Pop;Temples;3
4208;Alice What's the Matter;Terrorvision;3
4209;Across the Great Divide;The Band;3
4210;Daniel and the Sacred Harp;The Band;3
4211;Jawbone;The Band;3
4212;Jemima Surrender;The Band;3
4213;Look Out Cleveland;The Band;3
4214;Rag Mama Rag;The Band;3
4215;Rockin' Chair;The Band;3
4216;Sleeping;The Band;3
4217;The Night They Drove Old Dixie Down;The Band;3
4218;The Unfaithful Servant;The Band;3
4219;Up On Cripple Creek;The Band;3
4220;When You Awake;The Band;3
4221;Whispering Pines;The Band;3
4222;All My Loving;The Beatles;3
4223;And I Love Her;The Beatles;3
4224;Boys;The Beatles;3
4225;I'll Cry Instead;The Beatles;3
4226;I'm Happy Just to Dance with You;The Beatles;3
4227;If I Fell;The Beatles;3
4228;It Won't Be Long;The Beatles;3
4229;It's All Too Much;The Beatles;3
4230;Lady Madonna;The Beatles;3
4231;Love You To;The Beatles;3
4232;Mr. Moonlight;The Beatles;3
4233;Things We Said Today;The Beatles;3
4234;Lazarus;The Boo Radleys;3
4235;Do You Believe;The Cardigans;3
4236;Junk Of The Hearts;The Cardigans;3
4237;Lovefool;The Cardigans;3
4238;Paralyzed;The Cardigans;3
4239;I Don't Want to See the Sights;The Charlatans;3
4240;Got Glint?;The Chemical Brothers;3
4241;Leave Home;The Chemical Brothers;3
4242;Setting Sun;The Chemical Brothers;3
4243;Surrender;The Chemical Brothers;3
4244;(White Man) in Hammersmith Palais;The Clash;3
4245;48 Hours;The Clash;3
4246;Brand New Cadillac;The Clash;3
4247;Career Opportunities;The Clash;3
4248;Cheat;The Clash;3
4249;Death or Glory;The Clash;3
4250;Deny;The Clash;3
4251;Hate & War;The Clash;3
4252;I Fought the Law;The Clash;3
4253;I'm So Bored With the U.S.A.;The Clash;3
4254;Janie Jones;The Clash;3
4255;Koka Kola;The Clash;3
4256;London's Burning;The Clash;3
4257;Police & Thieves;The Clash;3
4258;Protex Blue;The Clash;3
4259;What's My Name;The Clash;3
4260;Spanish Main;The Coral;3
4261;Salvation;The Cranberries;3
4262;A Reflection;The Cure;3
4263;Accuracy;The Cure;3
4264;Faith;The Cure;3
4265;In Your House;The Cure;3
4266;Killing an Arab;The Cure;3
4267;M;The Cure;3
4268;Primary;The Cure;3
4269;Secrets;The Cure;3
4270;Seventeen Seconds;The Cure;3
4271;The Final Sound;The Cure;3
4272;Three;The Cure;3
4273;Three Imaginary Boys;The Cure;3
4274;Alabama Song;The Doors;3
4275;Backdoor Man;The Doors;3
4276;In the Eye of the Sun;The Doors;3
4277;Fight Test;The Flaming Lips;3
4278;One More Robot / Sympathy 3000-21;The Flaming Lips;3
4279;Yoshimi Battles the Pink Robots (part 1);The Flaming Lips;3
4280;Henrietta;The Fratellis;3
4281;Behind the Sun;The Good, the Bad & the Queen;3
4282;Northern Whale;The Good, the Bad & the Queen;3
4283;The Great Fire;The Good, the Bad & the Queen;3
4284;A Little More for Little You;The Hives;3
4285;Antidote;The Hives;3
4286;B is for Brutus;The Hives;3
4287;Dead Quote Olympics;The Hives;3
4288;Diabolic Scheme;The Hives;3
4289;Love in Plaster;The Hives;3
4290;Missing Link;The Hives;3
4291;See Through Head;The Hives;3
4292;Two-Timing Touch and Broken Bones;The Hives;3
4293;Walk Idiot Walk;The Hives;3
4294;Monica Gems;The Horrors;3
4295;Oceans Burning;The Horrors;3
4296;Art School;The Jam;3
4297;Away from the Numbers;The Jam;3
4298;Batman Theme;The Jam;3
4299;Circus;The Jam;3
4300;Ghosts;The Jam;3
4301;Happy Together;The Jam;3
4302;Heat Wave;The Jam;3
4303;I Got By in Time;The Jam;3
4304;I've Changed My Address;The Jam;3
4305;In the City;The Jam;3
4306;Just Who Is The 5 O'clock Hero;The Jam;3
4307;Monday;The Jam;3
4308;Non-Stop Dancing;The Jam;3
4309;Precious;The Jam;3
4310;Running on the Spot;The Jam;3
4311;Slow Down;The Jam;3
4312;Sounds from the Street;The Jam;3
4313;The Gift;The Jam;3
4314;The Planner's Dream Goes Wrong;The Jam;3
4315;Time for Truth;The Jam;3
4316;Trans-Global Express;The Jam;3
4317;In a Hole;The Jesus and Mary Chain;3
4318;Inside Me;The Jesus and Mary Chain;3
4319;It's So Hard;The Jesus and Mary Chain;3
4320;My Little Underground;The Jesus and Mary Chain;3
4321;Never Understand;The Jesus and Mary Chain;3
4322;Something's Wrong;The Jesus and Mary Chain;3
4323;Sowing Seeds;The Jesus and Mary Chain;3
4324;You Trip Me Up;The Jesus and Mary Chain;3
4325;Jenny Was a Friend of Mine;The Killers;3
4326;Smile Like You Mean It;The Killers;3
4327;Somebody Told Me;The Killers;3
4328;A House In The Country;The Kinks;3
4329;All Day and All of the Night;The Kinks;3
4330;Big Black Smoke;The Kinks;3
4331;Come On Now;The Kinks;3
4332;Dancing In the Street;The Kinks;3
4333;Don't Ever Change;The Kinks;3
4334;Fancy;The Kinks;3
4335;Holiday In Waikiki;The Kinks;3
4336;I'll Remember;The Kinks;3
4337;It's Alright;The Kinks;3
4338;Lazy Old Sun (Unrealeased Alternate Stereo Take);The Kinks;3
4339;Little Miss Queen Of Darkness;The Kinks;3
4340;Long Tall Sally;The Kinks;3
4341;Mister Pleasant;The Kinks;3
4342;Most Exclusive Residence For Sale;The Kinks;3
4343;Naggin' Woman;The Kinks;3
4344;Sittin' on My Sofa;The Kinks;3
4345;So Long;The Kinks;3
4346;Something Better Beginning;The Kinks;3
4347;Wonder Where My Baby Is Tonight;The Kinks;3
4348;You Shouldn't Be Sad;The Kinks;3
4349;You're Lookin' Fine;The Kinks;3
4350;Road to Ruin;The Libertines;3
4351;The Ha Ha Wall;The Libertines;3
4352;What Became of the Likely Lads;The Libertines;3
4353;Summer in the City;The Lovin' Spoonful;3
4354;Kid;The Pretenders;3
4355;The Wait;The Pretenders;3
4356;Jericho;The Prodigy;3
4357;No Good (Start the Dance);The Prodigy;3
4358;Factory Girl;The Rolling Stones;3
4359;Lady Jane;The Rolling Stones;3
4360;Melody;The Rolling Stones;3
4361;Mother's Little Helper;The Rolling Stones;3
4362;Out of Time;The Rolling Stones;3
4363;Salt Of The Earth;The Rolling Stones;3
4364;Stray Cat Blues;The Rolling Stones;3
4365;When the Whip Comes Down;The Rolling Stones;3
4366;Bodies;The Smashing Pumpkins;3
4367;Cherub Rock;The Smashing Pumpkins;3
4368;Cupid de Locke;The Smashing Pumpkins;3
4369;Daphne Descends;The Smashing Pumpkins;3
4370;For Martha;The Smashing Pumpkins;3
4371;Galapogos;The Smashing Pumpkins;3
4372;In the Arms of Sleep;The Smashing Pumpkins;3
4373;Jellybelly;The Smashing Pumpkins;3
4374;Mellon Collie and the Infinite Sadness;The Smashing Pumpkins;3
4375;Siva;The Smashing Pumpkins;3
4376;Soma;The Smashing Pumpkins;3
4377;Stand Inside Your Love;The Smashing Pumpkins;3
4378;The Crying Tree Of Mercury;The Smashing Pumpkins;3
4379;Thirty-Three;The Smashing Pumpkins;3
4380;Where Boys Fear to Tread;The Smashing Pumpkins;3
4381;Accept Yourself;The Smiths;3
4382;Frankly, Mr. Shankly;The Smiths;3
4383;I Don't Owe You Anything;The Smiths;3
4384;I Know It's Over;The Smiths;3
4385;Pretty Girls Make Graves;The Smiths;3
4386;Suffer Little Children;The Smiths;3
4387;The Queen Is Dead;The Smiths;3
4388;There Is a Light That Never Goes Out;The Smiths;3
4389;A Message to You Rudy;The Specials;3
4390;Too Much Too Young;The Specials;3
4391;Alone, Together;The Strokes;3
4392;Reptilia;The Strokes;3
4393;Get Free;The Vines;3
4394;Simple Days;The WAEVE;3
4395;One Headlight;The Wallflowers;3
4396;Black Math;The White Stripes;3
4397;I Just Don't Know What to Do With Myself;The White Stripes;3
4398;I Want to Be the Boy to Warm Your Mother's Heart;The White Stripes;3
4399;In the Cold, Cold Night;The White Stripes;3
4400;There's No Home for You Here;The White Stripes;3
4401;You've Got Her in Your Pocket;The White Stripes;3
4402;Boris the Spider;The Who;3
4403;I Don't Mind;The Who;3
4404;Sha-La-La;Thin Lizzy;3
4405;She Knows;Thin Lizzy;3
4406;Analyse;Thom Yorke;3
4407;The Eraser;Thom Yorke;3
4408;Flowers in the Window;Travis;3
4409;Sing;Travis;3
4410;Acrobat;U2;3
4411;Bullet the Blue Sky;U2;3
4412;Even Better Than the Real Thing;U2;3
4413;I Still Haven't Found What I'm Looking For;U2;3
4414;In God's Country;U2;3
4415;Love Is Blindness;U2;3
4416;Mothers of the Disappeared;U2;3
4417;Mysterious Ways;U2;3
4418;One Tree Hill;U2;3
4419;Red Hill Mining Town;U2;3
4420;Running to Stand Still;U2;3
4421;So Cruel;U2;3
4422;Staring at the Sun;U2;3
4423;The Fly;U2;3
4424;Trip Through Your Wires;U2;3
4425;Tryin' to Throw Your Arms Around the World;U2;3
4426;Ultra Violet (Light My Way);U2;3
4427;Until the End of the World;U2;3
4428;Where the Streets Have No Name;U2;3
4429;Who's Gonna Ride Your Wild Horses;U2;3
4430;Zoo Station;U2;3
4431;1984;Van Halen;3
4432;Drop Dead Legs;Van Halen;3
4433;Girl Gone Bad;Van Halen;3
4434;Hot for Teacher;Van Halen;3
4435;House Of Pain;Van Halen;3
4436;I'll Wait;Van Halen;3
4437;Panama;Van Halen;3
4438;Top Jimmy;Van Halen;3
4439;A Fifth of Beethoven;Walter Murphy;3
4440;Bluebird;Wings;3
4441;Method Man;Wu-Tang Clan;3
4442;Protect Ya Neck;Wu-Tang Clan;3
4443;Heads Will Roll;Yeah Yeah Yeahs;3
4444;If I Can't Have You;Yvonne Elliman;3
4445;Impazzivo per te;Adriano Celentano;2
4446;Sono Un Simpatico;Adriano Celentano;2
4447;Back in the Saddle;Aerosmith;2
4448;Combination;Aerosmith;2
4449;Get the Lead Out;Aerosmith;2
4450;Hole in My Soul;Aerosmith;2
4451;Last Child;Aerosmith;2
4452;Lick and a Promise;Aerosmith;2
4453;Nobody's Fault;Aerosmith;2
4454;Rats in the Cellar;Aerosmith;2
4455;Sick As a Dog;Aerosmith;2
4456;Something's Gotta Give;Aerosmith;2
4457;Year of the Cat;Al Stewart;2
4458;Comida China;Andrés Calamaro;2
4459;Crímenes Perfectos;Andrés Calamaro;2
4460;El Novio Del Olvido;Andrés Calamaro;2
4461;El tercio de los sueños;Andrés Calamaro;2
4462;Elvis Está Vivo;Andrés Calamaro;2
4463;Jugar con fuego;Andrés Calamaro;2
4464;Más duele;Andrés Calamaro;2
4465;Me Arde;Andrés Calamaro;2
4466;Nunca Es Igual;Andrés Calamaro;2
4467;Prefiero dormir;Andrés Calamaro;2
4468;Socio de la soledad;Andrés Calamaro;2
4469;Te Quiero Igual;Andrés Calamaro;2
4470;A Skeleton in the Closet;Anthrax;2
4471;A.D.I./Horror of It All;Anthrax;2
4472;Among the Living;Anthrax;2
4473;Caught in a Mosh;Anthrax;2
4474;I Am the Law;Anthrax;2
4475;Imitation of Life;Anthrax;2
4476;Indians;Anthrax;2
4477;One World;Anthrax;2
4478;(Antichrist Television Blues);Arcade Fire;2
4479;Black Mirror;Arcade Fire;2
4480;Crown of Love;Arcade Fire;2
4481;Keep the Car Running;Arcade Fire;2
4482;Neon Bible;Arcade Fire;2
4483;Rococo;Arcade Fire;2
4484;The Well and the Lighthouse;Arcade Fire;2
4485;All My Own Stunts;Arctic Monkeys;2
4486;Black Treacle;Arctic Monkeys;2
4487;Brianstorm;Arctic Monkeys;2
4488;Brick by Brick;Arctic Monkeys;2
4489;Cornerstone;Arctic Monkeys;2
4490;Crying Lightning;Arctic Monkeys;2
4491;Library Pictures;Arctic Monkeys;2
4492;Love Is a Laserquest;Arctic Monkeys;2
4493;Piledriver Waltz;Arctic Monkeys;2
4494;Reckless Serenade;Arctic Monkeys;2
4495;She's Thunderstorms;Arctic Monkeys;2
4496;Suck It and See;Arctic Monkeys;2
4497;That's Where You're Wrong;Arctic Monkeys;2
4498;The Blond-O-Sonic Shimmer Trap;Arctic Monkeys;2
4499;The Hellcat Spangled Shalalala;Arctic Monkeys;2
4500;When the Sun Goes Down;Arctic Monkeys;2
4501;Innocent Smile;Ash;2
4502;Australian Blonde;Australian Blonde;2
4503;Don't Care;Australian Blonde;2
4504;I Said Yeah!;Australian Blonde;2
4505;I Want You;Australian Blonde;2
4506;Seaside;Australian Blonde;2
4507;September Song;Australian Blonde;2
4508;Straight Ahead;Australian Blonde;2
4509;Anda suelto Satanás;Barón Rojo;2
4510;Con Botas Sucias;Barón Rojo;2
4511;Efluvios;Barón Rojo;2
4512;El Presidente;Barón Rojo;2
4513;Larga Vida Al Rock and Roll;Barón Rojo;2
4514;Los desertores del rock;Barón Rojo;2
4515;Resistiré;Barón Rojo;2
4516;Conmigo No Se Juega;Barricada;2
4517;Da Igual Donde Acabar;Barricada;2
4518;Demasiado Tarde;Barricada;2
4519;Haz Lo Que Quieras (Tu Cuerpo);Barricada;2
4520;No Puedo Parar;Barricada;2
4521;Oveja Negra;Barricada;2
4522;Salta (Por Instinto);Barricada;2
4523;Sin compasión;Barricada;2
4524;Hair of the Dog;Bauhaus;2
4525;Passion of Lovers;Bauhaus;2
4526;Bottle of Blues;Beck;2
4527;Canceled Check;Beck;2
4528;Dead Melodies;Beck;2
4529;Diamond Bollocks;Beck;2
4530;Tropicalia;Beck;2
4531;We Live Again;Beck;2
4532;Baby As You Turn Away;Bee Gees;2
4533;I'm Satisfied;Bee Gees;2
4534;Reaching Out;Bee Gees;2
4535;Search, Find;Bee Gees;2
4536;Spirits (Having Flown);Bee Gees;2
4537;Tragedy;Bee Gees;2
4538;Until;Bee Gees;2
4539;Get Me Away from Here, I'm Dying;Belle and Sebastian;2
4540;If You're Feeling Sinister;Belle and Sebastian;2
4541;Judy and the Dream of Horses;Belle and Sebastian;2
4542;Like Dylan in the Movies;Belle and Sebastian;2
4543;Mayfly;Belle and Sebastian;2
4544;Me and the Major;Belle and Sebastian;2
4545;Seeing Other People;Belle and Sebastian;2
4546;The Boy Done Wrong Again;Belle and Sebastian;2
4547;The Fox in the Snow;Belle and Sebastian;2
4548;The Stars of Track and Field;Belle and Sebastian;2
4549;Alice in Wonderland;Bill Evans;2
4550;All of You;Bill Evans;2
4551;Gloria's Step;Bill Evans;2
4552;Jade Visions;Bill Evans;2
4553;Man's Gone;Bill Evans;2
4554;Solar;Bill Evans;2
4555;Baby Talk;Billy Idol;2
4556;Come On, Come On;Billy Idol;2
4557;Congo Man;Billy Idol;2
4558;Dead on Arrival;Billy Idol;2
4559;Hole in the Wall;Billy Idol;2
4560;Hot in the City;Billy Idol;2
4561;It's So Cruel;Billy Idol;2
4562;Love Calling;Billy Idol;2
4563;Mony, Mony;Billy Idol;2
4564;Nobody's Business;Billy Idol;2
4565;Shooting Stars;Billy Idol;2
4566;Untouchables;Billy Idol;2
4567;Aeroplane;Björk;2
4568;Big Time Sensuality;Björk;2
4569;Come to Me;Björk;2
4570;Crying;Björk;2
4571;Human Behaviour;Björk;2
4572;One Day;Björk;2
4573;There's More To Life Than This (Live At The Milk Bar Toilets);Björk;2
4574;Venus as a Boy;Björk;2
4575;Violently Happy;Björk;2
4576;A Hard Road;Black Sabbath;2
4577;Air Dance;Black Sabbath;2
4578;Behind the Wall of Sleep;Black Sabbath;2
4579;Black Sabbath;Black Sabbath;2
4580;Breakout;Black Sabbath;2
4581;Don't Start (Too Late);Black Sabbath;2
4582;Electric Funeral;Black Sabbath;2
4583;Hand of Doom;Black Sabbath;2
4584;Hole in the Sky;Black Sabbath;2
4585;Junior's Eyes;Black Sabbath;2
4586;Megalomania;Black Sabbath;2
4587;Never Say Die;Black Sabbath;2
4588;Over to You;Black Sabbath;2
4589;Planet Caravan;Black Sabbath;2
4590;Rat Salad;Black Sabbath;2
4591;Supertzar;Black Sabbath;2
4592;Swinging the Chain;Black Sabbath;2
4593;Symptom of the Universe;Black Sabbath;2
4594;The Thrill of It All;Black Sabbath;2
4595;The Wizard;Black Sabbath;2
4596;War Pigs;Black Sabbath;2
4597;Atomic;Blondie;2
4598;Dreaming;Blondie;2
4599;I'm Gonna Love You Too;Blondie;2
4600;Shayla;Blondie;2
4601;The Hardest Part;Blondie;2
4602;Union City Blue;Blondie;2
4603;A Song;Blur;2
4604;A Spell (For Money);Blur;2
4605;All Your Life;Blur;2
4606;Anniversary Waltz;Blur;2
4607;Beard;Blur;2
4608;Berserk;Blur;2
4609;Bustin' and Dronin';Blur;2
4610;Close;Blur;2
4611;Dancehall;Blur;2
4612;Day Upon Day (Live);Blur;2
4613;Down;Blur;2
4614;Explain;Blur;2
4615;Garden Central;Blur;2
4616;Got Yer!;Blur;2
4617;I Know (Extended Mix);Blur;2
4618;I Love Her (Demo Version);Blur;2
4619;I'm All Over;Blur;2
4620;Into Another;Blur;2
4621;Ludwig;Blur;2
4622;Luminous;Blur;2
4623;Magpie;Blur;2
4624;Money Makes Me Crazy (Marrakech Mix);Blur;2
4625;No Monsters in Me;Blur;2
4626;On Your Own (Crouch End Broadway Mix);Blur;2
4627;People in Europe;Blur;2
4628;So You;Blur;2
4629;The Horrors;Blur;2
4630;Theme from an Imaginary Film;Blur;2
4631;Theme From Retro (John McEntire's Mix);Blur;2
4632;Tune 2;Blur;2
4633;Uncle Love;Blur;2
4634;Won't Do It;Blur;2
4635;Woodpigeon Song;Blur;2
4636;Punky Reggae Rock;Bob Marley;2
4637;Stir It Up;Bob Marley;2
4638;Cría Cuervos;Boikot;2
4639;Fausto Holokausto;Boikot;2
4640;La Noche Más Larga;Boikot;2
4641;Piromanía;Boikot;2
4642;Segunda Sesión;Boikot;2
4643;Strawberry Letter 23;Brothers Johnson;2
4644;Growin' Up;Bruce Springsteen;2
4645;Blue Days - Black Nights;Buddy Holly;2
4646;Modern Don Juan;Buddy Holly;2
4647;Rock Me My Baby;Buddy Holly;2
4648;Think It Over;Buddy Holly;2
4649;You've Got Love;Buddy Holly;2
4650;Bajo los Focos;Burning;2
4651;Balada para una Viuda;Burning;2
4652;Hey Nena;Burning;2
4653;Mueve Tus Caderas;Burning;2
4654;Seducción;Burning;2
4655;Fiction Romance;Buzzcocks;2
4656;Get On Our Own;Buzzcocks;2
4657;I Need;Buzzcocks;2
4658;Love Battery;Buzzcocks;2
4659;Moving Away from the Pulsebeat;Buzzcocks;2
4660;No Reply;Buzzcocks;2
4661;Sixteen;Buzzcocks;2
4662;You Tear Me Up;Buzzcocks;2
4663;Desde Brasil;Café Quijano;2
4664;La taberna del Buda;Café Quijano;2
4665;Las Llaves de Raquel;Café Quijano;2
4666;Lucía, la Corista;Café Quijano;2
4667;Nada de Ná;Café Quijano;2
4668;Estoy Desnudo;Camilo Sesto;2
4669;Hablemos De Algo;Camilo Sesto;2
4670;Hombre Y Mujer;Camilo Sesto;2
4671;Lo Que Tu Alma Esconde;Camilo Sesto;2
4672;Más que nunca;Camilo Sesto;2
4673;Mejor Que Nadie;Camilo Sesto;2
4674;Mi Buen Amor;Camilo Sesto;2
4675;Mi Verdad;Camilo Sesto;2
4676;Querido Amor;Camilo Sesto;2
4677;Si Tú Te Vas;Camilo Sesto;2
4678;Tú, solamente tú;Camilo Sesto;2
4679;Angelsea;Cat Stevens;2
4680;Can't Keep It In;Cat Stevens;2
4681;Silent Sunlight;Cat Stevens;2
4682;The Boy With A Moon & Star On His Head;Cat Stevens;2
4683;Carta a Rigoberta Menchú;Celtas Cortos;2
4684;El Ritmo Del Mar;Celtas Cortos;2
4685;El Túnel de Las Delicias;Celtas Cortos;2
4686;Gente Impresentable (En Vivo);Celtas Cortos;2
4687;Pajarico;Celtas Cortos;2
4688;Old Devil Moon;Chet Baker;2
4689;You Never Can Tell;Chuck Berry;2
4690;Botes De Humo;Cicatriz;2
4691;En Comisaría;Cicatriz;2
4692;Back to the Basics;Clawfinger;2
4693;Die High;Clawfinger;2
4694;Easy Way Out;Clawfinger;2
4695;It;Clawfinger;2
4696;Tomorrow;Clawfinger;2
4697;Undone;Clawfinger;2
4698;What Are You Afraid Of;Clawfinger;2
4699;Wipe My Ass;Clawfinger;2
4700;Speed of Sound;Coldplay;2
4701;Til Kingdom Come;Coldplay;2
4702;White Shadows;Coldplay;2
4703;Dance the Night Away;Cream;2
4704;Strange Brew;Cream;2
4705;Long As I Can See the Light;Creedence Clearwater Revival;2
4706;Lookin' For A Reason;Creedence Clearwater Revival;2
4707;Pagan Baby;Creedence Clearwater Revival;2
4708;Sail Away;Creedence Clearwater Revival;2
4709;Mean to Me;Crowded House;2
4710;Now We're Getting Somewhere;Crowded House;2
4711;Affection;Crystal Castles;2
4712;Insulin;Crystal Castles;2
4713;Kerosene;Crystal Castles;2
4714;Pale Flesh;Crystal Castles;2
4715;Plague;Crystal Castles;2
4716;Transgender;Crystal Castles;2
4717;Violent Youth;Crystal Castles;2
4718;Wrath of God;Crystal Castles;2
4719;Aerodynamic;Daft Punk;2
4720;Around the World;Daft Punk;2
4721;Burnin';Daft Punk;2
4722;Crescendolls;Daft Punk;2
4723;Fresh;Daft Punk;2
4724;Harder, Better, Faster, Stronger;Daft Punk;2
4725;High Fidelity;Daft Punk;2
4726;Indo Silver Club;Daft Punk;2
4727;Oh Yeah;Daft Punk;2
4728;Rollin' & Scratchin';Daft Punk;2
4729;Short Circuit;Daft Punk;2
4730;Teachers;Daft Punk;2
4731;Too Long;Daft Punk;2
4732;Veridis Quo;Daft Punk;2
4733;Sunset Coming On;Damon Albarn;2
4734;The History of a Cheating Heart;Damon Albarn;2
4735;The Nearer the Fountain, More Pure the Stream Flows;Damon Albarn;2
4736;'Heroes';David Bowie;2
4737;Don't Bring Me Down;David Bowie;2
4738;God Knows I'm Good;David Bowie;2
4739;Holy Holy (Single A-side - 1970);David Bowie;2
4740;If I'm Dreaming My Life;David Bowie;2
4741;It's gonna be me (Previously unreleased track from 1974);David Bowie;2
4742;Jump They Say (alternate mix);David Bowie;2
4743;Letter to Hermione;David Bowie;2
4744;Little Wonder;David Bowie;2
4745;New Killer Star;David Bowie;2
4746;Panic in Detroit (re-recorded version, 1979);David Bowie;2
4747;Rosalyn;David Bowie;2
4748;Seven;David Bowie;2
4749;Something in the Air;David Bowie;2
4750;Survive;David Bowie;2
4751;Who Can I Be Now? (Previously Unreleased Track From 1974);David Bowie;2
4752;Wild Eyed Boy From Freecloud;David Bowie;2
4753;The Magic Number;De La Soul;2
4754;Lightness;Death Cab for Cutie;2
4755;The New Year;Death Cab for Cutie;2
4756;Botas y Tirantes;Decibelios;2
4757;Anyone's Daughter;Deep Purple;2
4758;Fools;Deep Purple;2
4759;No No No;Deep Purple;2
4760;No One Came;Deep Purple;2
4761;The Mule;Deep Purple;2
4762;Acción mutante;Def con Dos;2
4763;Alzheimer;Def con Dos;2
4764;Dímelo tu;Def con Dos;2
4765;La Culpa De Todo La Tiene Yoko Ono;Def con Dos;2
4766;Mi Reino por un Poco de Caballo;Def con Dos;2
4767;Mineros Locos;Def con Dos;2
4768;Muertos Del Rock (Vol. II);Def con Dos;2
4769;Niño A, Niño B;Def con Dos;2
4770;Pánico a una Muerte Ridícula;Def con Dos;2
4771;Pégale al Ruido;Def con Dos;2
4772;Poco Pan;Def con Dos;2
4773;Sigo siento heterosexual;Def con Dos;2
4774;Tuno Bueno, Tuno Muerto;Def con Dos;2
4775;Die Hard the Hunter;Def Leppard;2
4776;Photograph;Def Leppard;2
4777;Rock! Rock (Till You Drop);Def Leppard;2
4778;Stagefright;Def Leppard;2
4779;Too Late for Love;Def Leppard;2
4780;I Want You Now;Depeche Mode;2
4781;Little 15;Depeche Mode;2
4782;Never Let Me Down Again;Depeche Mode;2
4783;Nothing;Depeche Mode;2
4784;Personal Jesus;Depeche Mode;2
4785;Sacred;Depeche Mode;2
4786;The Things You Said;Depeche Mode;2
4787;Waiting for the Night;Depeche Mode;2
4788;Dream Sequence #1;dEUS;2
4789;The Magic Hour;dEUS;2
4790;Budge;Dinosaur Jr.;2
4791;No Bones;Dinosaur Jr.;2
4792;Pond Song;Dinosaur Jr.;2
4793;The Post;Dinosaur Jr.;2
4794;They Always Come;Dinosaur Jr.;2
4795;Down to the Waterline;Dire Straits;2
4796;In the Gallery;Dire Straits;2
4797;Lions;Dire Straits;2
4798;Setting Me Up;Dire Straits;2
4799;Six Blade Knife;Dire Straits;2
4800;Southbound Again;Dire Straits;2
4801;Water of Love;Dire Straits;2
4802;Wild West End;Dire Straits;2
4803;Blood Thirsty Bastards;Dirty Pretty Things;2
4804;Doctors And Dealers;Dirty Pretty Things;2
4805;If You Love a Woman;Dirty Pretty Things;2
4806;Last Of The Small Town Playboys;Dirty Pretty Things;2
4807;The Enemy;Dirty Pretty Things;2
4808;The Gentry Cove;Dirty Pretty Things;2
4809;Wondering;Dirty Pretty Things;2
4810;You Fucking Love It;Dirty Pretty Things;2
4811;Finally Free;Dream Theater;2
4812;Home;Dream Theater;2
4813;I. Overture 1928;Dream Theater;2
4814;I. The Dance of Eternity;Dream Theater;2
4815;I. Through My Words;Dream Theater;2
4816;II. Fatal Tragedy;Dream Theater;2
4817;II. One Last Time;Dream Theater;2
4818;II. Strange Deja Vu;Dream Theater;2
4819;Regression;Dream Theater;2
4820;The Spirit Carries On;Dream Theater;2
4821;Through Her Eyes;Dream Theater;2
4822;Save a Prayer;Duran Duran;2
4823;The Chauffeur;Duran Duran;2
4824;Bellyache;Echobelly;2
4825;Car Fiction;Echobelly;2
4826;Cold Feet Warm Heart;Echobelly;2
4827;Dark Therapy;Echobelly;2
4828;Four Letter Word;Echobelly;2
4829;Go Away;Echobelly;2
4830;In The Year;Echobelly;2
4831;Natural Animal;Echobelly;2
4832;Nobody Like You;Echobelly;2
4833;Scream;Echobelly;2
4834;Something Hot in a Cold Country;Echobelly;2
4835;Taste Of You;Echobelly;2
4836;Worms And Angels;Echobelly;2
4837;L'effet Que Tu MeFais;Edith Piaf;2
4838;Comme moi;Édith Piaf;2
4839;La vie en rose;Édith Piaf;2
4840;Le Vieux Piano;Édith Piaf;2
4841;Milord;Édith Piaf;2
4842;Mon Dieu;Édith Piaf;2
4843;Mon manège à moi;Édith Piaf;2
4844;Toujours aimer;Édith Piaf;2
4845;Hold Me Now;Elastica;2
4846;Indian Song;Elastica;2
4847;S.O.F.T.;Elastica;2
4848;An Imagined Affair;Elbow;2
4849;Forget Myself;Elbow;2
4850;Great Expectations;Elbow;2
4851;Mexican Standoff;Elbow;2
4852;My Very Best;Elbow;2
4853;Picky Bugger;Elbow;2
4854;Puncture Repair;Elbow;2
4855;Station Approach;Elbow;2
4856;The Everthere;Elbow;2
4857;The Stops;Elbow;2
4858;Boy Blue;Electric Light Orchestra;2
4859;Can't Get It Out of My Head;Electric Light Orchestra;2
4860;Daybreaker;Electric Light Orchestra;2
4861;Dreaming of 4000;Electric Light Orchestra;2
4862;Eldorado;Electric Light Orchestra;2
4863;Eldorado Finale;Electric Light Orchestra;2
4864;Eldorado Overture;Electric Light Orchestra;2
4865;Fire on High;Electric Light Orchestra;2
4866;Illusions in G Major;Electric Light Orchestra;2
4867;In the Hall of the Mountain King;Electric Light Orchestra;2
4868;Kuiama;Electric Light Orchestra;2
4869;Ma-Ma-Ma Belle;Electric Light Orchestra;2
4870;Mister Kingdom;Electric Light Orchestra;2
4871;New World Rising / Ocean Breakup Reprise;Electric Light Orchestra;2
4872;Ocean Breakup / King of the Universe;Electric Light Orchestra;2
4873;Oh No Not Susan;Electric Light Orchestra;2
4874;Poor Boy (The Greenwood);Electric Light Orchestra;2
4875;Roll Over Beethoven;Electric Light Orchestra;2
4876;Showdown;Electric Light Orchestra;2
4877;Surrender;Electric Light Orchestra;2
4878;Telephone Line (Different Vocal);Electric Light Orchestra;2
4879;Waterfall (Instrumental Mix);Electric Light Orchestra;2
4880;Amoreena;Elton John;2
4881;Ballad Of A Well-Known Gun;Elton John;2
4882;Burn Down The Mission;Elton John;2
4883;Captain Fantastic and the Brown Dirt Cowboy;Elton John;2
4884;Come Down In Time;Elton John;2
4885;Country Comfort;Elton John;2
4886;Into The Old Man's Shoes;Elton John;2
4887;Kiss The Bride;Elton John;2
4888;Love Song;Elton John;2
4889;Madman Across the Water (original version);Elton John;2
4890;Son Of Your Father;Elton John;2
4891;Talking Old Soldiers;Elton John;2
4892;Where To Now St. Peter?;Elton John;2
4893;Alison;Elvis Costello;2
4894;Brilliant Mistake;Elvis Costello;2
4895;Clubland;Elvis Costello;2
4896;Good Year For The Roses;Elvis Costello;2
4897;High Fidelity;Elvis Costello;2
4898;I Can't Stand Up For Falling Down;Elvis Costello;2
4899;Riot Act;Elvis Costello;2
4900;She;Elvis Costello;2
4901;So Like Candy;Elvis Costello;2
4902;Sulky Girl;Elvis Costello;2
4903;The Other Side of Summer;Elvis Costello;2
4904;Tokyo Storm Warning;Elvis Costello;2
4905;Veronica;Elvis Costello;2
4906;A Mess of Blues;Elvis Presley;2
4907;An American Trilogy;Elvis Presley;2
4908;Bossa Nova Baby;Elvis Presley;2
4909;I Can't Stop Loving You;Elvis Presley;2
4910;I Feel so Bad;Elvis Presley;2
4911;I Need Your Love Tonight;Elvis Presley;2
4912;I'm So Lonesome I Could Cry;Elvis Presley;2
4913;In the Ghetto;Elvis Presley;2
4914;It's Over;Elvis Presley;2
4915;Johnny B. Goode;Elvis Presley;2
4916;Rock-A-Hula Baby;Elvis Presley;2
4917;Steamroller Blues;Elvis Presley;2
4918;Way Down;Elvis Presley;2
4919;What Now My Love;Elvis Presley;2
4920;You Gave Me A Mountain;Elvis Presley;2
4921;Anidando Liendres;Enrique Bunbury;2
4922;De mayor;Enrique Bunbury;2
4923;Demasiado tarde;Enrique Bunbury;2
4924;El extranjero;Enrique Bunbury;2
4925;El viento a favor;Enrique Bunbury;2
4926;Cocaine;Eric Clapton;2
4927;Lay Down Sally;Eric Clapton;2
4928;May You Never;Eric Clapton;2
4929;Mean Old Frisco;Eric Clapton;2
4930;Next Time You See Her;Eric Clapton;2
4931;Peaches And Diesel;Eric Clapton;2
4932;The Core;Eric Clapton;2
4933;We're All The Way;Eric Clapton;2
4934;Wonderful Tonight;Eric Clapton;2
4935;Cerebros Destruidos;Eskorbuto;2
4936;Cuidado;Eskorbuto;2
4937;Es un Crimen;Eskorbuto;2
4938;Eskizofrenia;Eskorbuto;2
4939;Historia Triste;Eskorbuto;2
4940;Mucha policia poca diversion;Eskorbuto;2
4941;Os engañaran;Eskorbuto;2
4942;Ratas en Bizkaia;Eskorbuto;2
4943;rogas a dios por los muertos;Eskorbuto;2
4944;Bossanova;Estopa;2
4945;Cacho A Cacho;Estopa;2
4946;El Blade;Estopa;2
4947;Estopa;Estopa;2
4948;Exiliado En El Lavabo;Estopa;2
4949;La Raja De Tu Falda;Estopa;2
4950;Me Falta El Aliento;Estopa;2
4951;Poquito A Poco;Estopa;2
4952;Suma Y Sigue;Estopa;2
4953;Tan sólo;Estopa;2
4954;Tu Calorro;Estopa;2
4955;Buscando una Luna;Extremoduro;2
4956;Correcaminos Estate Al Loro;Extremoduro;2
4957;De Acero;Extremoduro;2
4958;Deltoya;Extremoduro;2
4959;Dulce introducción al caos;Extremoduro;2
4960;Esclarecido;Extremoduro;2
4961;La Carrera;Extremoduro;2
4962;Me Estoy Quitando;Extremoduro;2
4963;Relación Convencional;Extremoduro;2
4964;sucede;Extremoduro;2
4965;Be Aggressive;Faith No More;2
4966;Caffeine;Faith No More;2
4967;Caralho Voador;Faith No More;2
4968;Crack Hitler;Faith No More;2
4969;Cuckoo for Caca;Faith No More;2
4970;Digging the Grave;Faith No More;2
4971;Everything's Ruined;Faith No More;2
4972;Evidence;Faith No More;2
4973;Get Out;Faith No More;2
4974;Jizzlobber;Faith No More;2
4975;Just a Man;Faith No More;2
4976;Kindergarten;Faith No More;2
4977;King for a Day;Faith No More;2
4978;Land of Sunshine;Faith No More;2
4979;Malpractice;Faith No More;2
4980;Mid Life Crisis;Faith No More;2
4981;Midnight Cowboy;Faith No More;2
4982;Ricochet;Faith No More;2
4983;RV;Faith No More;2
4984;Smaller and Smaller;Faith No More;2
4985;Star A.D.;Faith No More;2
4986;Take This Bottle;Faith No More;2
4987;The Gentle Art of Making Enemies;Faith No More;2
4988;The Last to Know;Faith No More;2
4989;Ugly in the Morning;Faith No More;2
4990;What a Day;Faith No More;2
4991;Build It Up - Tear It Down;Fatboy Slim;2
4992;Love Island;Fatboy Slim;2
4993;Praise You;Fatboy Slim;2
4994;The Rockafeller Skank;Fatboy Slim;2
4995;Big Big Love (Fig. 2);Foals;2
4996;Electric Bloom;Foals;2
4997;Heavy Water;Foals;2
4998;Hummer;Foals;2
4999;Like Swimming;Foals;2
5000;Olympic Airways;Foals;2
5001;Red Socks Pugie;Foals;2
5002;Tron;Foals;2
5003;Two Steps, Twice;Foals;2
5004;Ain't It the Life;Foo Fighters;2
5005;Headwires;Foo Fighters;2
5006;All Or Nothing At All;Frank Sinatra;2
5007;Call Me;Frank Sinatra;2
5008;On A Clear Day (You Can See Forever);Frank Sinatra;2
5009;You're Driving Me Crazy!;Frank Sinatra;2
5010;Help, I'm A Rock;Frank Zappa;2
5011;How Could I Be Such a Fool;Frank Zappa;2
5012;I Ain't Got No Heart;Frank Zappa;2
5013;It Can't Happen Here;Frank Zappa;2
5014;Wowie Zowie;Frank Zappa;2
5015;40';Franz Ferdinand;2
5016;Auf Achse;Franz Ferdinand;2
5017;Bullet;Franz Ferdinand;2
5018;Can't Stop Feeling;Franz Ferdinand;2
5019;Cheating on You;Franz Ferdinand;2
5020;Come On Home;Franz Ferdinand;2
5021;Do You Want To;Franz Ferdinand;2
5022;Eleanor Put Your Boots On;Franz Ferdinand;2
5023;Evil Eye;Franz Ferdinand;2
5024;Jacqueline;Franz Ferdinand;2
5025;Love Illumination;Franz Ferdinand;2
5026;Right Action;Franz Ferdinand;2
5027;Stand on the Horizon;Franz Ferdinand;2
5028;Tell Her Tonight;Franz Ferdinand;2
5029;The Dark of the Matinée;Franz Ferdinand;2
5030;This Fire;Franz Ferdinand;2
5031;Treason! Animals.;Franz Ferdinand;2
5032;Walk Away;Franz Ferdinand;2
5033;Al calor del amor en un bar;Gabinete Caligari;2
5034;Camino Soria;Gabinete Caligari;2
5035;Dos Caras del Mar;Gabinete Caligari;2
5036;La culpa fue de Cha-Cha-Cha;Gabinete Caligari;2
5037;La Fuerza De La Costumbre;Gabinete Caligari;2
5038;Malditos Refranes;Gabinete Caligari;2
5039;Mi Buene Estrella (live);Gabinete Caligari;2
5040;Que Dios Reparta Suerte;Gabinete Caligari;2
5041;Que Vida Tan Divertida;Gabinete Caligari;2
5042;Ultimo Tranvia;Gabinete Caligari;2
5043;Dumb;Garbage;2
5044;Sleep Together;Garbage;2
5045;TheTrick is to Keep Breathing;Garbage;2
5046;Wicked Ways;Garbage;2
5047;You Look So Fine;Garbage;2
5048;Firth of Fifth;Genesis;2
5049;More Fool Me;Genesis;2
5050;Behind That Locked Door;George Harrison;2
5051;Beware of Darkness;George Harrison;2
5052;If Not for You;George Harrison;2
5053;Can I Go With You;Gilbert O'Sullivan;2
5054;I'm In Love With You;Gilbert O'Sullivan;2
5055;Intro / I Hope You'll Stay;Gilbert O'Sullivan;2
5056;That's Love;Gilbert O'Sullivan;2
5057;Baby Blue;Giorgio Moroder;2
5058;E=MC2;Giorgio Moroder;2
5059;I Wanna Rock You;Giorgio Moroder;2
5060;If You Weren't Afraid;Giorgio Moroder;2
5061;In My Wildest Dreams;Giorgio Moroder;2
5062;What a Night;Giorgio Moroder;2
5063;Flowers & Football Tops;Glasvegas;2
5064;Geraldine;Glasvegas;2
5065;Go Square Go;Glasvegas;2
5066;It's My Own Cheating Heart That Makes Me Cry;Glasvegas;2
5067;A Nightingale Sang in Berkeley Square;Glenn Miller;2
5068;Adios;Glenn Miller;2
5069;Anvil Chorus Part 1 & 2;Glenn Miller;2
5070;At Last;Glenn Miller;2
5071;Beautiful Ohio;Glenn Miller;2
5072;Bugle Call Rag;Glenn Miller;2
5073;Chattanooga Choo-Choo;Glenn Miller;2
5074;Moonlight Sonata;Glenn Miller;2
5075;My Isle of Golden Dreams;Glenn Miller;2
5076;Pavanne;Glenn Miller;2
5077;Serenade in Blue;Glenn Miller;2
5078;Star Dust;Glenn Miller;2
5079;That's Sabotage;Glenn Miller;2
5080;The Spirit Is Willing;Glenn Miller;2
5081;Amarillo;Gorillaz;2
5082;Ascension (feat. Vince Staples);Gorillaz;2
5083;Bobby in Phoenix;Gorillaz;2
5084;California & the Slipping of the Sun;Gorillaz;2
5085;Fire Flies;Gorillaz;2
5086;Hallelujah Money (feat. Benjamin Clementine);Gorillaz;2
5087;Little Pink Plastic Bags;Gorillaz;2
5088;New Genius (Brother);Gorillaz;2
5089;On Melancholy Hill;Gorillaz;2
5090;One Percent;Gorillaz;2
5091;Opium (feat. EARTHGANG);Gorillaz;2
5092;People;Gorillaz;2
5093;Plastic Beach;Gorillaz;2
5094;Revolving Doors;Gorillaz;2
5095;Rhinestone Eyes;Gorillaz;2
5096;Seattle Yodel;Gorillaz;2
5097;Severed Head (feat. Goldlink & Unknown Mortal Orchestra);Gorillaz;2
5098;Sex Murder Party;Gorillaz;2
5099;Simplicity (feat. Joan As Police Woman);Gorillaz;2
5100;Sorcererz;Gorillaz;2
5101;Sound Check (Gravity);Gorillaz;2
5102;Starshine;Gorillaz;2
5103;The Joplin Spider;Gorillaz;2
5104;The Parish of Space Dust;Gorillaz;2
5105;The Speak It Mountains;Gorillaz;2
5106;With Love To An Ex (feat. Moonchild Sanelly);Gorillaz;2
5107;Advice;Graham Coxon;2
5108;All Has Gone;Graham Coxon;2
5109;Bonfires;Graham Coxon;2
5110;Don't Think About Always;Graham Coxon;2
5111;Escape Song;Graham Coxon;2
5112;Hard + Slow;Graham Coxon;2
5113;I'm Goin' Away;Graham Coxon;2
5114;Jamie Thomas;Graham Coxon;2
5115;Keep Hope Alive;Graham Coxon;2
5116;Knife in The Cast;Graham Coxon;2
5117;Lake;Graham Coxon;2
5118;Leave Me Alone;Graham Coxon;2
5119;Me You, We Two;Graham Coxon;2
5120;Meet and Drink and Pollinate;Graham Coxon;2
5121;Mornin Blues;Graham Coxon;2
5122;My Idea of Hell;Graham Coxon;2
5123;Ooh, Yeh Yeh;Graham Coxon;2
5124;That's When I Reach for My Revolver;Graham Coxon;2
5125;Too Uptight;Graham Coxon;2
5126;Waiting;Graham Coxon;2
5127;Who The Fuck?;Graham Coxon;2
5128;Box of Rain;Grateful Dead;2
5129;Friend of the Devil;Grateful Dead;2
5130;Friend Of The Devil (Remastered Version);Grateful Dead;2
5131;Castaway;Green Day;2
5132;Deadbeat Holiday;Green Day;2
5133;Hitchin' a Ride;Green Day;2
5134;Hold On;Green Day;2
5135;Jackass;Green Day;2
5136;Jesus of Suburbia: Jesus of Suburbia/City of the Damned/I Don't Care;Green Day;2
5137;Macy's Day Parade;Green Day;2
5138;Minority;Green Day;2
5139;Misery;Green Day;2
5140;The Grouch;Green Day;2
5141;Uptight;Green Day;2
5142;Waiting;Green Day;2
5143;Warning;Green Day;2
5144;Anything Goes;Guns N' Roses;2
5145;Perfect Crime;Guns N' Roses;2
5146;Rocket Queen;Guns N' Roses;2
5147;Sweet Child o' Mine;Guns N' Roses;2
5148;You're Crazy;Guns N' Roses;2
5149;Basta;Hamlet;2
5150;Eso Sí Lo Haces Bien;Hamlet;2
5151;Repulsa Total;Hamlet;2
5152;I Shall Overcome;Hard-Fi;2
5153;Tonight;Hard-Fi;2
5154;Agosto;Héroes del Silencio;2
5155;Flor Venenosa;Héroes del Silencio;2
5156;Fuente Esperanza;Héroes del Silencio;2
5157;Heroe de Leyenda;Héroes del Silencio;2
5158;La Chispa Adecuada;Héroes del Silencio;2
5159;Mar Adentro;Héroes del Silencio;2
5160;Rueda, Fortuna!;Héroes del Silencio;2
5161;Tumbas De Sal;Héroes del Silencio;2
5162;Z;Héroes del Silencio;2
5163;¡Hola Mamoncete!;Ilegales;2
5164;África paga (reprise);Ilegales;2
5165;Algo Prepara Una Emboscada;Ilegales;2
5166;Bestia, Bestia;Ilegales;2
5167;Eres Una Puta;Ilegales;2
5168;Hacer mucho ruido;Ilegales;2
5169;Harto de Ser El Malo del Lugar;Ilegales;2
5170;Hombre Solitario;Ilegales;2
5171;Lavadora Blues;Ilegales;2
5172;Me Sueltan Mañana;Ilegales;2
5173;Sin Remedio;Ilegales;2
5174;Tengo Una Rana Metida En Una Lata;Ilegales;2
5175;Un Invasor En la Capital;Ilegales;2
5176;Un Marciano;Ilegales;2
5177;Yo soy quien espía los juegos de los niños;Ilegales;2
5178;Inside My Head;Inspiral Carpets;2
5179;Monkey On My Back;Inspiral Carpets;2
5180;Move;Inspiral Carpets;2
5181;Sackville;Inspiral Carpets;2
5182;She Comes in the Fall;Inspiral Carpets;2
5183;Sun Don't Shine;Inspiral Carpets;2
5184;No I in Threesome;Interpol;2
5185;Pace Is The Trick;Interpol;2
5186;The Heinrich Maneuver;Interpol;2
5187;The Scale;Interpol;2
5188;¿Dónde estás?;Jaime Urrutia;2
5189;Castillos En El Aire;Jaime Urrutia;2
5190;Completamente Feliz;Jaime Urrutia;2
5191;Escándalo de amores;Jaime Urrutia;2
5192;Nada Por Aquí;Jaime Urrutia;2
5193;Black Crow;Jamiroquai;2
5194;Blow Your Mind;Jamiroquai;2
5195;Corner of the Earth;Jamiroquai;2
5196;Didgin' Out;Jamiroquai;2
5197;Emergency on Planet Earth;Jamiroquai;2
5198;Feel So Good;Jamiroquai;2
5199;Half the Man;Jamiroquai;2
5200;Hooked Up;Jamiroquai;2
5201;If I Like It, I Do It;Jamiroquai;2
5202;Just Another Story;Jamiroquai;2
5203;Little L;Jamiroquai;2
5204;Love Foolosophy;Jamiroquai;2
5205;Main Vein;Jamiroquai;2
5206;Music of the Mind;Jamiroquai;2
5207;Picture of My Life;Jamiroquai;2
5208;Revolution 1993;Jamiroquai;2
5209;So Good to Feel Real;Jamiroquai;2
5210;Stillness in Time;Jamiroquai;2
5211;Stop Don't Panic;Jamiroquai;2
5212;Too Young to Die;Jamiroquai;2
5213;Twenty Zero One;Jamiroquai;2
5214;Use the Force;Jamiroquai;2
5215;Whatever It Is, I Just Can't Stop;Jamiroquai;2
5216;When You Gonna Learn (Digeridoo);Jamiroquai;2
5217;You Give Me Something;Jamiroquai;2
5218;Call on Me;Janis Joplin;2
5219;Big Julie;Jarvis Cocker;2
5220;From A To I;Jarvis Cocker;2
5221;loss adjuster (excerpt pt.2);Jarvis Cocker;2
5222;Quantum Theory;Jarvis Cocker;2
5223;Hard Knock Life (The Ghetto Anthem);JAY-Z;2
5224;Volunteers;Jefferson Airplane;2
5225;Wooden Ships;Jefferson Airplane;2
5226;Big Blon' Baby;Jerry Lee Lewis;2
5227;Cold Cold Heart;Jerry Lee Lewis;2
5228;Don't Be Cruel;Jerry Lee Lewis;2
5229;I'll Make It All up to You;Jerry Lee Lewis;2
5230;I'll Sail My Ship Alone;Jerry Lee Lewis;2
5231;I'm Feeling Sorry;Jerry Lee Lewis;2
5232;Jambalaya (On the Bayou);Jerry Lee Lewis;2
5233;Little Queenie;Jerry Lee Lewis;2
5234;Lovin' up a Storm;Jerry Lee Lewis;2
5235;Put Me Down;Jerry Lee Lewis;2
5236;Sweet Little Sixteen;Jerry Lee Lewis;2
5237;What'd I Say;Jerry Lee Lewis;2
5238;Wild One (Real Wild Child);Jerry Lee Lewis;2
5239;Bouree;Jethro Tull;2
5240;3rd Stone From the Sun;Jimi Hendrix;2
5241;Are You Experienced?;Jimi Hendrix;2
5242;Foxy Lady;Jimi Hendrix;2
5243;Caballo de cartón;Joaquín Sabina;2
5244;Carguen, apunten, fuego;Joaquín Sabina;2
5245;Eva tomando el sol;Joaquín Sabina;2
5246;Guerra Mundial;Joaquín Sabina;2
5247;Gulliver;Joaquín Sabina;2
5248;La del pirata cojo;Joaquín Sabina;2
5249;Negra noche;Joaquín Sabina;2
5250;Ocupen su localidad;Joaquín Sabina;2
5251;Qué Demasiao (Una Cancion Para El Jaro);Joaquín Sabina;2
5252;Una de romanos;Joaquín Sabina;2
5253;Have A Little Faith In Me;Joe Cocker;2
5254;Tonight;Joe Cocker;2
5255;What Becomes Of The Broken-Hearted;Joe Cocker;2
5256;When The Night Comes;Joe Cocker;2
5257;With A Little Help From My Friends (Live);Joe Cocker;2
5258;You Can Leave Your Hat On;Joe Cocker;2
5259;Beautiful Boys;John Lennon;2
5260;Beef Jerky;John Lennon;2
5261;Borrowed Time;John Lennon;2
5262;Come Together;John Lennon;2
5263;Dear Yoko;John Lennon;2
5264;Every Man Has a Woman Who Loves Him;John Lennon;2
5265;Give Me Something;John Lennon;2
5266;Hard Times Are Over;John Lennon;2
5267;Instant Karma;John Lennon;2
5268;Kiss Kiss Kiss;John Lennon;2
5269;Scared;John Lennon;2
5270;Surprise, Surprise (Sweet Bird of Paradox);John Lennon;2
5271;Ya Ya;John Lennon;2
5272;Yes, I'm Your Angel;John Lennon;2
5273;These Days;Joy Division;2
5274;All the Way;Judas Priest;2
5275;Desert Plains;Judas Priest;2
5276;Don't Go;Judas Priest;2
5277;Heading Out to the Highway;Judas Priest;2
5278;Hot Rockin';Judas Priest;2
5279;On the Run;Judas Priest;2
5280;Solar Angels;Judas Priest;2
5281;Troubleshooter;Judas Priest;2
5282;Turning Circles;Judas Priest;2
5283;You Say Yes;Judas Priest;2
5284;Caroline, Yes;Kaiser Chiefs;2
5285;Oh My God;Kaiser Chiefs;2
5286;Ruby;Kaiser Chiefs;2
5287;Saturday Night;Kaiser Chiefs;2
5288;The Angry Mob;Kaiser Chiefs;2
5289;Empire;Kasabian;2
5290;I.D.;Kasabian;2
5291;Processed Beats;Kasabian;2
5292;Reason Is Treason;Kasabian;2
5293;Arizona;Kings of Leon;2
5294;Black Thumbnail;Kings of Leon;2
5295;Camaro;Kings of Leon;2
5296;Charmer;Kings of Leon;2
5297;Fans;Kings of Leon;2
5298;Knocked Up;Kings of Leon;2
5299;McFearless;Kings of Leon;2
5300;My Party;Kings of Leon;2
5301;On Call;Kings of Leon;2
5302;Ragoo;Kings of Leon;2
5303;The Runner;Kings of Leon;2
5304;True Love Way;Kings of Leon;2
5305;Trunk;Kings of Leon;2
5306;100,000 Years;Kiss;2
5307;Anything For My Baby;Kiss;2
5308;Beth;Kiss;2
5309;Black Diamond;Kiss;2
5310;C'mon And Love Me;Kiss;2
5311;Detroit Rock City;Kiss;2
5312;Deuce;Kiss;2
5313;Do You Love Me?;Kiss;2
5314;Flaming Youth;Kiss;2
5315;God of Thunder;Kiss;2
5316;Great Expectations;Kiss;2
5317;King of the Night Time World;Kiss;2
5318;Kissin' Time;Kiss;2
5319;Love Her All I Can;Kiss;2
5320;Love Theme from Kiss;Kiss;2
5321;Outro;Kiss;2
5322;Rock Bottom;Kiss;2
5323;She;Kiss;2
5324;Shout It Out Loud;Kiss;2
5325;Sweet Pain;Kiss;2
5326;As Above So Below;Klaxons;2
5327;Atlantis to Interzone;Klaxons;2
5328;Cypherspeed;Klaxons;2
5329;Echoes;Klaxons;2
5330;Extra Astronomical;Klaxons;2
5331;Flashover;Klaxons;2
5332;Forgotten Works;Klaxons;2
5333;Four Horsemen of 2012;Klaxons;2
5334;Future Memories;Klaxons;2
5335;Golden Skans;Klaxons;2
5336;Gravity's Rainbow;Klaxons;2
5337;Isle of Her;Klaxons;2
5338;It's Not Over Yet;Klaxons;2
5339;Magick;Klaxons;2
5340;Surfing the Void;Klaxons;2
5341;The Same Space;Klaxons;2
5342;Totem on the Timeline;Klaxons;2
5343;Twin Flames;Klaxons;2
5344;Two Receivers;Klaxons;2
5345;Valley of the Calm Trees;Klaxons;2
5346;Jungle Boogie;Kool & The Gang;2
5347;Chi;Korn;2
5348;Good God;Korn;2
5349;Lost;Korn;2
5350;Mr. Rogers;Korn;2
5351;Porno Creep;Korn;2
5352;Swallow;Korn;2
5353;Twist;Korn;2
5354;Metropolis;Kraftwerk;2
5355;Neon Lights;Kraftwerk;2
5356;Spacelab;Kraftwerk;2
5357;The Man Machine;Kraftwerk;2
5358;The Model;Kraftwerk;2
5359;The Robots;Kraftwerk;2
5360;Hush;Kula Shaker;2
5361;chica yeye;La Polla Records;2
5362;Babe I'm Gonna Leave You;Led Zeppelin;2
5363;Black Mountain Side;Led Zeppelin;2
5364;Communication Breakdown;Led Zeppelin;2
5365;Dazed and Confused;Led Zeppelin;2
5366;How Many More Times;Led Zeppelin;2
5367;You Shook Me;Led Zeppelin;2
5368;Your Time Is Gonna Come;Led Zeppelin;2
5369;La Fina;Leño;2
5370;Sisters of Mercy;Leonard Cohen;2
5371;A Nanny In Manhattan;Lilys;2
5372;My Way;Limp Bizkit;2
5373;Cadillac solitario;Loquillo y Trogloditas;2
5374;Enamorado De La Dependienta De Patatas Fritas;Loquillo y Trogloditas;2
5375;Hawai 5-0;Loquillo y Trogloditas;2
5376;Rocker city;Loquillo y Trogloditas;2
5377;Todos los Chicos en la Playa;Loquillo y Trogloditas;2
5378;Vaqueros Del Espacio;Loquillo y Trogloditas;2
5379;Disimular;Los Piratas;2
5380;Filofobia;Los Piratas;2
5381;Jugar con los Coches;Los Piratas;2
5382;10.000;Los Planetas;2
5383;Brigitte;Los Planetas;2
5384;Ciencia ficción;Los Planetas;2
5385;Desaparecer;Los Planetas;2
5386;Desorden;Los Planetas;2
5387;Estos últimos días;Los Planetas;2
5388;Flotando Sobre Loscos II;Los Planetas;2
5389;Jesús;Los Planetas;2
5390;La Caja Del Diablo;Los Planetas;2
5391;La Playa;Los Planetas;2
5392;Laboratorio Mágico;Los Planetas;2
5393;Montaсas De Basura;Los Planetas;2
5394;Parte De Lo Que Me Debes;Los Planetas;2
5395;Paseo Por El Parque;Los Planetas;2
5396;Plan De Fuga;Los Planetas;2
5397;Que No Sea Kang, Por Favor;Los Planetas;2
5398;Qué Puedo Hacer;Los Planetas;2
5399;Rey Sombra;Los Planetas;2
5400;Santos Que Yo Te Pinte;Los Planetas;2
5401;Segundo Premio;Los Planetas;2
5402;Si está bien;Los Planetas;2
5403;Tierras Altas;Los Planetas;2
5404;Toxicosmos;Los Planetas;2
5405;Un Mundo De Gente Incompleta;Los Planetas;2
5406;Algo Se Está Rompiendo;Los Rodríguez;2
5407;Demasiado Tarde;Los Rodríguez;2
5408;La Mirada Del Adiós;Los Rodríguez;2
5409;Na, Na, Na;Los Rodríguez;2
5410;Para no Olvidar;Los Rodríguez;2
5411;Peor Es Nada;Los Rodríguez;2
5412;Señorita;Los Rodríguez;2
5413;Sol y Sombra;Los Rodríguez;2
5414;Tormentas de Arena;Los Rodríguez;2
5415;Un Día Menos;Los Rodríguez;2
5416;Chaquetas de Cuero;Los Suaves;2
5417;Esta vida me va a matar;Los Suaves;2
5418;Llegaste Hasta Mí;Los Suaves;2
5419;Mártires Del Rock And Roll;Los Suaves;2
5420;Muerte En El Rock;Los Suaves;2
5421;Peligrosa María;Los Suaves;2
5422;Viene El Tren;Los Suaves;2
5423;Bum Bum 1789;Los Toreros Muertos;2
5424;Dejadme Llorar;Los Toreros Muertos;2
5425;Hoy Es Domingo;Los Toreros Muertos;2
5426;Los Toreros Muertos;Los Toreros Muertos;2
5427;Necesito un Avalista;Los Toreros Muertos;2
5428;Twist'as Loca;Los Toreros Muertos;2
5429;Bottoming Out;Lou Reed;2
5430;Doin' The Things That We Want To;Lou Reed;2
5431;Downtown Dirt (Bonus);Lou Reed;2
5432;Endlessly Jealous;Lou Reed;2
5433;Heroin;Lou Reed;2
5434;How Do You Speak To An Angel;Lou Reed;2
5435;Intro-Sweet Jane;Lou Reed;2
5436;Metal Machine Music, Part I;Lou Reed;2
5437;My Red Joystick;Lou Reed;2
5438;White Light White Heat;Lou Reed;2
5439;Aleluya Nº 1;Luis Eduardo Aute;2
5440;Alevosía;Luis Eduardo Aute;2
5441;Arrebato;Luis Eduardo Aute;2
5442;Invisible;Luis Eduardo Aute;2
5443;Mojándolo Todo;Luis Eduardo Aute;2
5444;Querencia;Luis Eduardo Aute;2
5445;Single Girl;Lush;2
5446;Call Me The Breeze;Lynyrd Skynyrd;2
5447;Free Bird;Lynyrd Skynyrd;2
5448;Poison Whiskey;Lynyrd Skynyrd;2
5449;Simple Man;Lynyrd Skynyrd;2
5450;The Needle And The Spoon;Lynyrd Skynyrd;2
5451;Things Goin' On;Lynyrd Skynyrd;2
5452;Are You Coming (With Me);Madness;2
5453;Calling Cards;Madness;2
5454;Madness (It's All in the Mind);Madness;2
5455;Mr Speaker Gets the Word;Madness;2
5456;New Delhi;Madness;2
5457;That Face;Madness;2
5458;Tiptoes;Madness;2
5459;Black Holes For The Young [Bonus track for Japan];Manic Street Preachers;2
5460;Little Baby Nothing;Manic Street Preachers;2
5461;Motorcycle Emptiness;Manic Street Preachers;2
5462;Bixo Do Coco;Manu Chao;2
5463;Denia;Manu Chao;2
5464;El Dorado 1997;Manu Chao;2
5465;Homens;Manu Chao;2
5466;Infinta Tristeza;Manu Chao;2
5467;La chinita;Manu Chao;2
5468;La Primavera;Manu Chao;2
5469;Le Rendez Vous;Manu Chao;2
5470;Marea;Manu Chao;2
5471;Merry blues;Manu Chao;2
5472;Mi vida;Manu Chao;2
5473;Mr Bobby;Manu Chao;2
5474;Papito;Manu Chao;2
5475;Promiscuity;Manu Chao;2
5476;Trapped by love;Manu Chao;2
5477;Vacaloca;Manu Chao;2
5478;Anarchy in the U.K.;Megadeth;2
5479;Architecture of Aggression;Megadeth;2
5480;Ashes in Your Mouth;Megadeth;2
5481;Bad Omen;Megadeth;2
5482;Captive Honour;Megadeth;2
5483;Countdown to Extinction;Megadeth;2
5484;Devils Island;Megadeth;2
5485;Foreclosure of a Dream;Megadeth;2
5486;Good Mourning / Black Friday;Megadeth;2
5487;High Speed Dirt;Megadeth;2
5488;I Ain't Superstitious;Megadeth;2
5489;My Last Words;Megadeth;2
5490;Peace Sells;Megadeth;2
5491;Psychotron;Megadeth;2
5492;Sweating Bullets;Megadeth;2
5493;The Conjuring;Megadeth;2
5494;This Was My Life;Megadeth;2
5495;Wake Up Dead;Megadeth;2
5496;A Drop In Time;Mercury Rev;2
5497;Hercules;Mercury Rev;2
5498;Lincoln's Eyes;Mercury Rev;2
5499;... And Justice For All;Metallica;2
5500;Battery;Metallica;2
5501;Blackened;Metallica;2
5502;Damage, Inc.;Metallica;2
5503;Disposable Heroes;Metallica;2
5504;Eye of the Beholder;Metallica;2
5505;Harvester of Sorrow;Metallica;2
5506;Leper Messiah;Metallica;2
5507;Master of Puppets;Metallica;2
5508;One;Metallica;2
5509;The Frayed Ends of Sanity;Metallica;2
5510;The Shortest Straw;Metallica;2
5511;The Thing That Should Not Be;Metallica;2
5512;To Live Is to Die;Metallica;2
5513;Welcome Home (Sanitarium);Metallica;2
5514;A Good Sadness;MGMT;2
5515;Alien Days;MGMT;2
5516;An Orphan of Fortune;MGMT;2
5517;Astro-Mancy;MGMT;2
5518;Cool Song No. 2;MGMT;2
5519;I Love You Too, Death;MGMT;2
5520;Introspection;MGMT;2
5521;Mystery Disease;MGMT;2
5522;Plenty of Girls in the Sea;MGMT;2
5523;Your Life Is a Lie;MGMT;2
5524;Beat It;Michael Jackson;2
5525;The Lady in My Life;Michael Jackson;2
5526;The Way You Make Me Feel;Michael Jackson;2
5527;Relax, Take It Easy;Mika;2
5528;01 - Tubular Bells. Part One;Mike Oldfield;2
5529;02 - Tubular Bells. Part Two;Mike Oldfield;2
5530;Moonlight Shadow;Mike Oldfield;2
5531;Come Closer;Miles Kane;2
5532;Counting Down The Days;Miles Kane;2
5533;Happenstance;Miles Kane;2
5534;Inhaler;Miles Kane;2
5535;My Fantasy;Miles Kane;2
5536;Quicksand;Miles Kane;2
5537;Rearrange;Miles Kane;2
5538;Bloodfeast;Misfits;2
5539;Death Comes Ripping;Misfits;2
5540;Demonomania;Misfits;2
5541;Devilock;Misfits;2
5542;Earth A.D.;Misfits;2
5543;Green Hell;Misfits;2
5544;Hellhound;Misfits;2
5545;Queen Wasp;Misfits;2
5546;We Bite;Misfits;2
5547;Wolfsblood;Misfits;2
5548;18;Moby;2
5549;7;Moby;2
5550;Another Woman;Moby;2
5551;At Least We Tried;Moby;2
5552;Bodyrock;Moby;2
5553;Come on Baby;Moby;2
5554;Extreme Ways;Moby;2
5555;Face It;Moby;2
5556;Find My Baby;Moby;2
5557;Fireworks;Moby;2
5558;Great Escape;Moby;2
5559;Harbour;Moby;2
5560;Heavy Flow;Moby;2
5561;Honey;Moby;2
5562;In This World;Moby;2
5563;Jam for the Ladies;Moby;2
5564;Living;Moby;2
5565;Look Back In;Moby;2
5566;Love Song for My Mom;Moby;2
5567;Machete;Moby;2
5568;My Love Will Never Die;Moby;2
5569;Natural Blues;Moby;2
5570;Now I Let It Go;Moby;2
5571;One Of These Mornings;Moby;2
5572;Run On;Moby;2
5573;Rushing;Moby;2
5574;Say It's All Mine;Moby;2
5575;Signs of Love;Moby;2
5576;Sleep Alone;Moby;2
5577;Someone to Love;Moby;2
5578;South Side;Moby;2
5579;Sunday (The Day Before My Birthday);Moby;2
5580;That's When I Reach for My Revolver;Moby;2
5581;The Rafters;Moby;2
5582;We Are All Made of Stars;Moby;2
5583;You;Moby;2
5584;¿Por qué no te haces para allá?;Molotov;2
5585;Cerdo;Molotov;2
5586;Más vale Cholo;Molotov;2
5587;Mátate Tete;Molotov;2
5588;Molotov Cocktail Party;Molotov;2
5589;Parásito;Molotov;2
5590;Quitate Que Ma'sturbas (Perro Arrabalera);Molotov;2
5591;Use It Or Lose It;Molotov;2
5592;Voto Latino;Molotov;2
5593;Shoulder Holster;Morcheeba;2
5594;(Don't Let 'Em) Grind You Down;Motörhead;2
5595;(Don't Need) Religion;Motörhead;2
5596;All the Aces;Motörhead;2
5597;America;Motörhead;2
5598;Bang to Rights;Motörhead;2
5599;Bomber;Motörhead;2
5600;Dead Men Tell No Tales;Motörhead;2
5601;Dirty Love;Motörhead;2
5602;Emergency;Motörhead;2
5603;Go to Hell;Motörhead;2
5604;Heart of Stone;Motörhead;2
5605;I'm the Doctor;Motörhead;2
5606;Iron Fist;Motörhead;2
5607;Lawman;Motörhead;2
5608;Loser;Motörhead;2
5609;Please Don't Touch;Motörhead;2
5610;Poison;Motörhead;2
5611;Sex & Outrage;Motörhead;2
5612;Sharpshooter;Motörhead;2
5613;Shut It Down;Motörhead;2
5614;Speedfreak;Motörhead;2
5615;Step Down;Motörhead;2
5616;Sweet Revenge;Motörhead;2
5617;Talking Head;Motörhead;2
5618;Apocalypse Please;Muse;2
5619;Cave;Muse;2
5620;Escape;Muse;2
5621;Madness;Muse;2
5622;Megalomania;Muse;2
5623;New Born;Muse;2
5624;Showbiz;Muse;2
5625;Space Dementia;Muse;2
5626;Blown a Wish;my bloody valentine;2
5627;Come in Alone;my bloody valentine;2
5628;I Can See It (But I Can't Feel It);my bloody valentine;2
5629;I Only Said;my bloody valentine;2
5630;Loomer;my bloody valentine;2
5631;Nothing Much to Lose;my bloody valentine;2
5632;Only Shallow;my bloody valentine;2
5633;Several Girls Galore;my bloody valentine;2
5634;Sometimes;my bloody valentine;2
5635;Soon;my bloody valentine;2
5636;Sueisfine;my bloody valentine;2
5637;To Here Knows When;my bloody valentine;2
5638;Touched;my bloody valentine;2
5639;What You Want;my bloody valentine;2
5640;When You Sleep;my bloody valentine;2
5641;You Never Should;my bloody valentine;2
5642;Tell Me Why;Neil Young;2
5643;Bad Girl;New York Dolls;2
5644;Frankenstein (Orig.);New York Dolls;2
5645;Jet Boy;New York Dolls;2
5646;Lonely Planet Boy;New York Dolls;2
5647;Looking for a Kiss;New York Dolls;2
5648;Personality Crisis;New York Dolls;2
5649;Pills;New York Dolls;2
5650;Private World;New York Dolls;2
5651;Puss 'n' Boots;New York Dolls;2
5652;Stranded in the Jungle;New York Dolls;2
5653;Subway Train;New York Dolls;2
5654;Trash;New York Dolls;2
5655;Vietnamese Baby;New York Dolls;2
5656;Blind Lemon Jefferson;Nick Cave & the Bad Seeds;2
5657;Hey Joe;Nick Cave & the Bad Seeds;2
5658;Knockin' on Joe;Nick Cave & the Bad Seeds;2
5659;Say Goodbye to the Little Girl Tree;Nick Cave & the Bad Seeds;2
5660;The Six Strings That Drew Blood;Nick Cave & the Bad Seeds;2
5661;Ruiner;Nine Inch Nails;2
5662;Te Acuerdas, María;Nino Bravo;2
5663;Tú cambiarás;Nino Bravo;2
5664;Un Beso Y Una Flor;Nino Bravo;2
5665;Big Cheese;Nirvana;2
5666;Downer;Nirvana;2
5667;Jesus Doesn't Want Me For A Sunbe;Nirvana;2
5668;Love Buzz;Nirvana;2
5669;Mr. Moustache;Nirvana;2
5670;Negative Creep;Nirvana;2
5671;Paper Cuts;Nirvana;2
5672;Scoff;Nirvana;2
5673;Sifting;Nirvana;2
5674;Swap Meet;Nirvana;2
5675;The Man Who Sold the World;Nirvana;2
5676;Don't Speak;No Doubt;2
5677;End It on This;No Doubt;2
5678;Hey You;No Doubt;2
5679;Sunday Morning;No Doubt;2
5680;Tragic Kingdom;No Doubt;2
5681;World Go 'Round;No Doubt;2
5682;(I Wanna Live In A Dream In My) Record Machine;Noel Gallagher;2
5683;Everybody's On The Run;Noel Gallagher;2
5684;The Dying Of The Light;Noel Gallagher;2
5685;The Mexican;Noel Gallagher;2
5686;The Right Stuff;Noel Gallagher;2
5687;While the Song Remains the Same;Noel Gallagher;2
5688;You Know We Can't Go Back;Noel Gallagher;2
5689;The Cause;NOFX;2
5690;The Quass;NOFX;2
5691;(Get Off Your) High Horse Lady;Oasis;2
5692;(It's Good) To Be Free;Oasis;2
5693;Fuckin' in the Bushes;Oasis;2
5694;Gas Panic!;Oasis;2
5695;Go Let It Out;Oasis;2
5696;Half the World Away;Oasis;2
5697;Headshrinker;Oasis;2
5698;I Can See a Liar;Oasis;2
5699;Little James;Oasis;2
5700;Put Yer Money Where Yer Mouth Is;Oasis;2
5701;Roll It Over;Oasis;2
5702;Stay Young;Oasis;2
5703;Sunday Morning Call;Oasis;2
5704;Where Did It All Go Wrong?;Oasis;2
5705;Who Feels Love?;Oasis;2
5706;Pesadilla Nuclear;Obus;2
5707;Petrodolares;Obus;2
5708;Préstame Amigo Tu Cabeza;Obus;2
5709;Solo lo Hago en Mi Moto;Obus;2
5710;Dosis De Heavy Metal;Obús;2
5711;40 Past Midnight;Ocean Colour Scene;2
5712;Hundred Mile High City;Ocean Colour Scene;2
5713;Lining Your Pockets;Ocean Colour Scene;2
5714;The Circle;Ocean Colour Scene;2
5715;Travellers Tune;Ocean Colour Scene;2
5716;By Demons Be Driven;Pantera;2
5717;Hollow;Pantera;2
5718;Live in a Hole;Pantera;2
5719;Regular People (Conceit);Pantera;2
5720;Tengo un pasajero;Parálisis Permanente;2
5721;Bogey Music;Paul McCartney;2
5722;Check My Machine;Paul McCartney;2
5723;Darkroom;Paul McCartney;2
5724;Eat at Home;Paul McCartney;2
5725;Front Parlour;Paul McCartney;2
5726;Frozen Jap;Paul McCartney;2
5727;Heart of the Country;Paul McCartney;2
5728;Long Haired Lady;Paul McCartney;2
5729;Nobody Knows;Paul McCartney;2
5730;One of These Days;Paul McCartney;2
5731;Secret Friend;Paul McCartney;2
5732;Summer's Day Song;Paul McCartney;2
5733;AT & T;Pavement;2
5734;Best Friend's Arm;Pavement;2
5735;Blue Hawaiian;Pavement;2
5736;Embassy Row;Pavement;2
5737;Fight This Generation;Pavement;2
5738;Fin;Pavement;2
5739;Flux = Rad;Pavement;2
5740;Grave Architecture;Pavement;2
5741;Half a Canyon;Pavement;2
5742;Kennel District;Pavement;2
5743;Passat Dream;Pavement;2
5744;Pueblo;Pavement;2
5745;Shady Lane / J vs. S;Pavement;2
5746;Starlings of the Slipstream;Pavement;2
5747;Stereo;Pavement;2
5748;Type Slowly;Pavement;2
5749;We Are Underused;Pavement;2
5750;Western Homes;Pavement;2
5751;Brain of J.;Pearl Jam;2
5752;Faithfull;Pearl Jam;2
5753;Hey Foxymophandlemama, That's Me;Pearl Jam;2
5754;No Way;Pearl Jam;2
5755;Congratulations;Phoenix;2
5756;Courtesy Laughs;Phoenix;2
5757;Love for Granted;Phoenix;2
5758;Napoleon Says;Phoenix;2
5759;North;Phoenix;2
5760;Rally;Phoenix;2
5761;Run Run Run;Phoenix;2
5762;Victim of the Crime;Phoenix;2
5763;You Can't Blame It On Anybody;Phoenix;2
5764;Alan's Psychedelic Breakfast;Pink Floyd;2
5765;Atom Heart Mother;Pink Floyd;2
5766;If;Pink Floyd;2
5767;Pow R. Toc H.;Pink Floyd;2
5768;Summer '68;Pink Floyd;2
5769;Take Up Thy Stethoscope and Walk;Pink Floyd;2
5770;The Gnome;Pink Floyd;2
5771;Beautiful Feeling;PJ Harvey;2
5772;Nancy Boy;Placebo;2
5773;¿Qué Demonios?;Platero y tú;2
5774;Caminar Cuesta Arriba;Platero y tú;2
5775;Cigarrito;Platero y tú;2
5776;Déjame en paz;Platero y tú;2
5777;Entrando Cruzado;Platero y tú;2
5778;Entre Dos Mares;Platero y tú;2
5779;Humo de mis pies;Platero y tú;2
5780;Imanol;Platero y tú;2
5781;La maté porque era mía;Platero y tú;2
5782;Me Da Igual;Platero y tú;2
5783;Mendrugos;Platero y tú;2
5784;Mira Hacia Mí;Platero y tú;2
5785;Naufragio;Platero y tú;2
5786;Pero Al Ponerse El Sol;Platero y tú;2
5787;Por Detrás;Platero y tú;2
5788;Por Mí;Platero y tú;2
5789;Que Larga es La Noche;Platero y tú;2
5790;Rock'N'Roll;Platero y tú;2
5791;Salvaje;Platero y tú;2
5792;Si La Tocas Otra Vez;Platero y tú;2
5793;Si Miro A Las Nubes;Platero y tú;2
5794;Un abecedario sin letras;Platero y tú;2
5795;Un Ticket para cualquier lugar;Platero y tú;2
5796;Cancellation;Player;2
5797;Come on Out;Player;2
5798;Every Which Way;Player;2
5799;Goodbye (That's All I Ever Heard);Player;2
5800;Love is Where You Find it;Player;2
5801;Melanie;Player;2
5802;Movin' Up;Player;2
5803;This Time I'm In It For Love;Player;2
5804;Tryin to Write a Hit Song;Player;2
5805;Biscuit;Portishead;2
5806;Glory Box;Portishead;2
5807;It Could Be Sweet;Portishead;2
5808;It's a Fire;Portishead;2
5809;Mysterons;Portishead;2
5810;Numb;Portishead;2
5811;Pedestal;Portishead;2
5812;Roads;Portishead;2
5813;Sour Times;Portishead;2
5814;Strangers;Portishead;2
5815;Wandering Star;Portishead;2
5816;Come Together (US Version);Primal Scream;2
5817;Higher Than the Sun (A Dub Symphony in Two Parts);Primal Scream;2
5818;I'm Comin' Down;Primal Scream;2
5819;Inner Flight (Instrumental);Primal Scream;2
5820;Loaded;Primal Scream;2
5821;Shine Like Stars;Primal Scream;2
5822;Albatross;Public Image Ltd.;2
5823;Careering;Public Image Ltd.;2
5824;Memories;Public Image Ltd.;2
5825;Swan Lake;Public Image Ltd.;2
5826;Bad Cover Version;Pulp;2
5827;Cocaine Socialism [#][Version];Pulp;2
5828;I Want You;Pulp;2
5829;Little Girl (With Blue Eyes);Pulp;2
5830;The Night That Minnie Timperley Died;Pulp;2
5831;Watching Nicky [#][*][Demo Previously Unreleased][Demo Version];Pulp;2
5832;Another One Bites the Dust;Queen;2
5833;Body Language;Queen;2
5834;Brighton Rock;Queen;2
5835;Bring Back That Leroy Brown;Queen;2
5836;Calling All Girls;Queen;2
5837;Dead on Time;Queen;2
5838;Dear Friends;Queen;2
5839;Doing All Right;Queen;2
5840;Dreamer's Ball;Queen;2
5841;Fat Bottomed Girls;Queen;2
5842;Flick of the Wrist;Queen;2
5843;Fun It;Queen;2
5844;Great King Rat;Queen;2
5845;If You Can't Beat Them;Queen;2
5846;In Only Seven Days;Queen;2
5847;In the Lap of the Gods;Queen;2
5848;In The Lap Of The Gods...Revisited;Queen;2
5849;Is This The World We Created...?;Queen;2
5850;It's a Hard Life;Queen;2
5851;Jealousy;Queen;2
5852;Jesus;Queen;2
5853;Keep Passing The Open Windows;Queen;2
5854;Keep Yourself Alive;Queen;2
5855;Killer Queen;Queen;2
5856;Las Palabras De Amor (The Words Of Love);Queen;2
5857;Leaving Home Ain't Easy;Queen;2
5858;Let Me Entertain You;Queen;2
5859;Liar;Queen;2
5860;Lily of the Valley;Queen;2
5861;Machines (Or 'Back to Humans');Queen;2
5862;Man On The Prowl;Queen;2
5863;Misfire;Queen;2
5864;Modern Times Rock 'n' Roll;Queen;2
5865;More of That Jazz;Queen;2
5866;Mustapha;Queen;2
5867;Now I'm Here;Queen;2
5868;One Year of Love;Queen;2
5869;Pain Is So Close To Pleasure;Queen;2
5870;Play the Game;Queen;2
5871;Princes of the Universe;Queen;2
5872;Radio Ga Ga;Queen;2
5873;She Makes Me;Queen;2
5874;Son & Daughter;Queen;2
5875;Stone Cold Crazy;Queen;2
5876;Tear It Up;Queen;2
5877;Tenement Funster;Queen;2
5878;The Night Comes Down;Queen;2
5879;Who Wants to Live Forever;Queen;2
5880;A Song for the Dead;Queens of the Stone Age;2
5881;Auto Pilot;Queens of the Stone Age;2
5882;Feel Good Hit of the Summer (Reprise);Queens of the Stone Age;2
5883;First It Giveth;Queens of the Stone Age;2
5884;I Think I Lost My Headache;Queens of the Stone Age;2
5885;Leg of Lamb;Queens of the Stone Age;2
5886;Lightning Song;Queens of the Stone Age;2
5887;Six Shooter;Queens of the Stone Age;2
5888;Tension Head;Queens of the Stone Age;2
5889;The Lost Art of Keeping a Secret;Queens of the Stone Age;2
5890;The Sky Is Fallin';Queens of the Stone Age;2
5891;You Think I Ain't Worth a Dollar, but I Feel Like a Millionaire;Queens of the Stone Age;2
5892;7 Chinese Bros.;R.E.M.;2
5893;Camera;R.E.M.;2
5894;Drive;R.E.M.;2
5895;Everybody Hurts;R.E.M.;2
5896;Find the River;R.E.M.;2
5897;Harborcoat;R.E.M.;2
5898;Ignoreland;R.E.M.;2
5899;Letter Never Sent;R.E.M.;2
5900;Little America;R.E.M.;2
5901;Lotus;R.E.M.;2
5902;Monty Got a Raw Deal;R.E.M.;2
5903;New Orleans Instrumental No. 1;R.E.M.;2
5904;Pretty Persuasion;R.E.M.;2
5905;Second Guessing;R.E.M.;2
5906;So. Central Rain;R.E.M.;2
5907;Star Me Kitten;R.E.M.;2
5908;Sweetness Follows;R.E.M.;2
5909;The Sidewinder Sleeps Tonite;R.E.M.;2
5910;Time After Time (Annelise);R.E.M.;2
5911;Try Not to Breathe;R.E.M.;2
5912;Cinco Semanas En Globo;Radio Futura;2
5913;Zombi;Radio Futura;2
5914;Dollars & Cents;Radiohead;2
5915;Hunting Bears;Radiohead;2
5916;I Might Be Wrong;Radiohead;2
5917;Knives Out;Radiohead;2
5918;Life in a Glass House;Radiohead;2
5919;Like Spinning Plates;Radiohead;2
5920;Morning Bell/Amnesiac;Radiohead;2
5921;Motion Picture Soundtrack;Radiohead;2
5922;Packt Like Sardines in a Crushd Tin Box;Radiohead;2
5923;Pulk/Pull Revolving Doors;Radiohead;2
5924;Pyramid Song;Radiohead;2
5925;You and Whose Army?;Radiohead;2
5926;Bück Dich;Rammstein;2
5927;Das alte Leid;Rammstein;2
5928;Du Hast (Remix by Clawfinger);Rammstein;2
5929;Klavier;Rammstein;2
5930;Cretin Hop;Ramones;2
5931;Gimme Gimme Shock Treatment;Ramones;2
5932;Glad to See You Go;Ramones;2
5933;I Don't Care (single version);Ramones;2
5934;I Remember You;Ramones;2
5935;Pinhead;Ramones;2
5936;Something to Believe In;Ramones;2
5937;We're a Happy Family;Ramones;2
5938;Breaking the Girl;Red Hot Chili Peppers;2
5939;Don't Forget Me;Red Hot Chili Peppers;2
5940;Dosed;Red Hot Chili Peppers;2
5941;Funky Monks;Red Hot Chili Peppers;2
5942;I Could Have Lied;Red Hot Chili Peppers;2
5943;If You Have to Ask;Red Hot Chili Peppers;2
5944;Mellowship Slinky in B Major;Red Hot Chili Peppers;2
5945;Suck My Kiss;Red Hot Chili Peppers;2
5946;The Power of Equality;Red Hot Chili Peppers;2
5947;This Is the Place;Red Hot Chili Peppers;2
5948;Universally Speaking;Red Hot Chili Peppers;2
5949;Ain't The Future So Bright;Richard Ashcroft;2
5950;Picture Of You;Richard Ashcroft;2
5951;Songs Of Experience;Richard Ashcroft;2
5952;Lonesome Town;Rick Nelson;2
5953;Decay;Ride;2
5954;Dreams Burn Down;Ride;2
5955;In a Different Place;Ride;2
5956;Kaleidoscope;Ride;2
5957;Paralysed;Ride;2
5958;Polar Bear;Ride;2
5959;Seagull;Ride;2
5960;Disco Volante;Righeira;2
5961;Jazz Musik;Righeira;2
5962;Kon Tiki;Righeira;2
5963;Le Rock Summer;Rinôçérôse;2
5964;Professeur Suicide;Rinôçérôse;2
5965;Lazy Days;Robbie Williams;2
5966;Rock DJ;Robbie Williams;2
5967;1-2-3-4-5-6;Rocket Juice & The Moon;2
5968;Hey, Shooter (feat. Erykah Badu);Rocket Juice & The Moon;2
5969;Lolo (feat. Fatoumata Diawara & M.anifest);Rocket Juice & The Moon;2
5970;Night Watch;Rocket Juice & The Moon;2
5971;Crest of a Wave;Rory Gallagher;2
5972;Don't Know Where I'm Going;Rory Gallagher;2
5973;I'm Not Awake Yet;Rory Gallagher;2
5974;In Your Town;Rory Gallagher;2
5975;Maybe I Will;Rory Gallagher;2
5976;Out of My Mind;Rory Gallagher;2
5977;Should've Learnt My Lesson;Rory Gallagher;2
5978;There's a Light;Rory Gallagher;2
5979;Used to Be;Rory Gallagher;2
5980;Whole Lot of People;Rory Gallagher;2
5981;A Pulso;Rosendo;2
5982;Ahora Pro Nobis;Rosendo;2
5983;Bailando Al Aire;Rosendo;2
5984;Bajo Cuerda;Rosendo;2
5985;Como El Pico de un Colchón;Rosendo;2
5986;Deja Que les Diga Que No!;Rosendo;2
5987;Different, Eso Sí;Rosendo;2
5988;Dos No Siempre Son Pares;Rosendo;2
5989;échale coraje!;Rosendo;2
5990;El Asa Del Cubo;Rosendo;2
5991;El Ganador;Rosendo;2
5992;Gota A Gota;Rosendo;2
5993;Introducción;Rosendo;2
5994;M'enamorao;Rosendo;2
5995;MArcha Atrás;Rosendo;2
5996;Masculino singular;Rosendo;2
5997;Nada Especial;Rosendo;2
5998;Por Cierto;Rosendo;2
5999;Por Meter Entre Mis Cosas La Nariz;Rosendo;2
6000;Quedan Los Bises;Rosendo;2
6001;Salud y Buenos Alimentos;Rosendo;2
6002;Voluntad Pasiva;Rosendo;2
6003;Do the Strand;Roxy Music;2
6004;Editions of You;Roxy Music;2
6005;For Your Pleasure;Roxy Music;2
6006;Grey Lagoons;Roxy Music;2
6007;In Every Dream Home a Heartache;Roxy Music;2
6008;Ladytron;Roxy Music;2
6009;Strictly Confidential;Roxy Music;2
6010;The Bogus Man;Roxy Music;2
6011;Been So Long;Saint Etienne;2
6012;Erica America;Saint Etienne;2
6013;Goodnight Jack;Saint Etienne;2
6014;Lose That Girl;Saint Etienne;2
6015;Mr. Donut;Saint Etienne;2
6016;Postman;Saint Etienne;2
6017;Split Screen;Saint Etienne;2
6018;Sylvie;Saint Etienne;2
6019;The Bad Photographer;Saint Etienne;2
6020;Woodcabin;Saint Etienne;2
6021;Life's Like A River;Scorpions;2
6022;Top Of The Bill;Scorpions;2
6023;Something Else;Sid Vicious;2
6024;Dögun;Sigur Rós;2
6025;Hún jörð ...;Sigur Rós;2
6026;Leit að lífi;Sigur Rós;2
6027;Sigur Rós;Sigur Rós;2
6028;Mrs. Robinson;Simon & Garfunkel;2
6029;The Sound of Silence;Simon & Garfunkel;2
6030;Ayatolah;Siniestro Total;2
6031;Hoy Voy a Asesinarte;Siniestro Total;2
6032;Miña Terra Galega;Siniestro Total;2
6033;Todos Los Ahorcados Mueren Empalmados;Siniestro Total;2
6034;Christine;Siouxsie and the Banshees;2
6035;Clockface;Siouxsie and the Banshees;2
6036;Desert Kisses;Siouxsie and the Banshees;2
6037;Happy House;Siouxsie and the Banshees;2
6038;Hybrid;Siouxsie and the Banshees;2
6039;Lunar Camel;Siouxsie and the Banshees;2
6040;Paradise Place;Siouxsie and the Banshees;2
6041;Red Light;Siouxsie and the Banshees;2
6042;Skin;Siouxsie and the Banshees;2
6043;Tenant;Siouxsie and the Banshees;2
6044;Trophy;Siouxsie and the Banshees;2
6045;Lie Detector;Sleeper;2
6046;What Do I Do Now;Sleeper;2
6047;Afterglow (Of Your Love);Small Faces;2
6048;Happiness Stan;Small Faces;2
6049;Happy Days Toy Town;Small Faces;2
6050;Lazy Sunday;Small Faces;2
6051;Long Agos And Worlds Apart;Small Faces;2
6052;Mad John;Small Faces;2
6053;Ogden's Nut Gone Flake;Small Faces;2
6054;Rene;Small Faces;2
6055;Rollin' Over;Small Faces;2
6056;Song Of A Baker;Small Faces;2
6057;The Hungry Intruder;Small Faces;2
6058;The Journey;Small Faces;2
6059;Tin Soldier [Live];Small Faces;2
6060;100%;Sonic Youth;2
6061;Chapel Hill;Sonic Youth;2
6062;Cinderella's Big Score;Sonic Youth;2
6063;Créme Brûlèe;Sonic Youth;2
6064;Death Valley '69;Sonic Youth;2
6065;Dirty Boots;Sonic Youth;2
6066;Disappearer;Sonic Youth;2
6067;Drunken Butterfly;Sonic Youth;2
6068;Echo Canyon;Sonic Youth;2
6069;Flower;Sonic Youth;2
6070;Hallowe'en;Sonic Youth;2
6071;JC;Sonic Youth;2
6072;Kool Thing;Sonic Youth;2
6073;Mary-Christ;Sonic Youth;2
6074;Mildred Pierce;Sonic Youth;2
6075;Mote;Sonic Youth;2
6076;My Friend Goo;Sonic Youth;2
6077;Nic Fit;Sonic Youth;2
6078;On the Strip;Sonic Youth;2
6079;Orange Rolls, Angel's Spit;Sonic Youth;2
6080;Purr;Sonic Youth;2
6081;Satan Is Boring;Sonic Youth;2
6082;Scooter + Jinx;Sonic Youth;2
6083;Shoot;Sonic Youth;2
6084;Sugar Kane;Sonic Youth;2
6085;Swimsuit Issue;Sonic Youth;2
6086;Theresa's Sound-World;Sonic Youth;2
6087;Titanium Exposé;Sonic Youth;2
6088;Tunic (Song for Karen);Sonic Youth;2
6089;Wish Fulfillment;Sonic Youth;2
6090;1 O'Clock;Space;2
6091;Charlie M.;Space;2
6092;Dark Clouds;Space;2
6093;Drop Dead;Space;2
6094;Growler;Space;2
6095;Kill Me;Space;2
6096;Lovechild of the Queen;Space;2
6097;No-One Understands;Space;2
6098;Code of Love;Spandau Ballet;2
6099;Communication;Spandau Ballet;2
6100;Foundation;Spandau Ballet;2
6101;Heaven Is a Secret;Spandau Ballet;2
6102;Lifeline;Spandau Ballet;2
6103;Pleasure;Spandau Ballet;2
6104;True;Spandau Ballet;2
6105;Anamorphose;Stereolab;2
6106;Des Etoiles Electroniques;Stereolab;2
6107;Fiery Yellow;Stereolab;2
6108;International Colouring Contest;Stereolab;2
6109;L'Enfer Des Formes;Stereolab;2
6110;New Orthophony;Stereolab;2
6111;Outer Accelerator;Stereolab;2
6112;Ping Pong;Stereolab;2
6113;The Stars Our Destination;Stereolab;2
6114;Three Longers Later;Stereolab;2
6115;Three-Dee Melodie;Stereolab;2
6116;Transporté Sans Bouger;Stereolab;2
6117;Wow and Flutter;Stereolab;2
6118;T-Shirt Sun Tan;Stereophonics;2
6119;All in Love Is Fair;Stevie Wonder;2
6120;Big Brother;Stevie Wonder;2
6121;Blame It on the Sun;Stevie Wonder;2
6122;Jesus Children of America;Stevie Wonder;2
6123;Lookin' for Another Pure Love;Stevie Wonder;2
6124;Maybe Your Baby;Stevie Wonder;2
6125;Superstition;Stevie Wonder;2
6126;Tuesday Heartbreak;Stevie Wonder;2
6127;You and I;Stevie Wonder;2
6128;You've Got It Bad Girl;Stevie Wonder;2
6129;I Can't Give Her What She Wants;Suede;2
6130;I Don't Know How To Reach You;Suede;2
6131;Learning To Be;Suede;2
6132;Like Kids;Suede;2
6133;No Tomorrow;Suede;2
6134;Outsiders;Suede;2
6135;Pale Snow;Suede;2
6136;Tightrope;Suede;2
6137;What I'm Trying To Tell You;Suede;2
6138;When You Are Young;Suede;2
6139;Faraway;Supergrass;2
6140;Mama & Papa;Supergrass;2
6141;Mary;Supergrass;2
6142;Butterfly (feat. Graham Coxon, Valentina Pappalardo & Rahel Debebe-Dessalegne);Superstate;2
6143;Goodbye Universe (feat. Graham Coxon & Valentina Pappalardo);Superstate;2
6144;Listen (feat. Graham Coxon & Valentina Pappalardo);Superstate;2
6145;We Remain (feat. Graham Coxon & Sharlene Hector);Superstate;2
6146;Ain't Nobody But Me;Supertramp;2
6147;Another Man's Woman;Supertramp;2
6148;Bloody Well Right;Supertramp;2
6149;Easy Does It;Supertramp;2
6150;Just A Normal Day;Supertramp;2
6151;Lady;Supertramp;2
6152;School;Supertramp;2
6153;Sister Moonshine;Supertramp;2
6154;Soapbox Opera;Supertramp;2
6155;The Meaning;Supertramp;2
6156;Two of Us;Supertramp;2
6157;If It's in You;Syd Barrett;2
6158;Late Night;Syd Barrett;2
6159;Baby Boomerang;T. Rex;2
6160;Baby Strange;T. Rex;2
6161;Ballrooms of Mars;T. Rex;2
6162;Buick Mackane;T. Rex;2
6163;Metal Guru;T. Rex;2
6164;Mystic Lady;T. Rex;2
6165;Rabbit Fighter;T. Rex;2
6166;Rock On;T. Rex;2
6167;Spaceball Ricochet;T. Rex;2
6168;Telegram Sam;T. Rex;2
6169;The Slider;T. Rex;2
6170;Separate Ways;Tahiti 80;2
6171;Soul Deep;Tahiti 80;2
6172;Desire;Talk Talk;2
6173;Eden;Talk Talk;2
6174;I Believe in You;Talk Talk;2
6175;Inheritance;Talk Talk;2
6176;The Rainbow;Talk Talk;2
6177;Wealth;Talk Talk;2
6178;Wild Wild Life;Talking Heads;2
6179;About You;Teenage Fanclub;2
6180;Ain't That Enough;Teenage Fanclub;2
6181;Catholic Education;Teenage Fanclub;2
6182;Catholic Education 2;Teenage Fanclub;2
6183;Critical Mass;Teenage Fanclub;2
6184;Don't Look Back;Teenage Fanclub;2
6185;Don't Need a Drum;Teenage Fanclub;2
6186;Eternal Light;Teenage Fanclub;2
6187;Every Picture I Paint;Teenage Fanclub;2
6188;Everybody's Fool;Teenage Fanclub;2
6189;Heavy Metal;Teenage Fanclub;2
6190;Heavy Metall II;Teenage Fanclub;2
6191;Mellow Doubt;Teenage Fanclub;2
6192;The World'll Be OK;Teenage Fanclub;2
6193;Too Involved;Teenage Fanclub;2
6194;What You Do To Me;Teenage Fanclub;2
6195;Elevation;Television;2
6196;(I Want to Be Your) Mirror;Temples;2
6197;All Join In;Temples;2
6198;Born Into The Sunset;Temples;2
6199;Celebration;Temples;2
6200;Certainty;Temples;2
6201;How Would You Like To Go;Temples;2
6202;In My Pocket;Temples;2
6203;Oh The Saviour;Temples;2
6204;Open Air;Temples;2
6205;Roman Godlike Man;Temples;2
6206;Strange Or Be Forgotten;Temples;2
6207;Day After Day;Texas;2
6208;Summer Son;Texas;2
6209;Tell Me The Answer;Texas;2
6210;The Day Before I Went Away;Texas;2
6211;All La Glory;The Band;2
6212;Just Another Whistle Stop;The Band;2
6213;Stage Fright;The Band;2
6214;Strawberry Wine;The Band;2
6215;The Rumor;The Band;2
6216;The Shape I'm In;The Band;2
6217;The W.S. Walcott Medicine Show;The Band;2
6218;Time to Kill;The Band;2
6219;All Together Now;The Beatles;2
6220;Anna (Go to Him);The Beatles;2
6221;Any Time at All;The Beatles;2
6222;Ask Me Why;The Beatles;2
6223;Baby's in Black;The Beatles;2
6224;Chains;The Beatles;2
6225;Day Tripper;The Beatles;2
6226;Don't Bother Me;The Beatles;2
6227;I Feel Fine;The Beatles;2
6228;I Saw Her Standing There;The Beatles;2
6229;I'll Be Back;The Beatles;2
6230;I'll Follow the Sun;The Beatles;2
6231;Paperback Writer;The Beatles;2
6232;Pepperland Laid Waste;The Beatles;2
6233;Please Please Me;The Beatles;2
6234;Rock and Roll Music;The Beatles;2
6235;Tell Me Why;The Beatles;2
6236;We Can Work It Out;The Beatles;2
6237;When I Get Home;The Beatles;2
6238;Words of Love;The Beatles;2
6239;You Can't Do That;The Beatles;2
6240;Barney (...And Me);The Boo Radleys;2
6241;Best Lose The Fear;The Boo Radleys;2
6242;Butterfly McQueen;The Boo Radleys;2
6243;I Hang Suspended;The Boo Radleys;2
6244;I've Lost The Reason;The Boo Radleys;2
6245;If You Want It, Take It;The Boo Radleys;2
6246;Leaves And Sand;The Boo Radleys;2
6247;One Is For;The Boo Radleys;2
6248;Rodney King (Song for Lenny Bruce);The Boo Radleys;2
6249;Run My Way Runway;The Boo Radleys;2
6250;Spun Around;The Boo Radleys;2
6251;Take The Time Around;The Boo Radleys;2
6252;The White Noise Revisited;The Boo Radleys;2
6253;Thinking Of Ways;The Boo Radleys;2
6254;Upon 9th And Fairchild;The Boo Radleys;2
6255;Wish I Was Skinny;The Boo Radleys;2
6256;Ignition;The Charlatans;2
6257;Page One;The Charlatans;2
6258;Subtitle;The Charlatans;2
6259;The End of Everything;The Charlatans;2
6260;The Only One I Know;The Charlatans;2
6261;Tremelo Song;The Charlatans;2
6262;Asleep From Day;The Chemical Brothers;2
6263;Block Rockin' Beats;The Chemical Brothers;2
6264;Chemical Beats;The Chemical Brothers;2
6265;Don't Stop the Rock;The Chemical Brothers;2
6266;Dream On;The Chemical Brothers;2
6267;Music: Response;The Chemical Brothers;2
6268;Orange Wedge;The Chemical Brothers;2
6269;Song to the Siren;The Chemical Brothers;2
6270;The Sunshine Underground;The Chemical Brothers;2
6271;The Test;The Chemical Brothers;2
6272;Under The Influence;The Chemical Brothers;2
6273;Clash City Rockers;The Clash;2
6274;Jail Guitar Doors;The Clash;2
6275;Jimmy Jazz;The Clash;2
6276;London Calling;The Clash;2
6277;Bad Man;The Coral;2
6278;Calendars and Clocks;The Coral;2
6279;Dreaming of You;The Coral;2
6280;Goodbye;The Coral;2
6281;Shadows Fall;The Coral;2
6282;Simon Diamond;The Coral;2
6283;Skeleton Key;The Coral;2
6284;Time Travel;The Coral;2
6285;Waiting for the Heartaches;The Coral;2
6286;Wildfire;The Coral;2
6287;Fever;The Cramps;2
6288;Garbageman;The Cramps;2
6289;I Was a Teenage Werewolf;The Cramps;2
6290;I'm Cramped;The Cramps;2
6291;Mystery Plane;The Cramps;2
6292;Rock on the Moon;The Cramps;2
6293;Strychnine;The Cramps;2
6294;Sunglasses After Dark;The Cramps;2
6295;Tear It Up;The Cramps;2
6296;The Mad Daddy;The Cramps;2
6297;TV Set;The Cramps;2
6298;What's Behind the Mask;The Cramps;2
6299;Zombie Dance;The Cramps;2
6300;A Night Like This;The Cure;2
6301;All Cats Are Grey;The Cure;2
6302;Another Day;The Cure;2
6303;Carnage Visors: The Soundtrack;The Cure;2
6304;Close to Me;The Cure;2
6305;Closedown;The Cure;2
6306;Doubt;The Cure;2
6307;Foxy Lady;The Cure;2
6308;Inbetween Days;The Cure;2
6309;It's Not You;The Cure;2
6310;Jumping Someone Else's Train;The Cure;2
6311;Killing An Arab (Bonus Track);The Cure;2
6312;Kyoto Song;The Cure;2
6313;Meathook;The Cure;2
6314;Object;The Cure;2
6315;Other Voices;The Cure;2
6316;Pictures of You;The Cure;2
6317;Plainsong;The Cure;2
6318;Plastic Passion;The Cure;2
6319;Push;The Cure;2
6320;Screw;The Cure;2
6321;Sinking;The Cure;2
6322;Six Different Ways;The Cure;2
6323;The Baby Screams;The Cure;2
6324;The Blood;The Cure;2
6325;The Drowning Man;The Cure;2
6326;The Holy Hour;The Cure;2
6327;The Weedy Burton;The Cure;2
6328;Bohemian Like You;The Dandy Warhols;2
6329;All Rise;The Delgados;2
6330;All You Need Is Hate;The Delgados;2
6331;Child Killers;The Delgados;2
6332;Favours;The Delgados;2
6333;If This Is A Plan;The Delgados;2
6334;Never Look At The Sun;The Delgados;2
6335;The Drowning Years;The Delgados;2
6336;The Light Before We Land;The Delgados;2
6337;Woke From Dreaming;The Delgados;2
6338;Come Home Billy Bird;The Divine Comedy;2
6339;Build Me A Woman;The Doors;2
6340;Love Hides;The Doors;2
6341;Wake Up;The Doors;2
6342;All We Have Is Now;The Flaming Lips;2
6343;Approaching Pavonis Mons By Balloon;The Flaming Lips;2
6344;Are You a Hypnotist??;The Flaming Lips;2
6345;Do You Realize??;The Flaming Lips;2
6346;Ego Tripping at the Gates of Hell;The Flaming Lips;2
6347;In the Morning of the Magicians;The Flaming Lips;2
6348;It's Summertime;The Flaming Lips;2
6349;Yoshimi Battles The Pink Robots (Part 2);The Flaming Lips;2
6350;History Song;The Good, the Bad & the Queen;2
6351;Kingdom of Doom;The Good, the Bad & the Queen;2
6352;Nature Springs;The Good, the Bad & the Queen;2
6353;The Good, the Bad & the Queen;The Good, the Bad & the Queen;2
6354;Changing The Rain;The Horrors;2
6355;Dive In;The Horrors;2
6356;Do You Remember;The Horrors;2
6357;Endless Blue;The Horrors;2
6358;I Can See Through You;The Horrors;2
6359;I Can't Control Myself;The Horrors;2
6360;I Only Think of You;The Horrors;2
6361;Mirror's Image;The Horrors;2
6362;Moving Further Away;The Horrors;2
6363;New Ice Age;The Horrors;2
6364;Primary Colours;The Horrors;2
6365;Scarlet Fields;The Horrors;2
6366;Sea Within a Sea;The Horrors;2
6367;Still Life;The Horrors;2
6368;Three Decades;The Horrors;2
6369;Who Can Say;The Horrors;2
6370;Wild Eyed;The Horrors;2
6371;You Said;The Horrors;2
6372;'A' Bomb in Wardour Street;The Jam;2
6373;All Mod Cons;The Jam;2
6374;Billy Hunt;The Jam;2
6375;Boy About Town;The Jam;2
6376;Bricks and Mortar;The Jam;2
6377;Burning Sky;The Jam;2
6378;David Watts;The Jam;2
6379;Down in the Tube Station at Midnight;The Jam;2
6380;English Rose;The Jam;2
6381;Fly;The Jam;2
6382;Girl on the Phone;The Jam;2
6383;In the Crowd;The Jam;2
6384;It's Too Bad;The Jam;2
6385;Mr. Clean;The Jam;2
6386;Private Hell;The Jam;2
6387;Saturday's Kids;The Jam;2
6388;Smithers-Jones;The Jam;2
6389;Takin' My Love;The Jam;2
6390;The Eton Rifles;The Jam;2
6391;The Place I Love;The Jam;2
6392;Thick as Thieves;The Jam;2
6393;To Be Someone (Didn't We Have a Nice Time);The Jam;2
6394;Wasteland;The Jam;2
6395;About You;The Jesus and Mary Chain;2
6396;April Skies;The Jesus and Mary Chain;2
6397;Cherry Came Too;The Jesus and Mary Chain;2
6398;Fall;The Jesus and Mary Chain;2
6399;Nine Million Rainy Days;The Jesus and Mary Chain;2
6400;On the Wall;The Jesus and Mary Chain;2
6401;All These Things That I've Done;The Killers;2
6402;Andy, You're a Star;The Killers;2
6403;Believe Me Natalie;The Killers;2
6404;Change Your Mind;The Killers;2
6405;Everything Will Be Alright;The Killers;2
6406;Midnight Show;The Killers;2
6407;On Top;The Killers;2
6408;Berkeley Mews;The Kinks;2
6409;Days;The Kinks;2
6410;Gotta Get the First Plane Home;The Kinks;2
6411;I  Don't Need You Any More (Previously Unrealeased);The Kinks;2
6412;I Gotta Go Now;The Kinks;2
6413;I Gotta Move;The Kinks;2
6414;I'm Not Like Everybody Else;The Kinks;2
6415;I've Got That Feeling;The Kinks;2
6416;Louie, Louie;The Kinks;2
6417;Milk Cow Blues;The Kinks;2
6418;Mr. Songbird;The Kinks;2
6419;Ring the Bells;The Kinks;2
6420;Things Are Getting Better;The Kinks;2
6421;This Is Where I Belong;The Kinks;2
6422;To Much Monkey Business (Unrealeased Alternate Take);The Kinks;2
6423;When I See That Girl of Mine;The Kinks;2
6424;You Do Something To Me;The Kinks;2
6425;You Still Want Me;The Kinks;2
6426;Bad Habit;The Offspring;2
6427;Come Out and Play;The Offspring;2
6428;Genocide;The Offspring;2
6429;Gotta Get Away;The Offspring;2
6430;It'll Be a Long Time;The Offspring;2
6431;Killboy Powerhead;The Offspring;2
6432;Nitro (Youth Energy);The Offspring;2
6433;Not the One;The Offspring;2
6434;Self Esteem;The Offspring;2
6435;Smash;The Offspring;2
6436;So Alone;The Offspring;2
6437;Something to Believe In;The Offspring;2
6438;What Happened to You?;The Offspring;2
6439;Bring On The Night;The Police;2
6440;Canary In A Coalmine;The Police;2
6441;Contact;The Police;2
6442;Darkness;The Police;2
6443;Deathwish;The Police;2
6444;Demolition Man;The Police;2
6445;Does Everyone Stare;The Police;2
6446;Every Little Thing She Does Is Magic;The Police;2
6447;Hungry For You (J'Aurais Toujours Faim De Toi);The Police;2
6448;Invisible Sun;The Police;2
6449;It's Alright For You;The Police;2
6450;Message in a Bottle;The Police;2
6451;No Time This Time;The Police;2
6452;Omegaman;The Police;2
6453;On Any Other Day;The Police;2
6454;One World (Not Three);The Police;2
6455;Reggatta De Blanc;The Police;2
6456;Rehumanize Yourself;The Police;2
6457;Secret Journey;The Police;2
6458;Spirits in the Material World;The Police;2
6459;The Bed's Too Big Without You;The Police;2
6460;Too Much Information;The Police;2
6461;Walking on the Moon;The Police;2
6462;Brass in Pocket;The Pretenders;2
6463;Precious;The Pretenders;2
6464;Private Life;The Pretenders;2
6465;Space Invader;The Pretenders;2
6466;Stop Your Sobbing;The Pretenders;2
6467;Tattooed Love Boys;The Pretenders;2
6468;The Phone Call;The Pretenders;2
6469;Up The Neck;The Pretenders;2
6470;3 Kilos;The Prodigy;2
6471;Break & Enter;The Prodigy;2
6472;Charly (Trip Into Drum and Bass version);The Prodigy;2
6473;Claustrophobic Sting;The Prodigy;2
6474;Death of the Prodigy Dancers (live);The Prodigy;2
6475;Everybody in the Place (155 and Rising);The Prodigy;2
6476;Fire (Sunrise version);The Prodigy;2
6477;Hyperspeed (G-Force Part 2);The Prodigy;2
6478;Intro;The Prodigy;2
6479;Music Reach 1/2/3/4;The Prodigy;2
6480;One Love (edit);The Prodigy;2
6481;Out of Space;The Prodigy;2
6482;Poison;The Prodigy;2
6483;Ruff in the Jungle Bizness;The Prodigy;2
6484;Skylined;The Prodigy;2
6485;Speedway (Theme from Fastlane);The Prodigy;2
6486;The Heat (The Energy);The Prodigy;2
6487;Their Law (Featuring Pop Will Eat Itself);The Prodigy;2
6488;Weather Experience;The Prodigy;2
6489;Wind It Up;The Prodigy;2
6490;Your Love (remix);The Prodigy;2
6491;Ain't Too Proud To Beg;The Rolling Stones;2
6492;Angie;The Rolling Stones;2
6493;Cherry Oh Baby;The Rolling Stones;2
6494;Crazy Mama;The Rolling Stones;2
6495;Dance Little Sister;The Rolling Stones;2
6496;Dear Doctor;The Rolling Stones;2
6497;Doncha Bother Me;The Rolling Stones;2
6498;Fingerprint File;The Rolling Stones;2
6499;Flight 505;The Rolling Stones;2
6500;Fool to Cry;The Rolling Stones;2
6501;Goin' Home;The Rolling Stones;2
6502;Hand Of Fate;The Rolling Stones;2
6503;Hey Negrita;The Rolling Stones;2
6504;Hot Stuff;The Rolling Stones;2
6505;If You Can't Rock Me;The Rolling Stones;2
6506;If You Really Want To Be My Friend;The Rolling Stones;2
6507;Just Me Imagination;The Rolling Stones;2
6508;Luxury;The Rolling Stones;2
6509;Memory Motel;The Rolling Stones;2
6510;Parachute Woman;The Rolling Stones;2
6511;Short And Curlies;The Rolling Stones;2
6512;Till The Next Goodbye;The Rolling Stones;2
6513;Time Waits For No One;The Rolling Stones;2
6514;Annie-Dog;The Smashing Pumpkins;2
6515;Appels + Oranjes;The Smashing Pumpkins;2
6516;Beautiful;The Smashing Pumpkins;2
6517;Behold! The Night Mare;The Smashing Pumpkins;2
6518;Blank Page;The Smashing Pumpkins;2
6519;Bury Me;The Smashing Pumpkins;2
6520;Crestfallen;The Smashing Pumpkins;2
6521;Crush;The Smashing Pumpkins;2
6522;Daydream;The Smashing Pumpkins;2
6523;Disarm;The Smashing Pumpkins;2
6524;Geek U.S.A.;The Smashing Pumpkins;2
6525;Glass and the Ghost Children;The Smashing Pumpkins;2
6526;Hummer;The Smashing Pumpkins;2
6527;I Am One;The Smashing Pumpkins;2
6528;Luna;The Smashing Pumpkins;2
6529;Mayonaise;The Smashing Pumpkins;2
6530;Muzzle;The Smashing Pumpkins;2
6531;Porcelina of the Vast Oceans;The Smashing Pumpkins;2
6532;Pug;The Smashing Pumpkins;2
6533;Quiet;The Smashing Pumpkins;2
6534;Rhinoceros;The Smashing Pumpkins;2
6535;Rocket;The Smashing Pumpkins;2
6536;Shame;The Smashing Pumpkins;2
6537;Silverfuck;The Smashing Pumpkins;2
6538;Snail;The Smashing Pumpkins;2
6539;Spaceboy;The Smashing Pumpkins;2
6540;Stumbleine;The Smashing Pumpkins;2
6541;Suffer;The Smashing Pumpkins;2
6542;Sweet Sweet;The Smashing Pumpkins;2
6543;Take Me Down;The Smashing Pumpkins;2
6544;Tales of a Scorched Earth;The Smashing Pumpkins;2
6545;Tear;The Smashing Pumpkins;2
6546;The Sacred and Profane;The Smashing Pumpkins;2
6547;The Tale of Dusty and Pistol Pete;The Smashing Pumpkins;2
6548;This Time;The Smashing Pumpkins;2
6549;Thru the Eyes of Ruby;The Smashing Pumpkins;2
6550;Tristessa;The Smashing Pumpkins;2
6551;Try, Try, Try;The Smashing Pumpkins;2
6552;We Only Come Out at Night;The Smashing Pumpkins;2
6553;Window Paine;The Smashing Pumpkins;2
6554;X.Y.U.;The Smashing Pumpkins;2
6555;Bigmouth Strikes Again;The Smiths;2
6556;Cemetry Gates;The Smiths;2
6557;Handsome Devil;The Smiths;2
6558;I Want the One I Can't Have;The Smiths;2
6559;Never Had No One Ever;The Smiths;2
6560;Nowhere Fast;The Smiths;2
6561;Please, Please, Please, Let Me Get What I Want;The Smiths;2
6562;Rusholme Ruffians;The Smiths;2
6563;That Joke Isn't Funny Anymore;The Smiths;2
6564;The Hand That Rocks the Cradle;The Smiths;2
6565;The Headmaster Ritual;The Smiths;2
6566;This Night Has Opened My Eyes;The Smiths;2
6567;What She Said;The Smiths;2
6568;Rat Race;The Specials;2
6569;Rude Boys Outta Jail;The Specials;2
6570;Barely Legal;The Strokes;2
6571;Is This It;The Strokes;2
6572;New York City Cops;The Strokes;2
6573;Take It or Leave It;The Strokes;2
6574;The Modern Age;The Strokes;2
6575;Trying Your Luck;The Strokes;2
6576;When It Started;The Strokes;2
6577;Bustin' Surfboards;The Tornadoes;2
6578;A New Decade;The Verve;2
6579;A Northern Soul;The Verve;2
6580;Brainstorm Interlude;The Verve;2
6581;Drive You Home;The Verve;2
6582;History;The Verve;2
6583;No Knock On My Door;The Verve;2
6584;On Your Own;The Verve;2
6585;So It Goes;The Verve;2
6586;This Is Music;The Verve;2
6587;1969;The Vines;2
6588;Ain't No Room;The Vines;2
6589;Autumn Shade;The Vines;2
6590;Country Yard;The Vines;2
6591;Factory;The Vines;2
6592;Homesick;The Vines;2
6593;In the Jungle;The Vines;2
6594;Sunshinin;The Vines;2
6595;Ball and Biscuit;The White Stripes;2
6596;A Legal Matter;The Who;2
6597;Athena;The Who;2
6598;Blue, Red and Grey;The Who;2
6599;Dreaming from the Waist;The Who;2
6600;How Many Friends;The Who;2
6601;However Much I Booze;The Who;2
6602;I'm a Man;The Who;2
6603;I'm Free;The Who;2
6604;Imagine a Man;The Who;2
6605;In a Hand or a Face;The Who;2
6606;It's Not True;The Who;2
6607;La-La-La Lies;The Who;2
6608;Much Too Much;The Who;2
6609;Out in the Street;The Who;2
6610;Please, Please, Please;The Who;2
6611;Run Run Run;The Who;2
6612;Slip Kid;The Who;2
6613;Squeeze Box;The Who;2
6614;Success Story;The Who;2
6615;The Good's Gone;The Who;2
6616;The Kids Are Alright;The Who;2
6617;The Ox;The Who;2
6618;They Are All in Love;The Who;2
6619;A Song For While I'm Away;Thin Lizzy;2
6620;Little Girl In Bloom;Thin Lizzy;2
6621;Black Swan;Thom Yorke;2
6622;Skip Divided;Thom Yorke;2
6623;The Clock;Thom Yorke;2
6624;4 Degrees;Tool;2
6625;Bottom;Tool;2
6626;Crawl Away;Tool;2
6627;Disgustipated;Tool;2
6628;Flood;Tool;2
6629;Intolerance;Tool;2
6630;Prison Sex;Tool;2
6631;Sober;Tool;2
6632;Swamp Song;Tool;2
6633;Undertow;Tool;2
6634;All I Want To Do Is Rock;Travis;2
6635;Good Day to Die;Travis;2
6636;The Line Is Fine;Travis;2
6637;U16 Girls;Travis;2
6638;Abbaon Fat Tracks;Tricky;2
6639;Aftermath;Tricky;2
6640;Black Steel;Tricky;2
6641;Brand New You're Retro;Tricky;2
6642;Feed Me;Tricky;2
6643;Hell Is Around The Corner;Tricky;2
6644;Overcome;Tricky;2
6645;Ponderosa;Tricky;2
6646;Pumpkin;Tricky;2
6647;Strugglin';Tricky;2
6648;Suffocated Love;Tricky;2
6649;You Don't;Tricky;2
6650;Discotheque;U2;2
6651;Exit;U2;2
6652;Some Days Are Better Than Others;U2;2
6653;A-Punk;Vampire Weekend;2
6654;Walcott;Vampire Weekend;2
6655;And It Stoned Me;Van Morrison;2
6656;Baby Please Don't Go;Van Morrison;2
6657;Bright Side Of The Road;Van Morrison;2
6658;Brown Eyed Girl;Van Morrison;2
6659;Did Ye Get Healed;Van Morrison;2
6660;Domino;Van Morrison;2
6661;Full Force Gale;Van Morrison;2
6662;Gloria;Van Morrison;2
6663;Have I Told You Lately;Van Morrison;2
6664;Here Comes The Night;Van Morrison;2
6665;Jackie Wilson Said;Van Morrison;2
6666;Moondance;Van Morrison;2
6667;Sweet Thing;Van Morrison;2
6668;Warm Love;Van Morrison;2
6669;Wonderful Remark;Van Morrison;2
6670;Vivir Para Contarlo;Violadores del Verso;2
6671;We're Just Friends;Wilco;2
6672;Bring da Ruckus;Wu-Tang Clan;2
6673;C.R.E.A.M.;Wu-Tang Clan;2
6674;Can It Be All So Simple;Wu-Tang Clan;2
6675;Clan in da Front;Wu-Tang Clan;2
6676;Da Mystery of Chessboxin';Wu-Tang Clan;2
6677;Shame on a Nigga;Wu-Tang Clan;2
6678;Wu-Tang Clan Ain't Nuthing Ta F' Wit;Wu-Tang Clan;2
6679;Wu-Tang: 7th Chamber;Wu-Tang Clan;2
6680;Neon Shuffle;XTC;2
6681;Spinning Top;XTC;2
6682;Dragon Queen;Yeah Yeah Yeahs;2
6683;Dull Life;Yeah Yeah Yeahs;2
6684;Hysteric;Yeah Yeah Yeahs;2
6685;Little Shadow;Yeah Yeah Yeahs;2
6686;Runaway;Yeah Yeah Yeahs;2
6687;Shame and Fortune;Yeah Yeah Yeahs;2
6688;Skeletons;Yeah Yeah Yeahs;2
6689;Soft Shock;Yeah Yeah Yeahs;2
6690;America;Yes;2
6691;Cans and Brahms;Yes;2
6692;Five Per Cent for Nothing;Yes;2
6693;Heart of the Sunrise;Yes;2
6694;Long Distance Runaround;Yes;2
6695;Mood for a Day;Yes;2
6696;Roundabout;Yes;2
6697;Roundabout (early rough mix);Yes;2
6698;South Side of the Sky;Yes;2
6699;The Fish (Schindleria Praematurus);Yes;2
6700;We Have Heaven;Yes;2
6701;Cowboys;Portishead;1
6702;Elysium;Portishead;1
6703;Undenied;Portishead;1
6704;Europe Endless;Kraftwerk;1
6705;The Hall of Mirrors;Kraftwerk;1
6706;Showroom Dummies;Kraftwerk;1
6707;Metal on Metal;Kraftwerk;1
6708;Scarecrow;Pink Floyd;1
6709;Cybele's Reverie;Stereolab;1
6710;Les Yper-sound;Stereolab;1
6711;Spark Plug;Stereolab;1
6712;Emperor Tomato Ketchup;Stereolab;1
6713;Slow Fast Hazel;Stereolab;1
6714;Airwaves;Kraftwerk;1
6715;Antenna;Kraftwerk;1
6716;Geiger Counter;Kraftwerk;1
6717;Intermission;Kraftwerk;1
6718;News;Kraftwerk;1
6719;Ohm Sweet Ohm;Kraftwerk;1
6720;Radioland;Kraftwerk;1
6721;The Voice of Energy;Kraftwerk;1
6722;Transistor;Kraftwerk;1
6723;Uranium;Kraftwerk;1
6724;Gimme Danger;The Stooges;1
6725;I Need Somebody;The Stooges;1
6726;Ladies and Gentlemen We Are Floating in Space;Spiritualized;1
6727;So Long, Marianne;Leonard Cohen;1
6728;Ain't No Right;Jane's Addiction;1
6729;Obvious;Jane's Addiction;1
6730;Atmosphere;Joy Division;1
6731;Dead Souls;Joy Division;1
6732;Novelty;Joy Division;1
6733;Transmission;Joy Division;1
6734;Hallo Spaceboy;David Bowie;1
6735;O Maria;Beck;1
6736;Runners Dial Zero;Beck;1
6737;Sing It Again;Beck;1
6738;Static;Beck;1
6739;Search and Destroy;The Stooges;1
6740;Intro;De La Soul;1
6741;Do It the Hard Way;Chet Baker;1
6742;Blue in Green;Miles Davis;1
6743;All Blues;Miles Davis;1
6744;Flamenco Sketches;Miles Davis;1
6745;Freddie Freeloader;Miles Davis;1
6746;So What;Miles Davis;1
6747;Old to Begin;Pavement;1
6748;Transport Is Arranged;Pavement;1
6749;A Warm Place;Nine Inch Nails;1
6750;Something I Can Never Have;Nine Inch Nails;1
6751;Eye Know;De La Soul;1
6752;The Ballad of John and Yoko;The Beatles;1
6753;Pimpf;Depeche Mode;1
6754;Something to Do;Depeche Mode;1
6755;Stripped;Depeche Mode;1
6756;Blasphemous Rumours;Depeche Mode;1
6757;Master and Servant;Depeche Mode;1
6758;People Are People;Depeche Mode;1
6759;Somebody;Depeche Mode;1
6760;Always On My Mind;Elvis Presley;1
6761;Don't Cry Daddy;Elvis Presley;1
6762;King Creole;Elvis Presley;1
6763;Moody Blue;Elvis Presley;1
6764;Wear My Ring Around Your Neck;Elvis Presley;1
6765;Part of the Process;Morcheeba;1
6766;Side;Travis;1
6767;After the Gold Rush;Neil Young;1
6768;Birds;Neil Young;1
6769;Cripple Creek Ferry;Neil Young;1
6770;Don't Let It Bring You Down;Neil Young;1
6771;Oh, Lonesome Me;Neil Young;1
6772;Only Love Can Break Your Heart;Neil Young;1
6773;Southern Man;Neil Young;1
6774;Till the Morning Comes;Neil Young;1
6775;I Believe in You;Neil Young;1
6776;A Man Needs a Maid;Neil Young;1
6777;Harvest;Neil Young;1
6778;Heart of Gold;Neil Young;1
6779;Old Man;Neil Young;1
6780;The Needle and the Damage Done;Neil Young;1
6781;Alabama;Neil Young;1
6782;Are You Ready for the Country?;Neil Young;1
6783;Out on the Weekend;Neil Young;1
6784;There's a World;Neil Young;1
6785;Horses in My Dreams;PJ Harvey;1
6786;Kamikaze;PJ Harvey;1
6787;This Is Love;PJ Harvey;1
6788;We Float;PJ Harvey;1
6789;You Said Something;PJ Harvey;1
6790;A Scanner Darkly;Primal Scream;1
6791;Autobahn 66;Primal Scream;1
6792;City;Primal Scream;1
6793;Deep Hit of Morning Sun;Primal Scream;1
6794;Detroit;Primal Scream;1
6795;Rise;Primal Scream;1
6796;Skull X;Primal Scream;1
6797;Some Velvet Morning;Primal Scream;1
6798;Space Blues #2;Primal Scream;1
6799;The Lord Is My Shotgun;Primal Scream;1
6800;Apache Rose Peacock;Red Hot Chili Peppers;1
6801;Awful Sound (Oh Eurydice);Arcade Fire;1
6802;City With No Children;Arcade Fire;1
6803;Deep Blue;Arcade Fire;1
6804;Empty Room;Arcade Fire;1
6805;Flashbulb Eyes;Arcade Fire;1
6806;Haiti;Arcade Fire;1
6807;Half Light I;Arcade Fire;1
6808;Half Light II (No Celebration);Arcade Fire;1
6809;Here Comes the Night Time;Arcade Fire;1
6810;Here Comes the Night Time II;Arcade Fire;1
6811;It’s Never Over (Hey Orpheus);Arcade Fire;1
6812;Joan of Arc;Arcade Fire;1
6813;Modern Man;Arcade Fire;1
6814;Month of May;Arcade Fire;1
6815;My Body Is a Cage;Arcade Fire;1
6816;Neighborhood #1 (Tunnels);Arcade Fire;1
6817;Neighborhood #2 (Laïka);Arcade Fire;1
6818;Neighborhood #3 (Power Out);Arcade Fire;1
6819;Neighborhood #4 (7 Kettles);Arcade Fire;1
6820;No Cars Go;Arcade Fire;1
6821;Normal Person;Arcade Fire;1
6822;Ocean of Noise;Arcade Fire;1
6823;Porno;Arcade Fire;1
6824;Ready to Start;Arcade Fire;1
6825;Rebellion (Lies);Arcade Fire;1
6826;Reflektor;Arcade Fire;1
6827;Sprawl I (Flatland);Arcade Fire;1
6828;Sprawl II (Mountains Beyond Mountains);Arcade Fire;1
6829;Suburban War;Arcade Fire;1
6830;The Suburbs;Arcade Fire;1
6831;The Suburbs (Continued);Arcade Fire;1
6832;Une année sans lumière;Arcade Fire;1
6833;Wasted Hours;Arcade Fire;1
6834;We Used to Wait;Arcade Fire;1
6835;Windowsill;Arcade Fire;1
6836;You Already Know;Arcade Fire;1
6837;505;Arctic Monkeys;1
6838;Balaclava;Arctic Monkeys;1
6839;D Is for Dangerous;Arctic Monkeys;1
6840;Dance Little Liar;Arctic Monkeys;1
6841;Dangerous Animals;Arctic Monkeys;1
6842;Do Me a Favour;Arctic Monkeys;1
6843;Fire and the Thud;Arctic Monkeys;1
6844;Fluorescent Adolescent;Arctic Monkeys;1
6845;From the Ritz to the Rubble;Arctic Monkeys;1
6846;If You Where There Beware;Arctic Monkeys;1
6847;My Propeller;Arctic Monkeys;1
6848;Old Yellow Bricks;Arctic Monkeys;1
6849;Only Ones Who Know;Arctic Monkeys;1
6850;Perhaps Vampires Is a Bit Strong But...;Arctic Monkeys;1
6851;Potion Approaching;Arctic Monkeys;1
6852;Pretty Visitors;Arctic Monkeys;1
6853;Red Light Indicates Doors Are Secured;Arctic Monkeys;1
6854;Secret Door;Arctic Monkeys;1
6855;Still Take You Home;Arctic Monkeys;1
6856;Teddy Picker;Arctic Monkeys;1
6857;The Bad Thing;Arctic Monkeys;1
6858;The Jeweller's Hands;Arctic Monkeys;1
6859;This House Is a Circus;Arctic Monkeys;1
6860;You Probably Couldn't See for the Lights but You Were Staring Straight at Me;Arctic Monkeys;1
6861;Adios Mundo Cruel;Ariel Rot;1
6862;Bruma En La Castellana;Ariel Rot;1
6863;Me estás atrapando otra vez;Ariel Rot;1
6864;Vicios Caros;Ariel Rot;1
6865;Hole in My Head;Australian Blonde;1
6866;Howlin' Down;Australian Blonde;1
6867;I'm Really Famous;Australian Blonde;1
6868;In Town;Australian Blonde;1
6869;It´s over;Australian Blonde;1
6870;My House;Australian Blonde;1
6871;Precious Love;Australian Blonde;1
6872;You Came;Australian Blonde;1
6873;Delivery;Babyshambles;1
6874;1000 More Fools;Bad Religion;1
6875;Anxiety;Bad Religion;1
6876;Automatic Man;Bad Religion;1
6877;Big Bang;Bad Religion;1
6878;Billy;Bad Religion;1
6879;Change of Ideas;Bad Religion;1
6880;Forbidden Beat;Bad Religion;1
6881;Give You Nothing;Bad Religion;1
6882;Henchman;Bad Religion;1
6883;How Much Is Enough;Bad Religion;1
6884;I Want Something More;Bad Religion;1
6885;I Want to Conquer the World;Bad Religion;1
6886;It Must Look Pretty Appealing;Bad Religion;1
6887;Land of Competition;Bad Religion;1
6888;No Control;Bad Religion;1
6889;Progress;Bad Religion;1
6890;Sanity;Bad Religion;1
6891;Sometimes I Feel Like;Bad Religion;1
6892;The World Won't Stop;Bad Religion;1
6893;When;Bad Religion;1
6894;You;Bad Religion;1
6895;You Are (The Government);Bad Religion;1
6896;Casi Me Mato;Barón Rojo;1
6897;Concierto Para Ellos;Barón Rojo;1
6898;Dame la Oportunidad;Barón Rojo;1
6899;El Barón Vuela Sobre Inglaterra;Barón Rojo;1
6900;El Malo;Barón Rojo;1
6901;Hermano del Rock & Roll;Barón Rojo;1
6902;Incomunicación;Barón Rojo;1
6903;Las Flores del Mal;Barón Rojo;1
6904;Los Rockeros Van Al Infierno;Barón Rojo;1
6905;Satánico Plan (Volumen Brutal);Barón Rojo;1
6906;África;Barricada;1
6907;Alicia;Barricada;1
6908;Cada Noche;Barricada;1
6909;Deja Que Esto No Acabe Nunca;Barricada;1
6910;Derriba;Barricada;1
6911;El Mejor De Tus Días;Barricada;1
6912;La Araña;Barricada;1
6913;La puerta de atrás;Barricada;1
6914;Ninguna Bandera;Barricada;1
6915;No Sé Bien Porqué;Barricada;1
6916;Para Llegar A Tu Cita;Barricada;1
6917;Revuelta De Piedras;Barricada;1
6918;Romper Mi Corazón;Barricada;1
6919;Sin Poderme Encontrar;Barricada;1
6920;Soy Tuyo;Barricada;1
6921;Tu Nombre;Barricada;1
6922;Vieja satisfacción;Barricada;1
6923;Dancing;Bauhaus;1
6924;Dark Entries;Bauhaus;1
6925;Dive;Bauhaus;1
6926;Double Dare;Bauhaus;1
6927;God in an Alcove;Bauhaus;1
6928;Hollow Hills;Bauhaus;1
6929;In Fear of Fear;Bauhaus;1
6930;In the Flat Field;Bauhaus;1
6931;Kick in the Eye;Bauhaus;1
6932;Mask;Bauhaus;1
6933;Muscle in Plastic;Bauhaus;1
6934;Nerves;Bauhaus;1
6935;Of Lillies and Remains;Bauhaus;1
6936;Small Talk Stinks;Bauhaus;1
6937;Spy in the Cab;Bauhaus;1
6938;St. Vitus Dance;Bauhaus;1
6939;Stigmata Martyr;Bauhaus;1
6940;The Man With The X-Rays Eyes;Bauhaus;1
6941;Derelict;Beck;1
6942;Devils Haircut;Beck;1
6943;Diskobox (International Only Bonus Track);Beck;1
6944;High 5 (Rock The Catskills);Beck;1
6945;Hotwax;Beck;1
6946;Jack-Ass;Beck;1
6947;Lord Only Knows;Beck;1
6948;Minus;Beck;1
6949;O Maria;Beck;1
6950;Ramshackle;Beck;1
6951;Readymade;Beck;1
6952;Runners Dial Zero;Beck;1
6953;Sing It Again;Beck;1
6954;Sissyneck;Beck;1
6955;Static;Beck;1
6956;The New Pollution;Beck;1
6957;Where It's At;Beck;1
6958;Country Lanes;Bee Gees;1
6959;Living Eyes;Bee Gees;1
6960;Stop (Think Again);Bee Gees;1
6961;Ease Your Feet in the Sea;Belle and Sebastian;1
6962;Is It Wicked Not to Care?;Belle and Sebastian;1
6963;It Could Have Been a Brilliant Career;Belle and Sebastian;1
6964;Sleep the Clock Around;Belle and Sebastian;1
6965;Eyes Without a Face;Billy Idol;1
6966;Play Dead;Björk;1
6967;Reverend Black Grape;Black Grape;1
6968;All Moving Parts (Stand Still);Black Sabbath;1
6969;Am I Going Insane (Radio);Black Sabbath;1
6970;Back Street Kids;Black Sabbath;1
6971;Dirty Women;Black Sabbath;1
6972;Fairies Wear Boots;Black Sabbath;1
6973;Gypsy;Black Sabbath;1
6974;It's Alright;Black Sabbath;1
6975;Rock 'N' Roll Doctor;Black Sabbath;1
6976;She's Gone;Black Sabbath;1
6977;Shock Wave;Black Sabbath;1
6978;Sleeping Village;Black Sabbath;1
6979;The Writ + Blow on a Jug;Black Sabbath;1
6980;Warning;Black Sabbath;1
6981;You Won't Change Me;Black Sabbath;1
6982;A Past and Future Secret;Blind Guardian;1
6983;And the Story Ends;Blind Guardian;1
6984;Another Holy War;Blind Guardian;1
6985;Born In A Mourning Hall;Blind Guardian;1
6986;Bright Eyes;Blind Guardian;1
6987;I'm Alive;Blind Guardian;1
6988;Imaginations from the Other Side;Blind Guardian;1
6989;Mordred's Song;Blind Guardian;1
6990;The Script for My Requiem;Blind Guardian;1
6991;What's My Age Again?;blink-182;1
6992;(I'm Always Touched By Your) Presence Dear;Blondie;1
6993;A Shark In Jets Clothing;Blondie;1
6994;Accidents Never Happen;Blondie;1
6995;Bermuda Triangle Blues (Flight 45);Blondie;1
6996;Cautious Lip;Blondie;1
6997;Contact in Red Square;Blondie;1
6998;Denis;Blondie;1
6999;Detroit 442;Blondie;1
7000;Die Young Stay Pretty;Blondie;1
7001;Eat to the Beat;Blondie;1
7002;Fan Mail;Blondie;1
7003;I Didn't Have the Nerve to Say No;Blondie;1
7004;I'm on E;Blondie;1
7005;In the Flesh;Blondie;1
7006;In the Sun;Blondie;1
7007;Kidnapper;Blondie;1
7008;Kung Fu Girls;Blondie;1
7009;Little Girl Lies;Blondie;1
7010;Living In The Real World;Blondie;1
7011;Look Good in Blue;Blondie;1
7012;Love at the Pier;Blondie;1
7013;Man Overboard;Blondie;1
7014;No Imagination;Blondie;1
7015;Rifle Range;Blondie;1
7016;Rip Her to Shreds;Blondie;1
7017;Slow Motion;Blondie;1
7018;Sound-A-Sleep;Blondie;1
7019;The Attack Of The Giant Ants;Blondie;1
7020;Victor;Blondie;1
7021;X Offender;Blondie;1
7022;Youth Nabbed as Sniper;Blondie;1
7023;Bang (Extended Version);Blur;1
7024;Beagle 2;Blur;1
7025;Beetlebum (Live Acoustic Version);Blur;1
7026;Beetlebum (Moby's Mix);Blur;1
7027;Chemical World (including 'Intermission');Blur;1
7028;Colin Zeal [Live At Wolverhampton Civic Hall 6-9-2012];Blur;1
7029;Country House (Live);Blur;1
7030;Death of a Party (7'' Remix);Blur;1
7031;Eine Kleine Lift Musik;Blur;1
7032;End of a Century (Acoustic Version);Blur;1
7033;Es Schmecht;Blur;1
7034;For Tomorrow (Live);Blur;1
7035;French Song;Blur;1
7036;Girls And Boys (Live);Blur;1
7037;Girls and Boys (Pet Shop Boys 12'' Remix);Blur;1
7038;Hanging Over;Blur;1
7039;I Got Law (Demo);Blur;1
7040;Intermission;Blur;1
7041;Jubilee (Acoustic, BBC Live Version);Blur;1
7042;Maggie May;Blur;1
7043;Me, White Noise (Alternate Version);Blur;1
7044;Morricone;Blur;1
7045;Movin' On (William Orbit Mix);Blur;1
7046;Mr Briggs [BBC Maida Vale Session];Blur;1
7047;Parklife (Acoustic, BBC Live Version);Blur;1
7048;Red Necks;Blur;1
7049;Some Glad Morning;Blur;1
7050;The Great Escape;Blur;1
7051;The Man Who Left Himself;Blur;1
7052;The Outsider;Blur;1
7053;The Puritan [Live from 13 - Matt Butcher Mix];Blur;1
7054;There's No Other Way (Blur Remix);Blur;1
7055;To the End (French Version);Blur;1
7056;Trade Stylee (Alex's Bugman Remix);Blur;1
7057;Under the Westway (acoustic);Blur;1
7058;Under The Westway (Instrumental);Blur;1
7059;Under the Westway [Live from 13 - Matt Butcher Mix];Blur;1
7060;Under the Westway/Commercial Break;Blur;1
7061;When the Cows Come Home;Blur;1
7062;Young & Lovely;Blur;1
7063;Young and Lovely [Live At Wolverhampton Civic Hall 6-9-2012];Blur;1
7064;A Hard Rain's a-Gonna Fall;Bob Dylan;1
7065;Ballad of Hollis Brown;Bob Dylan;1
7066;Blowin' in the Wind;Bob Dylan;1
7067;Bob Dylan's 115th Dream;Bob Dylan;1
7068;Bob Dylan's Blues;Bob Dylan;1
7069;Down the Highway;Bob Dylan;1
7070;Gates of Eden;Bob Dylan;1
7071;Girl From the North Country;Bob Dylan;1
7072;It's All Over Now, Baby Blue;Bob Dylan;1
7073;It's Alright, Ma (I'm Only Bleeding);Bob Dylan;1
7074;Love Minus Zero, No Limit;Bob Dylan;1
7075;Maggie's Farm;Bob Dylan;1
7076;Masters of War;Bob Dylan;1
7077;Mr. Tambourine Man;Bob Dylan;1
7078;On the Road Again;Bob Dylan;1
7079;Outlaw Blues;Bob Dylan;1
7080;She Belongs to Me;Bob Dylan;1
7081;Subterranean Homesick Blues;Bob Dylan;1
7082;The Times They Are a-Changin';Bob Dylan;1
7083;With God on Our Side;Bob Dylan;1
7084;Cuentos Immorales;Boikot;1
7085;El Anarka De Noe;Boikot;1
7086;El Estado del ''Malestar'';Boikot;1
7087;Happy Money;Boikot;1
7088;La Pantera Roja;Boikot;1
7089;Los Ojos de la Calle;Boikot;1
7090;Saltando Ska-Lones;Boikot;1
7091;SerrindeMadriz;Boikot;1
7092;Sinfonía de Pitos y Claxones;Boikot;1
7093;4th of July, Asbury Park;Bruce Springsteen;1
7094;Adam Raised a Cain;Bruce Springsteen;1
7095;Badlands;Bruce Springsteen;1
7096;Bobby Jean;Bruce Springsteen;1
7097;Cadillac Ranch;Bruce Springsteen;1
7098;Candy's Room;Bruce Springsteen;1
7099;Cover Me;Bruce Springsteen;1
7100;Dancing in the Dark;Bruce Springsteen;1
7101;Darkness on the Edge of Town;Bruce Springsteen;1
7102;Darlington County;Bruce Springsteen;1
7103;Does This Bus Stop At 82nd Street;Bruce Springsteen;1
7104;Downbound Train;Bruce Springsteen;1
7105;Drive All Night;Bruce Springsteen;1
7106;Factory;Bruce Springsteen;1
7107;Fade Away;Bruce Springsteen;1
7108;For You;Bruce Springsteen;1
7109;Glory Days;Bruce Springsteen;1
7110;I'm a Rocker;Bruce Springsteen;1
7111;I'm Goin' Down;Bruce Springsteen;1
7112;I'm on Fire;Bruce Springsteen;1
7113;Incident on 57th Street;Bruce Springsteen;1
7114;Independence Day;Bruce Springsteen;1
7115;It's Hard to Be a Saint in the City;Bruce Springsteen;1
7116;Jackson Cage;Bruce Springsteen;1
7117;Kitty's Back;Bruce Springsteen;1
7118;Lost in the Flood;Bruce Springsteen;1
7119;Mary Queen of Arkansas;Bruce Springsteen;1
7120;My Hometown;Bruce Springsteen;1
7121;New York City Serenade;Bruce Springsteen;1
7122;No Surrender;Bruce Springsteen;1
7123;Point Blank;Bruce Springsteen;1
7124;Prove It All Night;Bruce Springsteen;1
7125;Racing in the Street;Bruce Springsteen;1
7126;Ramrod;Bruce Springsteen;1
7127;Rosalita (Come Out Tonight);Bruce Springsteen;1
7128;Sherry Darling;Bruce Springsteen;1
7129;Something in the Night;Bruce Springsteen;1
7130;Spirit in the Night;Bruce Springsteen;1
7131;Stolen Car;Bruce Springsteen;1
7132;Streets of Fire;Bruce Springsteen;1
7133;The Angel;Bruce Springsteen;1
7134;The E Street Shuffle;Bruce Springsteen;1
7135;The Price You Pay;Bruce Springsteen;1
7136;The Promised Land;Bruce Springsteen;1
7137;The Ties That Bind;Bruce Springsteen;1
7138;Two Hearts;Bruce Springsteen;1
7139;Wild Billy's Circus Story;Bruce Springsteen;1
7140;Working on the Highway;Bruce Springsteen;1
7141;Wreck on the Highway;Bruce Springsteen;1
7142;Zed's Dead, Baby/Bullwinkle,;Bruce Willis;1
7143;(You're so Square) Baby I Don't Care;Buddy Holly;1
7144;Early In The Morning;Buddy Holly;1
7145;Everyday;Buddy Holly;1
7146;Fool's Paradise;Buddy Holly;1
7147;Girl On My Mind;Buddy Holly;1
7148;Heartbeat;Buddy Holly;1
7149;I'm Gonna Love You Too;Buddy Holly;1
7150;I'm Lookin' for Someone to Love;Buddy Holly;1
7151;It Doesn't Matter Anymore;Buddy Holly;1
7152;It's so Easy;Buddy Holly;1
7153;It's Too Late;Buddy Holly;1
7154;Last Night;Buddy Holly;1
7155;Listen To Me;Buddy Holly;1
7156;Little Baby;Buddy Holly;1
7157;Lonesome Tears;Buddy Holly;1
7158;Look At Me;Buddy Holly;1
7159;Love Me;Buddy Holly;1
7160;Midnight Shift;Buddy Holly;1
7161;Not Fade Away;Buddy Holly;1
7162;Now We're One;Buddy Holly;1
7163;Oh, Boy!;Buddy Holly;1
7164;Rave On;Buddy Holly;1
7165;Ready Teddy;Buddy Holly;1
7166;Rock Around With Ollie Vee (No Saxophone);Buddy Holly;1
7167;Send Me Some Lovin';Buddy Holly;1
7168;Take Your Time;Buddy Holly;1
7169;Tell Me How;Buddy Holly;1
7170;That'll Be The Day (1957 Million Selling Version);Buddy Holly;1
7171;Ting-A-Ling;Buddy Holly;1
7172;Valley Of Tears;Buddy Holly;1
7173;Well... All Right;Buddy Holly;1
7174;Words Of Love;Buddy Holly;1
7175;You Are My One Desire;Buddy Holly;1
7176;Jim Dinamita;Burning;1
7177;loco por ti (penny);Burning;1
7178;Madrid;Burning;1
7179;Miéntelas;Burning;1
7180;Rock 'n' Roll Mama;Burning;1
7181;Sin Tiempo para Vivir;Burning;1
7182;De Piratas;Café Quijano;1
7183;El perdido;Café Quijano;1
7184;En algún rincón;Café Quijano;1
7185;Falsas promesas;Café Quijano;1
7186;Hablando a un cristal;Café Quijano;1
7187;La Lola;Café Quijano;1
7188;Lágrimas de miel;Café Quijano;1
7189;Los locos;Café Quijano;1
7190;Morenita;Café Quijano;1
7191;Sangre Negra;Café Quijano;1
7192;Vete de mí;Café Quijano;1
7193;Algo más;Camilo Sesto;1
7194;Con el Viento a Tu Favor;Camilo Sesto;1
7195;Day After Day (Aleluya);Camilo Sesto;1
7196;El Amor De Mi Vida;Camilo Sesto;1
7197;En Valencia;Camilo Sesto;1
7198;Llueve Sobre Mojado;Camilo Sesto;1
7199;Qué difícil es ser feliz;Camilo Sesto;1
7200;Recuérdame;Camilo Sesto;1
7201;Todo por Nada;Camilo Sesto;1
7202;Vagabundo;Camilo Sesto;1
7203;Andou Voce;Carlos Lyra;1
7204;18th Avenue (Kansas City Nightmare);Cat Stevens;1
7205;Freezing Steel;Cat Stevens;1
7206;O' Caritas;Cat Stevens;1
7207;¿Qué voy a hacer yo?;Celtas Cortos;1
7208;A Saber;Celtas Cortos;1
7209;Cadencia de Lava;Celtas Cortos;1
7210;Cuéntame un Cuento (Con Willy de Ville);Celtas Cortos;1
7211;En estos días inciertos;Celtas Cortos;1
7212;Frontera;Celtas Cortos;1
7213;Hacha de Guerra (Remix);Celtas Cortos;1
7214;Do It the Hard Way;Chet Baker;1
7215;Fair Weather;Chet Baker;1
7216;How High the Moon;Chet Baker;1
7217;If You Could See Me Now;Chet Baker;1
7218;It Never Entered My Mind;Chet Baker;1
7219;Soft Winds;Chet Baker;1
7220;Solar;Chet Baker;1
7221;Cuidado Burócratas;Cicatriz;1
7222;Desobediencia;Cicatriz;1
7223;Enemigo Público;Cicatriz;1
7224;Esto Saldrá Bien;Cicatriz;1
7225;Fuck Furcias;Cicatriz;1
7226;Goma 2;Cicatriz;1
7227;Horacio;Cicatriz;1
7228;Hoy En Un Lugar;Cicatriz;1
7229;Inadaptados;Cicatriz;1
7230;Loco;Cicatriz;1
7231;Reggae del vómito;Cicatriz;1
7232;Sacrilegio;Cicatriz;1
7233;Txota;Cicatriz;1
7234;Freddy, My Love;Cindy Bullens;1
7235;It's Raining On Prom Night;Cindy Bullens;1
7236;Mooning;Cindy Bullens;1
7237;A Message;Coldplay;1
7238;Amsterdam;Coldplay;1
7239;How You See The World (Bonus Track);Coldplay;1
7240;Square One;Coldplay;1
7241;The Scientist;Coldplay;1
7242;Warning Sign;Coldplay;1
7243;Brimful of Asha [Norman Cook Remix];Cornershop;1
7244;Blue Condition;Cream;1
7245;Mother's Lament;Cream;1
7246;Outside Woman Blues;Cream;1
7247;SWLABR (She Was Like A Bearded Rainbow);Cream;1
7248;Take It Back;Cream;1
7249;Tales of Brave Ulysses;Cream;1
7250;We're Going Wrong;Cream;1
7251;Born To Move;Creedence Clearwater Revival;1
7252;Chameleon;Creedence Clearwater Revival;1
7253;Door To Door;Creedence Clearwater Revival;1
7254;Have You Ever Seen the Rain;Creedence Clearwater Revival;1
7255;Hello Mary Lou;Creedence Clearwater Revival;1
7256;Hey Tonight;Creedence Clearwater Revival;1
7257;Hideaway (I Wish I Could);Creedence Clearwater Revival;1
7258;It's Just A Thought;Creedence Clearwater Revival;1
7259;Molina;Creedence Clearwater Revival;1
7260;Need Someone To Hold;Creedence Clearwater Revival;1
7261;Rude Awakening #2;Creedence Clearwater Revival;1
7262;Sailor's Lament;Creedence Clearwater Revival;1
7263;Someday Never Comes;Creedence Clearwater Revival;1
7264;Sweet Hitch-Hiker;Creedence Clearwater Revival;1
7265;Take It Like A Friend;Creedence Clearwater Revival;1
7266;Tearin' Up The Country;Creedence Clearwater Revival;1
7267;What Are You Gonna Do;Creedence Clearwater Revival;1
7268;Can't Carry On;Crowded House;1
7269;Hole in the River;Crowded House;1
7270;I Walk Away;Crowded House;1
7271;Love You 'Til the Day I Die;Crowded House;1
7272;Something So Strong;Crowded House;1
7273;That's What I Call Love;Crowded House;1
7274;Tombstone;Crowded House;1
7275;Child I Will Hurt You;Crystal Castles;1
7276;Mercenary;Crystal Castles;1
7277;Telepath;Crystal Castles;1
7278;Insane in the Brain;Cypress Hill;1
7279;Alive;Daft Punk;1
7280;Funk Ad;Daft Punk;1
7281;Apple Carts;Damon Albarn;1
7282;Le Relax;Damon Albarn;1
7283;Makelekele;Damon Albarn;1
7284;O Spirit, Animate Us;Damon Albarn;1
7285;Spoons;Damon Albarn;1
7286;The Djembe;Damon Albarn;1
7287;The Golden Dawn;Damon Albarn;1
7288;The Marvelous Dream;Damon Albarn;1
7289;The Moon Exalted;Damon Albarn;1
7290;The Nearer the Fountain the More Pure the Stream Flows;Damon Albarn;1
7291;'87 and Cry;David Bowie;1
7292;01.Speed Of Life;David Bowie;1
7293;04.Sound and Vision;David Bowie;1
7294;06.Be My Wife;David Bowie;1
7295;06.Wild IsThe Wind;David Bowie;1
7296;07.A New Career In A New Town;David Bowie;1
7297;Abdulmajid (Previously unreleased, 1976-79);David Bowie;1
7298;All Saints (Bonus Track);David Bowie;1
7299;An Occasional Dream;David Bowie;1
7300;Bang Bang;David Bowie;1
7301;Battle for Britain (The Letter);David Bowie;1
7302;Beat Of Your Drum;David Bowie;1
7303;Brilliant Adventure;David Bowie;1
7304;Cygnet Committee;David Bowie;1
7305;Day-In Day-Out;David Bowie;1
7306;Dead Man Walking;David Bowie;1
7307;Girls;David Bowie;1
7308;Glass Spider;David Bowie;1
7309;Hallo Spaceboy;David Bowie;1
7310;I Can't Explain;David Bowie;1
7311;I'm Afraid of Americans;David Bowie;1
7312;Joe The Lion (Remix Version, 1991);David Bowie;1
7313;John, I'm Only Dancing Again (Single A-Side Recorded 1974);David Bowie;1
7314;Julie;David Bowie;1
7315;Law (Earthlings on Fire);David Bowie;1
7316;Little Bombadier;David Bowie;1
7317;Looking for Satellites;David Bowie;1
7318;Love You Till Tuesday;David Bowie;1
7319;Memory of a Free Festival;David Bowie;1
7320;Never Let Me Down;David Bowie;1
7321;New Angels Of Promise;David Bowie;1
7322;New York's In Love;David Bowie;1
7323;Quicksand (2);David Bowie;1
7324;Rubber Band;David Bowie;1
7325;Sell Me a Coat;David Bowie;1
7326;Seven Years in Tibet;David Bowie;1
7327;Shining Star (Makin' My Love);David Bowie;1
7328;Some Are (bonus track);David Bowie;1
7329;Sound and Vision (remix);David Bowie;1
7330;Space Oddity (Demo);David Bowie;1
7331;Telling Lies;David Bowie;1
7332;The Bewlay Brothers (2);David Bowie;1
7333;The Dreamers;David Bowie;1
7334;The Last Thing You Should Do;David Bowie;1
7335;The Pretty Things Are Going To Hell;David Bowie;1
7336;There Is a Happy Land;David Bowie;1
7337;Time Will Crawl;David Bowie;1
7338;Uncle Arthur;David Bowie;1
7339;We Are Hungry Men;David Bowie;1
7340;What's Really Happening?;David Bowie;1
7341;When I Live My Dream;David Bowie;1
7342;When the Wind Blows;David Bowie;1
7343;Zeroes;David Bowie;1
7344;A Little Bit of Soap;De La Soul;1
7345;Buddy;De La Soul;1
7346;Can U Keep a Secret;De La Soul;1
7347;Change in Speak;De La Soul;1
7348;Cool Breeze on the Rocks;De La Soul;1
7349;D.A.I.S.Y. Age;De La Soul;1
7350;De La Orgee;De La Soul;1
7351;Description;De La Soul;1
7352;Do as De La Does;De La Soul;1
7353;Eye Know;De La Soul;1
7354;Ghetto Thang;De La Soul;1
7355;I Can Do Anything (Delacratic);De La Soul;1
7356;Intro;De La Soul;1
7357;Jenifa Taught Me (Derwin's Revenge);De La Soul;1
7358;Me Myself and I;De La Soul;1
7359;Plug Tunin;De La Soul;1
7360;Plug Tunin (Last Chance To Comprehend);De La Soul;1
7361;Potholes in My Lawn;De La Soul;1
7362;Say No Go;De La Soul;1
7363;Take It Off;De La Soul;1
7364;This is a Recording 4 Living in a Fulltime Era (L.I.F.E.);De La Soul;1
7365;Transmitting Live From Mars;De La Soul;1
7366;Tread Water;De La Soul;1
7367;A Lack of Color;Death Cab for Cutie;1
7368;Death of an Interior Decorator;Death Cab for Cutie;1
7369;Expo '86;Death Cab for Cutie;1
7370;Passenger Seat;Death Cab for Cutie;1
7371;The Sound of Settling;Death Cab for Cutie;1
7372;Tiny Vessels;Death Cab for Cutie;1
7373;Title and Registration;Death Cab for Cutie;1
7374;Transatlanticism;Death Cab for Cutie;1
7375;We Looked Like Giants;Death Cab for Cutie;1
7376;El Sexo Tenía Un Precio;Decibelios;1
7377;Fill de Puta;Decibelios;1
7378;Local 15 Visitante 0;Decibelios;1
7379;Matar o Morir;Decibelios;1
7380;Mi barrio;Decibelios;1
7381;Putrefacto;Decibelios;1
7382;Seminarista y los Boy-scouts;Decibelios;1
7383;Soc Un Upstart;Decibelios;1
7384;Voca Da Dios;Decibelios;1
7385;Voca De Dios;Decibelios;1
7386;Bloodsucker;Deep Purple;1
7387;Child in Time;Deep Purple;1
7388;Flight of the Rat;Deep Purple;1
7389;Hard Lovin' Man;Deep Purple;1
7390;Into The Fire;Deep Purple;1
7391;Living Wreck;Deep Purple;1
7392;Mary Long;Deep Purple;1
7393;Our Lady;Deep Purple;1
7394;Place in Line;Deep Purple;1
7395;Rat Bat Blue;Deep Purple;1
7396;Smooth Dancer;Deep Purple;1
7397;Speed King;Deep Purple;1
7398;Super Trouper;Deep Purple;1
7399;Woman From Tokyo;Deep Purple;1
7400;Armas pal pueblo;Def con Dos;1
7401;Capitán Araña;Def con Dos;1
7402;Ciudadano Terrorista;Def con Dos;1
7403;Coprofagia;Def con Dos;1
7404;De Cacería;Def con Dos;1
7405;Def Con Dos (1ª Parte);Def con Dos;1
7406;Def Con Dos (2ª Parte);Def con Dos;1
7407;Duro y a la encía;Def con Dos;1
7408;El Asesino del Mes;Def con Dos;1
7409;El Coche No;Def con Dos;1
7410;Errores médicos I;Def con Dos;1
7411;Errores médicos II;Def con Dos;1
7412;Fight For Your Right (Bebe y Lucha);Def con Dos;1
7413;G.I. Joe.;Def con Dos;1
7414;Garaipena;Def con Dos;1
7415;Juguemos con objetos punzantes;Def con Dos;1
7416;La Cotorra Criolla;Def con Dos;1
7417;Los reyes son los padres;Def con Dos;1
7418;Magnicidio;Def con Dos;1
7419;Mensaje;Def con Dos;1
7420;No Me Siga, Tonto;Def con Dos;1
7421;Que Dice La Gente IV;Def con Dos;1
7422;Que Te Fagorishen;Def con Dos;1
7423;Quiero la Cabeza de Alfredo García;Def con Dos;1
7424;Salman Rushdie;Def con Dos;1
7425;Toponoto blues;Def con Dos;1
7426;Tu Si Que Eres Tontorron;Def con Dos;1
7427;Vasos Comunicantes;Def con Dos;1
7428;Victoria;Def con Dos;1
7429;Comin' Under Fire;Def Leppard;1
7430;Foolin';Def Leppard;1
7431;Rock of Ages;Def Leppard;1
7432;7 Words;Deftones;1
7433;Birthmark;Deftones;1
7434;Bored;Deftones;1
7435;Engine No. 9;Deftones;1
7436;Fireal;Deftones;1
7437;Fist;Deftones;1
7438;Lifter;Deftones;1
7439;Minus Blindfold;Deftones;1
7440;Nosebleed;Deftones;1
7441;One Weak;Deftones;1
7442;Root;Deftones;1
7443;A Question of Lust;Depeche Mode;1
7444;A Question of Time;Depeche Mode;1
7445;Black Celebration;Depeche Mode;1
7446;Blasphemous Rumours;Depeche Mode;1
7447;Blue Dress;Depeche Mode;1
7448;Clean;Depeche Mode;1
7449;Dressed in Black;Depeche Mode;1
7450;Fly on the Windscreen (Final);Depeche Mode;1
7451;Halo;Depeche Mode;1
7452;Here Is the House;Depeche Mode;1
7453;If You Want;Depeche Mode;1
7454;It Doesn't Matter;Depeche Mode;1
7455;It Doesn't Matter Two;Depeche Mode;1
7456;Lie To Me;Depeche Mode;1
7457;Master and Servant;Depeche Mode;1
7458;New Dress;Depeche Mode;1
7459;People Are People;Depeche Mode;1
7460;Pimpf;Depeche Mode;1
7461;Policy of Truth;Depeche Mode;1
7462;Somebody;Depeche Mode;1
7463;Something to Do;Depeche Mode;1
7464;Sometimes;Depeche Mode;1
7465;Stories of Old;Depeche Mode;1
7466;Stripped;Depeche Mode;1
7467;Sweetest Perfection;Depeche Mode;1
7468;To Have and to Hold;Depeche Mode;1
7469;World Full of Nothing;Depeche Mode;1
7470;World in My Eyes;Depeche Mode;1
7471;Don't;Dinosaur Jr.;1
7472;Keep The Glove;Dinosaur Jr.;1
7473;Let It Ride;Dinosaur Jr.;1
7474;Yeah We Know;Dinosaur Jr.;1
7475;Bring Out the Gimp/Comanche;Duane Whitaker;1
7476;Son of a Preacher Man;Dusty Springfield;1
7477;Angels and Devils;Echo & the Bunnymen;1
7478;Clay;Echo & the Bunnymen;1
7479;Crystal Days;Echo & the Bunnymen;1
7480;Heads Will Roll;Echo & the Bunnymen;1
7481;Higher Hell;Echo & the Bunnymen;1
7482;My Kingdom;Echo & the Bunnymen;1
7483;My White Devil;Echo & the Bunnymen;1
7484;Nocturnal Me;Echo & the Bunnymen;1
7485;Nothing Lasts Forever;Echo & the Bunnymen;1
7486;Ocean Rain;Echo & the Bunnymen;1
7487;Porcupine;Echo & the Bunnymen;1
7488;Ripeness;Echo & the Bunnymen;1
7489;Silver;Echo & the Bunnymen;1
7490;The Back of Love;Echo & the Bunnymen;1
7491;The Cutter;Echo & the Bunnymen;1
7492;The Yo Yo Man;Echo & the Bunnymen;1
7493;Thorn of Crowns;Echo & the Bunnymen;1
7494;Avant nous;Édith Piaf;1
7495;Bravo pour le clown;Édith Piaf;1
7496;C'est l'amour;Édith Piaf;1
7497;Hymne à l'amour;Édith Piaf;1
7498;L'Accordéoniste;Édith Piaf;1
7499;Le Bleu De Tes Yeux;Édith Piaf;1
7500;Le Goulante De Pauvre Jean;Édith Piaf;1
7501;Les croix;Édith Piaf;1
7502;Non, je ne regrette rien;Édith Piaf;1
7503;Notre-Dame de Paris;Édith Piaf;1
7504;Sous le ciel de Paris;Édith Piaf;1
7505;T'es beau tu sais;Édith Piaf;1
7506;9:30 El Remix;El Club de los Poetas Violentos;1
7507;9:30 p.m.;El Club de los Poetas Violentos;1
7508;De cacería;El Club de los Poetas Violentos;1
7509;El Funeral;El Club de los Poetas Violentos;1
7510;El Parto;El Club de los Poetas Violentos;1
7511;El Vertedero de Palabras;El Club de los Poetas Violentos;1
7512;Extremaunción;El Club de los Poetas Violentos;1
7513;Jazz, El Descerebrador;El Club de los Poetas Violentos;1
7514;La Fundación de la Rima;El Club de los Poetas Violentos;1
7515;Madrid;El Club de los Poetas Violentos;1
7516;Mente;El Club de los Poetas Violentos;1
7517;No Creo, Eh;El Club de los Poetas Violentos;1
7518;Psicópata;El Club de los Poetas Violentos;1
7519;Rimadero;El Club de los Poetas Violentos;1
7520;Sánchez;El Club de los Poetas Violentos;1
7521;Scratchapella;El Club de los Poetas Violentos;1
7522;Zona Bruta;El Club de los Poetas Violentos;1
7523;Baby I Apologise (Session Outtake);Electric Light Orchestra;1
7524;Down Home Town;Electric Light Orchestra;1
7525;From the Sun to the World (Boogie No.1);Electric Light Orchestra;1
7526;In Old England Town (instrumental);Electric Light Orchestra;1
7527;On The Run (Previously Unissued Home Demo 1979);Electric Light Orchestra;1
7528;One Summer Dream;Electric Light Orchestra;1
7529;Poker;Electric Light Orchestra;1
7530;Second Time Around (Previously Unissued Home Demo 1979);Electric Light Orchestra;1
7531;The Quick And The Daft (Previously Unreleased);Electric Light Orchestra;1
7532;Waterfall;Electric Light Orchestra;1
7533;(Gotta Get a) Meal Ticket;Elton John;1
7534;Better Off Dead;Elton John;1
7535;Bitter Fingers;Elton John;1
7536;Curtains;Elton John;1
7537;Lucy In The Sky With Diamonds;Elton John;1
7538;One More Arrow;Elton John;1
7539;Saint;Elton John;1
7540;Someone Saved My Life Tonight;Elton John;1
7541;Tell Me When the Whistle Blows;Elton John;1
7542;Tower of Babel;Elton John;1
7543;We All Fall in Love Sometimes;Elton John;1
7544;Whipping Boy;Elton John;1
7545;Writing;Elton John;1
7546;2001 a Space Odyessey;Elvis Presley;1
7547;A Little Less Conversation [*][Edit][JXL Radio Edit Remix];Elvis Presley;1
7548;Always On My Mind;Elvis Presley;1
7549;Big Hunk O' Love;Elvis Presley;1
7550;Blue Hawaii;Elvis Presley;1
7551;Don't Cry Daddy;Elvis Presley;1
7552;Early Morning Rain;Elvis Presley;1
7553;Hawaiian Wedding Song;Elvis Presley;1
7554;I Forgot to Remember to Forget;Elvis Presley;1
7555;I Got Stung;Elvis Presley;1
7556;If I Can Dream;Elvis Presley;1
7557;Introductions & Credits;Elvis Presley;1
7558;King Creole;Elvis Presley;1
7559;Ku U I Po;Elvis Presley;1
7560;Little Sister;Elvis Presley;1
7561;Long Tall Sally-Whole Lotta Shakin';Elvis Presley;1
7562;Loving You;Elvis Presley;1
7563;Mean Woman Blues;Elvis Presley;1
7564;Memories;Elvis Presley;1
7565;Moody Blue;Elvis Presley;1
7566;No More;Elvis Presley;1
7567;Promised Land;Elvis Presley;1
7568;See See Rider;Elvis Presley;1
7569;Treat Me Nice;Elvis Presley;1
7570;Trouble;Elvis Presley;1
7571;Viva Las Vegas;Elvis Presley;1
7572;Wear My Ring Around Your Neck;Elvis Presley;1
7573;Welcome To My World;Elvis Presley;1
7574;You Don't Have To Say You Love Me;Elvis Presley;1
7575;Kill You;Eminem;1
7576;The Real Slim Shady;Eminem;1
7577;The Way I Am;Eminem;1
7578;Who Knew;Eminem;1
7579;Il Buono, Il Cattivo, Il Brutto (The Good, The Bad And The Ugly) (Main Title);Ennio Morricone;1
7580;Il Tramonto (The Sundown);Ennio Morricone;1
7581;Sentenza;Ennio Morricone;1
7582;¿Dudar?, Quizás;Enrique Bunbury;1
7583;... Y al final;Enrique Bunbury;1
7584;Algo en común;Enrique Bunbury;1
7585;Aquí;Enrique Bunbury;1
7586;bujias para el dolor;Enrique Bunbury;1
7587;Canción Cruel;Enrique Bunbury;1
7588;Ciudad De Las Bajas Pasiones;Enrique Bunbury;1
7589;Contar contigo;Enrique Bunbury;1
7590;Doscientos Huesos Y Un Collar De Calaveras;Enrique Bunbury;1
7591;El Club De Los Imposibles;Enrique Bunbury;1
7592;El hombre delgado que no flaqueará jamas;Enrique Bunbury;1
7593;El Porqué De Tus Silencios;Enrique Bunbury;1
7594;El Rescate;Enrique Bunbury;1
7595;Enganchado a ti;Enrique Bunbury;1
7596;Hay Muy Poca Gente;Enrique Bunbury;1
7597;Hermoso y malditos;Enrique Bunbury;1
7598;Hoy no estoy para nadie;Enrique Bunbury;1
7599;Infinito;Enrique Bunbury;1
7600;Irremediablemente Cotidiano;Enrique Bunbury;1
7601;Lejos de la tristeza;Enrique Bunbury;1
7602;Mundo feliz;Enrique Bunbury;1
7603;No se fíe;Enrique Bunbury;1
7604;One, Two, Tree;Enrique Bunbury;1
7605;Porque Las Cosas Cambian;Enrique Bunbury;1
7606;Sácame De Aquí;Enrique Bunbury;1
7607;San Cosme y San Damian;Enrique Bunbury;1
7608;Sí;Enrique Bunbury;1
7609;Si No Fuera Por Ti;Enrique Bunbury;1
7610;Sólo Si Me Perdonas;Enrique Bunbury;1
7611;Todos Lo Haremos Mejor En El Futuro;Enrique Bunbury;1
7612;Un bastón para tu corazón;Enrique Bunbury;1
7613;¡Tamara!;Eskorbuto;1
7614;Anti Todo;Eskorbuto;1
7615;Anti-Todo;Eskorbuto;1
7616;Cuando los dinosaurios dominaban la tierra;Eskorbuto;1
7617;EL FIN;Eskorbuto;1
7618;ha llegado el momento;Eskorbuto;1
7619;Ha Llegado el Momento (el Fin);Eskorbuto;1
7620;Haciendo Bobadas;Eskorbuto;1
7621;mas alla del cementerio;Eskorbuto;1
7622;Mata La Música;Eskorbuto;1
7623;No Quiero Cambiar;Eskorbuto;1
7624;Tamara;Eskorbuto;1
7625;Demonios;Estopa;1
7626;Destrangis In The Night;Estopa;1
7627;Jardín Del Olvido;Estopa;1
7628;Luna Lunera;Estopa;1
7629;Nasío pa' la alegría;Estopa;1
7630;Te Vi Te Vi;Estopa;1
7631;Vino Tinto;Estopa;1
7632;¡Qué Sonrisa Tan Rara!;Extremoduro;1
7633;ábreme el pecho y registra;Extremoduro;1
7634;Amor Castúo;Extremoduro;1
7635;Bri, bri, bli, bli;Extremoduro;1
7636;Bribribliblí (En el más sucio rincón de mi negro corazón);Extremoduro;1
7637;Bulerías de la Sangre Caliente;Extremoduro;1
7638;Cabezabajo;Extremoduro;1
7639;Calle Esperanza s/n;Extremoduro;1
7640;Coda Flamenca (Otra Realidad);Extremoduro;1
7641;Con un Latido del Reloj;Extremoduro;1
7642;Cuarto Movimiento: La Realidad;Extremoduro;1
7643;Desarraigo;Extremoduro;1
7644;El día de la bestia;Extremoduro;1
7645;El Duende del Parque;Extremoduro;1
7646;Érase una Vez;Extremoduro;1
7647;Estado Policial;Extremoduro;1
7648;Estoy Muy Bien;Extremoduro;1
7649;Historias Prohibidas (Nos Tiramos a Joder);Extremoduro;1
7650;Islero, Shirlero o Ladrón;Extremoduro;1
7651;Los Tengo Todos;Extremoduro;1
7652;Lucha Contigo;Extremoduro;1
7653;Malos Pensamientos;Extremoduro;1
7654;Mi espíritu imperecedero;Extremoduro;1
7655;No Me Calientes Que Me Hundo;Extremoduro;1
7656;Otra inútil canción para la paz;Extremoduro;1
7657;Papel Secante;Extremoduro;1
7658;Pedrá;Extremoduro;1
7659;Pepe Botika;Extremoduro;1
7660;Pepe Botika (¿Dónde están mis amigos?);Extremoduro;1
7661;Posado En Un Nenufar;Extremoduro;1
7662;Prometeo;Extremoduro;1
7663;Segundo Movimiento: Lo de Fuera;Extremoduro;1
7664;Si te vas;Extremoduro;1
7665;Sin Dios Ni Amo;Extremoduro;1
7666;So payaso;Extremoduro;1
7667;Sol de invierno;Extremoduro;1
7668;Su Culo Es Miel;Extremoduro;1
7669;Tango suicida;Extremoduro;1
7670;Tercer Movimiento: Lo de Dentro;Extremoduro;1
7671;Tomás;Extremoduro;1
7672;Última Generación;Extremoduro;1
7673;Villancico del Rey de Extremadura;Extremoduro;1
7674;Volando Solo;Extremoduro;1
7675;Acid 8000;Fatboy Slim;1
7676;Gangster Tripping;Fatboy Slim;1
7677;In Heaven;Fatboy Slim;1
7678;Kalifornia;Fatboy Slim;1
7679;Right Here Right Now;Fatboy Slim;1
7680;Right Here, Right Now;Fatboy Slim;1
7681;Soul Surfing;Fatboy Slim;1
7682;You're Not from Brighton;Fatboy Slim;1
7683;Fraternity;Foo Fighters;1
7684;M.I.A.;Foo Fighters;1
7685;Downtown;Frank Sinatra;1
7686;My Baby Just Cares For Me;Frank Sinatra;1
7687;The Most Beautiful Girl In The World;Frank Sinatra;1
7688;Yes Sir, That's My Baby;Frank Sinatra;1
7689;Any Way The Wind Blows;Frank Zappa;1
7690;Go Cry On Somebody Else's Shoulder;Frank Zappa;1
7691;I'm Not Satisfied;Frank Zappa;1
7692;Motherly Love;Frank Zappa;1
7693;The Return Of The Son Of Monster Magnet;Frank Zappa;1
7694;Trouble Every Day;Frank Zappa;1
7695;Who Are the Brain Police;Frank Zappa;1
7696;You Didn't Try to Call Me;Frank Zappa;1
7697;You're Probably Wondering Why I'm Here;Frank Zappa;1
7698;Beauty School Dropout;Frankie Avalon;1
7699;My Eyes Adored You;Frankie Valli;1
7700;Bite Hard;Franz Ferdinand;1
7701;Brief Encounters;Franz Ferdinand;1
7702;Dream Again;Franz Ferdinand;1
7703;Evil and a Heathen;Franz Ferdinand;1
7704;Fade Together;Franz Ferdinand;1
7705;Goodbye Lovers & Friends;Franz Ferdinand;1
7706;I'm Your Villain;Franz Ferdinand;1
7707;Katherine Kiss Me;Franz Ferdinand;1
7708;Live Alone;Franz Ferdinand;1
7709;Lucid Dreams;Franz Ferdinand;1
7710;No You Girls;Franz Ferdinand;1
7711;Outsiders;Franz Ferdinand;1
7712;Send Him Away;Franz Ferdinand;1
7713;Take Me Out (Daft Punk remix);Franz Ferdinand;1
7714;The Fallen;Franz Ferdinand;1
7715;The Universe Expanded;Franz Ferdinand;1
7716;This Boy;Franz Ferdinand;1
7717;Turn It On;Franz Ferdinand;1
7718;Twilight Omens;Franz Ferdinand;1
7719;Ulysses;Franz Ferdinand;1
7720;Well, That Was Easy;Franz Ferdinand;1
7721;What She Came For;Franz Ferdinand;1
7722;What You Meant;Franz Ferdinand;1
7723;You Could Have It So Much Better;Franz Ferdinand;1
7724;You're the Reason I'm Leaving;Franz Ferdinand;1
7725;Amor Prohibido;Gabinete Caligari;1
7726;Cancion Del Pollino;Gabinete Caligari;1
7727;Como Un Pez;Gabinete Caligari;1
7728;El Extranjero;Gabinete Caligari;1
7729;Esta Cancion No Existe;Gabinete Caligari;1
7730;Juego y el Juguete;Gabinete Caligari;1
7731;La niña Frank;Gabinete Caligari;1
7732;La sangre de tu tristesa;Gabinete Caligari;1
7733;Más dura será la caída;Gabinete Caligari;1
7734;me tengo que concentrar;Gabinete Caligari;1
7735;Mentir;Gabinete Caligari;1
7736;Nadie ma va añorar;Gabinete Caligari;1
7737;Olor a Carne Quemada;Gabinete Caligari;1
7738;Palabra De Honor;Gabinete Caligari;1
7739;Pecados Más Dulces Que Un Zapato De Raso;Gabinete Caligari;1
7740;Profesional;Gabinete Caligari;1
7741;Sangre Española;Gabinete Caligari;1
7742;Saravá;Gabinete Caligari;1
7743;Tócala, Uli;Gabinete Caligari;1
7744;Truena;Gabinete Caligari;1
7745;A Stroke of Luck;Garbage;1
7746;As Heaven Is Wide;Garbage;1
7747;Dog New Tricks;Garbage;1
7748;Fix Me Now;Garbage;1
7749;Milk;Garbage;1
7750;My Lover's Box;Garbage;1
7751;Not My Idea;Garbage;1
7752;Only Happy When It Rains;Garbage;1
7753;Queer;Garbage;1
7754;Stupid Girl;Garbage;1
7755;Supervixen;Garbage;1
7756;Vow;Garbage;1
7757;After the Ordeal;Genesis;1
7758;Can-Utility And The Coastliner;Genesis;1
7759;Dancing With the Moonlit Knight;Genesis;1
7760;For Absent Friends;Genesis;1
7761;Get'em Out By Friday;Genesis;1
7762;Harlequin;Genesis;1
7763;Harold the Barrel;Genesis;1
7764;Horizons;Genesis;1
7765;I Know What I Like (In Your Wardrobe);Genesis;1
7766;Seven Stones;Genesis;1
7767;Supper's Ready;Genesis;1
7768;The Battle of Epping Forest;Genesis;1
7769;The Cinema Show;Genesis;1
7770;The Fountain of Salmacis;Genesis;1
7771;The Musical Box;Genesis;1
7772;The Return of the Giant Hogweed;Genesis;1
7773;Time Table;Genesis;1
7774;Watcher of the Skies;Genesis;1
7775;08 - isn't it a pity (version two);George Harrison;1
7776;Art of Dying;George Harrison;1
7777;A Different Corner;George Michael;1
7778;A Moment With You;George Michael;1
7779;As;George Michael;1
7780;Careless Whisper;George Michael;1
7781;Cowboys and Angels;George Michael;1
7782;Desafinado;George Michael;1
7783;Don't Let the Sun Go Down on Me;George Michael;1
7784;Faith;George Michael;1
7785;Fantasy;George Michael;1
7786;Father Figure;George Michael;1
7787;Freedom! '90;George Michael;1
7788;Heal the Pain;George Michael;1
7789;I Can't Make You Love Me;George Michael;1
7790;I Knew You Were Waiting (For Me);George Michael;1
7791;I Want Your Sex, Pt. 2;George Michael;1
7792;Jesus to a Child;George Michael;1
7793;Killer / Papa Was A Rollin' Stone;George Michael;1
7794;Kissing a Fool;George Michael;1
7795;One More Try;George Michael;1
7796;Outside;George Michael;1
7797;Praying For Time;George Michael;1
7798;Somebody to Love;George Michael;1
7799;Spinning the Wheel;George Michael;1
7800;Star People '97;George Michael;1
7801;The Strangest Thing '97;George Michael;1
7802;Too Funky;George Michael;1
7803;Waiting for That Day;George Michael;1
7804;You Have Been Loved;George Michael;1
7805;But I'm Not / Outro;Gilbert O'Sullivan;1
7806;Ooh-Wakka-Doo-Wakka-Day;Gilbert O'Sullivan;1
7807;Out Of The Question;Gilbert O'Sullivan;1
7808;The Golden Rule;Gilbert O'Sullivan;1
7809;What Could Be Nicer (Mum the Kettle's Boiling);Gilbert O'Sullivan;1
7810;Who Was It;Gilbert O'Sullivan;1
7811;Daddy's Gone;Glasvegas;1
7812;Ice Cream Van;Glasvegas;1
7813;Polmont On My Mind;Glasvegas;1
7814;S.A.D. Light;Glasvegas;1
7815;Stabbed;Glasvegas;1
7816;A Handful Of Stars;Glenn Miller;1
7817;Alice Blue Gown;Glenn Miller;1
7818;Along the Santa Fe Trail;Glenn Miller;1
7819;Beat Me Daddy Eight to the Bar;Glenn Miller;1
7820;Blue Evening;Glenn Miller;1
7821;Don't Be That Way;Glenn Miller;1
7822;Elmer's Tune;Glenn Miller;1
7823;Falling Leaves;Glenn Miller;1
7824;Five O'Clock Whistle;Glenn Miller;1
7825;Flow Gently, Sweet Afton - Moondreams - Don't Be That Way - Blue Champagne;Glenn Miller;1
7826;Fresh as a Daisy;Glenn Miller;1
7827;Goin' Home - Goodnight, Wherever You Are - I Can't Give You Anything But Love;Glenn Miller;1
7828;Hallelujah I Just Love Her So;Glenn Miller;1
7829;I Dream of Jeanie - I Couldn't Sleep a Wink Last Night - Alexander's Ragtim;Glenn Miller;1
7830;I Know Why;Glenn Miller;1
7831;I'd Know You Anywhere;Glenn Miller;1
7832;In The Gloaming - For The First Time - Stompin' At The Savoy - Deep Purple;Glenn Miller;1
7833;It Happened in Sun Valley;Glenn Miller;1
7834;Juke Box Saturday Night;Glenn Miller;1
7835;Limehouse Blues;Glenn Miller;1
7836;Londonberry Air - Shoo-Shoo Baby - The Way You Look Tonight - Blue Danube;Glenn Miller;1
7837;Long, Long Ago - The Music Stopped - The Dipsey Doodle - Wabash Blues;Glenn Miller;1
7838;Measure for Measure;Glenn Miller;1
7839;Mine;Glenn Miller;1
7840;Missouri Waltz;Glenn Miller;1
7841;Moonlight Cocktail;Glenn Miller;1
7842;My Melancholy Baby - Moon Love - Stompin' at the Savoy - Blue Moon;Glenn Miller;1
7843;Nickel Serenade;Glenn Miller;1
7844;People Like You and Me;Glenn Miller;1
7845;Perfidia;Glenn Miller;1
7846;Ring, Telephone, Ring;Glenn Miller;1
7847;Song of the Volga Boatmen;Glenn Miller;1
7848;Sun Valley Jump;Glenn Miller;1
7849;That Old Black Magic;Glenn Miller;1
7850;The Call of the Canyon;Glenn Miller;1
7851;Whistle Stop;Glenn Miller;1
7852;Yesterthoughts;Glenn Miller;1
7853;You've Got Me This Way;Glenn Miller;1
7854;68 State;Gorillaz;1
7855;Ascension (ft. Vince Staples);Gorillaz;1
7856;Bill Murray;Gorillaz;1
7857;Broken;Gorillaz;1
7858;Carnival (feat. Anthony Hamilton);Gorillaz;1
7859;Charger (feat. Grace Jones);Gorillaz;1
7860;Cloud of Unknowing;Gorillaz;1
7861;Empire Ants;Gorillaz;1
7862;Hong Kong;Gorillaz;1
7863;Hongkongaton;Gorillaz;1
7864;How Far? (feat. Tony Allen & Skepta);Gorillaz;1
7865;Latin Simone (Que Pasa Contigo);Gorillaz;1
7866;Let Me Out (feat. Mavis Staples & Pusha T);Gorillaz;1
7867;Man Research (Clapper);Gorillaz;1
7868;MLS (feat. JPEGMAFIA & CHAI);Gorillaz;1
7869;Momentz (feat. De La Soul);Gorillaz;1
7870;Orchestral Intro;Gorillaz;1
7871;Pirate Jet;Gorillaz;1
7872;Sex Murder Party (feat. Jamie Principle & Zebra Katz);Gorillaz;1
7873;She's My Collar (feat. Kali Uchis);Gorillaz;1
7874;Strobelite (feat. Peven Everett);Gorillaz;1
7875;Submission (feat. Danny Brown & Kelela);Gorillaz;1
7876;Sweepstakes;Gorillaz;1
7877;To Binge;Gorillaz;1
7878;White Flag;Gorillaz;1
7879;A Place for Grief;Graham Coxon;1
7880;Hurt Prone;Graham Coxon;1
7881;Thank God for the Rain;Graham Coxon;1
7882;Tired;Graham Coxon;1
7883;You Never Will Be;Graham Coxon;1
7884;Brokedown Palace;Grateful Dead;1
7885;Candyman;Grateful Dead;1
7886;China Cat Sunflower;Grateful Dead;1
7887;Cosmic Charlie;Grateful Dead;1
7888;Doin' That Rag;Grateful Dead;1
7889;Dupree's Diamond Blues;Grateful Dead;1
7890;Mountains of the Moon;Grateful Dead;1
7891;Operator;Grateful Dead;1
7892;Ripple;Grateful Dead;1
7893;Rosemary;Grateful Dead;1
7894;St. Stephen;Grateful Dead;1
7895;Sugar Magnolia;Grateful Dead;1
7896;Till The Morning Comes;Grateful Dead;1
7897;What's Become of the Baby;Grateful Dead;1
7898;American Idiot;Green Day;1
7899;Boulevard of Broken Dreams;Green Day;1
7900;Good Riddance (Time of Your Life);Green Day;1
7901;Holiday;Green Day;1
7902;Prosthetic Head;Green Day;1
7903;Reject;Green Day;1
7904;Scattered;Green Day;1
7905;If Everybody Looked the Same;Groove Armada;1
7906;14 Years;Guns N' Roses;1
7907;Back Off Bitch;Guns N' Roses;1
7908;Bad Obsession;Guns N' Roses;1
7909;Breakdown;Guns N' Roses;1
7910;Civil War;Guns N' Roses;1
7911;Don't Cry;Guns N' Roses;1
7912;Don't Cry [Alternate Lyrics];Guns N' Roses;1
7913;Don't Damn Me;Guns N' Roses;1
7914;Double Talkin' Jive;Guns N' Roses;1
7915;Dust n' Bones;Guns N' Roses;1
7916;Estranged;Guns N' Roses;1
7917;Garden of Eden;Guns N' Roses;1
7918;Get in the Ring;Guns N' Roses;1
7919;Knockin' on Heaven's Door;Guns N' Roses;1
7920;Live and Let Die;Guns N' Roses;1
7921;Locomotive;Guns N' Roses;1
7922;My World;Guns N' Roses;1
7923;November Rain;Guns N' Roses;1
7924;Pretty Tied Up;Guns N' Roses;1
7925;Right Next Door to Hell;Guns N' Roses;1
7926;Shotgun Blues;Guns N' Roses;1
7927;So Fine;Guns N' Roses;1
7928;The Garden;Guns N' Roses;1
7929;Yesterdays;Guns N' Roses;1
7930;You Ain't the First;Guns N' Roses;1
7931;You Could Be Mine;Guns N' Roses;1
7932;Discriminación;Hamlet;1
7933;Step On;Happy Mondays;1
7934;Can't Get Along (Without You);Hard-Fi;1
7935;Help Me Please;Hard-Fi;1
7936;Little Angel;Hard-Fi;1
7937;The King;Hard-Fi;1
7938;We Need Love;Hard-Fi;1
7939;I Can;Helloween;1
7940;...16;Héroes del Silencio;1
7941;Apuesta por el R'n'R;Héroes del Silencio;1
7942;Bendecida;Héroes del Silencio;1
7943;Derivas;Héroes del Silencio;1
7944;Dias De Borrasca;Héroes del Silencio;1
7945;El Estanque;Héroes del Silencio;1
7946;Hace Tiempo;Héroes del Silencio;1
7947;La herida (edit);Héroes del Silencio;1
7948;La Isla De Las Iguanas;Héroes del Silencio;1
7949;La Lluvia Gris;Héroes del Silencio;1
7950;La Visión De Vuestras Almas;Héroes del Silencio;1
7951;No Mas Lagrimas;Héroes del Silencio;1
7952;No Mas Lagrimas (Live);Héroes del Silencio;1
7953;Opio (Live);Héroes del Silencio;1
7954;Oracion (Live);Héroes del Silencio;1
7955;Awful;Hole;1
7956;Dying;Hole;1
7957;Hit So Hard;Hole;1
7958;Malibu;Hole;1
7959;Reasons to Be Beautiful;Hole;1
7960;Use Once & Destroy;Hole;1
7961;Corpses;Ian Brown;1
7962;African Man;Iggy Pop;1
7963;Angel;Iggy Pop;1
7964;Billy Is a Runaway;Iggy Pop;1
7965;Curiosity;Iggy Pop;1
7966;Don't Look Down;Iggy Pop;1
7967;Five Foot One;Iggy Pop;1
7968;Girls;Iggy Pop;1
7969;How Do Ya Fix a Broken Part;Iggy Pop;1
7970;I'm Bored;Iggy Pop;1
7971;New Values;Iggy Pop;1
7972;Tell Me A Story;Iggy Pop;1
7973;The Endless Sea;Iggy Pop;1
7974;¡Cuánta Belleza!;Ilegales;1
7975;A prueba de marcas;Ilegales;1
7976;Al Borde;Ilegales;1
7977;Cara Al Peligro;Ilegales;1
7978;Caramelos Podridos;Ilegales;1
7979;Chicos Pálidos Para La Máquina;Ilegales;1
7980;Con la Niebla;Ilegales;1
7981;Dextroanfetamina - No Quiero I;Ilegales;1
7982;Drogas Duras Llenan Sepulturas;Ilegales;1
7983;El Fantasma De La Autopista;Ilegales;1
7984;El Jardín Del Pecado;Ilegales;1
7985;En El Pasado;Ilegales;1
7986;Instrumental;Ilegales;1
7987;La edad del pavo;Ilegales;1
7988;La rabia de vivir;Ilegales;1
7989;Mala Suerte;Ilegales;1
7990;No Puedo Controlarme;Ilegales;1
7991;Oración;Ilegales;1
7992;Todos somos traidores;Ilegales;1
7993;Verano Del 93;Ilegales;1
7994;Vuelven los problemas;Ilegales;1
7995;A Certain Shade of Green;Incubus;1
7996;Battlestar Scralatchtica;Incubus;1
7997;Calgone;Incubus;1
7998;Clean;Incubus;1
7999;Consequence;Incubus;1
8000;Deep Inside;Incubus;1
8001;Drive;Incubus;1
8002;Favorite Things;Incubus;1
8003;Glass;Incubus;1
8004;I Miss You;Incubus;1
8005;Idiot Box;Incubus;1
8006;Magic Medicine;Incubus;1
8007;Make Yourself;Incubus;1
8008;Nebula;Incubus;1
8009;New Skin;Incubus;1
8010;Nowhere Fast;Incubus;1
8011;Out From Under;Incubus;1
8012;Pardon Me;Incubus;1
8013;Privilege;Incubus;1
8014;Redefine;Incubus;1
8015;Stellar;Incubus;1
8016;Summer Romance (Anti-Gravity Love Song);Incubus;1
8017;The Warmth;Incubus;1
8018;Vitamin;Incubus;1
8019;When It Comes;Incubus;1
8020;All Fired Up;Interpol;1
8021;Pioneer to the Falls;Interpol;1
8022;Rest My Chemistry;Interpol;1
8023;The Lighthouse;Interpol;1
8024;2 Minutes to Midnight;Iron Maiden;1
8025;Aces High;Iron Maiden;1
8026;Back in the Village;Iron Maiden;1
8027;Charlotte the Harlot;Iron Maiden;1
8028;Die With Your Boots On;Iron Maiden;1
8029;Flash of the Blade;Iron Maiden;1
8030;Flight of Icarus;Iron Maiden;1
8031;Iron Maiden;Iron Maiden;1
8032;Losfer Words (Big 'Orra);Iron Maiden;1
8033;Phantom of the Opera;Iron Maiden;1
8034;Powerslave;Iron Maiden;1
8035;Prowler;Iron Maiden;1
8036;Quest for Fire;Iron Maiden;1
8037;Remember Tomorrow;Iron Maiden;1
8038;Revelations;Iron Maiden;1
8039;Rime of the Ancient Mariner;Iron Maiden;1
8040;Running Free;Iron Maiden;1
8041;Sanctuary;Iron Maiden;1
8042;Still Life;Iron Maiden;1
8043;Strange World;Iron Maiden;1
8044;Sun and Steel;Iron Maiden;1
8045;The Duellists;Iron Maiden;1
8046;The Trooper;Iron Maiden;1
8047;To Tame a Land;Iron Maiden;1
8048;Transylvania;Iron Maiden;1
8049;Where Eagles Dare;Iron Maiden;1
8050;Cariño;Jaime Urrutia;1
8051;El Hombre Que Hay En Mí;Jaime Urrutia;1
8052;Si la vida te lo da;Jaime Urrutia;1
8053;Didjerama;Jamiroquai;1
8054;Digital Vibrations;Jamiroquai;1
8055;Do You Know Where You're Coming From [Bonus Track];Jamiroquai;1
8056;Funktion [Bonus Track];Jamiroquai;1
8057;Journey to Arnhemland;Jamiroquai;1
8058;Light Years;Jamiroquai;1
8059;Manifest Destiny;Jamiroquai;1
8060;Morning Glory;Jamiroquai;1
8061;Mr Moon;Jamiroquai;1
8062;Scam;Jamiroquai;1
8063;Space Cowboy;Jamiroquai;1
8064;The Kids;Jamiroquai;1
8065;You Are My Love;Jamiroquai;1
8066;Ain't No Right;Jane's Addiction;1
8067;Had a Dad;Jane's Addiction;1
8068;Idiots Rule;Jane's Addiction;1
8069;Jane Says;Jane's Addiction;1
8070;Mountain Song;Jane's Addiction;1
8071;No One's Leaving;Jane's Addiction;1
8072;Obvious;Jane's Addiction;1
8073;Ocean Size;Jane's Addiction;1
8074;Pigs In Zen;Jane's Addiction;1
8075;Standing In The Shower... Thinking;Jane's Addiction;1
8076;Stop;Jane's Addiction;1
8077;Summertime Rolls;Jane's Addiction;1
8078;Ted, Just Admit It...;Jane's Addiction;1
8079;Thank You Boys;Jane's Addiction;1
8080;Three Days;Jane's Addiction;1
8081;Up the Beach;Jane's Addiction;1
8082;A Woman Left Lonely;Janis Joplin;1
8083;All Is Loneliness;Janis Joplin;1
8084;Blindman;Janis Joplin;1
8085;Buried Alive in the Blues;Janis Joplin;1
8086;Bye, Bye Baby;Janis Joplin;1
8087;Caterpillar;Janis Joplin;1
8088;Coo Coo;Janis Joplin;1
8089;Cry Baby;Janis Joplin;1
8090;Down on Me;Janis Joplin;1
8091;Easy Rider;Janis Joplin;1
8092;Get It While You Can;Janis Joplin;1
8093;Half Moon;Janis Joplin;1
8094;Intruder;Janis Joplin;1
8095;Light Is Faster than Sound;Janis Joplin;1
8096;Me and Bobby McGee;Janis Joplin;1
8097;Mercedes Benz;Janis Joplin;1
8098;Move Over;Janis Joplin;1
8099;My Baby;Janis Joplin;1
8100;One Good Man;Janis Joplin;1
8101;Summertime (live) [bonus track];Janis Joplin;1
8102;The Last Time;Janis Joplin;1
8103;To Love Somebody;Janis Joplin;1
8104;Trust Me;Janis Joplin;1
8105;Try (Just a Little Bit Harder);Janis Joplin;1
8106;Women Is Losers;Janis Joplin;1
8107;Bonito;Jarabe de Palo;1
8108;Depende;Jarabe de Palo;1
8109;Dueño De Mi Silencio;Jarabe de Palo;1
8110;El Bosque De Palo;Jarabe de Palo;1
8111;El Lado Oscuro;Jarabe de Palo;1
8112;Grita;Jarabe de Palo;1
8113;La Canción Del Desamor;Jarabe de Palo;1
8114;La Flaca;Jarabe de Palo;1
8115;No Suelo Compararme;Jarabe de Palo;1
8116;Quiero Ser Poeta;Jarabe de Palo;1
8117;Quítame la vida;Jarabe de Palo;1
8118;Tiempo;Jarabe de Palo;1
8119;Vuela;Jarabe de Palo;1
8120;Leftovers;Jarvis Cocker;1
8121;Good Shepherd;Jefferson Airplane;1
8122;Hey Fredrick;Jefferson Airplane;1
8123;Meadowlands;Jefferson Airplane;1
8124;The Farm;Jefferson Airplane;1
8125;Turn My Life Down;Jefferson Airplane;1
8126;We Can Be Together;Jefferson Airplane;1
8127;Aqualung;Jethro Tull;1
8128;Cheap Day Return;Jethro Tull;1
8129;Cross-Eyed Mary;Jethro Tull;1
8130;Hymn 43;Jethro Tull;1
8131;Locomotive Breath;Jethro Tull;1
8132;Mother Goose;Jethro Tull;1
8133;My God;Jethro Tull;1
8134;Slipstream;Jethro Tull;1
8135;Up to Me;Jethro Tull;1
8136;Wind Up;Jethro Tull;1
8137;Wond'ring Aloud;Jethro Tull;1
8138;Alone at a Drive-In Movie;Jim Jacobs;1
8139;There Are Worse Things I Could Do;Jim Jacobs;1
8140;Chega de Saudade;João Gilberto;1
8141;Desafinado;João Gilberto;1
8142;Insensatez;João Gilberto;1
8143;O Amor em Paz;João Gilberto;1
8144;Samba De Uma Nota;João Gilberto;1
8145;¡Al Ladrón, al Ladrón!;Joaquín Sabina;1
8146;Amores eternos;Joaquín Sabina;1
8147;Así estoy yo sin ti;Joaquín Sabina;1
8148;Besos de Judas;Joaquín Sabina;1
8149;Con un par;Joaquín Sabina;1
8150;Cuernos;Joaquín Sabina;1
8151;El Muro De Berlín;Joaquín Sabina;1
8152;Hotel, dulce hotel;Joaquín Sabina;1
8153;Juana la Loca;Joaquín Sabina;1
8154;Juegos de Azar;Joaquín Sabina;1
8155;Los perros del amanecer;Joaquín Sabina;1
8156;Mentiras piadosas;Joaquín Sabina;1
8157;Mónica;Joaquín Sabina;1
8158;Oiga, doctor;Joaquín Sabina;1
8159;Pacto entre caballeros;Joaquín Sabina;1
8160;Peligro de Incendio;Joaquín Sabina;1
8161;Ponme un trago más;Joaquín Sabina;1
8162;Por el túnel;Joaquín Sabina;1
8163;Que se llama soledad;Joaquín Sabina;1
8164;Rap del Optimista;Joaquín Sabina;1
8165;Ring, ring, ring;Joaquín Sabina;1
8166;Delta Lady;Joe Cocker;1
8167;Don't Let Me Be Misunderstood;Joe Cocker;1
8168;Don't You Love Me Anymore;Joe Cocker;1
8169;Let The Healing Begin;Joe Cocker;1
8170;Night Calls;Joe Cocker;1
8171;That's All I Need To Know (Live) Duet With Eros Ramazzotti;Joe Cocker;1
8172;Unchain My Heart;Joe Cocker;1
8173;You Are So Beautiful;Joe Cocker;1
8174;New York City;John Lennon;1
8175;Sunday Bloody Sunday;John Lennon;1
8176;Well, Well, Well;John Lennon;1
8177;Greased Lightnin';John Travolta;1
8178;Personality Goes A Long Way;John Travolta;1
8179;Royale With Cheese;John Travolta;1
8180;Sandy;John Travolta;1
8181;Summer Nights;John Travolta;1
8182;We Go Together;John Travolta;1
8183;You're The One That I Want;John Travolta;1
8184;(Ghost) Riders in the Sky;Johnny Cash;1
8185;A Boy Named Sue;Johnny Cash;1
8186;Daddy Sang Bass;Johnny Cash;1
8187;Don't Take Your Guns to Town;Johnny Cash;1
8188;Flesh And Blood;Johnny Cash;1
8189;Folsom Prison Blues;Johnny Cash;1
8190;I Still Miss Someone;Johnny Cash;1
8191;I Walk the Line;Johnny Cash;1
8192;In the Jailhouse Now;Johnny Cash;1
8193;Man in Black;Johnny Cash;1
8194;One Piece at a Time;Johnny Cash;1
8195;Ring of Fire;Johnny Cash;1
8196;Sunday Morning Coming Down;Johnny Cash;1
8197;The Ballad of Ira Hayes;Johnny Cash;1
8198;The Legend Of John Henry's Hammer;Johnny Cash;1
8199;Understand Your Man;Johnny Cash;1
8200;European Me;Johnny Marr;1
8201;Generate! Generate!;Johnny Marr;1
8202;I Want the Heartbeat;Johnny Marr;1
8203;Lockdown;Johnny Marr;1
8204;Say Demesne;Johnny Marr;1
8205;The Messenger;Johnny Marr;1
8206;The Right Thing Right;Johnny Marr;1
8207;¿Y cómo es él?;José Luis Perales;1
8208;Quisiera Decir Tu Nombre;José Luis Perales;1
8209;Un Velero Llamado Libertad;José Luis Perales;1
8210;Y Te Vas;José Luis Perales;1
8211;Atmosphere;Joy Division;1
8212;Autosuggestion;Joy Division;1
8213;Dead Souls;Joy Division;1
8214;Digital;Joy Division;1
8215;Failures;Joy Division;1
8216;From Safety to Where;Joy Division;1
8217;Glass;Joy Division;1
8218;Incubation;Joy Division;1
8219;Komakino;Joy Division;1
8220;Leaders of Men;Joy Division;1
8221;No Love Lost;Joy Division;1
8222;Novelty;Joy Division;1
8223;Transmission;Joy Division;1
8224;Warsaw;Joy Division;1
8225;Blood Red Skies;Judas Priest;1
8226;Come and Get It;Judas Priest;1
8227;Hard as Iron;Judas Priest;1
8228;Heavy Metal;Judas Priest;1
8229;I'm a Rocker;Judas Priest;1
8230;Johnny B. Goode;Judas Priest;1
8231;Love You to Death;Judas Priest;1
8232;Love Zone;Judas Priest;1
8233;Monsters of Rock;Judas Priest;1
8234;Ram It Down;Judas Priest;1
8235;Born to Be a Dancer;Kaiser Chiefs;1
8236;Everything Is Average Nowadays;Kaiser Chiefs;1
8237;Learnt My Lesson Well;Kaiser Chiefs;1
8238;Love's Not A Competition;Kaiser Chiefs;1
8239;Modern Way;Kaiser Chiefs;1
8240;Time Honoured Tradition;Kaiser Chiefs;1
8241;What Did I Ever Give You?;Kaiser Chiefs;1
8242;Apnoea;Kasabian;1
8243;Butcher Blues;Kasabian;1
8244;Cutt Off;Kasabian;1
8245;L.S.F. (Lost Souls Forever);Kasabian;1
8246;Last Trip (In Flight);Kasabian;1
8247;Me Plus One;Kasabian;1
8248;Orange;Kasabian;1
8249;Ovary Stripe;Kasabian;1
8250;Pinch Roller;Kasabian;1
8251;Running Battle;Kasabian;1
8252;Shoot the Runner;Kasabian;1
8253;Sun Rise Light Flies;Kasabian;1
8254;Test Transmission;Kasabian;1
8255;Punka;Kenickie;1
8256;Charon;King Diamond;1
8257;Dressed in White;King Diamond;1
8258;Halloween;King Diamond;1
8259;Haunted;King Diamond;1
8260;Lurking in the Dark;King Diamond;1
8261;No Presents For Christmas [Bonus Track];King Diamond;1
8262;The Candle;King Diamond;1
8263;The Jonah;King Diamond;1
8264;The Lake [Bonus Track];King Diamond;1
8265;The Portrait;King Diamond;1
8266;Voices from the Past;King Diamond;1
8267;Baby Driver;Kiss;1
8268;Calling Dr. Love;Kiss;1
8269;Hard Luck Woman;Kiss;1
8270;I Want You;Kiss;1
8271;Ladies Room;Kiss;1
8272;Love 'Em And Leave 'Em;Kiss;1
8273;Makin' Love;Kiss;1
8274;Mr. Speed;Kiss;1
8275;See You In Your Dreams;Kiss;1
8276;Take Me;Kiss;1
8277;Ball Tongue;Korn;1
8278;Blind;Korn;1
8279;Clown;Korn;1
8280;Divine;Korn;1
8281;Faget;Korn;1
8282;K@#0%!;Korn;1
8283;Need To;Korn;1
8284;No Place to Hide;Korn;1
8285;Airwaves;Kraftwerk;1
8286;Antenna;Kraftwerk;1
8287;Endless Endless;Kraftwerk;1
8288;Europe Endless;Kraftwerk;1
8289;Franz Schubert;Kraftwerk;1
8290;Geiger Counter;Kraftwerk;1
8291;Intermission;Kraftwerk;1
8292;Metal on Metal;Kraftwerk;1
8293;News;Kraftwerk;1
8294;Ohm Sweet Ohm;Kraftwerk;1
8295;Radio Stars;Kraftwerk;1
8296;Radioactivity;Kraftwerk;1
8297;Radioland;Kraftwerk;1
8298;Showroom Dummies;Kraftwerk;1
8299;The Hall of Mirrors;Kraftwerk;1
8300;The Voice of Energy;Kraftwerk;1
8301;Trans-Europe Express;Kraftwerk;1
8302;Transistor;Kraftwerk;1
8303;Uranium;Kraftwerk;1
8304;108 Battles;Kula Shaker;1
8305;Golden Avatar;Kula Shaker;1
8306;Great Hosannah;Kula Shaker;1
8307;I'm Still Here;Kula Shaker;1
8308;Last Farewell;Kula Shaker;1
8309;Mystical Machine Gun;Kula Shaker;1
8310;Radhe Radhe;Kula Shaker;1
8311;Red Balloon;Kula Shaker;1
8312;Shower Your Love;Kula Shaker;1
8313;SOS;Kula Shaker;1
8314;Sound Of Drums;Kula Shaker;1
8315;Tattva (Lucky 13 Mix);Kula Shaker;1
8316;Timeworm;Kula Shaker;1
8317;¿Y?;La Habitación Roja;1
8318;Algún día;La Habitación Roja;1
8319;Despertar;La Habitación Roja;1
8320;J. marco;La Habitación Roja;1
8321;James Stewart;La Habitación Roja;1
8322;Jueves;La Habitación Roja;1
8323;Mentiras;La Habitación Roja;1
8324;Mi habitación;La Habitación Roja;1
8325;Nadie;La Habitación Roja;1
8326;Polaroid;La Habitación Roja;1
8327;Polideportivo;La Habitación Roja;1
8328;Sofá;La Habitación Roja;1
8329;Sol;La Habitación Roja;1
8330;Te Quiero;La Habitación Roja;1
8331;Así Casca la Basca;La Polla Records;1
8332;Canción de Cuna;La Polla Records;1
8333;Come Mierda;La Polla Records;1
8334;Críticos;La Polla Records;1
8335;Delincuencia;La Polla Records;1
8336;Demócrata y cristiano;La Polla Records;1
8337;El 7º De Michigan;La Polla Records;1
8338;El Ataque De Los Hambrientos;La Polla Records;1
8339;El Gurú;La Polla Records;1
8340;El Sitio Donde Yo Vivo;La Polla Records;1
8341;En Londres;La Polla Records;1
8342;Era Un Hombre;La Polla Records;1
8343;Es Política;La Polla Records;1
8344;Estrella Del Rock;La Polla Records;1
8345;Herpes, talco y tecno-pop;La Polla Records;1
8346;La Revolución;La Polla Records;1
8347;Los Siete Enanitos;La Polla Records;1
8348;Lucky man for you;La Polla Records;1
8349;Moriréis Como Imbéciles;La Polla Records;1
8350;Muy Punk;La Polla Records;1
8351;no hay jabalix en urbasa;La Polla Records;1
8352;No Más Presos;La Polla Records;1
8353;Nuestra Alegre Juventud;La Polla Records;1
8354;Porno en Acción;La Polla Records;1
8355;Revistas del Corazón;La Polla Records;1
8356;Salve;La Polla Records;1
8357;Tope Bwana;La Polla Records;1
8358;Tú alucinas;La Polla Records;1
8359;Txus;La Polla Records;1
8360;Ven y ve;La Polla Records;1
8361;Venganza;La Polla Records;1
8362;Vuestra MaldicióN;La Polla Records;1
8363;Achilles Last Stand;Led Zeppelin;1
8364;Bonzo's Montreux;Led Zeppelin;1
8365;Candy Store Rock;Led Zeppelin;1
8366;Darlene;Led Zeppelin;1
8367;For Your Life;Led Zeppelin;1
8368;Hots on for Nowhere;Led Zeppelin;1
8369;Nobody's Fault but Mine;Led Zeppelin;1
8370;Ozone Baby;Led Zeppelin;1
8371;Poor Tom;Led Zeppelin;1
8372;Royal Orleans;Led Zeppelin;1
8373;Tea for One;Led Zeppelin;1
8374;Walter's Walk;Led Zeppelin;1
8375;We're Gonna Groove;Led Zeppelin;1
8376;Wearing & Tearing;Led Zeppelin;1
8377;Release the Pressure;Leftfield;1
8378;¡Que Tire La Toalla!;Leño;1
8379;Hey, That's No Way to Say Goodbye;Leonard Cohen;1
8380;One of Us Cannot Be Wrong;Leonard Cohen;1
8381;So Long, Marianne;Leonard Cohen;1
8382;Stories of the Street;Leonard Cohen;1
8383;Teachers;Leonard Cohen;1
8384;Boiler;Limp Bizkit;1
8385;Full Nelson;Limp Bizkit;1
8386;Getcha Groove On Feat. Xzibit;Limp Bizkit;1
8387;Hold On;Limp Bizkit;1
8388;Hot Dog;Limp Bizkit;1
8389;Intro;Limp Bizkit;1
8390;It'll Be OK;Limp Bizkit;1
8391;Livin' It Up;Limp Bizkit;1
8392;My Generation;Limp Bizkit;1
8393;Outro;Limp Bizkit;1
8394;Rollin' (Air Raid Vehicle);Limp Bizkit;1
8395;Rollin' (Urban Assault Vehicle) feat. Method Man, Redman and DMX;Limp Bizkit;1
8396;Take a Look Around;Limp Bizkit;1
8397;The One;Limp Bizkit;1
8398;Rumble;Link Wray & His Wraymen;1
8399;She Said;Longpigs;1
8400;El ritmo del garage;Loquillo y Trogloditas;1
8401;Me convertí en hombre-lobo por culpa de Los Rebeldes;Loquillo y Trogloditas;1
8402;No surf;Loquillo y Trogloditas;1
8403;Quiero un camión;Loquillo y Trogloditas;1
8404;Tejanos rellenos;Loquillo y Trogloditas;1
8405;A Tope de Amor y Lujo;Los Coronas;1
8406;Correvuela;Los Coronas;1
8407;Drama West;Los Coronas;1
8408;Essaouira;Los Coronas;1
8409;La Fiebre;Los Coronas;1
8410;Lady Rolla;Los Coronas;1
8411;Mulas Huyendo de una Hostia Consagrada;Los Coronas;1
8412;Sierra Yeguas;Los Coronas;1
8413;Tono Viejo;Los Coronas;1
8414;Colores;Los Piratas;1
8415;Cuando Te Duermas;Los Piratas;1
8416;El Cielo de lo Nuestro;Los Piratas;1
8417;Muertos;Los Piratas;1
8418;Teching;Los Piratas;1
8419;Ultrasónica;Los Piratas;1
8420;8;Los Planetas;1
8421;Aeropuerto;Los Planetas;1
8422;Cancion para ligar (o para que no me dejes);Los Planetas;1
8423;Canción para ligar (o para que no me dejes);Los Planetas;1
8424;Ciudad Azul;Los Planetas;1
8425;Cumpleaсos Total;Los Planetas;1
8426;David y Claudia;Los Planetas;1
8427;DB;Los Planetas;1
8428;dulces sueсos;Los Planetas;1
8429;El Espíritu De La Navidad;Los Planetas;1
8430;Himno Generacional #83;Los Planetas;1
8431;Jose Y Yo;Los Planetas;1
8432;La Copa De Europa;Los Planetas;1
8433;La máquina de escribir;Los Planetas;1
8434;Línea 1;Los Planetas;1
8435;Mil Millones De Veces;Los Planetas;1
8436;Mis Problemas Con La Justicia;Los Planetas;1
8437;Nosotros Somos los Zíngaros;Los Planetas;1
8438;Ondas Del Espacio Exterior;Los Planetas;1
8439;Punk;Los Planetas;1
8440;San Juan De La Cruz;Los Planetas;1
8441;Temporalmente;Los Planetas;1
8442;Una Nueva Prensa Musical;Los Planetas;1
8443;7 Segundos;Los Rodríguez;1
8444;Aquí no Podemos Hacerlo;Los Rodríguez;1
8445;Especies Que Desaparecen;Los Rodríguez;1
8446;Hasta Que El Sueño Venga;Los Rodríguez;1
8447;La Mujer de 1 Amigo;Los Rodríguez;1
8448;Mala Suerte;Los Rodríguez;1
8449;Mi Rock Perdido;Los Rodríguez;1
8450;Palabras más, Palabras Menos;Los Rodríguez;1
8451;Pequeño Salto Mortal;Los Rodríguez;1
8452;Salud (Dinero y Amor);Los Rodríguez;1
8453;Phútbol;Los Sencillos;1
8454;Dolores se llamaba Lola;Los Suaves;1
8455;Pilar;Los Toreros Muertos;1
8456;Beginning of a Great Adventure;Lou Reed;1
8457;Betrayed;Lou Reed;1
8458;Busload of Faith;Lou Reed;1
8459;Coney Island Baby (Bonus);Lou Reed;1
8460;Crazy Feeling (Bonus);Lou Reed;1
8461;Dime Store Mystery;Lou Reed;1
8462;Dirty Blvd.;Lou Reed;1
8463;Don't Talk To Me About Work;Lou Reed;1
8464;Down At The Arcade;Lou Reed;1
8465;Endless Cycle;Lou Reed;1
8466;Fly Into The Sun;Lou Reed;1
8467;Good Evening Mr. Waldheim;Lou Reed;1
8468;Growing Up In Public;Lou Reed;1
8469;Halloween Parade;Lou Reed;1
8470;High In The City;Lou Reed;1
8471;Hold On;Lou Reed;1
8472;Home Of The Brave;Lou Reed;1
8473;I Love You, Suzanne;Lou Reed;1
8474;Last Great American Whale;Lou Reed;1
8475;Leave Me Alone (Bonus);Lou Reed;1
8476;Legendary Hearts;Lou Reed;1
8477;Love Is Here To Stay;Lou Reed;1
8478;Make Up My Mind;Lou Reed;1
8479;Martial Law;Lou Reed;1
8480;Pow Wow;Lou Reed;1
8481;Rock 'n' Roll;Lou Reed;1
8482;Romeo Had Juliette;Lou Reed;1
8483;Rooftop Garden;Lou Reed;1
8484;She's My Best Friend (Bonus);Lou Reed;1
8485;Sick of You;Lou Reed;1
8486;Smiles;Lou Reed;1
8487;So Alone;Lou Reed;1
8488;Standing On Ceremony;Lou Reed;1
8489;Strawman;Lou Reed;1
8490;Teach The Gifted Children;Lou Reed;1
8491;The Last Shot;Lou Reed;1
8492;The Power Of Positive Drinking;Lou Reed;1
8493;There Is No Time;Lou Reed;1
8494;Think It Over;Lou Reed;1
8495;Turn Out The Light;Lou Reed;1
8496;Turn To Me;Lou Reed;1
8497;What Becomes A Legend Most;Lou Reed;1
8498;Xmas in February;Lou Reed;1
8499;Rock & Roll Party Queen;Louis St. Louis;1
8500;A día de hoy;Luis Eduardo Aute;1
8501;A Por El Mar;Luis Eduardo Aute;1
8502;Alone With You;Luis Eduardo Aute;1
8503;Amor Te Digo Esta Palabra;Luis Eduardo Aute;1
8504;Anda;Luis Eduardo Aute;1
8505;De Tripas Corazón;Luis Eduardo Aute;1
8506;El Ascensor;Luis Eduardo Aute;1
8507;El resto es humo;Luis Eduardo Aute;1
8508;Esta Noche;Luis Eduardo Aute;1
8509;Imaginación;Luis Eduardo Aute;1
8510;Las Cuatro Y Diez;Luis Eduardo Aute;1
8511;Na De Na;Luis Eduardo Aute;1
8512;Naves Quemadas;Luis Eduardo Aute;1
8513;No Sé Qué Coño Me Pasa Hoy;Luis Eduardo Aute;1
8514;No Te Desnudes Todavía;Luis Eduardo Aute;1
8515;Paraules d'amor;Luis Eduardo Aute;1
8516;Pasaba por aquí;Luis Eduardo Aute;1
8517;Recordándote;Luis Eduardo Aute;1
8518;Rojo Sobre Negro;Luis Eduardo Aute;1
8519;Rosas En El Mar;Luis Eduardo Aute;1
8520;Te doy una canción;Luis Eduardo Aute;1
8521;Vailima;Luis Eduardo Aute;1
8522;500;Lush;1
8523;Ciao!;Lush;1
8524;Heavenly Nobodies;Lush;1
8525;I've Been Here Before;Lush;1
8526;Ladykillers;Lush;1
8527;Last Night;Lush;1
8528;Olympia;Lush;1
8529;Papasan;Lush;1
8530;Runaway;Lush;1
8531;The Childcatcher;Lush;1
8532;Tralala;Lush;1
8533;Am I Losin';Lynyrd Skynyrd;1
8534;Cheatin' Woman;Lynyrd Skynyrd;1
8535;I'm A Country Boy;Lynyrd Skynyrd;1
8536;Made In The Shade;Lynyrd Skynyrd;1
8537;On The Hunt;Lynyrd Skynyrd;1
8538;Railroad Song;Lynyrd Skynyrd;1
8539;Saturday Night Special;Lynyrd Skynyrd;1
8540;Whiskey Rock-A-Roller;Lynyrd Skynyrd;1
8541;02- My Girl;Madness;1
8542;08- Int The Middle Of The Night;Madness;1
8543;Candy Perfume Girl;Madonna;1
8544;Drowned World / Substitute for Love;Madonna;1
8545;Frozen;Madonna;1
8546;Little Star;Madonna;1
8547;Mer Girl;Madonna;1
8548;Nothing Really Matters;Madonna;1
8549;Ray of Light;Madonna;1
8550;Shanti / Ashtangi;Madonna;1
8551;Skin;Madonna;1
8552;Sky Fits Heaven;Madonna;1
8553;Swim;Madonna;1
8554;The Power of Good-Bye;Madonna;1
8555;To Have and Not to Hold;Madonna;1
8556;4st 7lb;Manic Street Preachers;1
8557;Another Invented Disease;Manic Street Preachers;1
8558;Archives of Pain;Manic Street Preachers;1
8559;Born to End;Manic Street Preachers;1
8560;Condemned to Rock 'n' Roll;Manic Street Preachers;1
8561;Crucifix Kiss;Manic Street Preachers;1
8562;Damn Dog;Manic Street Preachers;1
8563;Drug Drug Druggy;Manic Street Preachers;1
8564;Gold Against the Soul;Manic Street Preachers;1
8565;Ifwhiteamericatoldthetruthforjustonedayit'sworldwouldfallapart;Manic Street Preachers;1
8566;La Tristesse Durera (Scream to a Sigh);Manic Street Preachers;1
8567;Life Becoming a Landslide;Manic Street Preachers;1
8568;Love's Sweet Exile;Manic Street Preachers;1
8569;Mausoleum;Manic Street Preachers;1
8570;Methadone Pretty;Manic Street Preachers;1
8571;Nat West-Barclays-Midlands-Lloyds;Manic Street Preachers;1
8572;Nostalgic Pushead;Manic Street Preachers;1
8573;Of Walking Abortion;Manic Street Preachers;1
8574;Repeat (Stars and Stripes);Manic Street Preachers;1
8575;Repeat (UK);Manic Street Preachers;1
8576;Revol;Manic Street Preachers;1
8577;Roses in the Hospital;Manic Street Preachers;1
8578;She Is Suffering;Manic Street Preachers;1
8579;Slash 'n' Burn;Manic Street Preachers;1
8580;Sleepflower;Manic Street Preachers;1
8581;So Dead;Manic Street Preachers;1
8582;Spectators of Suicide;Manic Street Preachers;1
8583;Stay Beautiful;Manic Street Preachers;1
8584;Symphony of Tourette;Manic Street Preachers;1
8585;Tennessee;Manic Street Preachers;1
8586;Yes;Manic Street Preachers;1
8587;Yourself;Manic Street Preachers;1
8588;Contaré Hasta Mil;Marc Parrot;1
8589;If Love Is a Red Dress (Hang Me in Rags);Maria McKee;1
8590;The Beautiful People;Marilyn Manson;1
8591;Boda en londres;Mecano;1
8592;Cenando en París;Mecano;1
8593;Hoy no me puedo levantar;Mecano;1
8594;La máquina de vapor;Mecano;1
8595;Maquillaje;Mecano;1
8596;Me colé en una fiesta;Mecano;1
8597;Me voy de casa;Mecano;1
8598;No me enseñen la lección;Mecano;1
8599;Perdido en mi habitación;Mecano;1
8600;Chosen Ones;Megadeth;1
8601;Killing Is My Business... and Business Is Good;Megadeth;1
8602;Last Rites/Loved to Death;Megadeth;1
8603;Looking Down The Cross;Megadeth;1
8604;Mechanix;Megadeth;1
8605;Rattlehead;Megadeth;1
8606;Skull Beneath the Skin;Megadeth;1
8607;These Boots;Megadeth;1
8608;(Anesthesia) Pulling Teeth;Metallica;1
8609;2 X 4;Metallica;1
8610;Ain't My Bitch;Metallica;1
8611;Bleeding Me;Metallica;1
8612;Creeping Death;Metallica;1
8613;Cure;Metallica;1
8614;Escape;Metallica;1
8615;Fade to Black;Metallica;1
8616;Fight Fire With Fire;Metallica;1
8617;For Whom the Bell Tolls;Metallica;1
8618;Hero of the Day;Metallica;1
8619;Hit the Lights;Metallica;1
8620;Holier Than Thou;Metallica;1
8621;Jump in the Fire;Metallica;1
8622;King Nothing;Metallica;1
8623;Mama Said;Metallica;1
8624;Metal Militia;Metallica;1
8625;Motorbreath;Metallica;1
8626;No Remorse;Metallica;1
8627;Phantom Lord;Metallica;1
8628;Poor Twisted Me;Metallica;1
8629;Ride the Lightning;Metallica;1
8630;Ronnie;Metallica;1
8631;Seek and Destroy;Metallica;1
8632;The Call of Ktulu;Metallica;1
8633;The Four Horsemen;Metallica;1
8634;The House Jack Built;Metallica;1
8635;The Outlaw Torn;Metallica;1
8636;Thorn Within;Metallica;1
8637;Trapped Under Ice;Metallica;1
8638;Until It Sleeps;Metallica;1
8639;Wasting My Hate;Metallica;1
8640;Whiplash;Metallica;1
8641;Another Part of Me;Michael Jackson;1
8642;Dirty Diana;Michael Jackson;1
8643;I Just Can't Stop Loving You;Michael Jackson;1
8644;Just Good Friends;Michael Jackson;1
8645;Leave Me Alone;Michael Jackson;1
8646;Liberian Girl;Michael Jackson;1
8647;Man in the Mirror;Michael Jackson;1
8648;Smooth Criminal;Michael Jackson;1
8649;Speed Demon;Michael Jackson;1
8650;Grace Kelly;Mika;1
8651;Lollipop;Mika;1
8652;Love Today;Mika;1
8653;My Interpretation;Mika;1
8654;Blue Saloon;Mike Oldfield;1
8655;Clear Light;Mike Oldfield;1
8656;Dark Star;Mike Oldfield;1
8657;Incantations Part I;Mike Oldfield;1
8658;Incantations Part II;Mike Oldfield;1
8659;Incantations Part III;Mike Oldfield;1
8660;Incantations Part IV;Mike Oldfield;1
8661;Ommadawn Part One;Mike Oldfield;1
8662;Ommadawn Part Two;Mike Oldfield;1
8663;Red Dawn;Mike Oldfield;1
8664;Sentinel;Mike Oldfield;1
8665;Sunjammer;Mike Oldfield;1
8666;The Bell;Mike Oldfield;1
8667;All Blues;Miles Davis;1
8668;Bess, Oh Where's My Bess;Miles Davis;1
8669;Bess, You Is My Woman Now;Miles Davis;1
8670;Blue in Green;Miles Davis;1
8671;Fisherman, Strawberry and Devil Crab;Miles Davis;1
8672;Flamenco Sketches;Miles Davis;1
8673;Freddie Freeloader;Miles Davis;1
8674;Gone;Miles Davis;1
8675;Gone, Gone, Gone;Miles Davis;1
8676;My Man's Gone Now;Miles Davis;1
8677;Prayer;Miles Davis;1
8678;So What;Miles Davis;1
8679;Summertime;Miles Davis;1
8680;The Buzzard Song;Miles Davis;1
8681;Better Left Invisible;Miles Kane;1
8682;Better Than That;Miles Kane;1
8683;Bombshells;Miles Kane;1
8684;Colour Of The Trap;Miles Kane;1
8685;Darkness in Our Hearts;Miles Kane;1
8686;Don't Forget Who You Are;Miles Kane;1
8687;Fire in My Heart;Miles Kane;1
8688;Give Up;Miles Kane;1
8689;Kingcrawler;Miles Kane;1
8690;Take The Night From Me;Miles Kane;1
8691;Taking Over;Miles Kane;1
8692;Telepathy;Miles Kane;1
8693;Tonight;Miles Kane;1
8694;What Condition am I In?;Miles Kane;1
8695;You're Gonna Get It;Miles Kane;1
8696;Down Slow;Moby;1
8697;Everloving;Moby;1
8698;Guitar Flute & String;Moby;1
8699;If Things Were Perfect;Moby;1
8700;Inside;Moby;1
8701;My Weakness;Moby;1
8702;Soft;Moby;1
8703;The Sky Is Broken;Moby;1
8704;A Drop in the Ocean;Moloko;1
8705;Absent Minded Friends;Moloko;1
8706;Being Is Bewildering;Moloko;1
8707;Dumb Inc.;Moloko;1
8708;Indigo;Moloko;1
8709;It's Nothing;Moloko;1
8710;It's Your Problem;Moloko;1
8711;Mother;Moloko;1
8712;Pure Pleasure Seeker;Moloko;1
8713;Remain the Same;Moloko;1
8714;Somebody Somewhere;Moloko;1
8715;The Time Is Now;Moloko;1
8716;Blindfold;Morcheeba;1
8717;Bullet Proof;Morcheeba;1
8718;Let Me See;Morcheeba;1
8719;Part of the Process;Morcheeba;1
8720;The Sea;Morcheeba;1
8721;Bastard;Mötley Crüe;1
8722;City Boy Blues;Mötley Crüe;1
8723;Danger;Mötley Crüe;1
8724;Fight For Your Rights;Mötley Crüe;1
8725;God Bless the Children of the Beast;Mötley Crüe;1
8726;Helter Skelter;Mötley Crüe;1
8727;Home Sweet Home;Mötley Crüe;1
8728;In the Beginning;Mötley Crüe;1
8729;Keep Your Eye On The Money;Mötley Crüe;1
8730;Knock 'Em Dead, Kid;Mötley Crüe;1
8731;Looks That Kill;Mötley Crüe;1
8732;Louder Than Hell;Mötley Crüe;1
8733;Raise Your Hands To Rock;Mötley Crüe;1
8734;Red Hot;Mötley Crüe;1
8735;Save Our Souls;Mötley Crüe;1
8736;Shout at the Devil;Mötley Crüe;1
8737;Smokin' In The Boys Room;Mötley Crüe;1
8738;Ten Seconds to Love;Mötley Crüe;1
8739;Tonight (We Need A Lover);Mötley Crüe;1
8740;Too Young to Fall in Love;Mötley Crüe;1
8741;Use It Or Lose It;Mötley Crüe;1
8742;(I Won't) Pay Your Price;Motörhead;1
8743;Capricorn;Motörhead;1
8744;Damage Case;Motörhead;1
8745;I'll Be Your Sister;Motörhead;1
8746;Limb from Limb;Motörhead;1
8747;Metropolis;Motörhead;1
8748;No Class;Motörhead;1
8749;Overkill;Motörhead;1
8750;Stay Clean;Motörhead;1
8751;Stone Dead Forever;Motörhead;1
8752;Tear Ya Down;Motörhead;1
8753;Hunted by a freak;Mowgai;1
8754;Darkshines;Muse;1
8755;Falling Down;Muse;1
8756;Feeling Good;Muse;1
8757;Fillip;Muse;1
8758;Guiding Light;Muse;1
8759;Hate This & I'll Love You;Muse;1
8760;Hysteria;Muse;1
8761;Micro Cuts;Muse;1
8762;MK Ultra;Muse;1
8763;Muscle Museum;Muse;1
8764;Overdue;Muse;1
8765;Resistance;Muse;1
8766;Screenager;Muse;1
8767;Sunburn;Muse;1
8768;Undisclosed Desires;Muse;1
8769;Unintended;Muse;1
8770;United States of Eurasia (+Collateral Damage);Muse;1
8771;Uprising;Muse;1
8772;The Law;Museum;1
8773;A Man Needs a Maid;Neil Young;1
8774;After the Gold Rush;Neil Young;1
8775;Alabama;Neil Young;1
8776;Are You Ready for the Country?;Neil Young;1
8777;Birds;Neil Young;1
8778;Cripple Creek Ferry;Neil Young;1
8779;Don't Let It Bring You Down;Neil Young;1
8780;Harvest;Neil Young;1
8781;Heart of Gold;Neil Young;1
8782;I Believe in You;Neil Young;1
8783;Oh, Lonesome Me;Neil Young;1
8784;Old Man;Neil Young;1
8785;Only Love Can Break Your Heart;Neil Young;1
8786;Out on the Weekend;Neil Young;1
8787;Southern Man;Neil Young;1
8788;The Needle and the Damage Done;Neil Young;1
8789;There's a World;Neil Young;1
8790;Till the Morning Comes;Neil Young;1
8791;When You Dance You Can Really Love;Neil Young;1
8792;Words (Between the Lines of Age);Neil Young;1
8793;586;New Order;1
8794;Age of Consent;New Order;1
8795;All Day Long;New Order;1
8796;Angel Dust;New Order;1
8797;As It Is When It Was;New Order;1
8798;Bizarre Love Triangle;New Order;1
8799;Broken Promise;New Order;1
8800;Chosen Time;New Order;1
8801;Denial;New Order;1
8802;Doubts Even Here;New Order;1
8803;Dreams Never End;New Order;1
8804;Ecstacy;New Order;1
8805;Every Little Counts;New Order;1
8806;ICB;New Order;1
8807;Leave Me Alone;New Order;1
8808;Paradise;New Order;1
8809;Regret;New Order;1
8810;Senses;New Order;1
8811;The Him;New Order;1
8812;The Village;New Order;1
8813;Truth;New Order;1
8814;Ultraviolence;New Order;1
8815;Way of Life;New Order;1
8816;We All Stand;New Order;1
8817;Weirdo;New Order;1
8818;Your Silent Face;New Order;1
8819;(There's Gonna Be A) Showdown;New York Dolls;1
8820;Babylon;New York Dolls;1
8821;Bad Detective;New York Dolls;1
8822;Chatterbox;New York Dolls;1
8823;Don't Start Me Talkin';New York Dolls;1
8824;Human Being;New York Dolls;1
8825;It's Too Late;New York Dolls;1
8826;Who Are the Mystery Girls?;New York Dolls;1
8827;Black Betty;Nick Cave & the Bad Seeds;1
8828;Foi Na Cruz;Nick Cave & the Bad Seeds;1
8829;Hard On for Love;Nick Cave & the Bad Seeds;1
8830;I'm Gonna Kill That Woman;Nick Cave & the Bad Seeds;1
8831;Jack's Shadow;Nick Cave & the Bad Seeds;1
8832;Lament;Nick Cave & the Bad Seeds;1
8833;Long Black Veil;Nick Cave & the Bad Seeds;1
8834;Long Time Man;Nick Cave & the Bad Seeds;1
8835;Lucy;Nick Cave & the Bad Seeds;1
8836;Muddy Water;Nick Cave & the Bad Seeds;1
8837;Sad Waters;Nick Cave & the Bad Seeds;1
8838;Scum;Nick Cave & the Bad Seeds;1
8839;She Fell Away;Nick Cave & the Bad Seeds;1
8840;Sleeping Annaleah;Nick Cave & the Bad Seeds;1
8841;Sorrow's Child;Nick Cave & the Bad Seeds;1
8842;Stranger Than Kindness;Nick Cave & the Bad Seeds;1
8843;The Carny;Nick Cave & the Bad Seeds;1
8844;The Good Son;Nick Cave & the Bad Seeds;1
8845;The Hammer Song;Nick Cave & the Bad Seeds;1
8846;The Mercy Seat;Nick Cave & the Bad Seeds;1
8847;The Ship Song;Nick Cave & the Bad Seeds;1
8848;The Singer;Nick Cave & the Bad Seeds;1
8849;The Weeping Song;Nick Cave & the Bad Seeds;1
8850;The Witness Song;Nick Cave & the Bad Seeds;1
8851;Tupelo (single version);Nick Cave & the Bad Seeds;1
8852;Your Funeral, My Trial;Nick Cave & the Bad Seeds;1
8853;A Warm Place;Nine Inch Nails;1
8854;Big Man With a Gun;Nine Inch Nails;1
8855;Closer;Nine Inch Nails;1
8856;Down in It;Nine Inch Nails;1
8857;Eraser;Nine Inch Nails;1
8858;Head Like a Hole;Nine Inch Nails;1
8859;Heresy;Nine Inch Nails;1
8860;Hurt;Nine Inch Nails;1
8861;I Do Not Want This;Nine Inch Nails;1
8862;Kinda I Want To;Nine Inch Nails;1
8863;March of the Pigs;Nine Inch Nails;1
8864;Mr Self Destruct;Nine Inch Nails;1
8865;Piggy;Nine Inch Nails;1
8866;Reptile;Nine Inch Nails;1
8867;Ringfinger;Nine Inch Nails;1
8868;Sanctified;Nine Inch Nails;1
8869;Sin;Nine Inch Nails;1
8870;Something I Can Never Have;Nine Inch Nails;1
8871;Terrible Lie;Nine Inch Nails;1
8872;That's What I Get;Nine Inch Nails;1
8873;The Becoming;Nine Inch Nails;1
8874;The Downward Spiral;Nine Inch Nails;1
8875;The Only Time;Nine Inch Nails;1
8876;Aquel Atardecer;Nino Bravo;1
8877;Arena De Otoño;Nino Bravo;1
8878;Cartas Amarillas;Nino Bravo;1
8879;Como Todos;Nino Bravo;1
8880;Contigo Soy Feliz;Nino Bravo;1
8881;En Libertad;Nino Bravo;1
8882;Es El Viento;Nino Bravo;1
8883;Esa Será Mi Casa;Nino Bravo;1
8884;La Niña Es Ya Mujer;Nino Bravo;1
8885;Libre;Nino Bravo;1
8886;Mi Gran Amor;Nino Bravo;1
8887;Mi Querida Mamá;Nino Bravo;1
8888;No Debo Pensar En Ti;Nino Bravo;1
8889;Noelia;Nino Bravo;1
8890;Nuestro Hogar Será El Mundo;Nino Bravo;1
8891;Para darte mi corazón;Nino Bravo;1
8892;Para qué seguir;Nino Bravo;1
8893;Por Fin Mañana;Nino Bravo;1
8894;Por Fin Mi Amor;Nino Bravo;1
8895;Te Quiero, Te Quiero;Nino Bravo;1
8896;Voy Buscando;Nino Bravo;1
8897;Vuelvo A Estar Sin Ti;Nino Bravo;1
8898;Yo Te Quiero Dar;Nino Bravo;1
8899;(Stranded On) The Wrong Beach;Noel Gallagher;1
8900;A Simple Game Of Genius;Noel Gallagher;1
8901;AKA... Broken Arrow;Noel Gallagher;1
8902;Soldier Boys and Jesus Freaks;Noel Gallagher;1
8903;Stop the Clocks;Noel Gallagher;1
8904;The good rebel;Noel Gallagher;1
8905;Don't Call Me White;NOFX;1
8906;Dying Degree;NOFX;1
8907;Fleas;NOFX;1
8908;Happy Guy;NOFX;1
8909;Jeff Wears Birkenstocks;NOFX;1
8910;Linoleum;NOFX;1
8911;Lori Meyers;NOFX;1
8912;My Heart Is Yearning;NOFX;1
8913;Perfect Government;NOFX;1
8914;Punk Guy;NOFX;1
8915;Reeko;NOFX;1
8916;Scavenger Type;NOFX;1
8917;The Brews;NOFX;1
8918;Cállate;Obus;1
8919;La Escalera;Obus;1
8920;Va a Estallar el Obús;Obus;1
8921;Cállate;Obús;1
8922;La Escalera;Obús;1
8923;All Up;Ocean Colour Scene;1
8924;Besides Yourself;Ocean Colour Scene;1
8925;Big Star;Ocean Colour Scene;1
8926;Biggest Thing;Ocean Colour Scene;1
8927;Can't Get Back to the Baseline;Ocean Colour Scene;1
8928;Debris Road;Ocean Colour Scene;1
8929;Fleeting Mind;Ocean Colour Scene;1
8930;Foxy's Folk Faced;Ocean Colour Scene;1
8931;Get Away;Ocean Colour Scene;1
8932;Get Blown Away;Ocean Colour Scene;1
8933;Give Me a Letter;Ocean Colour Scene;1
8934;Half a Dream Away;Ocean Colour Scene;1
8935;If I Gave You My Heart;Ocean Colour Scene;1
8936;In My Field;Ocean Colour Scene;1
8937;It's a Beautiful Thing;Ocean Colour Scene;1
8938;It's My Shadow;Ocean Colour Scene;1
8939;July;Ocean Colour Scene;1
8940;Mechanical Wonder;Ocean Colour Scene;1
8941;One for the Road;Ocean Colour Scene;1
8942;Policemen & Pirates;Ocean Colour Scene;1
8943;Sail on My Boat;Ocean Colour Scene;1
8944;Something For Me;Ocean Colour Scene;1
8945;Spark and Cindy;Ocean Colour Scene;1
8946;Tele He's Not Talking;Ocean Colour Scene;1
8947;The Downstream;Ocean Colour Scene;1
8948;We Made It More;Ocean Colour Scene;1
8949;You Are Amazing;Ocean Colour Scene;1
8950;You've Got It Bad;Ocean Colour Scene;1
8951;Hopelessly Devoted To You;Olivia Newton-John;1
8952;Look at Me, I'm Sandra Dee;Olivia Newton-John;1
8953;Between Angels And Insects;Papa Roach;1
8954;Binge;Papa Roach;1
8955;Blood Brothers;Papa Roach;1
8956;Broken Home;Papa Roach;1
8957;Dead Cell;Papa Roach;1
8958;Infest;Papa Roach;1
8959;Last Resort;Papa Roach;1
8960;Never Enough;Papa Roach;1
8961;Revenge;Papa Roach;1
8962;Snakes;Papa Roach;1
8963;Thrown Away;Papa Roach;1
8964;Adictos a la lujuria;Parálisis Permanente;1
8965;Bacanal;Parálisis Permanente;1
8966;El acto;Parálisis Permanente;1
8967;Esto no es;Parálisis Permanente;1
8968;Héroes;Parálisis Permanente;1
8969;Jugando a las cartas;Parálisis Permanente;1
8970;Nacidos Para Dominar;Parálisis Permanente;1
8971;Quiero Ser Santa;Parálisis Permanente;1
8972;Quiero ser tu perro;Parálisis Permanente;1
8973;Te gustará;Parálisis Permanente;1
8974;Tengo un precio;Parálisis Permanente;1
8975;Todo el mundo;Parálisis Permanente;1
8976;Un día en Texas;Parálisis Permanente;1
8977;Unidos;Parálisis Permanente;1
8978;Vamos a jugar;Parálisis Permanente;1
8979;Yo No;Parálisis Permanente;1
8980;The Reeling;Passion Pit;1
8981;My Generation [bonus track];Patti Smith;1
8982;Love Is a Many Splendored Thing;Paul Francis Webster;1
8983;Every Night;Paul McCartney;1
8984;Hot As Sunglasses;Paul McCartney;1
8985;Junk;Paul McCartney;1
8986;Man We Was Lonely;Paul McCartney;1
8987;Momma Miss America;Paul McCartney;1
8988;Oo You;Paul McCartney;1
8989;That Would Be Something;Paul McCartney;1
8990;The Lovely Linda;Paul McCartney;1
8991;Valentine Day;Paul McCartney;1
8992;The Changingman;Paul Weller;1
8993;5 - 4 = Unity;Pavement;1
8994;Date w/ IKEA;Pavement;1
8995;Elevate Me Later;Pavement;1
8996;Fillmore Jive;Pavement;1
8997;Gold Soundz;Pavement;1
8998;Heaven Is a Truck;Pavement;1
8999;Hit the Plane Down;Pavement;1
9000;Newark Wilder;Pavement;1
9001;Old to Begin;Pavement;1
9002;Range Life;Pavement;1
9003;Silence Kit;Pavement;1
9004;Stop Breathin';Pavement;1
9005;Transport Is Arranged;Pavement;1
9006;Unfair;Pavement;1
9007;(Untitled);Pearl Jam;1
9008;Alive;Pearl Jam;1
9009;All Those Yesterdays;Pearl Jam;1
9010;Animal;Pearl Jam;1
9011;Aye Davanita;Pearl Jam;1
9012;Better Man;Pearl Jam;1
9013;Black;Pearl Jam;1
9014;Blood;Pearl Jam;1
9015;Bugs;Pearl Jam;1
9016;Corduroy;Pearl Jam;1
9017;Daughter;Pearl Jam;1
9018;Deep;Pearl Jam;1
9019;Dirty Frank;Pearl Jam;1
9020;Dissident;Pearl Jam;1
9021;Even Flow;Pearl Jam;1
9022;Garden;Pearl Jam;1
9023;Given to Fly;Pearl Jam;1
9024;Glorified G;Pearl Jam;1
9025;Go;Pearl Jam;1
9026;I've Got a Feeling;Pearl Jam;1
9027;Immortality;Pearl Jam;1
9028;In Hiding;Pearl Jam;1
9029;Indifference;Pearl Jam;1
9030;Jeremy;Pearl Jam;1
9031;Last Exit;Pearl Jam;1
9032;Leash;Pearl Jam;1
9033;Low Light;Pearl Jam;1
9034;Master/Slave;Pearl Jam;1
9035;MFC;Pearl Jam;1
9036;Not for You;Pearl Jam;1
9037;Nothingman;Pearl Jam;1
9038;Oceans;Pearl Jam;1
9039;Once;Pearl Jam;1
9040;Pilate;Pearl Jam;1
9041;Porch;Pearl Jam;1
9042;Pry, To;Pearl Jam;1
9043;Push Me, Pull Me;Pearl Jam;1
9044;Rats;Pearl Jam;1
9045;Rearviewmirror;Pearl Jam;1
9046;Release;Pearl Jam;1
9047;Satan's Bed;Pearl Jam;1
9048;Tremor Christ;Pearl Jam;1
9049;W.M.A.;Pearl Jam;1
9050;Whipping;Pearl Jam;1
9051;Why Go;Pearl Jam;1
9052;Wishlist;Pearl Jam;1
9053;Garota de Ipanema;Pery Ribeiro;1
9054;I'm an Actor;Phoenix;1
9055;Astronomy Domine;Pink Floyd;1
9056;Bike;Pink Floyd;1
9057;Chapter 24;Pink Floyd;1
9058;Dogs;Pink Floyd;1
9059;Flaming;Pink Floyd;1
9060;Lucifer Sam;Pink Floyd;1
9061;Matilda Mother;Pink Floyd;1
9062;Pigs (Three Different Ones);Pink Floyd;1
9063;Pigs on the Wing (Part One);Pink Floyd;1
9064;Pigs on the Wing (Part Two);Pink Floyd;1
9065;Scarecrow;Pink Floyd;1
9066;Sheep;Pink Floyd;1
9067;All I Think About Now;Pixies;1
9068;All The Saints;Pixies;1
9069;Andro Queen;Pixies;1
9070;Another Toe In the Ocean;Pixies;1
9071;Baal's Back;Pixies;1
9072;Bagboy;Pixies;1
9073;Bailey's Walk;Pixies;1
9074;Bel Esprit;Pixies;1
9075;Blue Eyed Hexe;Pixies;1
9076;Build High;Pixies;1
9077;Classic Masher;Pixies;1
9078;Dancing the Manta Ray;Pixies;1
9079;Evil Hearted You;Pixies;1
9080;Greens and Blues;Pixies;1
9081;Head Carrier;Pixies;1
9082;I've Been Waiting for You;Pixies;1
9083;Indie Cindy;Pixies;1
9084;Into the White;Pixies;1
9085;Jaime Bravo;Pixies;1
9086;Magdalena 318;Pixies;1
9087;Make Believe;Pixies;1
9088;Manta Ray;Pixies;1
9089;Might As Well Be Gone;Pixies;1
9090;Oona;Pixies;1
9091;Plaster Of Paris;Pixies;1
9092;Ring the Bell;Pixies;1
9093;Santo;Pixies;1
9094;Silver Snail;Pixies;1
9095;Snakes;Pixies;1
9096;Talent;Pixies;1
9097;Tenement Song;Pixies;1
9098;The Thing;Pixies;1
9099;Theme From Narc;Pixies;1
9100;Um Chagga Lagga;Pixies;1
9101;Vamos (live);Pixies;1
9102;Velvety Instrumental Version;Pixies;1
9103;Wave of Mutilation (UK Surf);Pixies;1
9104;Weird at My School;Pixies;1
9105;What Goes Boom;Pixies;1
9106;Winterlong;Pixies;1
9107;Horses in My Dreams;PJ Harvey;1
9108;Kamikaze;PJ Harvey;1
9109;The Whores Hustle and the Hustlers Whore;PJ Harvey;1
9110;This Is Love;PJ Harvey;1
9111;We Float;PJ Harvey;1
9112;You Said Something;PJ Harvey;1
9113;36 Degrees;Placebo;1
9114;Bionic;Placebo;1
9115;Blue American;Placebo;1
9116;Bruise Pristine;Placebo;1
9117;Come Home;Placebo;1
9118;Commercial for Levi;Placebo;1
9119;Days Before You Came;Placebo;1
9120;Haemoglobin;Placebo;1
9121;Hang on to Your IQ;Placebo;1
9122;I Know;Placebo;1
9123;Lady of the Flowers;Placebo;1
9124;Narcoleptic;Placebo;1
9125;Passive Aggressive;Placebo;1
9126;Peeping Tom;Placebo;1
9127;Spite & Malice;Placebo;1
9128;Swallow;Placebo;1
9129;Taste in Men;Placebo;1
9130;Teenage Angst;Placebo;1
9131;A un tipo listo;Platero y tú;1
9132;Al Cantar;Platero y tú;1
9133;Bebiendo Del Mismo Vaso;Platero y tú;1
9134;Bobo;Platero y tú;1
9135;Esta noche yo haría;Platero y tú;1
9136;Hay Poco Rock & Roll;Platero y tú;1
9137;La Noche;Platero y tú;1
9138;Lo que os merecéis;Platero y tú;1
9139;Magia;Platero y tú;1
9140;Maldita Mujer;Platero y tú;1
9141;Marabao;Platero y tú;1
9142;Mari Madalenas;Platero y tú;1
9143;Me dan miedo las noches;Platero y tú;1
9144;Mírame;Platero y tú;1
9145;No estoy loco;Platero y tú;1
9146;No me hagas soplar;Platero y tú;1
9147;Por Fin...!!!;Platero y tú;1
9148;R&R batzokian;Platero y tú;1
9149;Somos los plateros;Platero y tú;1
9150;Tenemos Que Entrar;Platero y tú;1
9151;Tras la barra;Platero y tú;1
9152;Forever;Player;1
9153;I Just Wanna Be With You;Player;1
9154;I've Been Thinkin';Player;1
9155;Join In The Dance;Player;1
9156;Let Me Down Easy;Player;1
9157;Love In The Danger Zone;Player;1
9158;Prisoner of Your Love;Player;1
9159;Silver Lining;Player;1
9160;All Mine;Portishead;1
9161;Cowboys;Portishead;1
9162;Elysium;Portishead;1
9163;Half Day Closing;Portishead;1
9164;Humming;Portishead;1
9165;Mourning Air;Portishead;1
9166;Only You;Portishead;1
9167;Over;Portishead;1
9168;Seven Months;Portishead;1
9169;Undenied;Portishead;1
9170;Western Eyes;Portishead;1
9171;A Scanner Darkly;Primal Scream;1
9172;Autobahn 66;Primal Scream;1
9173;City;Primal Scream;1
9174;Deep Hit of Morning Sun;Primal Scream;1
9175;Detroit;Primal Scream;1
9176;Rise;Primal Scream;1
9177;Rocks;Primal Scream;1
9178;Skull X;Primal Scream;1
9179;Some Velvet Morning;Primal Scream;1
9180;Space Blues #2;Primal Scream;1
9181;The Lord Is My Shotgun;Primal Scream;1
9182;I Wanna Be Your Lover;Prince;1
9183;Raspberry Beret;Prince;1
9184;Soft and Wet;Prince;1
9185;Uptown;Prince;1
9186;Why You Wanna Treat Me So Bad?;Prince;1
9187;Being Followed Home;Pulp;1
9188;Death Goes to the Disco (Bonus Track);Pulp;1
9189;Don't You Know;Pulp;1
9190;Don't You Want Me Anymore?;Pulp;1
9191;Fairground;Pulp;1
9192;Live On [#][*][Bbc Mark Goodier Session];Pulp;1
9193;Looking for Life;Pulp;1
9194;Master Of The Universe;Pulp;1
9195;My Erection [#][Demo Previously Unreleased][Demo Version];Pulp;1
9196;My Legendary Girlfriend;Pulp;1
9197;Please Don't Worry;Pulp;1
9198;Seconds;Pulp;1
9199;Separations;Pulp;1
9200;She's Dead;Pulp;1
9201;Space [#][*][Bbc Hit the North Session Soundcheck];Pulp;1
9202;Weeds;Pulp;1
9203;Weeds II (The Origin of the Species);Pulp;1
9204;Wickerman;Pulp;1
9205;You're Not Blind [#][*][Demo Previously Unreleased][Demo Version];Pulp;1
9206;A Kind Of  'A Kind Of Magic';Queen;1
9207;Coming Soon;Queen;1
9208;Crazy Little Thing Called Love;Queen;1
9209;Don't Lose Your Head;Queen;1
9210;Don't Try Suicide;Queen;1
9211;Dragon Attack;Queen;1
9212;Flash;Queen;1
9213;Forever;Queen;1
9214;Friends Will Be Friends Will Be Friends...;Queen;1
9215;Gimme the Prize;Queen;1
9216;Innuendo;Queen;1
9217;My Fairy King;Queen;1
9218;Need Your Loving Tonight;Queen;1
9219;Party;Queen;1
9220;Rock It (Prime Jive);Queen;1
9221;Sail Away Sweet Sister;Queen;1
9222;Save Me;Queen;1
9223;The Invisible Man;Queen;1
9224;The Miracle;Queen;1
9225;Do It Again;Queens of the Stone Age;1
9226;Go With the Flow;Queens of the Stone Age;1
9227;Gonna Leave You;Queens of the Stone Age;1
9228;Hangin' Tree;Queens of the Stone Age;1
9229;1,000,000;R.E.M.;1
9230;9-9;R.E.M.;1
9231;Carnival Of Sorts (Boxcars);R.E.M.;1
9232;Catapult;R.E.M.;1
9233;Gardening At Night (Live);R.E.M.;1
9234;Get Up;R.E.M.;1
9235;Laughing;R.E.M.;1
9236;Moral Kiosk;R.E.M.;1
9237;Orange Crush;R.E.M.;1
9238;Perfect Circle;R.E.M.;1
9239;Pilgrimage;R.E.M.;1
9240;Pop Song 89;R.E.M.;1
9241;Radio Free Europe;R.E.M.;1
9242;Shaking Through;R.E.M.;1
9243;Sitting Still;R.E.M.;1
9244;Stand;R.E.M.;1
9245;Stumble;R.E.M.;1
9246;Talk About the Passion;R.E.M.;1
9247;The Wrong Child;R.E.M.;1
9248;Turn You Inside-Out;R.E.M.;1
9249;We Walk;R.E.M.;1
9250;West of the Fields;R.E.M.;1
9251;What's the Frequency, Kenneth?;R.E.M.;1
9252;Wolves, Lower;R.E.M.;1
9253;World Leader Pretend;R.E.M.;1
9254;You Are the Everything;R.E.M.;1
9255;37 Grados;Radio Futura;1
9256;A Cara O Cruz;Radio Futura;1
9257;Annabel Lee;Radio Futura;1
9258;Divina (Los bailes de Marte);Radio Futura;1
9259;El Canto del Gallo;Radio Futura;1
9260;El Hombre De Papel;Radio Futura;1
9261;El Tonto Simón;Radio Futura;1
9262;el viento de áfrica;Radio Futura;1
9263;En Alas De La Mentira;Radio Futura;1
9264;En El Chino;Radio Futura;1
9265;En Un Baile De Perros;Radio Futura;1
9266;Escuela de calor;Radio Futura;1
9267;Hadaly;Radio Futura;1
9268;Han Caído Los Dos;Radio Futura;1
9269;Ivonne (Rendez-vous);Radio Futura;1
9270;Jarama;Radio Futura;1
9271;La Ciudad Interior;Radio Futura;1
9272;La Mala Hora;Radio Futura;1
9273;La maquina;Radio Futura;1
9274;La Negra Flor;Radio Futura;1
9275;La Vida En La Frontera;Radio Futura;1
9276;Las líneas de la mano;Radio Futura;1
9277;Lluvia Del Porvenir;Radio Futura;1
9278;Luna De Agosto;Radio Futura;1
9279;Muchachita;Radio Futura;1
9280;No Tocarte;Radio Futura;1
9281;Regreso a las minas del Rey Salomon;Radio Futura;1
9282;Tormenta de arena;Radio Futura;1
9283;Trepidación;Radio Futura;1
9284;Un Vaso De Agua (Al Enemigo);Radio Futura;1
9285;Bulls on Parade;Rage Against the Machine;1
9286;Down Rodeo;Rage Against the Machine;1
9287;People of the Sun;Rage Against the Machine;1
9288;Revolver;Rage Against the Machine;1
9289;Roll Right;Rage Against the Machine;1
9290;Snakecharmer;Rage Against the Machine;1
9291;Tire Me;Rage Against the Machine;1
9292;Vietnow;Rage Against the Machine;1
9293;Wind Below;Rage Against the Machine;1
9294;Without a Face;Rage Against the Machine;1
9295;Year of tha Boomerang;Rage Against the Machine;1
9296;Adiós;Rammstein;1
9297;Alter Mann;Rammstein;1
9298;Fever Frei!;Rammstein;1
9299;Ich will;Rammstein;1
9300;Küss mich (Fellfrosch);Rammstein;1
9301;Links 2-3-4;Rammstein;1
9302;Mein Herz brennt;Rammstein;1
9303;Mutter;Rammstein;1
9304;Nebel;Rammstein;1
9305;Rammstein (Eskimos & Egypt Radio Edit);Rammstein;1
9306;Rein Raus;Rammstein;1
9307;Sonne;Rammstein;1
9308;Spieluhr;Rammstein;1
9309;Wilder Wein;Rammstein;1
9310;Wollt Ihr das Bett in Flammen sehen;Rammstein;1
9311;Zwitter;Rammstein;1
9312;Do You Remember Rock 'n' Roll Radio;Ramones;1
9313;Do You Wanna Dance?;Ramones;1
9314;I Can't Give You Anything;Ramones;1
9315;I Don't Care;Ramones;1
9316;I Wanna Be Well;Ramones;1
9317;It's Not My Place (In the 9 to 5 World);Ramones;1
9318;Locket Love;Ramones;1
9319;Now I Wanna Be a Good Boy;Ramones;1
9320;Ramona;Ramones;1
9321;Rock 'n' Roll High School (Ed Stasium mix);Ramones;1
9322;Somebody Put Something in My Drink;Ramones;1
9323;Swallow My Pride (Single Version);Ramones;1
9324;Tomorrow She Goes Away;Ramones;1
9325;Why Is It Always This Way?;Ramones;1
9326;Adina;Rancid;1
9327;Animosity;Rancid;1
9328;Another Night;Rancid;1
9329;Detroit;Rancid;1
9330;Get Out Of My Way;Rancid;1
9331;Holiday Sunrise;Rancid;1
9332;Hyena;Rancid;1
9333;Injury;Rancid;1
9334;Outta My Mind;Rancid;1
9335;Rats In The Hallway;Rancid;1
9336;Rejected;Rancid;1
9337;Situation;Rancid;1
9338;The Bottle;Rancid;1
9339;Trenches;Rancid;1
9340;Unwritten Rules;Rancid;1
9341;Whirlwind;Rancid;1
9342;Apache Rose Peacock;Red Hot Chili Peppers;1
9343;Blood Sugar Sex Magik;Red Hot Chili Peppers;1
9344;Cabron;Red Hot Chili Peppers;1
9345;Can't Stop;Red Hot Chili Peppers;1
9346;Fire;Red Hot Chili Peppers;1
9347;Give It Away;Red Hot Chili Peppers;1
9348;Good Time Boys;Red Hot Chili Peppers;1
9349;Higher Ground;Red Hot Chili Peppers;1
9350;I Could Die for You;Red Hot Chili Peppers;1
9351;Johnny, Kick a Hole in the Sky;Red Hot Chili Peppers;1
9352;Knock Me Down;Red Hot Chili Peppers;1
9353;Magic Johnson;Red Hot Chili Peppers;1
9354;Midnight;Red Hot Chili Peppers;1
9355;Minor Thing;Red Hot Chili Peppers;1
9356;My Lovely Man;Red Hot Chili Peppers;1
9357;Naked in the Rain;Red Hot Chili Peppers;1
9358;Nobody Weird Like Me;Red Hot Chili Peppers;1
9359;On Mercury;Red Hot Chili Peppers;1
9360;Pretty Little Ditty;Red Hot Chili Peppers;1
9361;Punk Rock Classic;Red Hot Chili Peppers;1
9362;Sexy Mexican Maid;Red Hot Chili Peppers;1
9363;Stone Cold Bush;Red Hot Chili Peppers;1
9364;Subway to Venus;Red Hot Chili Peppers;1
9365;Taste the Pain;Red Hot Chili Peppers;1
9366;Tear;Red Hot Chili Peppers;1
9367;The Greeting Song;Red Hot Chili Peppers;1
9368;The Righteous & The Wicked;Red Hot Chili Peppers;1
9369;The Zephyr Song;Red Hot Chili Peppers;1
9370;Throw Away Your Television;Red Hot Chili Peppers;1
9371;Under the Bridge;Red Hot Chili Peppers;1
9372;Venice Queen;Red Hot Chili Peppers;1
9373;Warm Tape;Red Hot Chili Peppers;1
9374;Bacalao;Reincidentes;1
9375;Carmen;Reincidentes;1
9376;Cartas Desde El Asilo;Reincidentes;1
9377;Dos Colegas;Reincidentes;1
9378;El Cuento Del Alfajor;Reincidentes;1
9379;El Sur;Reincidentes;1
9380;En el útero;Reincidentes;1
9381;En Mi Interior;Reincidentes;1
9382;Mi Barrio;Reincidentes;1
9383;Nazis nunca más;Reincidentes;1
9384;Okupa;Reincidentes;1
9385;Sal de tus trincheras;Reincidentes;1
9386;Sin Ganas de Olvidar;Reincidentes;1
9387;Todo para tÍ;Reincidentes;1
9388;Beneath;Ride;1
9389;Here and Now;Ride;1
9390;Nowhere;Ride;1
9391;Sennen;Ride;1
9392;Taste;Ride;1
9393;Today;Ride;1
9394;Unfamiliar;Ride;1
9395;Vapour Trail;Ride;1
9396;Dead Flowers;Rinôçérôse;1
9397;It's Time To Go Now!;Rinôçérôse;1
9398;Lost Love;Rinôçérôse;1
9399;Résurrection D'une Idôle Pop;Rinôçérôse;1
9400;Baby Girl Window;Robbie Williams;1
9401;Better Man;Robbie Williams;1
9402;By All Means Necessary;Robbie Williams;1
9403;Clean;Robbie Williams;1
9404;Ego a Go Go;Robbie Williams;1
9405;Forever Texas;Robbie Williams;1
9406;If It's Hurting You;Robbie Williams;1
9407;Kids;Robbie Williams;1
9408;Killing Me;Robbie Williams;1
9409;Knutsford City Limits;Robbie Williams;1
9410;Let Love Be Your Energy;Robbie Williams;1
9411;Let Me Entertain You;Robbie Williams;1
9412;Life Thru A Lens;Robbie Williams;1
9413;Love Calling Earth;Robbie Williams;1
9414;One Of God's Better People;Robbie Williams;1
9415;Singing for the Lonely;Robbie Williams;1
9416;South of the Border;Robbie Williams;1
9417;Supreme;Robbie Williams;1
9418;The Road to Mandalay;Robbie Williams;1
9419;Benko (feat. Fatoumata Diawara & Damon Albarn);Rocket Juice & The Moon;1
9420;Check Out;Rocket Juice & The Moon;1
9421;Chop Up (feat. M.anifest & M3nsa);Rocket Juice & The Moon;1
9422;Dam(n) [feat. Erykah Badu & M.anifest];Rocket Juice & The Moon;1
9423;Extinguished (feat. Cheick Tidiane Seck);Rocket Juice & The Moon;1
9424;Fatala (Bonus Track) [feat. Fatoumata Diawara];Rocket Juice & The Moon;1
9425;Fatherless;Rocket Juice & The Moon;1
9426;Follow-Fashion (feat. Fatoumata Diawara & M.anifest);Rocket Juice & The Moon;1
9427;Forward Sweep;Rocket Juice & The Moon;1
9428;Leave-Taking;Rocket Juice & The Moon;1
9429;Manuela (Bonus Track) [feat. Erykah Badu];Rocket Juice & The Moon;1
9430;Rotary Connection;Rocket Juice & The Moon;1
9431;The Unfadable (feat. M.anifest);Rocket Juice & The Moon;1
9432;There;Rocket Juice & The Moon;1
9433;Worries;Rocket Juice & The Moon;1
9434;Persuasion (bonus track);Rory Gallagher;1
9435;¿Qué Me Das?;Rosendo;1
9436;A La Sombra De Una Mentira;Rosendo;1
9437;A Las Lombrices;Rosendo;1
9438;Ah!;Rosendo;1
9439;Andar Por Casa;Rosendo;1
9440;Bacilo, vacila!;Rosendo;1
9441;Borrachuzos;Rosendo;1
9442;Calidez;Rosendo;1
9443;Cara A Cara;Rosendo;1
9444;Control... Memeces!;Rosendo;1
9445;Dando Vueltas A Un Farol;Rosendo;1
9446;De Repente;Rosendo;1
9447;Del Pulmón;Rosendo;1
9448;En Agua Caliente;Rosendo;1
9449;Entre dientes;Rosendo;1
9450;Go Home!;Rosendo;1
9451;Jugar Al Gua;Rosendo;1
9452;La Tortuga;Rosendo;1
9453;Majete!;Rosendo;1
9454;Mala Vida;Rosendo;1
9455;Menú de la Cuneta;Rosendo;1
9456;No Es Lo Mismo;Rosendo;1
9457;No Me Apetece!;Rosendo;1
9458;Pagando Residencia;Rosendo;1
9459;Para Cuando Desatino;Rosendo;1
9460;Para Nada;Rosendo;1
9461;Puede Que...;Rosendo;1
9462;Puedo Ser Más Eficaz;Rosendo;1
9463;Que te acompañe la suerte;Rosendo;1
9464;Quincalla, o no!;Rosendo;1
9465;Sufrido;Rosendo;1
9466;Sumisión;Rosendo;1
9467;Tierra de Nadie;Rosendo;1
9468;Todo El Mundo a Sus Quehaceres;Rosendo;1
9469;Unos Golpes de Cincel;Rosendo;1
9470;Ven y ve!;Rosendo;1
9471;Yo También!;Rosendo;1
9472;2 H.B.;Roxy Music;1
9473;Bitters End;Roxy Music;1
9474;Chance Meeting;Roxy Music;1
9475;If There Is Something;Roxy Music;1
9476;Re-Make-Re-Model;Roxy Music;1
9477;Sea Breezes;Roxy Music;1
9478;The Bob (medley);Roxy Music;1
9479;Would You Believe?;Roxy Music;1
9480;Only Love Can Break Your Heart;Saint Etienne;1
9481;Ezekiel 25:17;Samuel L. Jackson;1
9482;Always Somewhere;Scorpions;1
9483;Another Piece Of Meat;Scorpions;1
9484;Backstage Queen;Scorpions;1
9485;Can't Get Enough;Scorpions;1
9486;Catch Your Train;Scorpions;1
9487;Coast To Coast;Scorpions;1
9488;Crying Days;Scorpions;1
9489;Drifting Sun;Scorpions;1
9490;Evening Wind;Scorpions;1
9491;Far Away;Scorpions;1
9492;Fly People Fly;Scorpions;1
9493;Fly To The Rainbow;Scorpions;1
9494;Hell Cat;Scorpions;1
9495;Holiday;Scorpions;1
9496;In Your Park;Scorpions;1
9497;Is There Anybody There?;Scorpions;1
9498;Living And Dying;Scorpions;1
9499;Lovedrive;Scorpions;1
9500;Loving You Sunday Morning;Scorpions;1
9501;No One Like You;Scorpions;1
9502;Pictured Life;Scorpions;1
9503;Polar Night;Scorpions;1
9504;Robot Man;Scorpions;1
9505;Speedy's Coming;Scorpions;1
9506;Sun In My Hand;Scorpions;1
9507;They Need A Million;Scorpions;1
9508;This Is My Song;Scorpions;1
9509;Virgin Killer;Scorpions;1
9510;Yellow Raven;Scorpions;1
9511;EMI (Unlimited Edition);Sex Pistols;1
9512;Blue Moon;Sha Na Na;1
9513;Born to Hand Jive;Sha Na Na;1
9514;Hound Dog;Sha Na Na;1
9515;Rock & Roll Is Here to Stay;Sha Na Na;1
9516;Tears on My Pillow;Sha Na Na;1
9517;Those Magic Changes;Sha Na Na;1
9518;A La Vera Del Mar;Sidonie;1
9519;Al viento;Sidonie;1
9520;Algo nos pasará;Sidonie;1
9521;El Adiós;Sidonie;1
9522;El Incendio;Sidonie;1
9523;Empiza El Dia En Tu Jardin;Sidonie;1
9524;En Mi Garganta;Sidonie;1
9525;La Sombra;Sidonie;1
9526;Nueva York;Sidonie;1
9527;Por Ti;Sidonie;1
9528;Sin Querer;Sidonie;1
9529;Un día más en la vida;Sidonie;1
9530;Viva El Loco Que Inventó El Amor;Sidonie;1
9531;Hafssól;Sigur Rós;1
9532;Mistur;Sigur Rós;1
9533;Myrkur;Sigur Rós;1
9534;Rukrym;Sigur Rós;1
9535;Syndir Guðs (opinberun frelsarans);Sigur Rós;1
9536;Veröld ný og óð;Sigur Rós;1
9537;Von;Sigur Rós;1
9538;¿Qué tal, homosexual?;Siniestro Total;1
9539;¿Quiénes Somos, De Donde Venimos, Adónde Vamos?;Siniestro Total;1
9540;Al Final;Siniestro Total;1
9541;Assumpta;Siniestro Total;1
9542;aunque este en el frenopatico te tirare del atico;Siniestro Total;1
9543;Ayatollah, Number 9;Siniestro Total;1
9544;Bailaré Sobre tu Tumba;Siniestro Total;1
9545;Cada Día Somos Más;Siniestro Total;1
9546;Can't Get Enough;Siniestro Total;1
9547;Chochos voladores;Siniestro Total;1
9548;Cobrador loco;Siniestro Total;1
9549;Demasiado Lejos;Siniestro Total;1
9550;E.L.E.V.E.N. (El famoso encuentro de Matt Murdock y Ray Charles);Siniestro Total;1
9551;Emilio Cao;Siniestro Total;1
9552;Fuera Las Manos Chinas del Vietnam Socialista;Siniestro Total;1
9553;Hey, Hey, Vigo;Siniestro Total;1
9554;Juegas Al Palé;Siniestro Total;1
9555;Kalahari;Siniestro Total;1
9556;Keke Rosberg;Siniestro Total;1
9557;La Matanza de Taxis;Siniestro Total;1
9558;La Revista;Siniestro Total;1
9559;Las Tetas de Mi Novia;Siniestro Total;1
9560;Los Esqueletos No Tienen Pilila;Siniestro Total;1
9561;Mártires de Uganda;Siniestro Total;1
9562;Más Vale Ser Punki Que Maricón De Playa;Siniestro Total;1
9563;Matar Hippies En las Cies;Siniestro Total;1
9564;Menea el Bullarengue;Siniestro Total;1
9565;Mongoloide;Siniestro Total;1
9566;No Me Lavo en la Vida;Siniestro Total;1
9567;No me mates con tomate;Siniestro Total;1
9568;Nocilla que Merendilla;Siniestro Total;1
9569;Oh, Qué Raro Soy;Siniestro Total;1
9570;Ponte En Mi Lugar;Siniestro Total;1
9571;Que Corra La Nicotina;Siniestro Total;1
9572;Rock En Samil;Siniestro Total;1
9573;Señor, ilumina mi corazón;Siniestro Total;1
9574;Sexo Chungo;Siniestro Total;1
9575;Si Yo Canto;Siniestro Total;1
9576;Sonorice su templo;Siniestro Total;1
9577;Te Quiero;Siniestro Total;1
9578;Tipi, dulce Tipi;Siniestro Total;1
9579;Vamos al Kway;Siniestro Total;1
9580;Viene El Verano;Siniestro Total;1
9581;We Are the World;Siniestro Total;1
9582;Ye-Ye;Siniestro Total;1
9583;Arabian Knights;Siouxsie and the Banshees;1
9584;Halloween;Siouxsie and the Banshees;1
9585;Head Cut;Siouxsie and the Banshees;1
9586;Into the Light;Siouxsie and the Banshees;1
9587;Monitor;Siouxsie and the Banshees;1
9588;Night Shift;Siouxsie and the Banshees;1
9589;Sin In My Heart;Siouxsie and the Banshees;1
9590;Spellbound;Siouxsie and the Banshees;1
9591;Voodoo Dolly;Siouxsie and the Banshees;1
9592;Aggressive Perfector;Slayer;1
9593;Altar of Sacrifice;Slayer;1
9594;Angel of Death;Slayer;1
9595;Black Magic;Slayer;1
9596;Criminally Insane;Slayer;1
9597;Crionics;Slayer;1
9598;Die by the Sword;Slayer;1
9599;Epidemic;Slayer;1
9600;Evil Has No Boundaries;Slayer;1
9601;Fight Till Death;Slayer;1
9602;Jesus Saves;Slayer;1
9603;Metalstorm_Face the Slayer;Slayer;1
9604;Necrophobic;Slayer;1
9605;Piece By Piece;Slayer;1
9606;Postmortem;Slayer;1
9607;Raining Blood;Slayer;1
9608;Reborn;Slayer;1
9609;Show No Mercy;Slayer;1
9610;The Antichrist;Slayer;1
9611;The Final Command;Slayer;1
9612;Tormentor;Slayer;1
9613;Click...Off...Gone;Sleeper;1
9614;Dress Like Your Mother;Sleeper;1
9615;Factor 41;Sleeper;1
9616;Feeling Peaky;Sleeper;1
9617;Glue Ears;Sleeper;1
9618;Good Luck Mr Gorsky;Sleeper;1
9619;Nice Guy Eddie;Sleeper;1
9620;Shrinkwrapped;Sleeper;1
9621;Statuesque;Sleeper;1
9622;Stop Your Crying;Sleeper;1
9623;4th of July;Soundgarden;1
9624;Fell on Black Days;Soundgarden;1
9625;Fresh Tendrils;Soundgarden;1
9626;Half;Soundgarden;1
9627;Head Down;Soundgarden;1
9628;Kickstand;Soundgarden;1
9629;Let Me Drown;Soundgarden;1
9630;Like Suicide;Soundgarden;1
9631;Limo Wreck;Soundgarden;1
9632;Mailman;Soundgarden;1
9633;My Wave;Soundgarden;1
9634;She Likes Surprises;Soundgarden;1
9635;Spoonman;Soundgarden;1
9636;Superunknown;Soundgarden;1
9637;The Day I Tried to Live;Soundgarden;1
9638;A Liddle Biddy Help From Elvis;Space;1
9639;Avenging Angels;Space;1
9640;Bad Day's;Space;1
9641;Be There;Space;1
9642;Begin Again;Space;1
9643;Disco Dolly;Space;1
9644;Fran In Japan;Space;1
9645;Piggies;Space;1
9646;The Ballad Of Tom Jones;Space;1
9647;The Man;Space;1
9648;The Unluckiest Man In The World;Space;1
9649;There's No You;Space;1
9650;Ladies and Gentlemen We Are Floating in Space;Spiritualized;1
9651;Anonymous Collective;Stereolab;1
9652;Cybele's Reverie;Stereolab;1
9653;Emperor Tomato Ketchup;Stereolab;1
9654;Les Yper-sound;Stereolab;1
9655;Metronomic Underground;Stereolab;1
9656;Monstre Sacre;Stereolab;1
9657;Motoroller Scalatron;Stereolab;1
9658;OLV 26;Stereolab;1
9659;Percolator;Stereolab;1
9660;Slow Fast Hazel;Stereolab;1
9661;Spark Plug;Stereolab;1
9662;The Noise of Carpet;Stereolab;1
9663;Tomorrow Is Already Here;Stereolab;1
9664;I Believe (When I Fall in Love It Will Be Forever);Stevie Wonder;1
9665;They Won't Go When I Go;Stevie Wonder;1
9666;Look at Me, I'm Sandra Dee;Stockard Channing;1
9667;Army Ants;Stone Temple Pilots;1
9668;Big Empty;Stone Temple Pilots;1
9669;Interstate Love Song;Stone Temple Pilots;1
9670;Kitchenware & Candybars;Stone Temple Pilots;1
9671;Lounge Fly;Stone Temple Pilots;1
9672;Meat Plow;Stone Temple Pilots;1
9673;Pretty Penny;Stone Temple Pilots;1
9674;Silvergun Superman;Stone Temple Pilots;1
9675;Still Remains;Stone Temple Pilots;1
9676;Ungived;Stone Temple Pilots;1
9677;Vasoline;Stone Temple Pilots;1
9678;Astrogirl;Suede;1
9679;Beautiful Loser;Suede;1
9680;Lonely Girls;Suede;1
9681;Lost in TV;Suede;1
9682;Positivity;Suede;1
9683;Stay Together;Suede;1
9684;Streetlife;Suede;1
9685;The Fur & The Feathers;Suede;1
9686;untitled... morning;Suede;1
9687;When the Rain Falls;Suede;1
9688;When You Were Young;Suede;1
9689;Crime of the Century;Supertramp;1
9690;Dreamer;Supertramp;1
9691;If Everyone Was Listening;Supertramp;1
9692;Rudy;Supertramp;1
9693;Baby Lemonade;Syd Barrett;1
9694;Dominoes;Syd Barrett;1
9695;Effervescing Elephant;Syd Barrett;1
9696;Gigolo Aunt;Syd Barrett;1
9697;I Never Lied to You;Syd Barrett;1
9698;It Is Obvious;Syd Barrett;1
9699;Love Song;Syd Barrett;1
9700;Maisie;Syd Barrett;1
9701;Rats;Syd Barrett;1
9702;Waving My Arms in the Air;Syd Barrett;1
9703;Wined and Dined;Syd Barrett;1
9704;Wolfpack;Syd Barrett;1
9705;Corcovado;Sylvia Telles;1
9706;Dindi;Sylvia Telles;1
9707;Discussão;Sylvia Telles;1
9708;Fotografia;Sylvia Telles;1
9709;Sucedeu Assim;Sylvia Telles;1
9710;Chariot Choogle;T. Rex;1
9711;Main Man;T. Rex;1
9712;Don't Look Below;Tahiti 80;1
9713;Memories Of The Past;Tahiti 80;1
9714;The Other Side;Tahiti 80;1
9715;Wallpaper For The Soul;Tahiti 80;1
9716;(Nothing But) Flowers;Talking Heads;1
9717;And She Was;Talking Heads;1
9718;Blind;Talking Heads;1
9719;Burning Down the House;Talking Heads;1
9720;Girlfriend Is Better;Talking Heads;1
9721;Love → Building on Fire;Talking Heads;1
9722;Road to Nowhere;Talking Heads;1
9723;This Must Be the Place (Naive Melody);Talking Heads;1
9724;Alcoholiday;Teenage Fanclub;1
9725;December;Teenage Fanclub;1
9726;Did I Say;Teenage Fanclub;1
9727;Discolite;Teenage Fanclub;1
9728;Empty Space;Teenage Fanclub;1
9729;Going Places;Teenage Fanclub;1
9730;Guiding Star;Teenage Fanclub;1
9731;Hang On;Teenage Fanclub;1
9732;Hardcore/Ballad;Teenage Fanclub;1
9733;I Don't Know;Teenage Fanclub;1
9734;I Don't Want Control Of You;Teenage Fanclub;1
9735;I Gotta Know;Teenage Fanclub;1
9736;I Need Direction;Teenage Fanclub;1
9737;I'll Make It Clear;Teenage Fanclub;1
9738;Is This Music?;Teenage Fanclub;1
9739;Metal Baby;Teenage Fanclub;1
9740;Neil Jung;Teenage Fanclub;1
9741;Pet Rock;Teenage Fanclub;1
9742;Satan;Teenage Fanclub;1
9743;Say No;Teenage Fanclub;1
9744;Sidewinder;Teenage Fanclub;1
9745;Star Sign;Teenage Fanclub;1
9746;Starsign;Teenage Fanclub;1
9747;Tears;Teenage Fanclub;1
9748;Verisimilitude;Teenage Fanclub;1
9749;Glory;Television;1
9750;Discotheque Wreck;Terrorvision;1
9751;Middleman;Terrorvision;1
9752;Oblivion;Terrorvision;1
9753;Pretend Best Friend;Terrorvision;1
9754;Some People Say;Terrorvision;1
9755;Stab in the Back;Terrorvision;1
9756;Still the Rhythm;Terrorvision;1
9757;Stop the Bus;Terrorvision;1
9758;Ten Shades of Grey;Terrorvision;1
9759;Time O' The Signs;Terrorvision;1
9760;What Makes You Tick;Terrorvision;1
9761;What the Doctor Ordered;Terrorvision;1
9762;Girl;Texas;1
9763;In Our Lifetime;Texas;1
9764;Move In;Texas;1
9765;Saint;Texas;1
9766;Sunday Afternoon;Texas;1
9767;The Hush;Texas;1
9768;When We Are Together;Texas;1
9769;Zero Zero;Texas;1
9770;All I've Got to Do;The Beatles;1
9771;Baby You're a Rich Man;The Beatles;1
9772;Blue Jay Way;The Beatles;1
9773;Devil in Her Heart;The Beatles;1
9774;Every Little Thing;The Beatles;1
9775;Everybody's Trying to Be My Baby;The Beatles;1
9776;Flying;The Beatles;1
9777;"Help! [from the Film ""Help! ""]";The Beatles;1
9778;Hold Me Tight;The Beatles;1
9779;Honey Don't;The Beatles;1
9780;I Am the Walrus;The Beatles;1
9781;"I Am the Walrus [from the Film ""Magical Mystery Tour""]";The Beatles;1
9782;I Don't Want to Spoil the Party;The Beatles;1
9783;I Wanna Be Your Man;The Beatles;1
9784;Kansas City/Hey-Hey-Hey-Hey! [Medley];The Beatles;1
9785;Little Child;The Beatles;1
9786;Money (That's What I Want);The Beatles;1
9787;No Reply;The Beatles;1
9788;Not a Second Time;The Beatles;1
9789;Please Mister Postman;The Beatles;1
9790;Roll Over Beethoven;The Beatles;1
9791;The Ballad of John and Yoko;The Beatles;1
9792;Till There Was You;The Beatles;1
9793;What You're Doing;The Beatles;1
9794;You Really Got a Hold on Me;The Beatles;1
9795;Your Mother Should Know;The Beatles;1
9796;Slight Return;The Bluetones;1
9797;I Am a Pilgrim;The Byrds;1
9798;03.45: No Sleep;The Cardigans;1
9799;A Good Horse;The Cardigans;1
9800;And Then You Kissed Me;The Cardigans;1
9801;Been It;The Cardigans;1
9802;Choke;The Cardigans;1
9803;Communication;The Cardigans;1
9804;Couldn't Care Less;The Cardigans;1
9805;Feathers And Down;The Cardigans;1
9806;For What It's Worth;The Cardigans;1
9807;Great Divide;The Cardigans;1
9808;Happy Meal II;The Cardigans;1
9809;Heartbreaker;The Cardigans;1
9810;Iron Man;The Cardigans;1
9811;Lead Me Into The Night;The Cardigans;1
9812;Live and Learn;The Cardigans;1
9813;Losers;The Cardigans;1
9814;Never Recover;The Cardigans;1
9815;Please Sister;The Cardigans;1
9816;Step On Me;The Cardigans;1
9817;You're the Storm;The Cardigans;1
9818;Your New Cuckoo;The Cardigans;1
9819;(No One) Not Even the Rain;The Charlatans;1
9820;109 pt2;The Charlatans;1
9821;Area 51;The Charlatans;1
9822;Believe You Me;The Charlatans;1
9823;Can't Even Be Bothered;The Charlatans;1
9824;Chewing Gum Weekend;The Charlatans;1
9825;Flower;The Charlatans;1
9826;Get on It;The Charlatans;1
9827;How Can You Leave Us;The Charlatans;1
9828;How High;The Charlatans;1
9829;North Country Boy;The Charlatans;1
9830;One to Another;The Charlatans;1
9831;Only Teethin';The Charlatans;1
9832;Opportunity;The Charlatans;1
9833;Polar Bear;The Charlatans;1
9834;Rob's Theme;The Charlatans;1
9835;Sonic;The Charlatans;1
9836;Sproston Green;The Charlatans;1
9837;Tellin' Stories;The Charlatans;1
9838;Then;The Charlatans;1
9839;Title Fight;The Charlatans;1
9840;Two of Us;The Charlatans;1
9841;Weirdo;The Charlatans;1
9842;White Shirt;The Charlatans;1
9843;With No Shoes;The Charlatans;1
9844;You're a Big Girl Now;The Charlatans;1
9845;You're Not Very Well;The Charlatans;1
9846;Alive Alone;The Chemical Brothers;1
9847;Chico's Groove;The Chemical Brothers;1
9848;Come With Us;The Chemical Brothers;1
9849;Denmark;The Chemical Brothers;1
9850;Dig Your Own Hole;The Chemical Brothers;1
9851;Elektrobank;The Chemical Brothers;1
9852;Fuck Up Beats;The Chemical Brothers;1
9853;Galaxy Bounce;The Chemical Brothers;1
9854;Galvanize;The Chemical Brothers;1
9855;Get Up On It Like This;The Chemical Brothers;1
9856;Hoops;The Chemical Brothers;1
9857;It Began In Afrika;The Chemical Brothers;1
9858;It Doesn't Matter;The Chemical Brothers;1
9859;Life Is Sweet;The Chemical Brothers;1
9860;Lost in the K-hole;The Chemical Brothers;1
9861;My Elastic Eye;The Chemical Brothers;1
9862;One Too Many Mornings;The Chemical Brothers;1
9863;Piku;The Chemical Brothers;1
9864;Pioneer Skies;The Chemical Brothers;1
9865;Playground for a Wedgeless Firm;The Chemical Brothers;1
9866;The Private Psychedelic Reel;The Chemical Brothers;1
9867;The State We're In;The Chemical Brothers;1
9868;Three Little Birdies Down Beat;The Chemical Brothers;1
9869;Where Do I Begin;The Chemical Brothers;1
9870;Clampdown;The Clash;1
9871;Corner Soul;The Clash;1
9872;Four Horsemen;The Clash;1
9873;Hateful;The Clash;1
9874;Hitsville U.K.;The Clash;1
9875;Ivan Meets G.I. Joe;The Clash;1
9876;Junco Partner;The Clash;1
9877;Lets Go Crazy;The Clash;1
9878;Lightning Strikes (Not Once but Twice);The Clash;1
9879;Look Here;The Clash;1
9880;One More Dub;The Clash;1
9881;One More Time;The Clash;1
9882;Rebel Waltz;The Clash;1
9883;Somebody Got Murdered;The Clash;1
9884;Something about England;The Clash;1
9885;The Card Cheat;The Clash;1
9886;The Crooked Beat;The Clash;1
9887;The Leader;The Clash;1
9888;The Magnificent Seven;The Clash;1
9889;The Right Profile;The Clash;1
9890;Up in Heaven (Not Only Here);The Clash;1
9891;Wrong 'Em Boyo;The Clash;1
9892;Beautiful Garden;The Cramps;1
9893;Can't Find My Mind;The Cramps;1
9894;Caveman;The Cramps;1
9895;Don't Eat Stuff Off The Sidewalk;The Cramps;1
9896;Goo Goo Muck;The Cramps;1
9897;Green Door;The Cramps;1
9898;Green Fuz;The Cramps;1
9899;Jungle Hop;The Cramps;1
9900;Primitive;The Cramps;1
9901;Rockin' Bones;The Cramps;1
9902;The Crusher;The Cramps;1
9903;The Natives Are Restless;The Cramps;1
9904;Under The Wires;The Cramps;1
9905;Voodoo Idol;The Cramps;1
9906;Bosnia;The Cranberries;1
9907;Daffodil Lament;The Cranberries;1
9908;Disappointment;The Cranberries;1
9909;Dreaming My Dreams;The Cranberries;1
9910;Electric Blue;The Cranberries;1
9911;Empty;The Cranberries;1
9912;Everything I Said;The Cranberries;1
9913;Forever Yellow Skies;The Cranberries;1
9914;Free to Decide;The Cranberries;1
9915;Hollywood;The Cranberries;1
9916;I Can't Be with You;The Cranberries;1
9917;I Just Shot John Lennon;The Cranberries;1
9918;I'm Still Remembering;The Cranberries;1
9919;Joe;The Cranberries;1
9920;No Need to Argue;The Cranberries;1
9921;Ode to My Family;The Cranberries;1
9922;Ridiculous Thoughts;The Cranberries;1
9923;The Icicle Melts;The Cranberries;1
9924;The Rebels;The Cranberries;1
9925;Twenty One;The Cranberries;1
9926;War Child;The Cranberries;1
9927;When You're Gone;The Cranberries;1
9928;Will You Remember?;The Cranberries;1
9929;Yeat's Grave;The Cranberries;1
9930;Zombie;The Cranberries;1
9931;A Short Term Effect;The Cure;1
9932;A Strange Day;The Cure;1
9933;A Thousand Hours;The Cure;1
9934;All I Want;The Cure;1
9935;Bananafishbones;The Cure;1
9936;Bird Mad Girl;The Cure;1
9937;Catch;The Cure;1
9938;Cold;The Cure;1
9939;Disintegration;The Cure;1
9940;Dressing Up;The Cure;1
9941;Fascination Street;The Cure;1
9942;Fight;The Cure;1
9943;Friday I'm in Love;The Cure;1
9944;Give Me It;The Cure;1
9945;Hey You !!!;The Cure;1
9946;Homesick;The Cure;1
9947;Hot Hot Hot !!!;The Cure;1
9948;How Beautiful You Are;The Cure;1
9949;Icing Sugar;The Cure;1
9950;If Only Tonight We Could Sleep;The Cure;1
9951;Just Like Heaven;The Cure;1
9952;Last Dance;The Cure;1
9953;Like Cockatoos;The Cure;1
9954;Lovesong;The Cure;1
9955;Lullaby;The Cure;1
9956;One Hundred Years;The Cure;1
9957;One More Time;The Cure;1
9958;Piggy in the Mirror;The Cure;1
9959;Pornography;The Cure;1
9960;Prayers for Rain;The Cure;1
9961;Shake Dog Shake;The Cure;1
9962;Shiver and Shake;The Cure;1
9963;Siamese Twins;The Cure;1
9964;The Caterpillar;The Cure;1
9965;The Empty World;The Cure;1
9966;The Figurehead;The Cure;1
9967;The Hanging Garden;The Cure;1
9968;The Kiss;The Cure;1
9969;The Perfect Girl;The Cure;1
9970;The Same Deep Water as You;The Cure;1
9971;The Snakepit;The Cure;1
9972;The Top;The Cure;1
9973;Torture;The Cure;1
9974;Untitled;The Cure;1
9975;Wailing Wall;The Cure;1
9976;Why Can't I Be You;The Cure;1
9977;We Used to Be Friends;The Dandy Warhols;1
9978;Alabama Song (Whiskey Bar);The Doors;1
9979;Break On Through #2 (Celebration Of The Lizard);The Doors;1
9980;Celebration Of The Lizard;The Doors;1
9981;Dead Cats, Dead Rats;The Doors;1
9982;Down on the Farm;The Doors;1
9983;Gloria;The Doors;1
9984;Hang on to Your Life;The Doors;1
9985;House Announcer;The Doors;1
9986;I'm Horny, I'm Stoned;The Doors;1
9987;Light My Fire (Including Graveyard Poem);The Doors;1
9988;Lions in the Street;The Doors;1
9989;Petition the Lord With Prayer;The Doors;1
9990;Ships w/ Sails;The Doors;1
9991;Texas Radio & The Big Beat;The Doors;1
9992;The Hill Dwellers;The Doors;1
9993;Tightrope Ride;The Doors;1
9994;Universal Mind;The Doors;1
9995;Unknown Soldier;The Doors;1
9996;Variety Is the Spice of Life;The Doors;1
9997;Wandering Musician;The Doors;1
9998;Who Do You Love (medley);The Doors;1
9999;Chelsea Dagger;The Fratellis;1
10000;Flathead;The Fratellis;1
10001;Ole Black 'n' Blue Eyes;The Fratellis;1
10002;Ladyflash;The Go! Team;1
10003;A Get Together to Tear It Apart;The Hives;1
10004;Declare Guerre Nucleaire;The Hives;1
10005;Die, All Right!;The Hives;1
10006;Find Another Girl;The Hives;1
10007;Hate to Say I Told You So;The Hives;1
10008;Inspection Wise 1999;The Hives;1
10009;Introduce the Metric System in Time;The Hives;1
10010;Knock Knock;The Hives;1
10011;Main Offender;The Hives;1
10012;Outsmarted;The Hives;1
10013;Statecontrol;The Hives;1
10014;Supply and Demand;The Hives;1
10015;A Train Roars;The Horrors;1
10016;Count In Fives;The Horrors;1
10017;Death At The Chapel (UK Bonus Track);The Horrors;1
10018;Draw Japan;The Horrors;1
10019;Excellent Choice;The Horrors;1
10020;Gil Sleeping;The Horrors;1
10021;Gloves;The Horrors;1
10022;Jack The Ripper;The Horrors;1
10023;Little Victories;The Horrors;1
10024;She Is The New Thing;The Horrors;1
10025;Sheena Is A Parasite;The Horrors;1
10026;Thunderclaps;The Horrors;1
10027;But I'm Different Now;The Jam;1
10028;Dreamtime;The Jam;1
10029;Man in the Corner Shop;The Jam;1
10030;Music for the Last Couple;The Jam;1
10031;Pretty Green;The Jam;1
10032;Scrape Away;The Jam;1
10033;Set the House Ablaze;The Jam;1
10034;Start!;The Jam;1
10035;That's Entertainment;The Jam;1
10036;Darklands;The Jesus and Mary Chain;1
10037;Deep One Perfect Morning;The Jesus and Mary Chain;1
10038;Down on Me;The Jesus and Mary Chain;1
10039;Happy When It Rains;The Jesus and Mary Chain;1
10040;20th Century Man;The Kinks;1
10041;Acute Schizophrenia Paranoia Blues;The Kinks;1
10042;Alcohol;The Kinks;1
10043;Apeman (Alternate Mix, Mono);The Kinks;1
10044;Complicated Life;The Kinks;1
10045;Have A Cuppa Tea;The Kinks;1
10046;Here Come The People In Grey;The Kinks;1
10047;Holiday;The Kinks;1
10048;Holloway Jail;The Kinks;1
10049;Kentucky Moon;The Kinks;1
10050;Lola (Single A-Side 1970, Mono);The Kinks;1
10051;Muswell Hillbilly;The Kinks;1
10052;Oklahoma U.S.A.;The Kinks;1
10053;Powerman (demo);The Kinks;1
10054;Skin & Bone;The Kinks;1
10055;Till the End of the Day;The Kinks;1
10056;Uncle Son;The Kinks;1
10057;Village Green (no strings version);The Kinks;1
10058;My Sharona;The Knack;1
10059;It's a Shame about Ray;The Lemonheads;1
10060;Hidden Track;The Libertines;1
10061;Surf Rider;The Lively Ones;1
10062;Swallow Tattoo;The Long Blondes;1
10063;Out Of Limits;The Marketts;1
10064;Hypnotize;The Notorious B.I.G.;1
10065;All I Want;The Offspring;1
10066;Amazed;The Offspring;1
10067;Americana;The Offspring;1
10068;Change the World;The Offspring;1
10069;Cool to Hate;The Offspring;1
10070;Disclaimer;The Offspring;1
10071;Don't Pick It Up;The Offspring;1
10072;Feelings;The Offspring;1
10073;Gone Away;The Offspring;1
10074;Have You Ever;The Offspring;1
10075;I Choose;The Offspring;1
10076;Intermission;The Offspring;1
10077;Leave It Behind;The Offspring;1
10078;Me & My Old Lady;The Offspring;1
10079;Mota;The Offspring;1
10080;No Brakes;The Offspring;1
10081;Pay the Man;The Offspring;1
10082;Pretty Fly (For a White Guy);The Offspring;1
10083;She's Got Issues;The Offspring;1
10084;Staring at the Sun;The Offspring;1
10085;The End of the Line;The Offspring;1
10086;The Kids Aren't Alright;The Offspring;1
10087;The Meaning of Life;The Offspring;1
10088;Walla Walla;The Offspring;1
10089;Way Down the Line;The Offspring;1
10090;Why Don't You Get a Job?;The Offspring;1
10091;Behind My Camel;The Police;1
10092;Bombs Away;The Police;1
10093;De Do Do Do, De Da Da Da;The Police;1
10094;Don't Stand So Close to Me;The Police;1
10095;Driven To Tears;The Police;1
10096;Every Breath You Take;The Police;1
10097;King of Pain;The Police;1
10098;Man In A Suitcase;The Police;1
10099;Miss Gradenko;The Police;1
10100;Mother;The Police;1
10101;Murder By Numbers;The Police;1
10102;O My God;The Police;1
10103;Shadows In The Rain;The Police;1
10104;Synchronicity I;The Police;1
10105;Synchronicity II;The Police;1
10106;Tea in the Sahara;The Police;1
10107;The Other Way of Stopping;The Police;1
10108;Voices Inside My Head;The Police;1
10109;Walking in Your Footsteps;The Police;1
10110;When the World Is Running Down, You Make the Best of What's Still;The Police;1
10111;Wrapped Around Your Finger;The Police;1
10112;Bad Boys Get Spanked;The Pretenders;1
10113;Birds of Paradise;The Pretenders;1
10114;Day After Day;The Pretenders;1
10115;I Go To Sleep;The Pretenders;1
10116;Jealous Dogs;The Pretenders;1
10117;Louie Louie;The Pretenders;1
10118;Lovers Of Today;The Pretenders;1
10119;Message of Love;The Pretenders;1
10120;Mystery Achievement;The Pretenders;1
10121;Pack It Up;The Pretenders;1
10122;Talk Of The Town;The Pretenders;1
10123;The Adultress;The Pretenders;1
10124;The English Roses;The Pretenders;1
10125;Waste Not Want Not;The Pretenders;1
10126;Hotride;The Prodigy;1
10127;Since I First Met You;The Robins;1
10128;100 Years Ago;The Rolling Stones;1
10129;Already Over Me;The Rolling Stones;1
10130;Always Suffering;The Rolling Stones;1
10131;Anybody Seen My Baby;The Rolling Stones;1
10132;Black Limousine;The Rolling Stones;1
10133;Can You Hear The Music;The Rolling Stones;1
10134;Coming Down Again;The Rolling Stones;1
10135;Dancing with Mr. D.;The Rolling Stones;1
10136;Doo Doo Doo Doo Doo (Heartbreaker);The Rolling Stones;1
10137;Fight;The Rolling Stones;1
10138;Flip the Switch;The Rolling Stones;1
10139;Gunface;The Rolling Stones;1
10140;Hang Fire;The Rolling Stones;1
10141;Harlem Shuffle;The Rolling Stones;1
10142;Heaven;The Rolling Stones;1
10143;Hide Your Love;The Rolling Stones;1
10144;High and Dry;The Rolling Stones;1
10145;Hold Back;The Rolling Stones;1
10146;How Can I Stop;The Rolling Stones;1
10147;I Am Waiting;The Rolling Stones;1
10148;In Another Land;The Rolling Stones;1
10149;It's Not Easy;The Rolling Stones;1
10150;It's Only Rock 'n' Roll (But I Like It);The Rolling Stones;1
10151;Little T & A;The Rolling Stones;1
10152;Low Down;The Rolling Stones;1
10153;Might As Well Get Juiced;The Rolling Stones;1
10154;Neighbors;The Rolling Stones;1
10155;No Use in Crying;The Rolling Stones;1
10156;One Hit (To The Body);The Rolling Stones;1
10157;Out of Control;The Rolling Stones;1
10158;Saint of Me;The Rolling Stones;1
10159;Silver Train;The Rolling Stones;1
10160;Slave;The Rolling Stones;1
10161;Some Girls;The Rolling Stones;1
10162;Star Star;The Rolling Stones;1
10163;Start Me Up;The Rolling Stones;1
10164;Take It or Leave It;The Rolling Stones;1
10165;Thief in the Night;The Rolling Stones;1
10166;Think;The Rolling Stones;1
10167;Too Rude;The Rolling Stones;1
10168;Too Tight;The Rolling Stones;1
10169;Tops;The Rolling Stones;1
10170;Waiting on a Friend;The Rolling Stones;1
10171;What To Do;The Rolling Stones;1
10172;Winter;The Rolling Stones;1
10173;Worried About You;The Rolling Stones;1
10174;You Don't Have To Mean It;The Rolling Stones;1
10175;Age of Innocence;The Smashing Pumpkins;1
10176;Blue Skies Bring Tears;The Smashing Pumpkins;1
10177;Heavy Metal Machine;The Smashing Pumpkins;1
10178;I of the Mourning;The Smashing Pumpkins;1
10179;Lily (My One and Only);The Smashing Pumpkins;1
10180;Raindrops + Sunshowers;The Smashing Pumpkins;1
10181;The Everlasting Gaze;The Smashing Pumpkins;1
10182;The Imploding Voice;The Smashing Pumpkins;1
10183;With Every Light;The Smashing Pumpkins;1
10184;Wound;The Smashing Pumpkins;1
10185;Back to the Old House;The Smiths;1
10186;Barbarism Begins at Home;The Smiths;1
10187;Death of a Disco Dancer;The Smiths;1
10188;Girl Afraid;The Smiths;1
10189;Girlfriend in a Coma;The Smiths;1
10190;I Started Something I Couldn't Finish;The Smiths;1
10191;Last Night I Dreamt That Somebody Loved Me;The Smiths;1
10192;Meat Is Murder;The Smiths;1
10193;Panic;The Smiths;1
10194;Some Girls Are Bigger Than Others;The Smiths;1
10195;The Boy With The Thorn In His Side;The Smiths;1
10196;Vicar in a Tutu;The Smiths;1
10197;Well I Wonder;The Smiths;1
10198;Blank Expression;The Specials;1
10199;Do the Dog;The Specials;1
10200;Enjoy Yourself;The Specials;1
10201;Little Bitch;The Specials;1
10202;Man at C & A;The Specials;1
10203;Nite Klub;The Specials;1
10204;War Crimes;The Specials;1
10205;Why?;The Specials;1
10206;Flowers on the Wall;The Statler Brothers;1
10207;Fools Gold;The Stone Roses;1
10208;Death Trip;The Stooges;1
10209;Gimme Danger;The Stooges;1
10210;I Need Somebody;The Stooges;1
10211;Penetration;The Stooges;1
10212;Raw Power;The Stooges;1
10213;Search and Destroy;The Stooges;1
10214;Shake Appeal;The Stooges;1
10215;Your Pretty Face Is Going to Hell;The Stooges;1
10216;12:51;The Strokes;1
10217;Automatic Stop;The Strokes;1
10218;Between Love & Hate;The Strokes;1
10219;I Can't Win;The Strokes;1
10220;Meet Me in the Bathroom;The Strokes;1
10221;The End Has No End;The Strokes;1
10222;The Way It Is;The Strokes;1
10223;What Ever Happened?;The Strokes;1
10224;You Talk Way Too Much;The Strokes;1
10225;Here She Comes Now;The Velvet Underground;1
10226;I Heard Her Call My Name;The Velvet Underground;1
10227;Lady Godiva's Operation;The Velvet Underground;1
10228;Sister Ray;The Velvet Underground;1
10229;The Gift;The Velvet Underground;1
10230;White Light - White Heat;The Velvet Underground;1
10231;Life's An Ocean;The Verve;1
10232;Stormy Clouds;The Verve;1
10233;Stormy Clouds (Reprise);The Verve;1
10234;Animal Machine;The Vines;1
10235;Ride;The Vines;1
10236;6th Avenue Heartache;The Wallflowers;1
10237;Bleeders;The Wallflowers;1
10238;Invisible City;The Wallflowers;1
10239;Josephine;The Wallflowers;1
10240;Laughing Out Loud;The Wallflowers;1
10241;The Difference;The Wallflowers;1
10242;Three Marlenas;The Wallflowers;1
10243;As Ugly as I Seem;The White Stripes;1
10244;Blue Orchid;The White Stripes;1
10245;Dead Leaves and the Dirty Ground;The White Stripes;1
10246;Expecting;The White Stripes;1
10247;Fell in Love With a Girl;The White Stripes;1
10248;Forever for Her (Is Over for Me);The White Stripes;1
10249;Girl, You Have No Faith in Medicine;The White Stripes;1
10250;Hotel Yorba;The White Stripes;1
10251;Hypnotize;The White Stripes;1
10252;I Think I Smell a Rat;The White Stripes;1
10253;I'm Finding It Harder to Be a Gentleman;The White Stripes;1
10254;I'm Lonely (But I Ain't That Lonely Yet);The White Stripes;1
10255;Instinct Blues;The White Stripes;1
10256;Little Acorns;The White Stripes;1
10257;Little Ghost;The White Stripes;1
10258;Little Room;The White Stripes;1
10259;My Doorbell;The White Stripes;1
10260;Offend in Every Way;The White Stripes;1
10261;Passive Manipulation;The White Stripes;1
10262;Red Rain;The White Stripes;1
10263;Take, Take, Take;The White Stripes;1
10264;The Air Near My Fingers;The White Stripes;1
10265;The Denial Twist;The White Stripes;1
10266;The Hardest Button to Button;The White Stripes;1
10267;The Nurse;The White Stripes;1
10268;The Same Boy You've Always Known;The White Stripes;1
10269;The Union Forever;The White Stripes;1
10270;We're Going to Be Friends;The White Stripes;1
10271;Well It's True That We Love One Another;The White Stripes;1
10272;White Moon;The White Stripes;1
10273;1921;The Who;1
10274;A Quick One, While He's Away;The Who;1
10275;Amazing Journey;The Who;1
10276;Christmas;The Who;1
10277;Cobwebs and Strange;The Who;1
10278;Cousin Kevin;The Who;1
10279;Don't Look Away;The Who;1
10280;Eyesight to the Blind (The Haw;The Who;1
10281;Fiddle About;The Who;1
10282;Go to the Mirror!;The Who;1
10283;Heat Wave;The Who;1
10284;I Need You;The Who;1
10285;It's a Boy;The Who;1
10286;It's Hard;The Who;1
10287;Overture;The Who;1
10288;Pinball Wizard;The Who;1
10289;Sally Simpson;The Who;1
10290;See Me, Feel Me/Listening to You;The Who;1
10291;See My Way;The Who;1
10292;Sensation;The Who;1
10293;Smash the Mirror;The Who;1
10294;So Sad About Us;The Who;1
10295;Sparks;The Who;1
10296;The Acid Queen;The Who;1
10297;Tommy, Can You Hear Me?;The Who;1
10298;Tommy's Holiday Camp;The Who;1
10299;Underture;The Who;1
10300;We're Not Gonna Take It;The Who;1
10301;Welcome;The Who;1
10302;Whiskey Man;The Who;1
10303;Welcome to the Cheap Seats;The Wonder Stuff;1
10304;Good Morning Little School Girl;The Yardbirds;1
10305;I Got Love If You Want It;The Yardbirds;1
10306;Smokestack Lightnin';The Yardbirds;1
10307;Too Much Monkey Business;The Yardbirds;1
10308;Black Boys;Thin Lizzy;1
10309;Broken Dreams;Thin Lizzy;1
10310;Gonna Creep Up on You;Thin Lizzy;1
10311;Randolph's Tango;Thin Lizzy;1
10312;Slow Blues;Thin Lizzy;1
10313;The hero and madman;Thin Lizzy;1
10314;The Rocker;Thin Lizzy;1
10315;Vagabond Of The Western World;Thin Lizzy;1
10316;Atoms for Peace;Thom Yorke;1
10317;Disposition;Tool;1
10318;Eon Blue Apocalypse;Tool;1
10319;Faaip de Oiad;Tool;1
10320;Lateralus;Tool;1
10321;Mantra;Tool;1
10322;Parabol;Tool;1
10323;Parabola;Tool;1
10324;Reflection;Tool;1
10325;Schism;Tool;1
10326;The Grudge;Tool;1
10327;The Patient;Tool;1
10328;Ticks & Leeches;Tool;1
10329;Triad;Tool;1
10330;Falling Down;Travis;1
10331;Funny Thing;Travis;1
10332;Good Feeling;Travis;1
10333;Happy;Travis;1
10334;I Love You Anyways;Travis;1
10335;Midsummer Nights Dreamin';Travis;1
10336;More Than Us;Travis;1
10337;Side;Travis;1
10338;Tied To The 90's;Travis;1
10339;Babyface;U2;1
10340;Daddy's Gonna Pay For Your Crashed Car;U2;1
10341;Dirty Day;U2;1
10342;Lemon;U2;1
10343;Numb;U2;1
10344;Stay (Faraway, So Close!);U2;1
10345;The First Time;U2;1
10346;The Wanderer;U2;1
10347;Zooropa;U2;1
10348;Born Slippy;Underworld;1
10349;Girl, You'll Be a Woman Soon;Urge Overkill;1
10350;Campus;Vampire Weekend;1
10351;Bottoms Up!;Van Halen;1
10352;Dance the Night Away;Van Halen;1
10353;Runnin' With the Devil;Van Halen;1
10354;Somebody Get Me a Doctor;Van Halen;1
10355;Spanish Fly;Van Halen;1
10356;You're No Good;Van Halen;1
10357;Cleaning Windows;Van Morrison;1
10358;Dweller On The Threshold;Van Morrison;1
10359;Queen Of The Slipstream;Van Morrison;1
10360;Whenever God Shines His Light;Van Morrison;1
10361;Wild Night;Van Morrison;1
10362;Pela Luz Dos Olhos Teus;Vinícius de Moraes;1
10363;A Las Cosas Por Su Nombre;Violadores del Verso;1
10364;Asómate;Violadores del Verso;1
10365;Filosofía y Letras;Violadores del Verso;1
10366;Nada más;Violadores del Verso;1
10367;Pura Droga Sin Cortar;Violadores del Verso;1
10368;American Gigolo;Weezer;1
10369;Burndt Jamb;Weezer;1
10370;Crab;Weezer;1
10371;Death and Destruction;Weezer;1
10372;December;Weezer;1
10373;Dope Nose;Weezer;1
10374;Fall Together;Weezer;1
10375;Glorious Day;Weezer;1
10376;Island in the Sun;Weezer;1
10377;Keep Fishin';Weezer;1
10378;Knock-Down Drag-Out;Weezer;1
10379;Love Explosion;Weezer;1
10380;O Girlfriend;Weezer;1
10381;Photograph;Weezer;1
10382;Possibilities;Weezer;1
10383;Simple Pages;Weezer;1
10384;Slave;Weezer;1
10385;Slob;Weezer;1
10386;Smile;Weezer;1
10387;Space Rock;Weezer;1
10388;Take Control;Weezer;1
10389;A Shot In The Arm;Wilco;1
10390;How To Fight Loneliness;Wilco;1
10391;I Can't Stand It;Wilco;1
10392;I'm Always In Love;Wilco;1
10393;In A Future Age;Wilco;1
10394;My Darling;Wilco;1
10395;Nothing'severgonnastandinmyway(again);Wilco;1
10396;Pieholden Suite;Wilco;1
10397;She's A Jar;Wilco;1
10398;Summer Teeth;Wilco;1
10399;Via Chicago;Wilco;1
10400;When You Wake Up Feeling Old;Wilco;1
10401;Band On The Run;Wings;1
10402;Bip Bop;Wings;1
10403;Bip Bop Link (instrumental);Wings;1
10404;Dear Friend;Wings;1
10405;Helen Wheels;Wings;1
10406;I Am Your Singer;Wings;1
10407;Let Me Roll It;Wings;1
10408;Love Is Strange;Wings;1
10409;Mamunia;Wings;1
10410;Mrs. Vandebilt;Wings;1
10411;Mumbo;Wings;1
10412;Nineteen Hundred Eighty Five;Wings;1
10413;No Words;Wings;1
10414;Picasso's Last Words (Drink To;Wings;1
10415;Some People Never Know;Wings;1
10416;Tomorrow;Wings;1
10417;Wild Life;Wings;1
10418;Conclusion;Wu-Tang Clan;1
10419;Method Man [Skunk Mix];Wu-Tang Clan;1
10420;Tearz;Wu-Tang Clan;1
10421;Wu-Tang 7th Chamber - Part 2;Wu-Tang Clan;1
10422;All Along the Watchtower;XTC;1
10423;Cross Wires;XTC;1
10424;Do What You Do;XTC;1
10425;I'll Set Myself On Fire;XTC;1
10426;I'm Bugged;XTC;1
10427;Into the Atom Age;XTC;1
10428;New Town Animal In A Furnished Cage;XTC;1
10429;Radios in Motion;XTC;1
10430;Statue Of Liberty;XTC;1
10431;This Is Pop;XTC;1
10432;A quai;Yann Tiersen;1
10433;Comptine d'un autre été, l'après midi;Yann Tiersen;1
10434;G. Khan, R.A.Whiting, H. Akst / Guilty;Yann Tiersen;1
10435;J'y suis jamais allé;Yann Tiersen;1
10436;L'autre valse d'Amelie;Yann Tiersen;1
10437;La Noyée;Yann Tiersen;1
10438;La Valse d'Amélie;Yann Tiersen;1
10439;Le Moulin;Yann Tiersen;1
10440;Les Jours tristes (instrumental);Yann Tiersen;1
10441;And You and I;Yes;1
10442;Close to the Edge;Yes;1
10443;Siberian Khatru;Yes;1
10444;Beer Drinkers & Hell Raisers;ZZ Top;1
10445;Can't Stop Rockin';ZZ Top;1
10446;Delirious;ZZ Top;1
10447;Dipping Low (In The Lap Of Luxury);ZZ Top;1
10448;Don't Tease Me;ZZ Top;1
10449;Groovy Little Hippie Pad;ZZ Top;1
10450;Have You Heard?;ZZ Top;1
10451;Heaven, Hell Or Houston;ZZ Top;1
10452;Hot, Blue and Righteous;ZZ Top;1
10453;I Got The Message;ZZ Top;1
10454;I Wanna Drive You Home;ZZ Top;1
10455;It's So Hard;ZZ Top;1
10456;Jesus Just Left Chicago;ZZ Top;1
10457;La Grange;ZZ Top;1
10458;Leila;ZZ Top;1
10459;Master of Sparks;ZZ Top;1
10460;Move Me on Down the Line;ZZ Top;1
10461;Party on the Patio;ZZ Top;1
10462;Pearl Necklace;ZZ Top;1
10463;Planet Of Women;ZZ Top;1
10464;Precious and Grace;ZZ Top;1
10465;Rough Boy;ZZ Top;1
10466;Shiek;ZZ Top;1
10467;Sleeping Bag;ZZ Top;1
10468;Stages;ZZ Top;1
10469;Ten Foot Pole;ZZ Top;1
10470;Tube Snake Boogie;ZZ Top;1
10471;Velcro Fly;ZZ Top;1
10472;Waitin' for the Bus;ZZ Top;1
10473;Woke Up with Wood;ZZ Top;1
