rank,album_name,artist_name,playcount,album_url,album_mbid,artist_mbid
1,Parklife,Blur,437,https://www.last.fm/music/Blur/Parklife,18d67969-ebb4-4331-89b5-48a509352146,ba853904-ae25-4ebb-89d6-c44cfbd71bd2
2,My Way the Best of Frank Sinatra,Frank Sinatra,379,https://www.last.fm/music/Frank+Sinatra/My+Way+the+Best+of+Frank+Sinatra,,197450cd-0124-4164-b723-3c22dd16494d
3,The Doors,The Doors,346,https://www.last.fm/music/The+Doors/The+Doors,03e6429a-e128-48c3-8823-6ff1c8adbdaa,9efff43b-3b29-4082-824e-bc82f646f93d
4,The Boss,Diana Ross,333,https://www.last.fm/music/Diana+Ross/The+Boss,0d81cee5-6fed-4330-aa2f-233dfe7c2478,60d41417-feda-4734-bbbf-7dcc30e08a83
5,Breakfast in America,Supertramp,317,https://www.last.fm/music/Supertramp/Breakfast+in+America,011fa8b6-92ad-4a18-9980-cfaa0702e29e,d2ff6b6b-fc30-48dc-8952-06f9d8fc64f8
6,Blur,Blur,274,https://www.last.fm/music/Blur/Blur,00007f96-14a8-43e8-955d-0b00323a53bd,ba853904-ae25-4ebb-89d6-c44cfbd71bd2
7,Out of the Blue,Electric Light Orchestra,274,https://www.last.fm/music/Electric+Light+Orchestra/Out+of+the+Blue,36594124-8097-3af9-891a-8a03b154c79b,0c502791-4ee9-4c5f-9696-0602b721ff3b
8,British Steel,Judas Priest,272,https://www.last.fm/music/Judas+Priest/British+Steel,104bf1f7-1193-43ca-aaa8-d8c786512d08,6b335658-22c8-485d-93de-0bc29a1d0349
9,Morrison Hotel,The Doors,270,https://www.last.fm/music/The+Doors/Morrison+Hotel,037cde9e-a29b-410b-bf24-4c04a2a7c908,9efff43b-3b29-4082-824e-bc82f646f93d
10,Modern Life Is Rubbish,Blur,264,https://www.last.fm/music/Blur/Modern+Life+Is+Rubbish,0537f4e4-020a-4204-9044-259829787a61,ba853904-ae25-4ebb-89d6-c44cfbd71bd2
11,The Magic Whip,Blur,246,https://www.last.fm/music/Blur/The+Magic+Whip,1b273922-8f87-476f-8194-0cb62212b924,ba853904-ae25-4ebb-89d6-c44cfbd71bd2
12,Bossanova,Pixies,237,https://www.last.fm/music/Pixies/Bossanova,289d0e6f-d750-3d38-bc85-9785dba987b3,b6b2bb8d-54a9-491f-9607-7b546023b433
13,Diana,Diana Ross,236,https://www.last.fm/music/Diana+Ross/Diana,005a4f82-3d98-44e4-b2a6-46791be8bbe9,60d41417-feda-4734-bbbf-7dcc30e08a83
14,Arthur (Or the Decline and Fall of the British Empire),The Kinks,221,https://www.last.fm/music/The+Kinks/Arthur+(Or+the+Decline+and+Fall+of+the+British+Empire),15f4e13f-1431-4933-afe7-5145185bfe08,
15,Coney Island Baby,Lou Reed,217,https://www.last.fm/music/Lou+Reed/Coney+Island+Baby,1a229243-a099-4d01-b793-de7a7d6a0f89,9d1ebcfe-4c15-4d18-95d3-d919898638a1
16,The Blue Mask,Lou Reed,211,https://www.last.fm/music/Lou+Reed/The+Blue+Mask,068473f1-6f8a-4ed4-b0c1-28052c9d5e9a,9d1ebcfe-4c15-4d18-95d3-d919898638a1
17,Berlin,Lou Reed,209,https://www.last.fm/music/Lou+Reed/Berlin,0394b0a0-4ff7-4072-97a4-c09fde339313,9d1ebcfe-4c15-4d18-95d3-d919898638a1
18,OK Computer,Radiohead,189,https://www.last.fm/music/Radiohead/OK+Computer,0b6b4ba0-d36f-47bd-b4ea-6a5b91842d29,a74b1b7f-71a5-4011-9441-d0b5e4122711
19,The Beatles [White Album] Disc 1,The Beatles,188,https://www.last.fm/music/The+Beatles/The+Beatles+%5BWhite+Album%5D+Disc+1,,
20,(What's the Story) Morning Glory?,Oasis,184,https://www.last.fm/music/Oasis/(What%27s+the+Story)+Morning+Glory%3F,031daf2e-ee11-4a34-8a90-105f76be0729,
21,Bad Reputation,Thin Lizzy,184,https://www.last.fm/music/Thin+Lizzy/Bad+Reputation,2f457e5b-1a25-498f-a415-c4f9f45843bb,6a726ac6-019e-455c-8bbb-571a77bed52e
22,Crystal Castles,Crystal Castles,178,https://www.last.fm/music/Crystal+Castles/Crystal+Castles,101f993f-d5e1-3f14-b40b-71850f1f435a,b1570544-93ab-4b2b-8398-131735394202
23,Trompe le Monde,Pixies,174,https://www.last.fm/music/Pixies/Trompe+le+Monde,11e4bdfc-c189-498c-bb5c-da49b5d1472f,b6b2bb8d-54a9-491f-9607-7b546023b433
24,Rubber Soul,The Beatles,174,https://www.last.fm/music/The+Beatles/Rubber+Soul,091cac98-72ab-4d31-9c6d-6758f65caf1b,b10bbbfc-cf9e-42e0-be17-e2c3e1d2600d
25,Surfer Rosa,Pixies,173,https://www.last.fm/music/Pixies/Surfer+Rosa,1415ba1b-1208-4c4a-b711-65275b10ae05,b6b2bb8d-54a9-491f-9607-7b546023b433
26,Hunky Dory,David Bowie,170,https://www.last.fm/music/David+Bowie/Hunky+Dory,04490fb2-a861-3db8-a8c6-386d8f9da1dc,5441c29d-3602-4898-b1a1-b77fa23b8e50
27,Elvis: 30 #1 Hits,Elvis Presley,166,https://www.last.fm/music/Elvis+Presley/Elvis:+30+%231+Hits,,
28,The Great Escape,Blur,161,https://www.last.fm/music/Blur/The+Great+Escape,0a7cc156-ec58-499e-b2fc-374ded7e1a10,ba853904-ae25-4ebb-89d6-c44cfbd71bd2
29,Something Else By The Kinks,The Kinks,158,https://www.last.fm/music/The+Kinks/Something+Else+By+The+Kinks,116fd409-9c82-46dd-ac72-083daa9e1b49,
30,Blade Runner,Vangelis,157,https://www.last.fm/music/Vangelis/Blade+Runner,019baae6-7a73-4ec9-9320-346b3a67f219,57fca0e2-f9ad-4ae6-af9d-6a6f50cbcd5f
31,Drums and Wires,XTC,155,https://www.last.fm/music/XTC/Drums+and+Wires,055a1c4f-b29e-3d33-b03a-958904752664,
32,Abbey Road,The Beatles,150,https://www.last.fm/music/The+Beatles/Abbey+Road,03437e02-835f-3a0a-a37c-48a36c2e852a,b10bbbfc-cf9e-42e0-be17-e2c3e1d2600d
33,Humanz,Gorillaz,148,https://www.last.fm/music/Gorillaz/Humanz,06677ade-c370-4e44-9d4c-5649ba7e69cf,e21857d5-3256-4547-afb3-4b6ded592596
34,Different Class,Pulp,148,https://www.last.fm/music/Pulp/Different+Class,9d95bcdc-52df-4886-8b5c-774bd3fea8dd,76b2e842-5e85-4c97-ab62-d5bc315595b5
35,Songs in the Key of Life (disc 2),Stevie Wonder,148,https://www.last.fm/music/Stevie+Wonder/Songs+in+the+Key+of+Life+(disc+2),,
36,Children of the World,Bee Gees,145,https://www.last.fm/music/Bee+Gees/Children+of+the+World,29770ce2-86a8-4a10-b526-d9520fd33b4b,bf0f7e29-dfe1-416c-b5c6-f9ebc19ea810
37,Doolittle,Pixies,145,https://www.last.fm/music/Pixies/Doolittle,23110964-78bd-3b19-80e4-e99ef96f79cb,b6b2bb8d-54a9-491f-9607-7b546023b433
38,The Bells,Lou Reed,143,https://www.last.fm/music/Lou+Reed/The+Bells,3f4d5415-99c4-458a-84fa-d145e76e87f1,9d1ebcfe-4c15-4d18-95d3-d919898638a1
39,Smart,Sleeper,142,https://www.last.fm/music/Sleeper/Smart,4a8752b9-237c-458a-bf67-2c9f5c46df6f,
40,The Ballad of Darren,Blur,140,https://www.last.fm/music/Blur/The+Ballad+of+Darren,a648ad94-aba2-461e-b629-592d3a9f531f,ba853904-ae25-4ebb-89d6-c44cfbd71bd2
41,John Lennon/Plastic Ono Band,John Lennon,140,https://www.last.fm/music/John+Lennon/John+Lennon%2FPlastic+Ono+Band,00604a86-c835-4cd7-940e-37a3d7d427a1,4d5447d7-c61c-4120-ba1b-d7f471d385b9
42,Songs in the Key of Life (disc 1),Stevie Wonder,140,https://www.last.fm/music/Stevie+Wonder/Songs+in+the+Key+of+Life+(disc+1),,
43,13,Blur,138,https://www.last.fm/music/Blur/13,09d31e04-3e4c-4811-a99b-1297a8ad79e7,ba853904-ae25-4ebb-89d6-c44cfbd71bd2
44,Imagine,John Lennon,138,https://www.last.fm/music/John+Lennon/Imagine,06ac3e39-54fb-46eb-b40b-9345b7d2a23d,4d5447d7-c61c-4120-ba1b-d7f471d385b9
45,Waiting for the Sun,The Doors,138,https://www.last.fm/music/The+Doors/Waiting+for+the+Sun,000c6877-99c6-4450-a389-a6574e21517e,9efff43b-3b29-4082-824e-bc82f646f93d
46,A Night at the Opera,Queen,137,https://www.last.fm/music/Queen/A+Night+at+the+Opera,08db0e51-03c0-43ac-bd4b-5625f5787653,0383dadf-2a4e-4d10-a46a-e9e041da8eb3
47,The Kinks Are the Village Green Preservation Society,The Kinks,137,https://www.last.fm/music/The+Kinks/The+Kinks+Are+the+Village+Green+Preservation+Society,03b23045-8499-4986-b543-24ab3af63325,
48,Bayou Country,Creedence Clearwater Revival,136,https://www.last.fm/music/Creedence+Clearwater+Revival/Bayou+Country,02e18913-537a-4e68-a364-555acbd4a26d,109958eb-a335-4c5e-907e-597ff4c6af46
49,The Wall,Pink Floyd,133,https://www.last.fm/music/Pink+Floyd/The+Wall,02a26364-1e0c-434b-bbba-c5d28fa91a4a,83d91898-7763-47d7-b03b-b92132375c47
50,Think Tank,Blur,132,https://www.last.fm/music/Blur/Think+Tank,0e5b9711-23a1-40a0-bed3-2b28dcf47fa9,ba853904-ae25-4ebb-89d6-c44cfbd71bd2
51,International Velvet,Catatonia,132,https://www.last.fm/music/Catatonia/International+Velvet,1e7184a9-18a1-4492-b020-b76f596fa366,095b2041-4975-4ba3-a92e-53fa3459107f
52,Lodger,David Bowie,130,https://www.last.fm/music/David+Bowie/Lodger,1cad8cef-72ca-40e2-ab1d-a39a6d6b3038,5441c29d-3602-4898-b1a1-b77fa23b8e50
53,Music From Big Pink,The Band,128,https://www.last.fm/music/The+Band/Music+From+Big+Pink,0c59c65a-5764-469e-9647-dc9fc41f0897,0eecc0d9-0197-4819-93dc-83f25c8c7a14
54,Goodbye Yellow Brick Road,Elton John,127,https://www.last.fm/music/Elton+John/Goodbye+Yellow+Brick+Road,00c29cb4-7411-3932-ae77-10db473c9de9,b83bc61f-8451-4a5d-8b8e-7e9ed295e822
55,Off the Wall,Michael Jackson,127,https://www.last.fm/music/Michael+Jackson/Off+the+Wall,013d3033-ba85-4bfb-84be-f117db777452,f27ec8db-af05-4f36-916e-3d57f91ecf5e
56,Up the Bracket,The Libertines,127,https://www.last.fm/music/The+Libertines/Up+the+Bracket,12a77811-9faa-42c1-9db5-cba9ea2489b8,
57,Imagination,Gladys Knight & The Pips,126,https://www.last.fm/music/Gladys+Knight+&+The+Pips/Imagination,00deb974-2f53-4cd5-af7f-663678926ab9,ca825016-f7fd-4ccf-a523-6ee36ea88828
58,This Is Hardcore,Pulp,126,https://www.last.fm/music/Pulp/This+Is+Hardcore,138aba1d-089e-43c6-b013-2a917c5c011a,76b2e842-5e85-4c97-ab62-d5bc315595b5
59,Discovery,Electric Light Orchestra,122,https://www.last.fm/music/Electric+Light+Orchestra/Discovery,19f8336b-dcf9-4476-8bd3-3aaeff0606ae,0c502791-4ee9-4c5f-9696-0602b721ff3b
60,The Dark Side of the Moon,Pink Floyd,122,https://www.last.fm/music/Pink+Floyd/The+Dark+Side+of+the+Moon,01aa589c-a7cb-45bd-89a3-c2cb8ddab0a9,83d91898-7763-47d7-b03b-b92132375c47
61,Demon Days,Gorillaz,121,https://www.last.fm/music/Gorillaz/Demon+Days,0380808d-2211-4869-a287-cc94e0d18162,e21857d5-3256-4547-afb3-4b6ded592596
62,Nevermind,Nirvana,119,https://www.last.fm/music/Nirvana/Nevermind,0173cdb7-d43c-4497-8a2e-f0b0d27ac474,
63,I Should Coco,Supergrass,119,https://www.last.fm/music/Supergrass/I+Should+Coco,10ca597c-dbfe-40b7-8155-e23b2ef682e7,6386ddff-0d13-4685-9f0a-a82bf022fb1c
64,The Beatles [White Album] Disc 2,The Beatles,119,https://www.last.fm/music/The+Beatles/The+Beatles+%5BWhite+Album%5D+Disc+2,,
65,Lennon Legend,John Lennon,117,https://www.last.fm/music/John+Lennon/Lennon+Legend,,4d5447d7-c61c-4120-ba1b-d7f471d385b9
66,Ace of Spades,Motörhead,116,https://www.last.fm/music/Mot%C3%B6rhead/Ace+of+Spades,02d8b615-44a9-49a0-a29b-10d67d82e6ae,57961a97-3796-4bf7-9f02-a985a8979ae9
67,"White Trash, Two Heebs and a Bean",NOFX,115,"https://www.last.fm/music/NOFX/White+Trash,+Two+Heebs+and+a+Bean",0d360976-7930-3403-a119-f4b06edd6bf2,dcaa4f81-bfb7-44eb-8594-4e74f004b6e4
68,Sticky Fingers,The Rolling Stones,115,https://www.last.fm/music/The+Rolling+Stones/Sticky+Fingers,0289cc7c-31b8-4711-90a9-ca17f4d06f86,b071f9fa-14b0-4217-8e97-eb41da73f598
69,Screaming for Vengeance,Judas Priest,114,https://www.last.fm/music/Judas+Priest/Screaming+for+Vengeance,066199bc-eee1-4cfe-a14f-945a38930316,6b335658-22c8-485d-93de-0bc29a1d0349
70,Stained Class,Judas Priest,114,https://www.last.fm/music/Judas+Priest/Stained+Class,068f079e-730a-4986-9740-7e7aa290a5f8,6b335658-22c8-485d-93de-0bc29a1d0349
71,Kinks,The Kinks,114,https://www.last.fm/music/The+Kinks/Kinks,025749b3-b48b-494a-8d16-b5abd97ff94f,
72,Legend,Bob Marley,111,https://www.last.fm/music/Bob+Marley/Legend,,c33627c6-ef0d-49de-9ef0-c4804190040f
73,Lou Reed,Lou Reed,111,https://www.last.fm/music/Lou+Reed/Lou+Reed,1fcf2cb0-424e-447e-8fed-6c629419be11,9d1ebcfe-4c15-4d18-95d3-d919898638a1
74,Leisure,Blur,110,https://www.last.fm/music/Blur/Leisure,21973b4f-dbad-3d78-bfb6-edcbc97d480e,ba853904-ae25-4ebb-89d6-c44cfbd71bd2
75,Low,David Bowie,110,https://www.last.fm/music/David+Bowie/Low,02e2a2f6-0da2-34cb-8e65-a05447ed1994,5441c29d-3602-4898-b1a1-b77fa23b8e50
76,Definitely Maybe,Oasis,108,https://www.last.fm/music/Oasis/Definitely+Maybe,0ba3d442-bdcb-4f09-ac7b-46fc07623981,
77,Talking Heads: 77,Talking Heads,108,https://www.last.fm/music/Talking+Heads/Talking+Heads:+77,,a94a7155-c79d-4409-9fcf-220cb0e4dc3a
78,Crystal Castles II,Crystal Castles,106,https://www.last.fm/music/Crystal+Castles/Crystal+Castles+II,2fe933ea-9238-41b2-9f67-75c66fa9a3ff,b1570544-93ab-4b2b-8398-131735394202
79,Killing Machine,Judas Priest,106,https://www.last.fm/music/Judas+Priest/Killing+Machine,034ca693-bce1-43ac-9d92-097ad0129d33,6b335658-22c8-485d-93de-0bc29a1d0349
80,Bloodsports,Suede,105,https://www.last.fm/music/Suede/Bloodsports,0d076db5-8c47-49e3-932e-5b85feadf2d4,
81,More Songs About Buildings and Food,Talking Heads,105,https://www.last.fm/music/Talking+Heads/More+Songs+About+Buildings+and+Food,005efdcc-794f-479c-919b-e604ee61f2d9,a94a7155-c79d-4409-9fcf-220cb0e4dc3a
82,Pet Sounds,The Beach Boys,105,https://www.last.fm/music/The+Beach+Boys/Pet+Sounds,05b2f6c8-f9fd-4499-bd70-6f7d629a9cd4,ebfc1398-8d96-47e3-82c3-f782abcdb13d
83,Living in the Material World,George Harrison,103,https://www.last.fm/music/George+Harrison/Living+in+the+Material+World,307d22f6-acfc-4696-8f5e-bcd7f7d9d310,42a8f507-8412-4611-854f-926571049fa0
84,Transformer,Lou Reed,103,https://www.last.fm/music/Lou+Reed/Transformer,013f8cfd-cd52-40ab-af26-4fb44c95a70e,9d1ebcfe-4c15-4d18-95d3-d919898638a1
85,"Never Mind The Bollocks, Here's The Sex Pistols",Sex Pistols,103,"https://www.last.fm/music/Sex+Pistols/Never+Mind+The+Bollocks,+Here%27s+The+Sex+Pistols",006759fd-4956-4f52-9c7c-ea373454ea95,e5db18cb-4b1f-496d-a308-548b611090d3
86,K,Kula Shaker,102,https://www.last.fm/music/Kula+Shaker/K,174fb035-be96-4674-b60f-2638883dd28f,9403a688-503e-464e-bb37-84626c57bb42
87,Urban Hymns,The Verve,102,https://www.last.fm/music/The+Verve/Urban+Hymns,072f2f54-ba3e-4681-af2f-3374993efc99,d4d17620-fd97-4574-92a8-a2cb7e72ce42
88,Green River,Creedence Clearwater Revival,101,https://www.last.fm/music/Creedence+Clearwater+Revival/Green+River,01897e06-c210-401d-b6e3-d40847a0e8ad,109958eb-a335-4c5e-907e-597ff4c6af46
89,The Rise and Fall of Ziggy Stardust and the Spiders From Mars,David Bowie,101,https://www.last.fm/music/David+Bowie/The+Rise+and+Fall+of+Ziggy+Stardust+and+the+Spiders+From+Mars,025f5a90-718e-4d1c-bdf6-aa16fa632298,5441c29d-3602-4898-b1a1-b77fa23b8e50
90,Currents,Tame Impala,100,https://www.last.fm/music/Tame+Impala/Currents,031ecbde-35e1-4d3a-917f-f89f31aca1c9,63aa26c3-d59b-4da4-84ac-716b54f1ef4d
91,Coming Up,Suede,99,https://www.last.fm/music/Suede/Coming+Up,097bd693-3cd9-3dd4-9f1f-7e30c33952ac,
92,Killers,Iron Maiden,98,https://www.last.fm/music/Iron+Maiden/Killers,1609b6ae-f1fe-34b8-883b-8aaf7d159733,
93,The Secret Migration,Mercury Rev,98,https://www.last.fm/music/Mercury+Rev/The+Secret+Migration,110abe67-7ddf-4e15-b4fa-05eb81ea7016,7b1cf87e-c54f-4abc-893d-90245a31900d
94,London Calling,The Clash,98,https://www.last.fm/music/The+Clash/London+Calling,08ffce40-a216-4e13-ad31-e0c5b85b6f57,8f92558c-2baa-4758-8c38-615519e9deda
95,Love Bites,Buzzcocks,97,https://www.last.fm/music/Buzzcocks/Love+Bites,32832d27-3ed5-4aa4-b861-0a71fcaf9fe9,31e9c35b-2675-4632-8596-f9bd9286f6c8
96,Travelling Without Moving,Jamiroquai,97,https://www.last.fm/music/Jamiroquai/Travelling+Without+Moving,0ab7cd28-042d-430b-84f5-1b64c4b70b79,f4857fb9-e255-4dc6-bd01-e4ca7cc68544
97,Sin After Sin,Judas Priest,97,https://www.last.fm/music/Judas+Priest/Sin+After+Sin,038438a0-752b-40ca-8c48-4da8e360bbcd,6b335658-22c8-485d-93de-0bc29a1d0349
98,L.A. Woman,The Doors,96,https://www.last.fm/music/The+Doors/L.A.+Woman,026559e9-7758-4ac2-8e70-21fa5de0eaa1,9efff43b-3b29-4082-824e-bc82f646f93d
99,Scary Monsters (and Super Creeps),David Bowie,95,https://www.last.fm/music/David+Bowie/Scary+Monsters+(and+Super+Creeps),70814e13-d7e6-453f-b60e-a347ea238a7c,5441c29d-3602-4898-b1a1-b77fa23b8e50
100,Jailbreak,Thin Lizzy,95,https://www.last.fm/music/Thin+Lizzy/Jailbreak,26bcb9d9-fa16-43be-97f6-6163bf608508,6a726ac6-019e-455c-8bbb-571a77bed52e
101,Heroes,David Bowie,94,https://www.last.fm/music/David+Bowie/Heroes,,5441c29d-3602-4898-b1a1-b77fa23b8e50
102,Suede,Suede,94,https://www.last.fm/music/Suede/Suede,04215404-8b0b-4c9f-bef9-f64203f6d15c,
103,His 'n' Hers,Pulp,93,https://www.last.fm/music/Pulp/His+%27n%27+Hers,30a94519-0c6e-41ab-8a4e-77cccd91f477,76b2e842-5e85-4c97-ab62-d5bc315595b5
104,News of the World,Queen,92,https://www.last.fm/music/Queen/News+of+the+World,0060992e-439c-34b0-9aeb-9df1dcef23f3,0383dadf-2a4e-4d10-a46a-e9e041da8eb3
105,A New World Record,Electric Light Orchestra,91,https://www.last.fm/music/Electric+Light+Orchestra/A+New+World+Record,05490ba6-5a56-4ca0-99d8-8f141f2515e4,0c502791-4ee9-4c5f-9696-0602b721ff3b
106,Led Zeppelin IV,Led Zeppelin,91,https://www.last.fm/music/Led+Zeppelin/Led+Zeppelin+IV,97fd4094-7aa9-4e2c-b594-b0a2815c3d7c,678d88b2-87b0-403b-b63d-5da7465aecc3
107,"Lola Versus Powerman And The Moneygoround, Part One",The Kinks,91,"https://www.last.fm/music/The+Kinks/Lola+Versus+Powerman+And+The+Moneygoround,+Part+One",0876fc16-30e2-4fef-979e-d917c1b9535b,
108,Fush Yu Mang,Smash Mouth,90,https://www.last.fm/music/Smash+Mouth/Fush+Yu+Mang,27fdcac4-7b48-4a91-846c-3aec32ccf89a,944e1036-8a03-4611-8aa0-31515a05c848
109,Everything Must Go,Manic Street Preachers,89,https://www.last.fm/music/Manic+Street+Preachers/Everything+Must+Go,060a83c5-c6e9-409f-a339-0e3db111259d,32efea44-6cb5-4b4f-bdaa-c8b8f6cef981
110,The Libertines,The Libertines,89,https://www.last.fm/music/The+Libertines/The+Libertines,0e779906-e1b5-48af-8b91-fe813c933f39,
111,Black Sea,XTC,89,https://www.last.fm/music/XTC/Black+Sea,00838a5f-75ba-3e38-82af-556f90e6c239,
112,Physical Graffiti,Led Zeppelin,88,https://www.last.fm/music/Led+Zeppelin/Physical+Graffiti,01d12847-43bc-3c48-8938-125e5545e355,678d88b2-87b0-403b-b63d-5da7465aecc3
113,Fear of Music,Talking Heads,88,https://www.last.fm/music/Talking+Heads/Fear+of+Music,00f09140-c4d5-40fe-9256-cee44fc1a6d6,a94a7155-c79d-4409-9fcf-220cb0e4dc3a
114,X&Y,Coldplay,87,https://www.last.fm/music/Coldplay/X&Y,19c937af-98b3-4cf4-bba7-5dede9fd1fc9,cc197bad-dc9c-440d-a5b5-d52ba2e14234
115,Congratulations,MGMT,87,https://www.last.fm/music/MGMT/Congratulations,02d7f9ac-c899-3858-90ae-07c417749827,c485632c-b784-4ee9-8ea1-c5fb365681fc
116,The Freddie Mercury Album,Freddie Mercury,85,https://www.last.fm/music/Freddie+Mercury/The+Freddie+Mercury+Album,5f83ed19-f952-43a2-971d-1c7694a09b53,022589ac-7177-460d-a178-9976cf70e29f
117,Blonde on Blonde,Bob Dylan,84,https://www.last.fm/music/Bob+Dylan/Blonde+on+Blonde,09bb38fb-60d5-3e53-9333-d8a815761383,72c536dc-7137-4477-a521-567eeb840fa8
118,The Bends,Radiohead,84,https://www.last.fm/music/Radiohead/The+Bends,0405cb4c-fc88-3338-b5d6-1fa71a9562e4,a74b1b7f-71a5-4011-9441-d0b5e4122711
119,Steppenwolf,Steppenwolf,84,https://www.last.fm/music/Steppenwolf/Steppenwolf,07fc6043-cc82-4de6-96e8-ce1912355c60,12ff8858-bfcb-4812-a8dd-7e9debf0cbee
120,The Spinning Top,Graham Coxon,83,https://www.last.fm/music/Graham+Coxon/The+Spinning+Top,9d98f315-b871-4d03-95fb-5d80077a6f9f,fb56cc34-2ab1-4621-ac18-9bf2895e5f4f
121,Wowee Zowee,Pavement,83,https://www.last.fm/music/Pavement/Wowee+Zowee,1328e454-3c87-4e74-b870-f61f06018cd4,
122,Nightlife,Thin Lizzy,83,https://www.last.fm/music/Thin+Lizzy/Nightlife,03107c5b-4f1c-44b4-a7f8-c64380b8f470,6a726ac6-019e-455c-8bbb-571a77bed52e
123,Ross,Diana Ross,82,https://www.last.fm/music/Diana+Ross/Ross,25a4223a-09dc-4e83-99a6-f8f49d5f137b,60d41417-feda-4734-bbbf-7dcc30e08a83
124,The Who Sell Out,The Who,82,https://www.last.fm/music/The+Who/The+Who+Sell+Out,0701238f-33b0-4a76-8f89-62ce92a26569,9fdaa16b-a6c4-4831-b87c-bc9ca8ce7eaa
125,Give 'Em Enough Rope,The Clash,81,https://www.last.fm/music/The+Clash/Give+%27Em+Enough+Rope,1b533e21-520a-42fa-9141-b853c68b1be5,8f92558c-2baa-4758-8c38-615519e9deda
126,The Soft Parade,The Doors,81,https://www.last.fm/music/The+Doors/The+Soft+Parade,060d5f70-1d1c-474f-ae71-7237cb286f89,9efff43b-3b29-4082-824e-bc82f646f93d
127,Innerspeaker,Tame Impala,80,https://www.last.fm/music/Tame+Impala/Innerspeaker,0b18bdeb-8382-4b8f-94a3-b43e3e7ec6a4,63aa26c3-d59b-4da4-84ac-716b54f1ef4d
128,Lonerism,Tame Impala,80,https://www.last.fm/music/Tame+Impala/Lonerism,0d2cb66c-3a32-4f81-b977-9231c461c34a,63aa26c3-d59b-4da4-84ac-716b54f1ef4d
129,Happiness In Magazines,Graham Coxon,79,https://www.last.fm/music/Graham+Coxon/Happiness+In+Magazines,016b78cd-eea8-418b-98e2-f5927ce68951,fb56cc34-2ab1-4621-ac18-9bf2895e5f4f
130,The Essential Tracks,Jerry Lee Lewis,79,https://www.last.fm/music/Jerry+Lee+Lewis/The+Essential+Tracks,,b59ac58d-036e-4bba-8112-c32a34c4575b
131,Purple Rain,Prince,79,https://www.last.fm/music/Prince/Purple+Rain,05adfe85-dd1c-44a0-bda8-a9159e59a30f,070d193a-845c-479f-980e-bef15710653e
132,Electric Warrior,T. Rex,79,https://www.last.fm/music/T.+Rex/Electric+Warrior,04e19032-e51d-47ba-b5ad-c2a8fc80f661,c842d29f-a297-48cd-bb71-4f77fd672b16
133,Grandes Éxitos Pequeños Regalos,Celtas Cortos,78,https://www.last.fm/music/Celtas+Cortos/Grandes+%C3%89xitos+Peque%C3%B1os+Regalos,,
134,La Culpa Fue De Gabinete,Gabinete Caligari,78,https://www.last.fm/music/Gabinete+Caligari/La+Culpa+Fue+De+Gabinete,0ae666fa-8474-4af4-8ef4-374dd778c3a9,aa179aa4-5bfc-4814-b113-a6476fe26cbc
135,Mind Games,John Lennon,78,https://www.last.fm/music/John+Lennon/Mind+Games,07b1a501-8144-35b0-89b5-bd6fca69dd4c,4d5447d7-c61c-4120-ba1b-d7f471d385b9
136,Deserter's Songs,Mercury Rev,78,https://www.last.fm/music/Mercury+Rev/Deserter%27s+Songs,15d0d7ee-a23a-42cd-970f-9e51a7bb55dd,7b1cf87e-c54f-4abc-893d-90245a31900d
137,Go 2,XTC,78,https://www.last.fm/music/XTC/Go+2,0a499483-d1c3-4b3b-a7f7-364cf494490a,
138,Highway to Hell,AC/DC,77,https://www.last.fm/music/AC%2FDC/Highway+to+Hell,40509197-a063-4b3b-90fd-ab4785d16a06,66c662b6-6e2f-4930-8610-912e24c63ed1
139,Hail to the Thief,Radiohead,77,https://www.last.fm/music/Radiohead/Hail+to+the+Thief,01e3fec0-8c75-4800-9c31-7cd42e93f3bf,a74b1b7f-71a5-4011-9441-d0b5e4122711
140,Fresh Cream,Cream,76,https://www.last.fm/music/Cream/Fresh+Cream,0ce2fbf4-9b92-4565-9106-175bc70ece10,bd0e8d27-f217-45ee-935a-7e8087a1a0cd
141,Love Travels At Illegal Speeds,Graham Coxon,76,https://www.last.fm/music/Graham+Coxon/Love+Travels+At+Illegal+Speeds,1e0f6811-1e2c-4561-a6fb-11d3d1eff3f3,fb56cc34-2ab1-4621-ac18-9bf2895e5f4f
142,Agotados de esperar el fin,Ilegales,76,https://www.last.fm/music/Ilegales/Agotados+de+esperar+el+fin,51fce4b9-8a38-4956-934c-8519570daf43,42b39a3b-e829-4cd4-a775-7070c74f0b3e
143,Fascinado,Sidonie,76,https://www.last.fm/music/Sidonie/Fascinado,286771dd-6ef1-47a8-a0f6-dfa6809f1838,99849c03-4d4a-46cc-8e20-3852d0ca0746
144,Any Minute Now,Soulwax,76,https://www.last.fm/music/Soulwax/Any+Minute+Now,127473c4-c901-39aa-972e-d548a45d5aaf,68ec1b08-3c2e-40b3-b0af-8f323743fdff
145,Strange Days,The Doors,76,https://www.last.fm/music/The+Doors/Strange+Days,0257eb0f-fcb5-4754-ba74-c4412569ac01,9efff43b-3b29-4082-824e-bc82f646f93d
146,Sabbath Bloody Sabbath,Black Sabbath,75,https://www.last.fm/music/Black+Sabbath/Sabbath+Bloody+Sabbath,0025d375-1ec1-42b4-b4e3-3922f0361f56,5182c1d9-c7d2-4dad-afa0-ccfeada921a8
147,Glenn Miller Plays Selections From The Glenn Miller Story And Other Hits,Glenn Miller,75,https://www.last.fm/music/Glenn+Miller/Glenn+Miller+Plays+Selections+From+The+Glenn+Miller+Story+And+Other+Hits,674c4873-11f0-499d-8af1-50b4ba8ec252,ba26a1e4-ff39-456c-a8e3-1352ed991a1f
148,Sgt. Pepper's Lonely Hearts Club Band,The Beatles,75,https://www.last.fm/music/The+Beatles/Sgt.+Pepper%27s+Lonely+Hearts+Club+Band,03fc0b41-993e-44ae-aa7b-9e6bdc2aba68,b10bbbfc-cf9e-42e0-be17-e2c3e1d2600d
149,Discovery,Daft Punk,74,https://www.last.fm/music/Daft+Punk/Discovery,098060d4-ba3c-469d-88b0-08642261c7ab,
150,Rock And Roll Heart,Lou Reed,74,https://www.last.fm/music/Lou+Reed/Rock+And+Roll+Heart,0f3b1b46-098b-4fa6-bb9a-0c071f4df7b2,9d1ebcfe-4c15-4d18-95d3-d919898638a1
151,Hot Space,Queen,74,https://www.last.fm/music/Queen/Hot+Space,047a4aae-27f8-4f2d-92fb-214fd8dc865a,0383dadf-2a4e-4d10-a46a-e9e041da8eb3
152,Fulfillingness First Finale,Stevie Wonder,74,https://www.last.fm/music/Stevie+Wonder/Fulfillingness+First+Finale,,
153,1,The Beatles,73,https://www.last.fm/music/The+Beatles/1,03268ab8-a9a9-4ca1-b50b-9dbcae911a6f,b10bbbfc-cf9e-42e0-be17-e2c3e1d2600d
154,Johnny the Fox,Thin Lizzy,73,https://www.last.fm/music/Thin+Lizzy/Johnny+the+Fox,001655e4-f483-31be-beca-9cdbc9c6e6c7,6a726ac6-019e-455c-8bbb-571a77bed52e
155,Diamond Dogs,David Bowie,72,https://www.last.fm/music/David+Bowie/Diamond+Dogs,0600b408-8033-4baf-955f-da4253fb7418,5441c29d-3602-4898-b1a1-b77fa23b8e50
156,United,Phoenix,72,https://www.last.fm/music/Phoenix/United,45ef863e-1f19-4f44-b702-77af82e8dbc7,
157,Revolver,The Beatles,72,https://www.last.fm/music/The+Beatles/Revolver,03c49368-b92b-448d-9ac5-57da20984e6c,b10bbbfc-cf9e-42e0-be17-e2c3e1d2600d
158,If You Can Believe Your Eyes and Ears,The Mamas & the Papas,71,https://www.last.fm/music/The+Mamas+&+the+Papas/If+You+Can+Believe+Your+Eyes+and+Ears,06da9378-1705-40c8-be9e-48d00a1670e8,ff294730-0315-440d-a543-54005779c15b
159,Californication,Red Hot Chili Peppers,70,https://www.last.fm/music/Red+Hot+Chili+Peppers/Californication,058dcfa5-4921-4055-87b0-f541eb4adb08,8bfac288-ccc5-448d-9573-c33ea2aa5c30
160,Elastica,Elastica,69,https://www.last.fm/music/Elastica/Elastica,0d079341-a607-43be-8751-e442032fe6c4,6a443e55-9dfa-4ab7-a042-8f8fde7727a0
161,Dog Man Star,Suede,69,https://www.last.fm/music/Suede/Dog+Man+Star,5ec74b2c-2e60-4093-860b-5ff07613d2dc,
162,Giant Steps,The Boo Radleys,69,https://www.last.fm/music/The+Boo+Radleys/Giant+Steps,265b568c-c600-3250-a7d5-bec32ce0f423,1b5189d8-28fd-4c97-a04a-37c49b1ccfa6
163,Mellon Collie and the Infinite Sadness (Dawn to Dusk),The Smashing Pumpkins,69,https://www.last.fm/music/The+Smashing+Pumpkins/Mellon+Collie+and+the+Infinite+Sadness+(Dawn+to+Dusk),,
164,Walls and Bridges,John Lennon,68,https://www.last.fm/music/John+Lennon/Walls+and+Bridges,08a6f195-c130-4171-a510-8cba67b00dba,4d5447d7-c61c-4120-ba1b-d7f471d385b9
165,Maneras de vivir (Todos los grandes éxitos),Leno,68,https://www.last.fm/music/Leno/Maneras+de+vivir+(Todos+los+grandes+%C3%A9xitos),,
166,Veneno En La Piel,Radio Futura,68,https://www.last.fm/music/Radio+Futura/Veneno+En+La+Piel,29173e44-c282-46c3-8ab0-a18883b6cd8e,f7616ee5-bad8-45c9-986f-0cf47d4407df
167,Innervisions,Stevie Wonder,68,https://www.last.fm/music/Stevie+Wonder/Innervisions,0b59a84f-8dee-48c6-b802-22141eecdbd4,1ee18fb3-18a6-4c7f-8ba0-bc41cdd0462e
168,See You On the Other Side,Mercury Rev,66,https://www.last.fm/music/Mercury+Rev/See+You+On+the+Other+Side,1cece17b-b49a-41ac-9384-4ee99b6c16c3,7b1cf87e-c54f-4abc-893d-90245a31900d
169,McCartney II,Paul McCartney,66,https://www.last.fm/music/Paul+McCartney/McCartney+II,0035111c-57d6-40a1-8ce6-2da1a1bf0ca4,ba550d0e-adac-4864-b88b-407cab5e76af
170,End of the Century,Ramones,66,https://www.last.fm/music/Ramones/End+of+the+Century,3894823e-fd0f-499a-b070-c732c3380983,d6ed7887-a401-47a8-893c-34b967444d26
171,Road to Ruin,Ramones,66,https://www.last.fm/music/Ramones/Road+to+Ruin,100c2634-15db-4209-ac04-cf1722e5f3ba,d6ed7887-a401-47a8-893c-34b967444d26
172,Merrie Land,"The Good, the Bad & the Queen",66,"https://www.last.fm/music/The+Good,+the+Bad+&+the+Queen/Merrie+Land",19c98d2d-a5b9-4105-811f-3a5ba9e726ee,0f211bfc-8c69-4cb7-9165-acbe4353cb0a
173,Face to Face,The Kinks,66,https://www.last.fm/music/The+Kinks/Face+to+Face,07f8c844-6228-4fe6-ab78-ffe33b41a32a,
174,Rocks,Aerosmith,65,https://www.last.fm/music/Aerosmith/Rocks,15949588-fd9d-3915-b7f2-4e0c0a14d97d,3d2b98e5-556f-4451-a3ff-c50ea18d57cb
175,The Now Now,Gorillaz,65,https://www.last.fm/music/Gorillaz/The+Now+Now,02f41720-962a-4746-83fe-dda72a284885,e21857d5-3256-4547-afb3-4b6ded592596
176,El Espíritu Del Vino,Héroes del Silencio,65,https://www.last.fm/music/H%C3%A9roes+del+Silencio/El+Esp%C3%ADritu+Del+Vino,40a26c06-8839-36c2-87c8-7bdc66038e5b,4bb712d6-8be9-4c09-810a-eb3bed2be345
177,A Saucerful of Secrets,Pink Floyd,65,https://www.last.fm/music/Pink+Floyd/A+Saucerful+of+Secrets,05c5e2bc-3daf-344e-bf9a-d0e16cad13ca,83d91898-7763-47d7-b03b-b92132375c47
178,Without You I'm Nothing,Placebo,65,https://www.last.fm/music/Placebo/Without+You+I%27m+Nothing,10289e16-9c13-40b7-bc33-f65c1b5db50c,
179,The Rise & Fall,Madness,64,https://www.last.fm/music/Madness/The+Rise+&+Fall,65874c4d-856b-44b0-ab33-aa813f19008d,
180,Kid A,Radiohead,64,https://www.last.fm/music/Radiohead/Kid+A,080ad926-7a4e-4399-b7df-0cc1b6ef841c,a74b1b7f-71a5-4011-9441-d0b5e4122711
181,Born to Run,Bruce Springsteen,63,https://www.last.fm/music/Bruce+Springsteen/Born+to+Run,027094a4-e561-34d2-82a2-62221f4df2c7,70248960-cb53-4ea4-943a-edb18f7d336f
182,All Is Dream,Mercury Rev,63,https://www.last.fm/music/Mercury+Rev/All+Is+Dream,1adeba2a-fd1c-4fda-ac0d-676207ebe3eb,7b1cf87e-c54f-4abc-893d-90245a31900d
183,Pablo Honey,Radiohead,63,https://www.last.fm/music/Radiohead/Pablo+Honey,02769f4d-ee78-3680-aa79-67f3a821c931,a74b1b7f-71a5-4011-9441-d0b5e4122711
184,Head Music,Suede,63,https://www.last.fm/music/Suede/Head+Music,00dd4d37-0ac5-401f-a448-fee6197bf9f2,
185,Casanova,The Divine Comedy,63,https://www.last.fm/music/The+Divine+Comedy/Casanova,04ae3ccc-2491-40c5-8032-c46d83d5f4de,49c4378b-3c36-4c5a-8999-8d936e74f39b
186,All Things Must Pass (disc 1),George Harrison,62,https://www.last.fm/music/George+Harrison/All+Things+Must+Pass+(disc+1),,
187,Anthology Disc 1,Ramones,62,https://www.last.fm/music/Ramones/Anthology+Disc+1,,
188,Life,The Cardigans,62,https://www.last.fm/music/The+Cardigans/Life,1b9aa670-8be5-43db-87e2-3ea21aef4445,3e55d51d-687f-4a9d-af96-2fabccf802e5
189,In Utero,Nirvana,61,https://www.last.fm/music/Nirvana/In+Utero,054d2a63-97a8-4e68-ace0-519d6dea7551,
190,Help!,The Beatles,61,https://www.last.fm/music/The+Beatles/Help!,090ef25f-1141-48da-93a8-7fb0384473a1,b10bbbfc-cf9e-42e0-be17-e2c3e1d2600d
191,The La's,The La's,61,https://www.last.fm/music/The+La%27s/The+La%27s,1d0e2a5e-e24a-48b6-873b-01252fd0d599,ff3e88b3-7354-4f30-967c-1a61ebc8c642
192,Led Zeppelin III,Led Zeppelin,60,https://www.last.fm/music/Led+Zeppelin/Led+Zeppelin+III,01ad8c74-de8b-40f7-a7ad-e21ed3149e39,678d88b2-87b0-403b-b63d-5da7465aecc3
193,Let It Be,The Beatles,60,https://www.last.fm/music/The+Beatles/Let+It+Be,009ad634-e278-47e2-8c9b-8b5c154e1677,b10bbbfc-cf9e-42e0-be17-e2c3e1d2600d
194,Psychocandy,The Jesus and Mary Chain,60,https://www.last.fm/music/The+Jesus+and+Mary+Chain/Psychocandy,00ee25c9-ab9a-43e0-92c8-3167db1bb120,e938a15c-b17e-4e7a-9f68-ff0d536cab44
195,Black Tie White Noise,David Bowie,59,https://www.last.fm/music/David+Bowie/Black+Tie+White+Noise,09ca41fc-b88e-408b-b6c9-dc18fc8c4b5e,5441c29d-3602-4898-b1a1-b77fa23b8e50
196,The Very Best Of Elvis Costello Disc 1,Elvis Costello & The Attractions,59,https://www.last.fm/music/Elvis+Costello+&+The+Attractions/The+Very+Best+Of+Elvis+Costello+Disc+1,,
197,The Real Thing,Faith No More,59,https://www.last.fm/music/Faith+No+More/The+Real+Thing,026c1ce9-0f6b-45a0-8d9c-44293ba7919d,b15ebd71-a252-417d-9e1c-3e6863da68f8
198,Jarvis,Jarvis Cocker,59,https://www.last.fm/music/Jarvis+Cocker/Jarvis,,38550441-d437-4aff-867e-e79bf0c04142
199,Houses of the Holy,Led Zeppelin,59,https://www.last.fm/music/Led+Zeppelin/Houses+of+the+Holy,048c8be5-c9ec-4add-8c30-85f81c9e43de,678d88b2-87b0-403b-b63d-5da7465aecc3
200,Night Thoughts,Suede,58,https://www.last.fm/music/Suede/Night+Thoughts,1dea7b76-b1f6-4ec4-aa33-86f4392cd942,
201,The Stone Roses,The Stone Roses,58,https://www.last.fm/music/The+Stone+Roses/The+Stone+Roses,00aded9c-4ccc-4626-b71a-c240e5b7e28d,b5fa29f1-6c22-4321-a488-b5f363b06b06
202,1977,Ash,57,https://www.last.fm/music/Ash/1977,0a81b553-3d5c-382c-86be-d0a949b7103e,
203,Modern Life Is Rubbish (Special Edition),Blur,57,https://www.last.fm/music/Blur/Modern+Life+Is+Rubbish+(Special+Edition),,ba853904-ae25-4ebb-89d6-c44cfbd71bd2
204,Ilegales,Ilegales,57,https://www.last.fm/music/Ilegales/Ilegales,0f2d3999-ed85-4cb1-8995-17c809daa220,42b39a3b-e829-4cd4-a775-7070c74f0b3e
205,Superstate (feat. Graham Coxon),Superstate,57,https://www.last.fm/music/Superstate/Superstate+(feat.+Graham+Coxon),,
206,All Summer Long,The Beach Boys,57,https://www.last.fm/music/The+Beach+Boys/All+Summer+Long,08c58e6a-1857-4851-99aa-3ebb844a7c14,ebfc1398-8d96-47e3-82c3-f782abcdb13d
207,Plastic Beach,Gorillaz,56,https://www.last.fm/music/Gorillaz/Plastic+Beach,28ddf022-0a8a-4ecd-bf18-d80af26c3aff,e21857d5-3256-4547-afb3-4b6ded592596
208,The Masterplan,Oasis,56,https://www.last.fm/music/Oasis/The+Masterplan,594ffe14-8611-446a-8215-52d0d2e68c77,
209,Adore,The Smashing Pumpkins,56,https://www.last.fm/music/The+Smashing+Pumpkins/Adore,0d7d4f97-4405-4e1e-803d-593ec4249503,ba0d6274-db14-4ef5-b28d-657ebde1a396
210,Willy and the Poor Boys,Creedence Clearwater Revival,55,https://www.last.fm/music/Creedence+Clearwater+Revival/Willy+and+the+Poor+Boys,002c9bac-378a-4825-aa8d-c20ffe909924,109958eb-a335-4c5e-907e-597ff4c6af46
211,Young Americans,David Bowie,55,https://www.last.fm/music/David+Bowie/Young+Americans,0977fcbf-14e3-439e-83bf-7d907d65e6f9,5441c29d-3602-4898-b1a1-b77fa23b8e50
212,Defenders of the Faith,Judas Priest,55,https://www.last.fm/music/Judas+Priest/Defenders+of+the+Faith,055d4ac0-66d3-4594-a893-09a5089c4ae5,6b335658-22c8-485d-93de-0bc29a1d0349
213,Turbo,Judas Priest,55,https://www.last.fm/music/Judas+Priest/Turbo,12d7e02b-a487-428f-9f8f-81af06f6226e,6b335658-22c8-485d-93de-0bc29a1d0349
214,Unidad De Desplazamiento,Los Planetas,55,https://www.last.fm/music/Los+Planetas/Unidad+De+Desplazamiento,f63f37c5-81f9-426f-b8c2-daff8c835e65,6f28b158-4d1a-4f31-9339-7f381e3c4ee1
215,Frankenstein,Los Suaves,55,https://www.last.fm/music/Los+Suaves/Frankenstein,3f8b008b-c91d-4595-bbc6-648e045babb8,69747c42-016c-4705-9a9c-a411cd859b46
216,Loco Por Incordiar,Rosendo,55,https://www.last.fm/music/Rosendo/Loco+Por+Incordiar,02b90546-b691-4070-b9b3-5bb3ca79c8a1,4c7e8420-1ed6-4878-8b86-70bdd3ee5803
217,In It for the Money,Supergrass,55,https://www.last.fm/music/Supergrass/In+It+for+the+Money,36be4dbb-33cd-4d0f-9956-907e63fe4486,6386ddff-0d13-4685-9f0a-a82bf022fb1c
218,Please Please Me,The Beatles,55,https://www.last.fm/music/The+Beatles/Please+Please+Me,00ccb5d2-8b8e-4ec4-9199-64125a0a5341,b10bbbfc-cf9e-42e0-be17-e2c3e1d2600d
219,Combat Rock,The Clash,55,https://www.last.fm/music/The+Clash/Combat+Rock,11a27155-bc9d-4be4-a1af-f4930de0239c,8f92558c-2baa-4758-8c38-615519e9deda
220,Best of Specials,The Specials,55,https://www.last.fm/music/The+Specials/Best+of+Specials,,
221,The Velvet Underground & Nico,The Velvet Underground,55,https://www.last.fm/music/The+Velvet+Underground/The+Velvet+Underground+&+Nico,,94b0fb9d-a066-4823-b2ec-af1d324bcfcf
222,Fighting,Thin Lizzy,55,https://www.last.fm/music/Thin+Lizzy/Fighting,12cef293-5bad-4f4d-8ed9-28fd64c11d72,6a726ac6-019e-455c-8bbb-571a77bed52e
223,Everyday Robots,Damon Albarn,54,https://www.last.fm/music/Damon+Albarn/Everyday+Robots,19da7e27-3ff0-4ba3-9df0-76bc1e787ad1,7d7a5fdd-0d04-4c36-8bee-906feeae239c
224,Juez y Parte,Joaquín Sabina,54,https://www.last.fm/music/Joaqu%C3%ADn+Sabina/Juez+y+Parte,0cb02298-a639-4c9c-8fc5-418931854f9d,a992aada-7108-455d-9747-0b7b6a089e8d
225,Sally Can't Dance,Lou Reed,54,https://www.last.fm/music/Lou+Reed/Sally+Can%27t+Dance,042b77fc-dfc1-360d-a484-5e20cf3436a4,9d1ebcfe-4c15-4d18-95d3-d919898638a1
226,Tragic Kingdom,No Doubt,54,https://www.last.fm/music/No+Doubt/Tragic+Kingdom,29f5cbfb-5ef5-305e-b1a2-2506993be809,fbd2a255-1d57-4d31-ac11-65b671c19958
227,The Gift,The Jam,54,https://www.last.fm/music/The+Jam/The+Gift,30a800d1-500b-4af8-9984-7181794cd402,5493b1c7-53f8-4156-a4ee-1eec07bc977b
228,Is This It,The Strokes,54,https://www.last.fm/music/The+Strokes/Is+This+It,05f9032d-fda8-4ce6-99a5-fdd0fc8af8ee,f181961b-20f7-459e-89de-920ef03c7ed0
229,Weezer (The Blue Album),Weezer,54,https://www.last.fm/music/Weezer/Weezer+(The+Blue+Album),,
230,Highway 61 Revisited,Bob Dylan,53,https://www.last.fm/music/Bob+Dylan/Highway+61+Revisited,0981a26e-ca63-3385-934d-c65a8b0d9179,72c536dc-7137-4477-a521-567eeb840fa8
231,Cosmo's Factory,Creedence Clearwater Revival,53,https://www.last.fm/music/Creedence+Clearwater+Revival/Cosmo%27s+Factory,067c3d38-1f5c-4596-baf3-e494a4342d1f,109958eb-a335-4c5e-907e-597ff4c6af46
232,Space Oddity,David Bowie,53,https://www.last.fm/music/David+Bowie/Space+Oddity,1bfbb647-e5c6-421e-ba4c-4faae04903a2,5441c29d-3602-4898-b1a1-b77fa23b8e50
233,You're Living All Over Me,Dinosaur Jr.,53,https://www.last.fm/music/Dinosaur+Jr./You%27re+Living+All+Over+Me,22d4ddbb-0161-4754-a8d0-5e0bd0d45f61,77c167d2-4965-4421-830a-9815e4956475
234,The Sky Is Too High,Graham Coxon,53,https://www.last.fm/music/Graham+Coxon/The+Sky+Is+Too+High,02b3238e-8fbc-3fb3-b2bd-b3b56d38b80a,fb56cc34-2ab1-4621-ac18-9bf2895e5f4f
235,Alevosía,Luis Eduardo Aute,53,https://www.last.fm/music/Luis+Eduardo+Aute/Alevos%C3%ADa,d7f66c10-b836-42bc-85b8-8a8f6a281cb3,35542d25-c761-49fa-a402-f752c5789517
236,This Is My Truth Tell Me Yours,Manic Street Preachers,53,https://www.last.fm/music/Manic+Street+Preachers/This+Is+My+Truth+Tell+Me+Yours,01d413be-2e6c-4944-b327-7c8dd910168c,32efea44-6cb5-4b4f-bdaa-c8b8f6cef981
237,The Fat Of The Land,Prodigy,53,https://www.last.fm/music/Prodigy/The+Fat+Of+The+Land,,
238,Another Music In A Different Kitchen,Buzzcocks,52,https://www.last.fm/music/Buzzcocks/Another+Music+In+A+Different+Kitchen,174053e9-5490-3099-bcc1-3ae9e176501f,31e9c35b-2675-4632-8596-f9bd9286f6c8
239,Parachutes,Coldplay,52,https://www.last.fm/music/Coldplay/Parachutes,0ec052ee-8c50-48f3-8682-501778dfc823,cc197bad-dc9c-440d-a5b5-d52ba2e14234
240,One Step Beyond,Madness,52,https://www.last.fm/music/Madness/One+Step+Beyond,,
241,Próxima Estación...Esperanza,Manu Chao,52,https://www.last.fm/music/Manu+Chao/Pr%C3%B3xima+Estaci%C3%B3n...Esperanza,,
242,Dig Out Your Soul,Oasis,52,https://www.last.fm/music/Oasis/Dig+Out+Your+Soul,11545505-e20b-46d2-9da7-830c509d427b,
243,1999,Prince,52,https://www.last.fm/music/Prince/1999,001ec884-4f1a-4a2e-ad95-fe38a06d835a,070d193a-845c-479f-980e-bef15710653e
244,Mellon Collie And The Infinite Sadness (Twilight To Starlight),The Smashing Pumpkins,52,https://www.last.fm/music/The+Smashing+Pumpkins/Mellon+Collie+And+The+Infinite+Sadness+(Twilight+To+Starlight),,
245,1984,Van Halen,52,https://www.last.fm/music/Van+Halen/1984,070ccb32-468f-4f03-a50e-297b54c84016,b665b768-0d83-4363-950c-31ed39317c15
246,Pinkerton,Weezer,52,https://www.last.fm/music/Weezer/Pinkerton,01eb0324-12a8-435f-bf4d-eabf05bdb148,6fe07aa5-fec0-4eca-a456-f29bff451b04
247,Vol.4,Black Sabbath,51,https://www.last.fm/music/Black+Sabbath/Vol.4,,5182c1d9-c7d2-4dad-afa0-ccfeada921a8
248,Aladdin Sane,David Bowie,51,https://www.last.fm/music/David+Bowie/Aladdin+Sane,07eea3ad-3b86-475a-9d56-aaab5e78488c,5441c29d-3602-4898-b1a1-b77fa23b8e50
249,Oracular Spectacular,MGMT,51,https://www.last.fm/music/MGMT/Oracular+Spectacular,25a366e1-24fc-4e4a-a4d7-3370cb662568,c485632c-b784-4ee9-8ea1-c5fb365681fc
250,Wallpaper For The Soul,Tahiti 80,51,https://www.last.fm/music/Tahiti+80/Wallpaper+For+The+Soul,112fc7b7-a190-468f-825b-7a8c677b5a77,cbdbfa40-a839-4fa2-a5e1-dbd6e84fe1fd
251,Led Zeppelin II,Led Zeppelin,50,https://www.last.fm/music/Led+Zeppelin/Led+Zeppelin+II,04f0936c-1d0b-4901-872b-aad32826562f,678d88b2-87b0-403b-b63d-5da7465aecc3
252,Metal Box,Public Image Ltd.,50,https://www.last.fm/music/Public+Image+Ltd./Metal+Box,199e9877-d3b6-4eb4-9ba7-60124b2c3f99,
253,Costa Azul,Sidonie,50,https://www.last.fm/music/Sidonie/Costa+Azul,ee71cce1-b0ca-4ab5-af63-bc072fc9e23a,99849c03-4d4a-46cc-8e20-3852d0ca0746
254,Supergrass,Supergrass,50,https://www.last.fm/music/Supergrass/Supergrass,8270f292-ae22-42de-8940-d7c794c3b0e0,6386ddff-0d13-4685-9f0a-a82bf022fb1c
255,The Clash (U.K.),The Clash,50,https://www.last.fm/music/The+Clash/The+Clash+(U.K.),,
256,Parallel Lines,Blondie,49,https://www.last.fm/music/Blondie/Parallel+Lines,0c15fa2d-2d4e-4fb1-8764-bbb7d4bb305b,4d2956d1-a3f7-44bb-9a41-67563e1a0c94
257,The Man Who Sold the World,David Bowie,49,https://www.last.fm/music/David+Bowie/The+Man+Who+Sold+the+World,04615f7e-6b90-42c7-8ab7-a74fe3987738,5441c29d-3602-4898-b1a1-b77fa23b8e50
258,Duran Duran,Duran Duran,49,https://www.last.fm/music/Duran+Duran/Duran+Duran,0b5f3ea2-0bfa-4abf-9019-dece5768b7bc,1a1cd7f3-e5df-4eca-bae2-2757c9e656b5
259,Gorillaz,Gorillaz,49,https://www.last.fm/music/Gorillaz/Gorillaz,073c3fe9-34d7-4c31-b9ee-104b2c1b3fc2,e21857d5-3256-4547-afb3-4b6ded592596
260,Lust for Life,Iggy Pop,49,https://www.last.fm/music/Iggy+Pop/Lust+for+Life,1683dd66-9bd5-411c-8807-11e4d4f9a3a1,f37b3f31-b1f8-4b88-8cb5-b34f709b17d7
261,Don't Believe the Truth,Oasis,49,https://www.last.fm/music/Oasis/Don%27t+Believe+the+Truth,02566f75-a779-46b6-9aa6-5502d4d2dae9,
262,Everyone's Got One,Echobelly,48,https://www.last.fm/music/Echobelly/Everyone%27s+Got+One,23e063bd-14b6-46fe-9c99-867669b2527b,9a1e8414-d32a-4058-bab0-c1b36934d39e
263,Be Here Now,Oasis,48,https://www.last.fm/music/Oasis/Be+Here+Now,015be3dc-78b7-325c-932d-887c6920fa0e,
264,The Madcap Laughs,Syd Barrett,48,https://www.last.fm/music/Syd+Barrett/The+Madcap+Laughs,0049613a-f8aa-46d5-9377-75f7227e5dde,12327d75-47d5-45d9-84c2-3760b9210c17
265,Alta Suciedad,Andrés Calamaro,47,https://www.last.fm/music/Andr%C3%A9s+Calamaro/Alta+Suciedad,26142875-fef8-47b0-8bcc-0f3b39c3cab8,5a092e7c-faa9-45d0-88c6-052205804e6c
266,The Fall,Gorillaz,47,https://www.last.fm/music/Gorillaz/The+Fall,017964dc-7f50-3920-9aaf-6576cc76a072,e21857d5-3256-4547-afb3-4b6ded592596
267,Sad Wings of Destiny,Judas Priest,47,https://www.last.fm/music/Judas+Priest/Sad+Wings+of+Destiny,01823be7-aa7f-3f4d-8542-cc98f58f512a,6b335658-22c8-485d-93de-0bc29a1d0349
268,Voy a acabar borracho,Platero y tú,47,https://www.last.fm/music/Platero+y+t%C3%BA/Voy+a+acabar+borracho,4a9a9cc9-1fcf-445a-a544-27384269455a,2b4b6e6b-3e93-4902-8047-fbe76225f794
269,We Love Life,Pulp,47,https://www.last.fm/music/Pulp/We+Love+Life,82d1fd15-ce0d-41f2-acbe-0cdba8f7ba0f,76b2e842-5e85-4c97-ab62-d5bc315595b5
270,Ramones,Ramones,47,https://www.last.fm/music/Ramones/Ramones,06bf2bf2-c8a4-403c-b0e7-78dec51abfbd,d6ed7887-a401-47a8-893c-34b967444d26
271,Dirty,Sonic Youth,47,https://www.last.fm/music/Sonic+Youth/Dirty,18eb7b48-83a5-49d8-b8a0-04ee2b123b2d,5cbef01b-cc35-4f52-af7b-d0df0c4f61b9
272,Eliminator,ZZ Top,47,https://www.last.fm/music/ZZ+Top/Eliminator,08dd90c9-0c1f-4b70-9bed-b2fe7bd9d048,a81259a0-a2f5-464b-866e-71220f2739f1
273,Toys in the Attic,Aerosmith,46,https://www.last.fm/music/Aerosmith/Toys+in+the+Attic,0267bd75-2588-420b-a3fd-2aa4eb42326e,3d2b98e5-556f-4451-a3ff-c50ea18d57cb
274,Leaders of the Free World,Elbow,46,https://www.last.fm/music/Elbow/Leaders+of+the+Free+World,0d63bfb5-379e-4126-86ed-e2e362026817,3cb3928a-526c-4a3d-93c5-53315fa9bde0
275,Aloha From Hawaii Via Satellite,Elvis Presley,46,https://www.last.fm/music/Elvis+Presley/Aloha+From+Hawaii+Via+Satellite,1392af98-6579-417f-9b4b-3aad6dbce5d8,01809552-4f87-45b0-afff-2c6f0730a3be
276,Herzeleid,Rammstein,46,https://www.last.fm/music/Rammstein/Herzeleid,0b7e4117-fe48-3fa4-a507-b9404d642044,b2d122f9-eadb-4930-a196-8f221eeb0c66
277,Outlandos D'Amour,The Police,46,https://www.last.fm/music/The+Police/Outlandos+D%27Amour,038df3a9-8e9d-49b4-9732-b23810fbf129,9e0e2b01-41db-4008-bd8b-988977d6019a
278,Hatful of Hollow,The Smiths,46,https://www.last.fm/music/The+Smiths/Hatful+of+Hollow,05eae5e7-c7f0-4ca2-8b0e-2be4f4506983,40f5d9e4-2de7-4f2d-ad41-e31a9a9fea27
279,Angel Dust,Faith No More,45,https://www.last.fm/music/Faith+No+More/Angel+Dust,2123685d-7836-4d13-a71a-2f14c50b8cb6,b15ebd71-a252-417d-9e1c-3e6863da68f8
280,Version 2.0,Garbage,45,https://www.last.fm/music/Garbage/Version+2.0,0309641f-1be2-41b5-8a7d-9c73f088425c,f9ef7a22-4262-4596-a2a8-1d19345b8e50
281,Unknown Pleasures,Joy Division,45,https://www.last.fm/music/Joy+Division/Unknown+Pleasures,0f55dca9-b076-4fe6-a028-6e5cf85a4f92,9a58fda3-f4ed-4080-a3a5-f457aac9fcdd
282,In Through the Out Door,Led Zeppelin,45,https://www.last.fm/music/Led+Zeppelin/In+Through+the+Out+Door,0662f25e-cdba-474c-ad3d-e5e86406cb1b,678d88b2-87b0-403b-b63d-5da7465aecc3
283,Street Hassle,Lou Reed,45,https://www.last.fm/music/Lou+Reed/Street+Hassle,099be4e2-89fc-329f-a156-dc7916ac89c7,9d1ebcfe-4c15-4d18-95d3-d919898638a1
284,What's Going On,Marvin Gaye,45,https://www.last.fm/music/Marvin+Gaye/What%27s+Going+On,0f2ab0b8-99a3-41e6-a07a-c2f506bd5e34,afdb7919-059d-43c1-b668-ba1d265e7e42
285,Blue Lines,Massive Attack,45,https://www.last.fm/music/Massive+Attack/Blue+Lines,0ec27e9f-715e-4a18-8ecd-f247a491588e,10adbe5e-a2c0-4bf3-8249-2b4cbf6e6ca8
286,Thriller,Michael Jackson,45,https://www.last.fm/music/Michael+Jackson/Thriller,009a9e97-0097-3fa8-ac85-3d67d6d5e06e,f27ec8db-af05-4f36-916e-3d57f91ecf5e
287,Alphabetical,Phoenix,45,https://www.last.fm/music/Phoenix/Alphabetical,01c39717-1731-3384-9554-585f85ef7a84,
288,Kaleidoscope,Siouxsie and the Banshees,45,https://www.last.fm/music/Siouxsie+and+the+Banshees/Kaleidoscope,0d08f58d-be95-329d-9e20-ab36d39f9270,78ea5ea1-3c4d-4b7e-ac5d-68900319ebe2
289,Mars Audiac Quintet,Stereolab,45,https://www.last.fm/music/Stereolab/Mars+Audiac+Quintet,09f585b7-ede8-4641-b6b1-49eaf7c98d2a,f1df0431-9250-4ec8-95d8-f19ce7cf7fb6
290,Exodus,Bob Marley & The Wailers,44,https://www.last.fm/music/Bob+Marley+&+The+Wailers/Exodus,01d6c5ab-c8bc-46d9-8bb9-c93f2faed4ae,c296e10c-110a-4103-9e77-47bfebb7fb2e
291,"Song Machine, Season One: Strange Timez",Gorillaz,44,"https://www.last.fm/music/Gorillaz/Song+Machine,+Season+One:+Strange+Timez",11d2059c-1f47-454f-a575-777ecec73b66,e21857d5-3256-4547-afb3-4b6ded592596
292,Senderos De Traición,Héroes del Silencio,44,https://www.last.fm/music/H%C3%A9roes+del+Silencio/Senderos+De+Traici%C3%B3n,66cacd29-6b9c-4800-b9fd-8089549d3717,4bb712d6-8be9-4c09-810a-eb3bed2be345
293,Surrealistic Pillow,Jefferson Airplane,44,https://www.last.fm/music/Jefferson+Airplane/Surrealistic+Pillow,00daf78b-a5e8-4066-b4dc-a0d162dcaa89,39c2a93d-9afa-4a22-9bba-c087ab056e1c
294,Otis Blue,Otis Redding,44,https://www.last.fm/music/Otis+Redding/Otis+Blue,,82b1f5fd-cd31-41a9-b5d4-7e33f0eb9751
295,Let It Bleed,The Rolling Stones,44,https://www.last.fm/music/The+Rolling+Stones/Let+It+Bleed,0808d7b6-bec6-4f30-9c50-c42f78c63b85,b071f9fa-14b0-4217-8e97-eb41da73f598
296,Powerage,AC/DC,43,https://www.last.fm/music/AC%2FDC/Powerage,09ab7f51-9a50-4519-b758-44890017d781,66c662b6-6e2f-4930-8610-912e24c63ed1
297,Mask,Bauhaus,43,https://www.last.fm/music/Bauhaus/Mask,2d567f76-0256-42dd-bcb4-e273019b864d,
298,The Great Escape (Special Edition),Blur,43,https://www.last.fm/music/Blur/The+Great+Escape+(Special+Edition),,ba853904-ae25-4ebb-89d6-c44cfbd71bd2
299,Machine Head,Deep Purple,43,https://www.last.fm/music/Deep+Purple/Machine+Head,00d20416-e3b2-4204-b74d-8c397036ce4e,79491354-3d83-40e3-9d8e-7592d58d790a
300,Bad Moon Rising,Sonic Youth,43,https://www.last.fm/music/Sonic+Youth/Bad+Moon+Rising,1a48dce8-6297-3fe5-98c4-bd7f6bb7aead,5cbef01b-cc35-4f52-af7b-d0df0c4f61b9
301,Spiders,Space,43,https://www.last.fm/music/Space/Spiders,26c905ae-d89a-4e9f-863e-14b3ebb6717b,
302,Gran Turismo,The Cardigans,43,https://www.last.fm/music/The+Cardigans/Gran+Turismo,0c77923c-f7cc-4217-b334-0fe65f7f844b,3e55d51d-687f-4a9d-af96-2fabccf802e5
303,Kinda Kinks,The Kinks,43,https://www.last.fm/music/The+Kinks/Kinda+Kinks,033ccaef-0170-46d3-babe-9690c2e9672b,
304,Let's Dance,David Bowie,42,https://www.last.fm/music/David+Bowie/Let%27s+Dance,0075b936-1031-4464-99c5-73b3ebea6e04,5441c29d-3602-4898-b1a1-b77fa23b8e50
305,The Next Day,David Bowie,42,https://www.last.fm/music/David+Bowie/The+Next+Day,0538de5b-6e70-4f6f-80af-9234893d2095,5441c29d-3602-4898-b1a1-b77fa23b8e50
306,Dookie,Green Day,42,https://www.last.fm/music/Green+Day/Dookie,17ca17ed-f061-4d5b-97e2-848d85e47d95,084308bd-1654-436f-ba03-df6697104e19
307,Buena Suerte,Los Rodríguez,42,https://www.last.fm/music/Los+Rodr%C3%ADguez/Buena+Suerte,af4913a4-9b4c-408e-9c49-e9ac13de76b7,af84ee9f-534a-4f7f-844b-188ba1c47e87
308,Come On Pilgrim,Pixies,42,https://www.last.fm/music/Pixies/Come+On+Pilgrim,7d395add-fb9d-425a-b0a3-7fcc16e2df0a,b6b2bb8d-54a9-491f-9607-7b546023b433
309,"The Good, the Bad & the Queen","The Good, the Bad & the Queen",42,"https://www.last.fm/music/The+Good,+the+Bad+&+the+Queen/The+Good,+the+Bad+&+the+Queen",00e18027-17e2-45c4-b474-010cde81c997,0f211bfc-8c69-4cb7-9165-acbe4353cb0a
310,Who's Next,The Who,42,https://www.last.fm/music/The+Who/Who%27s+Next,00deac48-ebdc-4008-93cd-f927a8b863a7,9fdaa16b-a6c4-4831-b87c-bc9ca8ce7eaa
311,Honestidad Brutal CD1,Andrés Calamaro,41,https://www.last.fm/music/Andr%C3%A9s+Calamaro/Honestidad+Brutal+CD1,,
312,Master of Reality,Black Sabbath,41,https://www.last.fm/music/Black+Sabbath/Master+of+Reality,069e6e08-a1cf-4b94-bf1d-4acbe9473d49,5182c1d9-c7d2-4dad-afa0-ccfeada921a8
313,Rock 'n' Roll Animal,Lou Reed,41,https://www.last.fm/music/Lou+Reed/Rock+%27n%27+Roll+Animal,01c0c181-e88d-4179-9051-fd051006cfc7,9d1ebcfe-4c15-4d18-95d3-d919898638a1
314,Attack Of The Grey Lantern,Mansun,41,https://www.last.fm/music/Mansun/Attack+Of+The+Grey+Lantern,0bfaa532-c7dd-3efb-abf6-2d7c2e80210f,a8be3422-d905-42c9-90b6-90ee45e3e938
315,Walk Among Us,Misfits,41,https://www.last.fm/music/Misfits/Walk+Among+Us,1c3a4b92-e5fa-43c7-b185-516ff74db442,936addc3-91aa-49de-8ec0-0dc186de151f
316,Isn't Anything,my bloody valentine,41,https://www.last.fm/music/my+bloody+valentine/Isn%27t+Anything,0539e981-30a3-44e2-ac90-b1df94c2f878,8ca01f46-53ac-4af2-8516-55a909c0905e
317,Punk in Drublic,NOFX,41,https://www.last.fm/music/NOFX/Punk+in+Drublic,1c4f69ab-7d45-4f6e-ab61-905a508c99d2,dcaa4f81-bfb7-44eb-8594-4e74f004b6e4
318,Beggars Banquet,The Rolling Stones,41,https://www.last.fm/music/The+Rolling+Stones/Beggars+Banquet,12281cc7-d270-4933-8411-adbe0a26a50e,b071f9fa-14b0-4217-8e97-eb41da73f598
319,Rumours,Fleetwood Mac,40,https://www.last.fm/music/Fleetwood+Mac/Rumours,02ac7ce7-4f21-4010-8210-e682085c58ab,bd13909f-1c29-4c27-a874-d4aaf27c5b1a
320,Rocka Rolla,Judas Priest,40,https://www.last.fm/music/Judas+Priest/Rocka+Rolla,03150f30-310b-3090-aaca-83ae9612f532,6b335658-22c8-485d-93de-0bc29a1d0349
321,Black Holes and Revelations,Muse,40,https://www.last.fm/music/Muse/Black+Holes+and+Revelations,2b91931d-477d-31c7-8938-b965e97a0d88,9c9f1380-2516-4fc9-a3e6-f9f61941d090
322,Ram,Paul McCartney,40,https://www.last.fm/music/Paul+McCartney/Ram,,ba550d0e-adac-4864-b88b-407cab5e76af
323,Meddle,Pink Floyd,40,https://www.last.fm/music/Pink+Floyd/Meddle,08323c03-f4fb-4f83-a02a-232a966c99d0,83d91898-7763-47d7-b03b-b92132375c47
324,Are You Experienced?,The Jimi Hendrix Experience,40,https://www.last.fm/music/The+Jimi+Hendrix+Experience/Are+You+Experienced%3F,,33b3c323-77c2-417c-a5b4-af7e6a111cc9
325,City Lights,The WAEVE,40,https://www.last.fm/music/The+WAEVE/City+Lights,d5c51814-9f02-40a9-ad68-c02b1843d866,e6e16ae8-4867-49f4-a877-30ade1ba58cd
326,The WAEVE,The WAEVE,40,https://www.last.fm/music/The+WAEVE/The+WAEVE,,e6e16ae8-4867-49f4-a877-30ade1ba58cd
327,The Ideal Crash,dEUS,39,https://www.last.fm/music/dEUS/The+Ideal+Crash,1e2f2239-22a8-4685-901b-83bd6ef8e12f,f675495f-554e-4919-9675-b3f5bd0b0450
328,Eldorado,Electric Light Orchestra,39,https://www.last.fm/music/Electric+Light+Orchestra/Eldorado,2eb6430c-8de6-44eb-bf1f-128a9ad962cf,0c502791-4ee9-4c5f-9696-0602b721ff3b
329,Avalancha,Héroes del Silencio,39,https://www.last.fm/music/H%C3%A9roes+del+Silencio/Avalancha,0c6ad1aa-be7d-4116-b40e-a709cf35ce3a,4bb712d6-8be9-4c09-810a-eb3bed2be345
330,Malas Compañías,Joaquín Sabina,39,https://www.last.fm/music/Joaqu%C3%ADn+Sabina/Malas+Compa%C3%B1%C3%ADas,262cd31a-7506-4385-8a36-14bed5911168,a992aada-7108-455d-9747-0b7b6a089e8d
331,Here's Little Richard,Little Richard,39,https://www.last.fm/music/Little+Richard/Here%27s+Little+Richard,100ebec0-8497-42bd-b5f8-4d7102d01172,95c2339b-8277-49a6-9aaf-08d8eeeaa0be
332,The Band,The Band,39,https://www.last.fm/music/The+Band/The+Band,1725df50-2a75-4ae6-bc87-03707808137b,0eecc0d9-0197-4819-93dc-83f25c8c7a14
333,Tyrannosaurus Hives,The Hives,39,https://www.last.fm/music/The+Hives/Tyrannosaurus+Hives,2c9c42cc-7a98-4906-a76f-aacdabaccf3e,487bfd74-71bf-46dd-b89c-80b7a0f06f2f
334,Vagabonds of the Western World,Thin Lizzy,39,https://www.last.fm/music/Thin+Lizzy/Vagabonds+of+the+Western+World,2f27b067-f7f1-3097-90e5-a4338f678479,6a726ac6-019e-455c-8bbb-571a77bed52e
335,Achtung Baby,U2,39,https://www.last.fm/music/U2/Achtung+Baby,061b8ef6-f443-390f-8ac6-6dc16709896f,a3cb23fc-acd3-4ce0-8f36-1e5aa6a18432
336,Back in Black,AC/DC,38,https://www.last.fm/music/AC%2FDC/Back+in+Black,0368e093-ac44-40cb-9aef-52da0126807f,66c662b6-6e2f-4930-8610-912e24c63ed1
337,Debut,Björk,38,https://www.last.fm/music/Bj%C3%B6rk/Debut,00b86937-7e64-43fd-b9b4-1e71f626e47c,87c5dedd-371d-4a53-9f7f-80522fb7f3cb
338,Too Low For Zero,Elton John,38,https://www.last.fm/music/Elton+John/Too+Low+For+Zero,1afa37c4-d383-416e-8db4-e550691c6c50,b83bc61f-8451-4a5d-8b8e-7e9ed295e822
339,Ruleta Rusa,Joaquín Sabina,38,https://www.last.fm/music/Joaqu%C3%ADn+Sabina/Ruleta+Rusa,c151998e-6a02-40d2-a173-41e59cccc27d,a992aada-7108-455d-9747-0b7b6a089e8d
340,Second Helping,Lynyrd Skynyrd,38,https://www.last.fm/music/Lynyrd+Skynyrd/Second+Helping,3d988c86-55e9-3099-b3c7-25fe34dbed74,c544ed4d-2390-4442-a83e-1ea2883b09c8
341,18,Moby,38,https://www.last.fm/music/Moby/18,0b998e3a-f763-46ff-b499-5c4b721517ea,8970d868-0723-483b-a75b-51088913d3d4
342,Blur (Special Edition),Blur,37,https://www.last.fm/music/Blur/Blur+(Special+Edition),,ba853904-ae25-4ebb-89d6-c44cfbd71bd2
343,Todos Están Muertos,Ilegales,37,https://www.last.fm/music/Ilegales/Todos+Est%C3%A1n+Muertos,,42b39a3b-e829-4cd4-a775-7070c74f0b3e
344,It's Never Been Like That,Phoenix,37,https://www.last.fm/music/Phoenix/It%27s+Never+Been+Like+That,1fc38ee3-2d1b-3298-978c-35bdeb39bff1,
345,Head Carrier,Pixies,37,https://www.last.fm/music/Pixies/Head+Carrier,9d78f018-3df1-4590-894d-02accf4314e6,b6b2bb8d-54a9-491f-9607-7b546023b433
346,Jazz,Queen,37,https://www.last.fm/music/Queen/Jazz,04fa4243-e37c-479c-ab0e-b981b0be63da,0383dadf-2a4e-4d10-a46a-e9e041da8eb3
347,These People,Richard Ashcroft,37,https://www.last.fm/music/Richard+Ashcroft/These+People,301ac84b-90a8-4a63-9681-38daa8c31a93,2d1d8985-47bc-4244-8cc3-577584e411f6
348,Even in the Quietest Moments...,Supertramp,37,https://www.last.fm/music/Supertramp/Even+in+the+Quietest+Moments...,,d2ff6b6b-fc30-48dc-8952-06f9d8fc64f8
349,A Hard Day's Night,The Beatles,37,https://www.last.fm/music/The+Beatles/A+Hard+Day%27s+Night,0884a16b-7fa3-43c6-9645-6807936a4bc1,b10bbbfc-cf9e-42e0-be17-e2c3e1d2600d
350,Hot Fuss,The Killers,37,https://www.last.fm/music/The+Killers/Hot+Fuss,044ef3c8-6b25-4fac-8f88-5c982df90a72,95e1ead9-4d31-4808-a7ac-32c3614c116b
351,The Smiths,The Smiths,37,https://www.last.fm/music/The+Smiths/The+Smiths,00a0179e-960f-47d1-8795-5e1568126750,40f5d9e4-2de7-4f2d-ad41-e31a9a9fea27
352,Facelift,Alice in Chains,36,https://www.last.fm/music/Alice+in+Chains/Facelift,03d18095-53f4-41a6-b037-1fe910d88c08,4bd95eea-b9f6-4d70-a36c-cfea77431553
353,Parklife (Special Edition),Blur,36,https://www.last.fm/music/Blur/Parklife+(Special+Edition),,ba853904-ae25-4ebb-89d6-c44cfbd71bd2
354,"The Nearer the Fountain, More Pure the Stream Flows",Damon Albarn,36,"https://www.last.fm/music/Damon+Albarn/The+Nearer+the+Fountain,+More+Pure+the+Stream+Flows",00ba31dd-5c09-4b68-a503-93bc615ef1f4,7d7a5fdd-0d04-4c36-8bee-906feeae239c
355,2nd to None,Elvis Presley,36,https://www.last.fm/music/Elvis+Presley/2nd+to+None,,01809552-4f87-45b0-afff-2c6f0730a3be
356,Impuesto Revolucionario,Eskorbuto,36,https://www.last.fm/music/Eskorbuto/Impuesto+Revolucionario,0d2c0e51-7f7e-46f8-b0dd-037141010e0b,fd7432e5-2ec0-4197-a38e-cfc26ef2789c
357,Dressed To Kill,Kiss,36,https://www.last.fm/music/Kiss/Dressed+To+Kill,1913cfdf-60d0-46ad-9cb0-4002f5d8d117,e1f1e33e-2e4c-4d43-b91b-7064068d3283
358,Iron Fist,Motörhead,36,https://www.last.fm/music/Mot%C3%B6rhead/Iron+Fist,29d14b5a-2baa-3b0a-9a47-ad9475994f9f,57961a97-3796-4bf7-9f02-a985a8979ae9
359,Moseley Shoals,Ocean Colour Scene,36,https://www.last.fm/music/Ocean+Colour+Scene/Moseley+Shoals,1850d9fd-efed-4d97-a9c1-3175baecce81,601d793d-7e96-4bb6-b4a6-712d5c926259
360,"Kiss Me, Kiss Me, Kiss Me",The Cure,36,"https://www.last.fm/music/The+Cure/Kiss+Me,+Kiss+Me,+Kiss+Me",03a3acfb-67ee-3353-a3f9-65a1af3a626e,69ee3720-a7cb-4402-b48d-a02c366f2bcf
361,Surfing with the Alien,Joe Satriani,35,https://www.last.fm/music/Joe+Satriani/Surfing+with+the+Alien,05829fbe-085b-4bb3-a7c2-998eca7ba14a,29762c82-bb92-4acd-b1fb-09cc4da250d2
362,Double Fantasy,John Lennon,35,https://www.last.fm/music/John+Lennon/Double+Fantasy,0b3d70a1-4ac3-46b4-b954-1e0b22509582,4d5447d7-c61c-4120-ba1b-d7f471d385b9
363,Horses,Patti Smith,35,https://www.last.fm/music/Patti+Smith/Horses,03ec4287-1d8d-4289-8203-3da49569e9ef,d135874d-9cae-4fef-97e3-36acbd9f5a26
364,Out of Time,R.E.M.,35,https://www.last.fm/music/R.E.M./Out+of+Time,04635060-f2e5-49d7-88c7-39faf09f5c48,ea4dfa26-f633-4da6-a52a-f49ea4897b58
365,Surrender,The Chemical Brothers,35,https://www.last.fm/music/The+Chemical+Brothers/Surrender,0117b17b-7721-49a9-a202-089f8d1b3d42,1946a82a-f927-40c2-8235-38d64f50d043
366,Boys Don't Cry,The Cure,35,https://www.last.fm/music/The+Cure/Boys+Don%27t+Cry,18893349-9294-422c-9674-8d85487a6d2c,69ee3720-a7cb-4402-b48d-a02c366f2bcf
367,Seventeen Seconds,The Cure,35,https://www.last.fm/music/The+Cure/Seventeen+Seconds,10100fe2-5f28-4680-b9cf-3912fe8041c9,69ee3720-a7cb-4402-b48d-a02c366f2bcf
368,The Best of Van Morrison,Van Morrison,35,https://www.last.fm/music/Van+Morrison/The+Best+of+Van+Morrison,164ccd7a-68aa-4aae-b454-192c4ff5c831,a41ac10f-0a56-4672-9161-b83f9b223559
369,Creedence Clearwater Revival,Creedence Clearwater Revival,34,https://www.last.fm/music/Creedence+Clearwater+Revival/Creedence+Clearwater+Revival,08493b11-e45f-4f99-8add-5f469ddf28a3,109958eb-a335-4c5e-907e-597ff4c6af46
370,The Very Best Of Edith Piaf,Édith Piaf,34,https://www.last.fm/music/%C3%89dith+Piaf/The+Very+Best+Of+Edith+Piaf,,4f8ef4a3-40fa-46b5-8773-97686a8424f4
371,The Golden D,Graham Coxon,34,https://www.last.fm/music/Graham+Coxon/The+Golden+D,2bc47086-ccd4-45e0-8b59-441f7b48def1,fb56cc34-2ab1-4621-ac18-9bf2895e5f4f
372,Sanatorio de Muñecos,Hamlet,34,https://www.last.fm/music/Hamlet/Sanatorio+de+Mu%C3%B1ecos,b183021e-4863-4f05-b7f1-37535e0cb8a8,7c42a72d-5838-4397-b751-70b007585b73
373,El ritmo del garage,Loquillo y Trogloditas,34,https://www.last.fm/music/Loquillo+y+Trogloditas/El+ritmo+del+garage,34d2de61-9015-48ea-ac9b-f29ae0a02b11,
374,Ultrasónica,Los Piratas,34,https://www.last.fm/music/Los+Piratas/Ultras%C3%B3nica,0273fa95-8db2-4d31-857e-cc3f761dd5cc,e1283576-51be-498c-ae30-b0c1506e4bd8
375,Rage Against the Machine,Rage Against the Machine,34,https://www.last.fm/music/Rage+Against+the+Machine/Rage+Against+the+Machine,05f8a9f4-2ed6-49b9-8b07-ea62879aa9b5,3798b104-01cb-484c-a3b0-56adc6399b80
376,Righeira,Righeira,34,https://www.last.fm/music/Righeira/Righeira,a148e746-472b-4770-be72-2f3978f67c1e,3e2f3190-45a4-480a-8ab5-61308c002fb2
377,In the City,The Jam,34,https://www.last.fm/music/The+Jam/In+the+City,013b2237-2b33-4ce8-8002-d203a70f2af4,5493b1c7-53f8-4156-a4ee-1eec07bc977b
378,Highly Evolved,The Vines,34,https://www.last.fm/music/The+Vines/Highly+Evolved,1729b0bc-dc6d-47a4-a4d8-0e16a666f372,
379,"Whatever People Say I Am, That's What I'm Not",Arctic Monkeys,33,"https://www.last.fm/music/Arctic+Monkeys/Whatever+People+Say+I+Am,+That%27s+What+I%27m+Not",37f0c94a-12bc-4371-bb35-790003c32a75,ada7a83c-e3e1-40f1-93f9-3e73dbc9298a
380,Larga Vida Al Rock and Roll,Barón Rojo,33,https://www.last.fm/music/Bar%C3%B3n+Rojo/Larga+Vida+Al+Rock+and+Roll,55b1b90c-bbf1-4204-8381-16f84a1a8e64,fae59483-47cf-4499-aa30-f07c120983dd
381,Mr. Natural,Bee Gees,33,https://www.last.fm/music/Bee+Gees/Mr.+Natural,0a0e1f55-6309-38b0-841e-4b81ae13c2a4,bf0f7e29-dfe1-416c-b5c6-f9ebc19ea810
382,Nuevas mezclas,El Último de la Fila,33,https://www.last.fm/music/El+%C3%9Altimo+de+la+Fila/Nuevas+mezclas,af22af04-1832-4119-ae4f-b709b0bc52a4,a8b6eecf-1bad-465e-a806-4179c4e436e6
383,Somos unos Animales,Extremoduro,33,https://www.last.fm/music/Extremoduro/Somos+unos+Animales,1937a3e4-16ca-4636-acdc-e6b95feba3ca,f59163ba-1a7a-4349-b0fd-fb9582ebe333
384,A+E,Graham Coxon,33,https://www.last.fm/music/Graham+Coxon/A%252BE,71a5d4fc-893a-4233-a4a4-5adcfbd5e871,fb56cc34-2ab1-4621-ac18-9bf2895e5f4f
385,Life,Inspiral Carpets,33,https://www.last.fm/music/Inspiral+Carpets/Life,185d3077-b10a-4fa0-ad1e-46cf34c3dd02,03c2e506-e8bb-4bd6-9693-5aa97c8eea1c
386,Synkronized,Jamiroquai,33,https://www.last.fm/music/Jamiroquai/Synkronized,2ab9c2ba-8026-4f80-ae12-56450b1165fb,f4857fb9-e255-4dc6-bd01-e4ca7cc68544
387,Myths of the Near Future,Klaxons,33,https://www.last.fm/music/Klaxons/Myths+of+the+Near+Future,03e975c9-58e5-34df-bb99-c9087b7f8e2c,63011a8d-0117-4f7e-9991-1ef1f337ff70
388,Mezzanine,Massive Attack,33,https://www.last.fm/music/Massive+Attack/Mezzanine,0d33ef7a-1f5d-4365-b807-b412271b99c3,10adbe5e-a2c0-4bf3-8249-2b4cbf6e6ca8
389,Play,Moby,33,https://www.last.fm/music/Moby/Play,025d4f1a-2e0a-3e0e-9808-f91f77340cf4,8970d868-0723-483b-a75b-51088913d3d4
390,Origin of Symmetry,Muse,33,https://www.last.fm/music/Muse/Origin+of+Symmetry,1cc29145-b0e4-47bf-8bda-a1edef67dd1d,9c9f1380-2516-4fc9-a3e6-f9f61941d090
391,Player,Player,33,https://www.last.fm/music/Player/Player,3c4bb0d5-9ff6-42f1-927f-83d8eb6c9cfb,7ad4ef1c-4f82-4755-a74b-94cd3096d221
392,Dummy,Portishead,33,https://www.last.fm/music/Portishead/Dummy,00163fb1-5ab7-4fec-b0dd-a915e2722340,8f6bd1e4-fbe1-4f50-aa9b-94c450ec0f11
393,Amnesiac,Radiohead,33,https://www.last.fm/music/Radiohead/Amnesiac,0762fd5f-99f2-4501-8b4b-c294e09f90db,a74b1b7f-71a5-4011-9441-d0b5e4122711
394,Antidepressants,Suede,33,https://www.last.fm/music/Suede/Antidepressants,63ca7d4e-0853-4c67-a976-084956cc1d72,
395,Elephant,The White Stripes,33,https://www.last.fm/music/The+White+Stripes/Elephant,19049fc3-36ed-43c1-a3e3-7e98d9966364,11ae9fbb-f3d7-4a47-936f-4c0a04d3b3b5
396,The Joshua Tree,U2,33,https://www.last.fm/music/U2/The+Joshua+Tree,01e24fc2-2e8a-47ab-830f-f42c4f160adf,a3cb23fc-acd3-4ce0-8f36-1e5aa6a18432
397,Paranoid,Black Sabbath,32,https://www.last.fm/music/Black+Sabbath/Paranoid,08c82ac5-257c-4f4b-bcc7-2ae448da284e,5182c1d9-c7d2-4dad-afa0-ccfeada921a8
398,All The People... Blur: Live In Hyde Park 02/07/2009,Blur,32,https://www.last.fm/music/Blur/All+The+People...+Blur:+Live+In+Hyde+Park+02%2F07%2F2009,,
399,Leisure (Special Edition),Blur,32,https://www.last.fm/music/Blur/Leisure+(Special+Edition),,ba853904-ae25-4ebb-89d6-c44cfbd71bd2
400,Live At The Budokan,Blur,32,https://www.last.fm/music/Blur/Live+At+The+Budokan,7b98c665-62c2-43a6-86fb-a13fad3629a7,ba853904-ae25-4ebb-89d6-c44cfbd71bd2
401,On the Third Day,Electric Light Orchestra,32,https://www.last.fm/music/Electric+Light+Orchestra/On+the+Third+Day,080b365c-33aa-3f77-b260-ea339cc0982d,0c502791-4ee9-4c5f-9696-0602b721ff3b
402,Antidotes,Foals,32,https://www.last.fm/music/Foals/Antidotes,064cb424-242e-47ab-a57e-6883e1404d03,6a65d878-fcd0-42cf-aff9-ca1d636a8bcc
403,There Is Nothing Left to Lose,Foo Fighters,32,https://www.last.fm/music/Foo+Fighters/There+Is+Nothing+Left+to+Lose,12b54c44-8e71-4cda-9bb2-937fe3faa85d,67f66c07-6e61-4026-ade5-7e782fad3a5d
404,Appetite for Destruction,Guns N' Roses,32,https://www.last.fm/music/Guns+N%27+Roses/Appetite+for+Destruction,02729c7a-c708-37b7-9b1a-072f13dba960,eeb1195b-f213-4ce1-b28c-8565211f8e43
405,Patente De Corso,Jaime Urrutia,32,https://www.last.fm/music/Jaime+Urrutia/Patente+De+Corso,baa74c27-2dcc-4566-a36c-65230be2ab29,fce05c7c-af64-4a28-b8e3-da0a5e9c5839
406,Vulgar Display of Power,Pantera,32,https://www.last.fm/music/Pantera/Vulgar+Display+of+Power,1c566584-53c1-4bcd-8e3f-b2bac771864d,541f16f5-ad7a-428e-af89-9fa1b16d3c9c
407,Indie Cindy,Pixies,32,https://www.last.fm/music/Pixies/Indie+Cindy,01eb5a4b-6c88-41b4-8d71-5e0d200562ea,b6b2bb8d-54a9-491f-9607-7b546023b433
408,A Day at the Races,Queen,32,https://www.last.fm/music/Queen/A+Day+at+the+Races,06d04c11-b33c-468e-baa6-bac09691afca,0383dadf-2a4e-4d10-a46a-e9e041da8eb3
409,Rated R,Queens of the Stone Age,32,https://www.last.fm/music/Queens+of+the+Stone+Age/Rated+R,11316292-dda6-4465-863a-a82c40e6a6fd,7dc8f5bd-9d0b-4087-9f73-dc164950bbd8
410,El fin de la década,Burning,31,https://www.last.fm/music/Burning/El+fin+de+la+d%C3%A9cada,,71992e0c-8e7a-44e3-b66a-9c0a6c281241
411,Waterloo To Anywhere,Dirty Pretty Things,31,https://www.last.fm/music/Dirty+Pretty+Things/Waterloo+To+Anywhere,1a4e4428-d4de-328d-afe2-c734399391c7,648615ca-ca74-460d-928a-2bae67ae6d14
412,Franz Ferdinand,Franz Ferdinand,31,https://www.last.fm/music/Franz+Ferdinand/Franz+Ferdinand,1755aa40-6c51-4b27-82bd-bb3bb54f33f7,aa7a2827-f74b-473c-bd79-03d065835cf7
413,Al calor del amor en un bar,Gabinete Caligari,31,https://www.last.fm/music/Gabinete+Caligari/Al+calor+del+amor+en+un+bar,147cab0b-8852-4a02-9937-2876486c163a,aa179aa4-5bfc-4814-b113-a6476fe26cbc
414,Esta Vida Me Va A Matar,Los Suaves,31,https://www.last.fm/music/Los+Suaves/Esta+Vida+Me+Va+A+Matar,32f2fe64-5ba5-4642-a2a8-ef8405ba97f4,69747c42-016c-4705-9a9c-a411cd859b46
415,Showbiz,Muse,31,https://www.last.fm/music/Muse/Showbiz,03cc4f49-e3f9-4bdc-9964-0cebfbba3360,9c9f1380-2516-4fc9-a3e6-f9f61941d090
416,Bleach,Nirvana,31,https://www.last.fm/music/Nirvana/Bleach,02b23593-ad18-4c8c-b30a-5c96b4796289,
417,Wish You Were Here,Pink Floyd,31,https://www.last.fm/music/Pink+Floyd/Wish+You+Were+Here,0c71d593-14a3-4136-a3d0-b1c72e998e56,83d91898-7763-47d7-b03b-b92132375c47
418,Music for the Jilted Generation,The Prodigy,31,https://www.last.fm/music/The+Prodigy/Music+for+the+Jilted+Generation,0d28cabb-f70d-48e5-b468-aa1fafa18b82,4a4ee089-93b1-4470-af9a-6ff575d32704
419,After-Math,The Rolling Stones,31,https://www.last.fm/music/The+Rolling+Stones/After-Math,,
420,Vampire Weekend,Vampire Weekend,31,https://www.last.fm/music/Vampire+Weekend/Vampire+Weekend,1884d632-23db-4a5a-bc0e-f57fa0f27405,af37c51c-0790-4a29-b995-456f98a6b8c9
421,Homework,Daft Punk,30,https://www.last.fm/music/Daft+Punk/Homework,2fdcc2d7-50b9-4b27-8262-8cf9e31aaa4d,
422,Radio Songs,Dave Rowntree,30,https://www.last.fm/music/Dave+Rowntree/Radio+Songs,,6fca9aa3-8e72-40c0-bac9-7c4b73c9786e
423,Rock Transgresivo,Extremoduro,30,https://www.last.fm/music/Extremoduro/Rock+Transgresivo,3567d70c-612e-4cfd-b105-3059ef2e32e2,f59163ba-1a7a-4349-b0fd-fb9582ebe333
424,Ladies And Gentlemen... The Best Of George Michael,George Michael,30,https://www.last.fm/music/George+Michael/Ladies+And+Gentlemen...+The+Best+Of+George+Michael,,ccb8f30e-4d71-40c4-8b1d-846dafe73e2c
425,Grace,Jeff Buckley,30,https://www.last.fm/music/Jeff+Buckley/Grace,1964ad07-cf2b-3508-88d7-fc96e7bb0803,e6e879c0-3d56-4f12-b3c5-3ce459661a8e
426,El Hombre del Traje Gris,Joaquín Sabina,30,https://www.last.fm/music/Joaqu%C3%ADn+Sabina/El+Hombre+del+Traje+Gris,25bf7940-8261-4785-8dfa-cffcd777bddf,a992aada-7108-455d-9747-0b7b6a089e8d
427,Greatest Hits,Joe Cocker,30,https://www.last.fm/music/Joe+Cocker/Greatest+Hits,01f36860-c981-4bc2-8a56-bf939ec0993f,32f2d6bd-c22b-42cf-a7bc-0c4b48cd2bcb
428,Painkiller,Judas Priest,30,https://www.last.fm/music/Judas+Priest/Painkiller,0daa8e98-dbe3-49ef-88de-df55bde8514d,6b335658-22c8-485d-93de-0bc29a1d0349
429,30 Años De Éxitos,Los Toreros Muertos,30,https://www.last.fm/music/Los+Toreros+Muertos/30+A%C3%B1os+De+%C3%89xitos,,49608d4c-f37b-4048-a865-de391a72083b
430,Automatic for the People,R.E.M.,30,https://www.last.fm/music/R.E.M./Automatic+for+the+People,0712fd61-a60e-42b8-ae88-d96f4f834d17,ea4dfa26-f633-4da6-a52a-f49ea4897b58
431,Sehnsucht,Rammstein,30,https://www.last.fm/music/Rammstein/Sehnsucht,1600f0f3-28c5-45ec-8600-32bf37d57eef,b2d122f9-eadb-4930-a196-8f221eeb0c66
432,The It Girl,Sleeper,30,https://www.last.fm/music/Sleeper/The+It+Girl,4a29d047-010d-4f63-85ee-7551eb8581fe,
433,Grease,Soundtrack,30,https://www.last.fm/music/Soundtrack/Grease,,
434,A Short Cut To Teenage Fanclub,Teenage Fanclub,30,https://www.last.fm/music/Teenage+Fanclub/A+Short+Cut+To+Teenage+Fanclub,,
435,Three Imaginary Boys,The Cure,30,https://www.last.fm/music/The+Cure/Three+Imaginary+Boys,2207aa68-71c6-3371-986f-0d56ab63de56,69ee3720-a7cb-4402-b48d-a02c366f2bcf
436,Absolutely Live,The Doors,30,https://www.last.fm/music/The+Doors/Absolutely+Live,09e1cd39-ee32-4f9b-bdd2-db022896f06c,9efff43b-3b29-4082-824e-bc82f646f93d
437,Spirits Having Flown,Bee Gees,29,https://www.last.fm/music/Bee+Gees/Spirits+Having+Flown,1903abc0-8273-48dd-ac40-5c5c7ce25804,bf0f7e29-dfe1-416c-b5c6-f9ebc19ea810
438,Best of,Blur,29,https://www.last.fm/music/Blur/Best+of,22a85ab2-592c-40c7-8658-e145a211f851,ba853904-ae25-4ebb-89d6-c44cfbd71bd2
439,The Best Of Chet Baker,Chet Baker,29,https://www.last.fm/music/Chet+Baker/The+Best+Of+Chet+Baker,942806b2-1a28-49e3-b79e-c4f65057c7c6,1ba1d493-7114-45e2-b163-a36d49a0c065
440,Use Your Brain,Clawfinger,29,https://www.last.fm/music/Clawfinger/Use+Your+Brain,3a0565bf-1419-34a9-8bbf-98b72d679e30,f16d25c6-556f-42f9-b648-5f48a8f96ec2
441,Disraeli Gears,Cream,29,https://www.last.fm/music/Cream/Disraeli+Gears,0af62ed3-25fb-4a3f-9663-a5614cc3f365,bd0e8d27-f217-45ee-935a-7e8087a1a0cd
442,Face the Music,Electric Light Orchestra,29,https://www.last.fm/music/Electric+Light+Orchestra/Face+the+Music,08063b3a-c7d4-44f9-a0e5-fca67e8165d1,0c502791-4ee9-4c5f-9696-0602b721ff3b
443,Strangers in the Night,Frank Sinatra,29,https://www.last.fm/music/Frank+Sinatra/Strangers+in+the+Night,09e49b6f-a621-4ba8-9f22-83ffa66d6133,197450cd-0124-4164-b723-3c22dd16494d
444,D-Sides CD1,Gorillaz,29,https://www.last.fm/music/Gorillaz/D-Sides+CD1,,
445,Growing Up in Public,Lou Reed,29,https://www.last.fm/music/Lou+Reed/Growing+Up+in+Public,45aaa54c-d982-3ddd-b444-8c74ca705469,9d1ebcfe-4c15-4d18-95d3-d919898638a1
446,Screamadelica,Primal Scream,29,https://www.last.fm/music/Primal+Scream/Screamadelica,11c68c9c-618e-4572-b70d-7418b85c6ad1,55704c38-224f-4b75-b29f-d43653f8bc9a
447,His 'n' Hers (Bonus Disc),Pulp,29,https://www.last.fm/music/Pulp/His+%27n%27+Hers+(Bonus+Disc),,
448,The Slider,T. Rex,29,https://www.last.fm/music/T.+Rex/The+Slider,0b921e23-e6f7-47ed-b499-b6ae7b333683,c842d29f-a297-48cd-bb71-4f77fd672b16
449,Siamese Dream,The Smashing Pumpkins,29,https://www.last.fm/music/The+Smashing+Pumpkins/Siamese+Dream,0dcb4610-006e-35a3-8575-3fee0fa1bb83,ba0d6274-db14-4ef5-b28d-657ebde1a396
450,Funeral,Arcade Fire,28,https://www.last.fm/music/Arcade+Fire/Funeral,03b85a26-fadd-3441-ad4e-064fbd7d41a6,52074ba6-e495-4ef3-9bb4-0703888a9f68
451,Mutations,Beck,28,https://www.last.fm/music/Beck/Mutations,0749337e-0e0a-42db-8f59-2223130544a8,
452,A Different Kind of Tension,Buzzcocks,28,https://www.last.fm/music/Buzzcocks/A+Different+Kind+of+Tension,69b40451-61c1-4aac-9b2f-ea409f42501b,31e9c35b-2675-4632-8596-f9bd9286f6c8
453,Alzheimer,Def con Dos,28,https://www.last.fm/music/Def+con+Dos/Alzheimer,25ca92c5-a799-4ca1-9dd1-f6151fc5c1f3,677002d6-385c-4c8a-8dc5-9d68d514a32f
454,King for a Day... Fool for a Lifetime,Faith No More,28,https://www.last.fm/music/Faith+No+More/King+for+a+Day...+Fool+for+a+Lifetime,86c4cb8d-a7ec-4137-b2af-a9c449267562,b15ebd71-a252-417d-9e1c-3e6863da68f8
455,Back To Front,Gilbert O'Sullivan,28,https://www.last.fm/music/Gilbert+O%27Sullivan/Back+To+Front,1dabcb27-5a92-4b94-a01e-4ec8fe9cf02b,215394ba-3d0c-4b57-b284-ec5bb4a5ad25
456,Our Love to Admire,Interpol,28,https://www.last.fm/music/Interpol/Our+Love+to+Admire,0ebf0f13-072e-33cd-9a25-17ed74c50da3,
457,Stand Up,Jethro Tull,28,https://www.last.fm/music/Jethro+Tull/Stand+Up,05821285-7e80-438b-b3ec-b5d2c05bbec4,ece57992-dc2e-4f67-a269-fa43626c1a3d
458,Sin Documentos,Los Rodríguez,28,https://www.last.fm/music/Los+Rodr%C3%ADguez/Sin+Documentos,46f67e6e-032f-4c99-9701-8ca941d0aaec,af84ee9f-534a-4f7f-844b-188ba1c47e87
459,Rust In Peace,Megadeth,28,https://www.last.fm/music/Megadeth/Rust+In+Peace,1bf9d702-23ef-446f-8073-0989afe67837,a9044915-8be3-4c7e-b11f-9e2d2ea0a91e
460,¿Donde jugarán las niñas?,Molotov,28,https://www.last.fm/music/Molotov/%C2%BFDonde+jugar%C3%A1n+las+ni%C3%B1as%3F,,
461,A Tientas y Barrancas,Rosendo,28,https://www.last.fm/music/Rosendo/A+Tientas+y+Barrancas,59925490-4a71-44ca-87fa-c5cae88d8149,4c7e8420-1ed6-4878-8b86-70bdd3ee5803
462,The Coral,The Coral,28,https://www.last.fm/music/The+Coral/The+Coral,5040578f-4324-4f97-823d-5fb520d77547,3b1c66fb-98ad-417f-b01e-49baf37f06a3
463,Neon Bible,Arcade Fire,27,https://www.last.fm/music/Arcade+Fire/Neon+Bible,195cd38b-3dc3-3290-8a13-22158107de56,52074ba6-e495-4ef3-9bb4-0703888a9f68
464,Suck It and See,Arctic Monkeys,27,https://www.last.fm/music/Arctic+Monkeys/Suck+It+and+See,02f471f1-bafc-4d1c-aead-f4c5d0e2032a,ada7a83c-e3e1-40f1-93f9-3e73dbc9298a
465,Station to Station,David Bowie,27,https://www.last.fm/music/David+Bowie/Station+to+Station,0d00f4ac-2bbe-4b33-bdaf-5667ea9afae8,5441c29d-3602-4898-b1a1-b77fa23b8e50
466,Communiqué,Dire Straits,27,https://www.last.fm/music/Dire+Straits/Communiqu%C3%A9,09073c92-c9d1-497f-99b4-d483c1541509,614e3804-7d34-41ba-857f-811bad7c2b7a
467,Metropolis Pt. 2: Scenes From a Memory,Dream Theater,27,https://www.last.fm/music/Dream+Theater/Metropolis+Pt.+2:+Scenes+From+a+Memory,,28503ab7-8bf2-4666-a7bd-2644bfc7cb1d
468,On,Echobelly,27,https://www.last.fm/music/Echobelly/On,98db8a46-ab43-4db8-9e6e-6ce3ae38f363,9a1e8414-d32a-4058-bab0-c1b36934d39e
469,Once Upon a Time in the West,Hard-Fi,27,https://www.last.fm/music/Hard-Fi/Once+Upon+a+Time+in+the+West,3a5c0d26-90b6-4461-b87d-1189b710b585,
470,Employment,Kaiser Chiefs,27,https://www.last.fm/music/Kaiser+Chiefs/Employment,0f265801-a45e-4890-9bcf-8bbd8c1733a1,90218af4-4d58-4821-8d41-2ee295ebbe21
471,Too Fast for Love,Mötley Crüe,27,https://www.last.fm/music/M%C3%B6tley+Cr%C3%BCe/Too+Fast+for+Love,13537245-7257-43a5-9ce2-981651761c39,26f07661-e115-471d-a930-206f5c89d17c
472,A Kind of Magic,Queen,27,https://www.last.fm/music/Queen/A+Kind+of+Magic,0abdce0b-1e88-4439-bd91-e64487d6a65a,0383dadf-2a4e-4d10-a46a-e9e041da8eb3
473,Fuera De Lugar,Rosendo,27,https://www.last.fm/music/Rosendo/Fuera+De+Lugar,ac1d740a-c1ca-4c74-80ea-f211da3c00cd,4c7e8420-1ed6-4878-8b86-70bdd3ee5803
474,The Kink Kontroversy,The Kinks,27,https://www.last.fm/music/The+Kinks/The+Kink+Kontroversy,0843851b-b08d-48ca-be00-b44a0b2d644b,
475,Meat Is Murder,The Smiths,27,https://www.last.fm/music/The+Smiths/Meat+Is+Murder,109b0311-688f-49a1-8ba7-338d40ee2215,40f5d9e4-2de7-4f2d-ad41-e31a9a9fea27
476,My Generation,The Who,27,https://www.last.fm/music/The+Who/My+Generation,025bafc6-a560-4443-8710-9d62e52e0110,9fdaa16b-a6c4-4831-b87c-bc9ca8ce7eaa
477,White Music,XTC,27,https://www.last.fm/music/XTC/White+Music,04dc44a8-7078-3f0d-be66-7a44b3a9c08f,
478,Main Course,Bee Gees,26,https://www.last.fm/music/Bee+Gees/Main+Course,2b8d342c-409e-3f24-857d-58a2882d80ca,bf0f7e29-dfe1-416c-b5c6-f9ebc19ea810
479,Black Sabbath,Black Sabbath,26,https://www.last.fm/music/Black+Sabbath/Black+Sabbath,069dc077-63e4-3ee8-903b-0dd53cf555bf,5182c1d9-c7d2-4dad-afa0-ccfeada921a8
480,Crystal Castles III,Crystal Castles,26,https://www.last.fm/music/Crystal+Castles/Crystal+Castles+III,,
481,Rio,Duran Duran,26,https://www.last.fm/music/Duran+Duran/Rio,04f65023-13b4-331f-83e5-3de17ef42b38,1a1cd7f3-e5df-4eca-bae2-2757c9e656b5
482,Crocodiles,Echo & the Bunnymen,26,https://www.last.fm/music/Echo+&+the+Bunnymen/Crocodiles,10b48e66-a984-4570-b0d0-bb5499e708eb,ccd4879c-5e88-4385-b131-bf65296bf245
483,Warning,Green Day,26,https://www.last.fm/music/Green+Day/Warning,8ed4af7a-e4e0-4430-9549-553b5f98eb6e,084308bd-1654-436f-ba03-df6697104e19
484,Regreso Al Sexo Químicamente Puro,Ilegales,26,https://www.last.fm/music/Ilegales/Regreso+Al+Sexo+Qu%C3%ADmicamente+Puro,a3e75ad0-af0e-4f83-895b-423559c47361,42b39a3b-e829-4cd4-a775-7070c74f0b3e
485,Because of the Times,Kings of Leon,26,https://www.last.fm/music/Kings+of+Leon/Because+of+the+Times,2db84397-17ab-451a-ad9f-d4492e32bf8e,6ffb8ea9-2370-44d8-b678-e9237bbd347b
486,Kiss,Kiss,26,https://www.last.fm/music/Kiss/Kiss,2353d439-70d0-404b-8543-5f866f55fbb0,e1f1e33e-2e4c-4d43-b91b-7064068d3283
487,The Firstborn Is Dead,Nick Cave & the Bad Seeds,26,https://www.last.fm/music/Nick+Cave+&+the+Bad+Seeds/The+Firstborn+Is+Dead,097a76fa-4dcb-4d2e-9ad2-80dee655e1c9,172e1f1a-504d-4488-b053-6344ba63e6d0
488,Chasing Yesterday,Noel Gallagher's High Flying Birds,26,https://www.last.fm/music/Noel+Gallagher%27s+High+Flying+Birds/Chasing+Yesterday,022f5fa6-1bcb-421d-b8ab-c2bb9fa73230,d5f54887-117b-42a1-9aee-8780b84ebaba
489,Sheer Heart Attack,Queen,26,https://www.last.fm/music/Queen/Sheer+Heart+Attack,09d8873e-5f3c-35ef-a57e-76ab5a9fc9f6,0383dadf-2a4e-4d10-a46a-e9e041da8eb3
490,Rocket to Russia,Ramones,26,https://www.last.fm/music/Ramones/Rocket+to+Russia,10587d8a-1e9f-43d7-83eb-6b86d258cda4,d6ed7887-a401-47a8-893c-34b967444d26
491,Mother's Milk,Red Hot Chili Peppers,26,https://www.last.fm/music/Red+Hot+Chili+Peppers/Mother%27s+Milk,117727ff-850f-4e7e-afd4-0bb95739eb41,8bfac288-ccc5-448d-9573-c33ea2aa5c30
492,Rocket Juice & the Moon,Rocket Juice & The Moon,26,https://www.last.fm/music/Rocket+Juice+&+The+Moon/Rocket+Juice+&+the+Moon,7de318b2-a34e-4da1-b989-b3182e128b81,6dd0c24f-da12-49e6-b27e-4f98500c357f
493,Ogden's Nut Gone Flake,Small Faces,26,https://www.last.fm/music/Small+Faces/Ogden%27s+Nut+Gone+Flake,2b476899-9959-424d-ab50-06392fdbdde3,7771a68c-ef6a-400f-978d-64050d45a54c
494,Beatles for Sale,The Beatles,26,https://www.last.fm/music/The+Beatles/Beatles+for+Sale,02e51dac-b0be-3de7-8465-02d0bcd409c3,b10bbbfc-cf9e-42e0-be17-e2c3e1d2600d
495,Songs The Lord Taught Us,The Cramps,26,https://www.last.fm/music/The+Cramps/Songs+The+Lord+Taught+Us,61c09eda-6a82-3d04-b9a8-6c04b1da0a65,96c1edac-1011-4cb8-882c-27248de35071
496,Smash,The Offspring,26,https://www.last.fm/music/The+Offspring/Smash,021b8436-4c5f-3aa0-ac08-3ebf6470ada3,23a03e33-a603-404e-bcbf-2c00159d7067
497,Pizza Pop,Australian Blonde,25,https://www.last.fm/music/Australian+Blonde/Pizza+Pop,45b65d8a-7bae-4b86-bbdd-2fdc9e5a2b85,f8569f1a-ee2c-4d6d-b6b7-47f7156fc06c
498,In the Flat Field,Bauhaus,25,https://www.last.fm/music/Bauhaus/In+the+Flat+Field,137b2769-488e-4a3b-961a-2ea50f8ab067,
499,Saturday Night Fever: The Original Movie Sound Track,Bee Gees,25,https://www.last.fm/music/Bee+Gees/Saturday+Night+Fever:+The+Original+Movie+Sound+Track,,
500,The River,Bruce Springsteen,25,https://www.last.fm/music/Bruce+Springsteen/The+River,0a85f35f-aa2d-4ecf-84f7-b2fb6903838c,70248960-cb53-4ea4-943a-edb18f7d336f
501,3 Feet High and Rising,De La Soul,25,https://www.last.fm/music/De+La+Soul/3+Feet+High+and+Rising,08ffad75-2c74-3825-bbee-22a8ae1ae0b1,a8ebde98-7e91-46c7-992c-90039ba42017
502,Estopa,Estopa,25,https://www.last.fm/music/Estopa/Estopa,38e4864f-a608-43ca-8074-e781ae55309e,49fc7e46-5441-4b7e-996a-12dddf22a632
503,Tonight: Franz Ferdinand,Franz Ferdinand,25,https://www.last.fm/music/Franz+Ferdinand/Tonight:+Franz+Ferdinand,29f33738-d841-4f9c-9e8d-8179f936621c,aa7a2827-f74b-473c-bd79-03d065835cf7
504,Sketches of Spain,Miles Davis,25,https://www.last.fm/music/Miles+Davis/Sketches+of+Spain,08f87d0e-2b71-4538-ae25-4bc0e1cbcc53,561d854a-6a28-4aa7-8c99-323e6ce46c2a
505,Low-Life,New Order,25,https://www.last.fm/music/New+Order/Low-Life,2c103bff-9393-458e-8d65-e2e75539aab2,f1106b17-dcbb-45f6-b938-199ccfab50cc
506,Noel Gallagher's High Flying Birds,Noel Gallagher,25,https://www.last.fm/music/Noel+Gallagher/Noel+Gallagher%27s+High+Flying+Birds,,
507,Grabaciones Completas 1981-1983,Parálisis Permanente,25,https://www.last.fm/music/Par%C3%A1lisis+Permanente/Grabaciones+Completas+1981-1983,4c449c6a-e65b-44de-b47c-65d031ecbf74,8b4d7237-5ec8-4201-a702-4b95819d3890
508,Muy Deficiente,Platero Y Tu,25,https://www.last.fm/music/Platero+Y+Tu/Muy+Deficiente,,
509,Música moderna,Radio Futura,25,https://www.last.fm/music/Radio+Futura/M%C3%BAsica+moderna,,f7616ee5-bad8-45c9-986f-0cf47d4407df
510,Remain in Light,Talking Heads,25,https://www.last.fm/music/Talking+Heads/Remain+in+Light,00517844-0d4a-4cb3-afa8-d117607a1d9c,a94a7155-c79d-4409-9fcf-220cb0e4dc3a
511,Wake Up!,The Boo Radleys,25,https://www.last.fm/music/The+Boo+Radleys/Wake+Up!,1dab48e4-c678-46d9-a3a6-0e6270d53da1,1b5189d8-28fd-4c97-a04a-37c49b1ccfa6
512,Yoshimi Battles the Pink Robots,The Flaming Lips,25,https://www.last.fm/music/The+Flaming+Lips/Yoshimi+Battles+the+Pink+Robots,0a3b65fb-b4dc-411c-b448-d89851ed7c12,1f43d76f-8edf-44f6-aaf1-b65f05ad9402
513,Experience,The Prodigy,25,https://www.last.fm/music/The+Prodigy/Experience,17a02102-7611-464c-ab14-6fe8beaf6249,4a4ee089-93b1-4470-af9a-6ff575d32704
514,Enter the Wu-Tang (36 Chambers),Wu-Tang Clan,25,https://www.last.fm/music/Wu-Tang+Clan/Enter+the+Wu-Tang+(36+Chambers),ac4714c8-28e4-47c0-adbf-fd982fb45768,
515,Among the Living,Anthrax,24,https://www.last.fm/music/Anthrax/Among+the+Living,153fb797-e867-4f00-a79f-2475366bfe08,
516,Volumen Brutal,Barón Rojo,24,https://www.last.fm/music/Bar%C3%B3n+Rojo/Volumen+Brutal,28579258-4a5f-4df8-9244-bb8530268566,fae59483-47cf-4499-aa30-f07c120983dd
517,The Sky's Gone Out,Bauhaus,24,https://www.last.fm/music/Bauhaus/The+Sky%27s+Gone+Out,20f7a557-2674-4b34-be1d-f983711b0df8,
518,Dire Straits,Dire Straits,24,https://www.last.fm/music/Dire+Straits/Dire+Straits,042c6863-97ea-47f9-a6f7-b11ba98cc932,614e3804-7d34-41ba-857f-811bad7c2b7a
519,Tumbleweed Connection,Elton John,24,https://www.last.fm/music/Elton+John/Tumbleweed+Connection,00205777-3686-4271-a038-f0aaaec785bb,b83bc61f-8451-4a5d-8b8e-7e9ed295e822
520,From Here to Eternity,Giorgio Moroder,24,https://www.last.fm/music/Giorgio+Moroder/From+Here+to+Eternity,0f301cb7-d3f7-40bc-9b28-459ba50c58a8,38dd6337-19ae-4793-ab4b-313eff523457
521,Crow Sit on Blood Tree,Graham Coxon,24,https://www.last.fm/music/Graham+Coxon/Crow+Sit+on+Blood+Tree,16e476e6-e330-3edb-8e17-0e27ff923a72,fb56cc34-2ab1-4621-ac18-9bf2895e5f4f
522,Chicos Pálidos Para La Máquina,Ilegales,24,https://www.last.fm/music/Ilegales/Chicos+P%C3%A1lidos+Para+La+M%C3%A1quina,9e46aa1c-a326-4cd8-ab44-a45eca9eb9a2,42b39a3b-e829-4cd4-a775-7070c74f0b3e
523,The Number of the Beast,Iron Maiden,24,https://www.last.fm/music/Iron+Maiden/The+Number+of+the+Beast,0cea1780-d3ca-30a7-909d-6abcd7ee6a9b,
524,"I Got Dem Ol' Kozmic Blues Again, Mama",Janis Joplin,24,"https://www.last.fm/music/Janis+Joplin/I+Got+Dem+Ol%27+Kozmic+Blues+Again,+Mama",,
525,Surfing the Void,Klaxons,24,https://www.last.fm/music/Klaxons/Surfing+the+Void,0671f7ae-0820-34d9-877a-e4d84f11c516,63011a8d-0117-4f7e-9991-1ef1f337ff70
526,Generation Terrorists,Manic Street Preachers,24,https://www.last.fm/music/Manic+Street+Preachers/Generation+Terrorists,0da22282-ed68-4653-a43f-9e07f13fc1b3,32efea44-6cb5-4b4f-bdaa-c8b8f6cef981
527,Countdown to Extinction,Megadeth,24,https://www.last.fm/music/Megadeth/Countdown+to+Extinction,10814779-b80b-3509-8e79-fe6839ebb558,a9044915-8be3-4c7e-b11f-9e2d2ea0a91e
528,"Stories From the City, Stories From the Sea",PJ Harvey,24,"https://www.last.fm/music/PJ+Harvey/Stories+From+the+City,+Stories+From+the+Sea",1e9f36a7-074e-4a84-a6b2-c3ff82d7d1e1,e795e03d-b5d5-4a5f-834d-162cfb308a2c
529,The Best of Talking Heads,Talking Heads,24,https://www.last.fm/music/Talking+Heads/The+Best+of+Talking+Heads,1ae3c398-ee21-4cc1-b13a-3fadaf37d958,a94a7155-c79d-4409-9fcf-220cb0e4dc3a
530,Marquee Moon,Television,24,https://www.last.fm/music/Television/Marquee+Moon,10a0d261-5d9b-3259-9d31-db3b47d446c2,490bde43-5edb-4a93-b3b3-7a0465fd8909
531,Volcano,Temples,24,https://www.last.fm/music/Temples/Volcano,9acd57ae-26f7-4f02-a3c4-0f9072404a67,1916fc94-bf9c-4ba2-90b0-22ebb5444d57
532,Dig Your Own Hole,The Chemical Brothers,24,https://www.last.fm/music/The+Chemical+Brothers/Dig+Your+Own+Hole,4061d49b-cfd7-4f91-a3cf-e4b05b05cb83,1946a82a-f927-40c2-8235-38d64f50d043
533,Faith,The Cure,24,https://www.last.fm/music/The+Cure/Faith,0b4ab1bb-c382-349e-af18-592e702c6bc6,69ee3720-a7cb-4402-b48d-a02c366f2bcf
534,All Mod Cons,The Jam,24,https://www.last.fm/music/The+Jam/All+Mod+Cons,01331434-ca4d-46a2-87b4-a9e3108d9c59,5493b1c7-53f8-4156-a4ee-1eec07bc977b
535,Pretenders,The Pretenders,24,https://www.last.fm/music/The+Pretenders/Pretenders,1d4f22a9-a6e6-36f4-8ce5-95121af8a6ab,75ffaf7d-46ee-4794-a405-9ec20c0c1696
536,Maxinquaye,Tricky,24,https://www.last.fm/music/Tricky/Maxinquaye,1959f7a2-8cd8-4d94-bb73-8a4d2a552687,5bf64d94-efd9-4334-96fd-e6197b0b02b8
537,It's Blitz!,Yeah Yeah Yeahs,24,https://www.last.fm/music/Yeah+Yeah+Yeahs/It%27s+Blitz!,0c9c9da7-5f73-4ba3-a115-d64c73395892,584c04d2-4acc-491b-8a0a-e63133f4bfc4
538,Por Instinto,Barricada,23,https://www.last.fm/music/Barricada/Por+Instinto,2572eff3-4c41-4ad5-80bc-6b408dcd234b,8fe43356-6902-4311-a80c-f221bfcf3efb
539,Billy Idol,Billy Idol,23,https://www.last.fm/music/Billy+Idol/Billy+Idol,0b66602d-6875-491a-b087-7b5525a3b62f,47c8f88b-987a-4b64-9175-2b1b57809727
540,Buddy Holly 75 - CD2,Buddy Holly,23,https://www.last.fm/music/Buddy+Holly/Buddy+Holly+75+-+CD2,,
541,Crowded House,Crowded House,23,https://www.last.fm/music/Crowded+House/Crowded+House,49e884b5-3a96-423b-b12f-f67bf939d5dc,9854d99f-d954-4c0f-9ae5-58a0cdd885f5
542,Caldo de Pollo,Decibelios,23,https://www.last.fm/music/Decibelios/Caldo+de+Pollo,8d2becaf-3fb1-41d4-9688-bf6d46ff114a,067e7276-7267-4051-9585-f4158ae7ab3f
543,"Right Thoughts, Right Words, Right Action",Franz Ferdinand,23,"https://www.last.fm/music/Franz+Ferdinand/Right+Thoughts,+Right+Words,+Right+Action",86b660ab-5c88-43bb-9353-202d376a1abb,aa7a2827-f74b-473c-bd79-03d065835cf7
544,Earth A.D. & Wolfsblood,Misfits,23,https://www.last.fm/music/Misfits/Earth+A.D.+&+Wolfsblood,,
545,Animal Rights,Moby,23,https://www.last.fm/music/Moby/Animal+Rights,03e3d904-d965-40af-8c48-bdf46d0ea6db,8970d868-0723-483b-a75b-51088913d3d4
546,Yield,Pearl Jam,23,https://www.last.fm/music/Pearl+Jam/Yield,1a07b01b-e2c1-36a4-b257-5b0e205c3a18,83b9cbe7-9857-49e2-ab8e-b57b01038103
547,The Wall [CD1],Pink Floyd,23,https://www.last.fm/music/Pink+Floyd/The+Wall+%5BCD1%5D,,
548,Good Humor,Saint Etienne,23,https://www.last.fm/music/Saint+Etienne/Good+Humor,0ce57d8a-ab2b-3c98-b4b8-98c728f68b75,3997d4a6-c2bd-4191-8406-eb07f0abb5d2
549,Magical Mystery Tour,The Beatles,23,https://www.last.fm/music/The+Beatles/Magical+Mystery+Tour,01064a1f-f377-31a6-ab73-e356ed3f30d8,b10bbbfc-cf9e-42e0-be17-e2c3e1d2600d
550,Hate,The Delgados,23,https://www.last.fm/music/The+Delgados/Hate,093f980f-60de-3ade-ac6f-ee8143e5a527,d629843e-d2b9-4665-a203-19f9c7f811ef
551,The Fat of the Land,The Prodigy,23,https://www.last.fm/music/The+Prodigy/The+Fat+of+the+Land,0e5cb11f-d67b-4605-8550-5eea38105b7b,4a4ee089-93b1-4470-af9a-6ff575d32704
552,Tommy,The Who,23,https://www.last.fm/music/The+Who/Tommy,0404982a-4b91-4bbe-81fb-ac6bb5b596a1,9fdaa16b-a6c4-4831-b87c-bc9ca8ce7eaa
553,Nine Lives,Aerosmith,22,https://www.last.fm/music/Aerosmith/Nine+Lives,08a2bf65-5277-3123-bc5e-035adcdf7920,3d2b98e5-556f-4451-a3ff-c50ea18d57cb
554,La Taberna del Buda,Café Quijano,22,https://www.last.fm/music/Caf%C3%A9+Quijano/La+Taberna+del+Buda,5bff54e4-f24c-49ba-8215-6209ac45c3f9,227f3e04-feb2-4741-b73f-70e266d32bf0
555,Hours...,David Bowie,22,https://www.last.fm/music/David+Bowie/Hours...,,5441c29d-3602-4898-b1a1-b77fa23b8e50
556,Fireball,Deep Purple,22,https://www.last.fm/music/Deep+Purple/Fireball,063da4e6-be72-40fc-b592-7018a602bdb1,79491354-3d83-40e3-9d8e-7592d58d790a
557,Slowhand,Eric Clapton,22,https://www.last.fm/music/Eric+Clapton/Slowhand,04c64922-7a2f-4e0c-938c-76724a5298c1,618b6900-0618-4f1e-b835-bccb17f84294
558,A Funk Odyssey,Jamiroquai,22,https://www.last.fm/music/Jamiroquai/A+Funk+Odyssey,040779aa-67f9-451e-be30-69f56f9008dc,f4857fb9-e255-4dc6-bd01-e4ca7cc68544
559,Nothing's Shocking,Jane's Addiction,22,https://www.last.fm/music/Jane%27s+Addiction/Nothing%27s+Shocking,2faf1875-0704-4e42-b217-9a23ba5f0762,e3434cc7-d348-491a-9dc8-325af3d9086d
560,Loveless,my bloody valentine,22,https://www.last.fm/music/my+bloody+valentine/Loveless,09a09037-1ebd-3d38-a128-38ab11e6b0fe,8ca01f46-53ac-4af2-8516-55a909c0905e
561,New York Dolls,New York Dolls,22,https://www.last.fm/music/New+York+Dolls/New+York+Dolls,07259559-743c-4f92-8eb3-205287ef1c90,1b96b9c9-0832-40cb-9f8d-7274de3733fc
562,Correos,Platero y tú,22,https://www.last.fm/music/Platero+y+t%C3%BA/Correos,fce5ef73-3b02-45f4-885e-7f91587e8865,2b4b6e6b-3e93-4902-8047-fbe76225f794
563,More,Pulp,22,https://www.last.fm/music/Pulp/More,b4e4a161-27c4-4201-992d-ed113bc41eac,76b2e842-5e85-4c97-ab62-d5bc315595b5
564,The Works,Queen,22,https://www.last.fm/music/Queen/The+Works,0079c6a2-5027-4df8-872f-905c89bdabca,0383dadf-2a4e-4d10-a46a-e9e041da8eb3
565,Blood Sugar Sex Magik,Red Hot Chili Peppers,22,https://www.last.fm/music/Red+Hot+Chili+Peppers/Blood+Sugar+Sex+Magik,0cb0f83f-b8d2-4cd7-a5fb-32a4bc21d053,8bfac288-ccc5-448d-9573-c33ea2aa5c30
566,By the Way,Red Hot Chili Peppers,22,https://www.last.fm/music/Red+Hot+Chili+Peppers/By+the+Way,092067e1-ea17-41f8-ba18-9df373e181c9,8bfac288-ccc5-448d-9573-c33ea2aa5c30
567,Nowhere,Ride,22,https://www.last.fm/music/Ride/Nowhere,187e48ea-abbe-429b-a7ba-32fb8dc3f44c,3f575ecd-627d-4f08-a89f-abd46d469c7e
568,For Your Pleasure,Roxy Music,22,https://www.last.fm/music/Roxy+Music/For+Your+Pleasure,1398ad2c-5b43-41c7-9a57-cc1be79c1935,331ce348-1b08-40b9-8ed7-0763b92bd003
569,Goo,Sonic Youth,22,https://www.last.fm/music/Sonic+Youth/Goo,01c1cbdd-f920-4dcb-9377-9ae69f08158a,5cbef01b-cc35-4f52-af7b-d0df0c4f61b9
570,A Catholic Education,Teenage Fanclub,22,https://www.last.fm/music/Teenage+Fanclub/A+Catholic+Education,3b4cbd20-ce6b-4d30-b0c1-6ac660c80adb,e6f8912b-7df9-4aae-b551-2cd03dc29588
571,Ghost In The Machine,The Police,22,https://www.last.fm/music/The+Police/Ghost+In+The+Machine,1074c376-c341-41aa-a5b1-b7b60f0e8b56,9e0e2b01-41db-4008-bd8b-988977d6019a
572,Reggatta de Blanc,The Police,22,https://www.last.fm/music/The+Police/Reggatta+de+Blanc,0fb411cc-82f3-4bb5-8a05-fb650a5778e2,9e0e2b01-41db-4008-bd8b-988977d6019a
573,Room on Fire,The Strokes,22,https://www.last.fm/music/The+Strokes/Room+on+Fire,0a2e2459-d814-44b6-a5e9-575b666020cb,f181961b-20f7-459e-89de-920ef03c7ed0
574,Fragile,Yes,22,https://www.last.fm/music/Yes/Fragile,065472fa-ceea-3c63-95e5-d16b8adf0305,8353f93f-163e-48c2-bb75-9f18987a3d46
575,Buddy Holly 75 - CD01,Buddy Holly,21,https://www.last.fm/music/Buddy+Holly/Buddy+Holly+75+-+CD01,,
576,Anti Todo,Eskorbuto,21,https://www.last.fm/music/Eskorbuto/Anti+Todo,325257ee-d949-4977-b20d-e4f22d0387d6,fd7432e5-2ec0-4197-a38e-cfc26ef2789c
577,Encuentros con entidades,Los Planetas,21,https://www.last.fm/music/Los+Planetas/Encuentros+con+entidades,01685e1f-566b-4776-999c-c14bc5a84e47,6f28b158-4d1a-4f31-9339-7f381e3c4ee1
578,Una semana en el motor de un autobús,Los Planetas,21,https://www.last.fm/music/Los+Planetas/Una+semana+en+el+motor+de+un+autob%C3%BAs,34c0d2bc-8fc7-4cd9-ba91-612cde00c6f1,6f28b158-4d1a-4f31-9339-7f381e3c4ee1
579,New Sensations,Lou Reed,21,https://www.last.fm/music/Lou+Reed/New+Sensations,1c48534d-44e1-480f-a684-c81fa94613ba,9d1ebcfe-4c15-4d18-95d3-d919898638a1
580,Tubular Bells,Mike Oldfield,21,https://www.last.fm/music/Mike+Oldfield/Tubular+Bells,088434f5-17fb-4dda-a592-945e025ec9a5,a1684a49-feaa-4150-b758-d9412fc59f12
581,Brighten the Corners,Pavement,21,https://www.last.fm/music/Pavement/Brighten+the+Corners,0cdcf8f2-0042-4702-9c0b-6e668007f33c,
582,Complete 'B' Sides,Pixies,21,https://www.last.fm/music/Pixies/Complete+%27B%27+Sides,0ba1763e-159a-41c6-9a7e-c6f0640882a8,b6b2bb8d-54a9-491f-9607-7b546023b433
583,The Game,Queen,21,https://www.last.fm/music/Queen/The+Game,1180bcaa-c20d-4680-8b8f-3688fd410ce2,0383dadf-2a4e-4d10-a46a-e9e041da8eb3
584,Reckoning,R.E.M.,21,https://www.last.fm/music/R.E.M./Reckoning,1923c6c8-9f21-4343-9fa4-eccf6be71e1f,ea4dfa26-f633-4da6-a52a-f49ea4897b58
585,Deuce,Rory Gallagher,21,https://www.last.fm/music/Rory+Gallagher/Deuce,00bc0d58-bc73-304c-b443-4d85d8411481,
586,Talking Book,Stevie Wonder,21,https://www.last.fm/music/Stevie+Wonder/Talking+Book,31137e7a-dce1-4066-9c7a-05de177f1163,1ee18fb3-18a6-4c7f-8ba0-bc41cdd0462e
587,Crisis? What Crisis?,Supertramp,21,https://www.last.fm/music/Supertramp/Crisis%3F+What+Crisis%3F,03e58a6f-cfb5-4383-af0e-f3b637c6335a,d2ff6b6b-fc30-48dc-8952-06f9d8fc64f8
588,With the Beatles,The Beatles,21,https://www.last.fm/music/The+Beatles/With+the+Beatles,02b4865a-d04f-4e01-9305-1c9062c2fdf3,b10bbbfc-cf9e-42e0-be17-e2c3e1d2600d
589,Setting Sons,The Jam,21,https://www.last.fm/music/The+Jam/Setting+Sons,30ece0cb-3af7-323f-b5ba-6a4509787cbe,5493b1c7-53f8-4156-a4ee-1eec07bc977b
590,Gish,The Smashing Pumpkins,21,https://www.last.fm/music/The+Smashing+Pumpkins/Gish,069c7024-1d55-3d8c-9cbf-94d941d29632,ba0d6274-db14-4ef5-b28d-657ebde1a396
591,A Northern Soul,The Verve,21,https://www.last.fm/music/The+Verve/A+Northern+Soul,1d469193-d747-442e-92bd-ca4616eb90f6,d4d17620-fd97-4574-92a8-a2cb7e72ce42
592,If You're Feeling Sinister,Belle and Sebastian,20,https://www.last.fm/music/Belle+and+Sebastian/If+You%27re+Feeling+Sinister,110a69d8-dee9-37c8-958f-4144094bcb37,e5c7b94f-e264-473c-bb0f-37c85d4d5c70
593,Midlife: A Beginner's Guide To Blur,Blur,20,https://www.last.fm/music/Blur/Midlife:+A+Beginner%27s+Guide+To+Blur,1a4555c0-c9e0-479e-aa3b-1b1adc7cf6c3,ba853904-ae25-4ebb-89d6-c44cfbd71bd2
594,Singles Going Steady,Buzzcocks,20,https://www.last.fm/music/Buzzcocks/Singles+Going+Steady,49c6bde3-51ab-3415-a90e-8710e3bc43b7,31e9c35b-2675-4632-8596-f9bd9286f6c8
595,Ocean Rain,Echo & the Bunnymen,20,https://www.last.fm/music/Echo+&+the+Bunnymen/Ocean+Rain,3fc75d60-25df-3f5a-9133-24d228649fa7,ccd4879c-5e88-4385-b131-bf65296bf245
596,Emergency On Planet Earth,Jamiroquai,20,https://www.last.fm/music/Jamiroquai/Emergency+On+Planet+Earth,03862654-8a51-3a9f-85e8-82a1439653b6,f4857fb9-e255-4dc6-bd01-e4ca7cc68544
597,Point of Entry,Judas Priest,20,https://www.last.fm/music/Judas+Priest/Point+of+Entry,01ac12f7-a261-4086-8f52-121dd118e3ab,6b335658-22c8-485d-93de-0bc29a1d0349
598,Destroyer,Kiss,20,https://www.last.fm/music/Kiss/Destroyer,0e293e76-76cd-4366-8f3b-1b6273711ceb,e1f1e33e-2e4c-4d43-b91b-7064068d3283
599,Super 8,Los Planetas,20,https://www.last.fm/music/Los+Planetas/Super+8,e2989a8e-e9d0-45a4-b776-f2d67d6d0786,6f28b158-4d1a-4f31-9339-7f381e3c4ee1
600,(pronounced 'lĕh-'nérd 'skin-'nérd),Lynyrd Skynyrd,20,https://www.last.fm/music/Lynyrd+Skynyrd/(pronounced+%27l%C4%95h-%27n%C3%A9rd+%27skin-%27n%C3%A9rd),,c544ed4d-2390-4442-a83e-1ea2883b09c8
601,MGMT,MGMT,20,https://www.last.fm/music/MGMT/MGMT,253e97e9-5180-40dc-9ce2-11ea1b82d5b8,c485632c-b784-4ee9-8ea1-c5fb365681fc
602,Standing on the Shoulder of Giants,Oasis,20,https://www.last.fm/music/Oasis/Standing+on+the+Shoulder+of+Giants,0c732f4c-c131-485d-b652-b0d5382e52af,
603,Vitalogy,Pearl Jam,20,https://www.last.fm/music/Pearl+Jam/Vitalogy,1a70d3a0-cb58-4c53-af95-7e7ec46309ad,83b9cbe7-9857-49e2-ab8e-b57b01038103
604,Life Thru a Lens,Robbie Williams,20,https://www.last.fm/music/Robbie+Williams/Life+Thru+a+Lens,0d9279fb-867f-45e9-9d92-488283b94b5c,db4624cf-0e44-481e-a9dc-2142b833ec2f
605,Ágætis byrjun,Sigur Rós,20,https://www.last.fm/music/Sigur+R%C3%B3s/%C3%81g%C3%A6tis+byrjun,0041638d-a5fc-3449-91e8-878b48d81815,f6f2326f-6b25-4170-b89d-e235b25508e8
606,True,Spandau Ballet,20,https://www.last.fm/music/Spandau+Ballet/True,02de0020-9fb4-401e-98aa-51385bdb3598,4c0d9acf-a8a1-4765-9c56-05f92f68c048
607,Stage Fright,The Band,20,https://www.last.fm/music/The+Band/Stage+Fright,01977abe-f944-43e9-b726-82ba081c210e,0eecc0d9-0197-4819-93dc-83f25c8c7a14
608,The Head on the Door,The Cure,20,https://www.last.fm/music/The+Cure/The+Head+on+the+Door,0cd3c289-84d5-4330-9292-a66081d2db6c,69ee3720-a7cb-4402-b48d-a02c366f2bcf
609,Primary Colours,The Horrors,20,https://www.last.fm/music/The+Horrors/Primary+Colours,5c42e716-c5fe-471f-a2ee-94a70e12758f,
610,Skying,The Horrors,20,https://www.last.fm/music/The+Horrors/Skying,fcb2858e-81e4-456f-a59e-d0d2e1b9919e,
611,The Queen Is Dead,The Smiths,20,https://www.last.fm/music/The+Smiths/The+Queen+Is+Dead,0fcc367d-af66-49ee-b7b0-8351a91e04c0,40f5d9e4-2de7-4f2d-ad41-e31a9a9fea27
612,The Who by Numbers,The Who,20,https://www.last.fm/music/The+Who/The+Who+by+Numbers,08b83615-536c-3c36-8a9f-b0f0ca58e997,9fdaa16b-a6c4-4831-b87c-bc9ca8ce7eaa
613,Undertow,Tool,20,https://www.last.fm/music/Tool/Undertow,30d9b6eb-afec-4524-8ba7-c79688a13832,66fc5bf8-daa4-4241-b378-9bc9077939d2
614,Music for the Masses,Depeche Mode,19,https://www.last.fm/music/Depeche+Mode/Music+for+the+Masses,0f9050c8-fbd9-4167-b815-60cdd68f3112,8538e728-ca0b-4321-b7e5-cff6565dd4c0
615,Freak Out!,Frank Zappa,19,https://www.last.fm/music/Frank+Zappa/Freak+Out!,0adc88ec-365b-4e75-a868-a22d732e8ceb,e20747e7-55a4-452e-8766-7b985585082d
616,Substance,Joy Division,19,https://www.last.fm/music/Joy+Division/Substance,002160a9-a6f4-4603-a152-ff5b4cbaf4b3,9a58fda3-f4ed-4080-a3a5-f457aac9fcdd
617,Salve,La Polla Records,19,https://www.last.fm/music/La+Polla+Records/Salve,30a52950-1295-42b3-8370-ca1f3966f5c6,cd3f2331-160b-4ed3-9f2d-f0c54fcc1c63
618,Led Zeppelin I,Led Zeppelin,19,https://www.last.fm/music/Led+Zeppelin/Led+Zeppelin+I,,678d88b2-87b0-403b-b63d-5da7465aecc3
619,Songs of Leonard Cohen,Leonard Cohen,19,https://www.last.fm/music/Leonard+Cohen/Songs+of+Leonard+Cohen,0832ce2f-b277-45fc-a548-925c12f33ef9,65314b12-0e08-43fa-ba33-baaa7b874c15
620,Colour Of The Trap,Miles Kane,19,https://www.last.fm/music/Miles+Kane/Colour+Of+The+Trap,0aa504b0-fcd0-4238-9227-06f716c63947,26afaedd-e99c-45b2-b7f9-6c4c2b33d90c
621,Don't Forget Who You Are,Miles Kane,19,https://www.last.fm/music/Miles+Kane/Don%27t+Forget+Who+You+Are,3989ec1d-5068-4630-a616-2f597f61e72d,26afaedd-e99c-45b2-b7f9-6c4c2b33d90c
622,Bomber,Motörhead,19,https://www.last.fm/music/Mot%C3%B6rhead/Bomber,0a58b6bc-4ed7-4674-ab3e-54144fa7f784,57961a97-3796-4bf7-9f02-a985a8979ae9
623,Black Market Music,Placebo,19,https://www.last.fm/music/Placebo/Black+Market+Music,0e5e9464-a56f-4bf6-a193-bd2190518115,
624,Queen,Queen,19,https://www.last.fm/music/Queen/Queen,00d36025-1537-43d4-9102-d0183bd9ad82,0383dadf-2a4e-4d10-a46a-e9e041da8eb3
625,Yellow Submarine,The Beatles,19,https://www.last.fm/music/The+Beatles/Yellow+Submarine,00b80538-80d1-4fe4-8b27-9d83579fb254,b10bbbfc-cf9e-42e0-be17-e2c3e1d2600d
626,Machina - The Machines of God,The Smashing Pumpkins,19,https://www.last.fm/music/The+Smashing+Pumpkins/Machina+-+The+Machines+of+God,,
627,Eat to the Beat,Blondie,18,https://www.last.fm/music/Blondie/Eat+to+the+Beat,000c909b-908f-3355-ada1-b3ec6f58c45f,4d2956d1-a3f7-44bb-9a41-67563e1a0c94
628,13 (Special Edition),Blur,18,https://www.last.fm/music/Blur/13+(Special+Edition),,ba853904-ae25-4ebb-89d6-c44cfbd71bd2
629,Think Tank (Special Edition),Blur,18,https://www.last.fm/music/Blur/Think+Tank+(Special+Edition),,ba853904-ae25-4ebb-89d6-c44cfbd71bd2
630,Armas Pal Pueblo,Def con Dos,18,https://www.last.fm/music/Def+con+Dos/Armas+Pal+Pueblo,0ffbc431-776b-4655-aa90-d8096364aae2,677002d6-385c-4c8a-8dc5-9d68d514a32f
631,Flamingos,Enrique Bunbury,18,https://www.last.fm/music/Enrique+Bunbury/Flamingos,94cdf579-d517-480e-846e-1b27c4d1bfc7,
632,E=MC2,Giorgio Moroder,18,https://www.last.fm/music/Giorgio+Moroder/E=MC2,,38dd6337-19ae-4793-ab4b-313eff523457
633,Empire,Kasabian,18,https://www.last.fm/music/Kasabian/Empire,097ac0ff-6d56-4e66-932f-99f3b4c390d0,69b39eab-6577-46a4-a9f5-817839092033
634,In the Court of the Crimson King,King Crimson,18,https://www.last.fm/music/King+Crimson/In+the+Court+of+the+Crimson+King,035aae28-0ce9-4198-820f-c0ceac24eae3,b38225b8-8e5f-42aa-bcdc-7bae5b5bdab3
635,Gold Against the Soul,Manic Street Preachers,18,https://www.last.fm/music/Manic+Street+Preachers/Gold+Against+the+Soul,0b6a0312-c723-3f37-9015-3e57dc409856,32efea44-6cb5-4b4f-bdaa-c8b8f6cef981
636,Master of Puppets,Metallica,18,https://www.last.fm/music/Metallica/Master+of+Puppets,03e4ebe1-0a44-411c-8e19-78e0768603f8,65f4f0c5-ef9e-490c-aee3-909e7ae6b2ab
637,The Good Son,Nick Cave & the Bad Seeds,18,https://www.last.fm/music/Nick+Cave+&+the+Bad+Seeds/The+Good+Son,082510ce-3f2e-4493-8b81-3dbc98a736da,172e1f1a-504d-4488-b053-6344ba63e6d0
638,The Piper at the Gates of Dawn,Pink Floyd,18,https://www.last.fm/music/Pink+Floyd/The+Piper+at+the+Gates+of+Dawn,038f9f6a-5573-4a29-a74e-d24f6a85f7ba,83d91898-7763-47d7-b03b-b92132375c47
639,Separations,Pulp,18,https://www.last.fm/music/Pulp/Separations,03016b11-1914-4694-9979-a8cf39836ce5,76b2e842-5e85-4c97-ab62-d5bc315595b5
640,Robbie Dupree,Robbie Dupree,18,https://www.last.fm/music/Robbie+Dupree/Robbie+Dupree,1d8c940b-a9ea-4877-81a2-d81b25256606,4981fd19-16b6-4393-ae72-3f6e427ed677
641,Jugar Al Gua,Rosendo,18,https://www.last.fm/music/Rosendo/Jugar+Al+Gua,5fb8f4be-102c-3ac6-a7c7-37a38147d39b,4c7e8420-1ed6-4878-8b86-70bdd3ee5803
642,Bailaré Sobre Tu Tumba,Siniestro Total,18,https://www.last.fm/music/Siniestro+Total/Bailar%C3%A9+Sobre+Tu+Tumba,0b438846-98cd-45ac-97cd-942f7679d883,d320be5e-ba25-4113-8b22-5c64ab87fcd2
643,Superunknown,Soundgarden,18,https://www.last.fm/music/Soundgarden/Superunknown,04ae4546-532d-4ba5-a798-23dab9dbc921,153c9281-268f-4cf3-8938-f5a4593e5df4
644,It's Only Rock 'n' Roll,The Rolling Stones,18,https://www.last.fm/music/The+Rolling+Stones/It%27s+Only+Rock+%27n%27+Roll,,b071f9fa-14b0-4217-8e97-eb41da73f598
645,summerteeth,Wilco,18,https://www.last.fm/music/Wilco/summerteeth,312cb54d-9c3c-4181-8f13-1345d87f5810,9e53f84d-ef44-4c16-9677-5fd4d78cbd7d
646,The Suburbs,Arcade Fire,17,https://www.last.fm/music/Arcade+Fire/The+Suburbs,09583c61-9da2-4882-ade6-1f6779b7dddf,52074ba6-e495-4ef3-9bb4-0703888a9f68
647,Rasgos,Camilo Sesto,17,https://www.last.fm/music/Camilo+Sesto/Rasgos,5849aab2-5d16-4be5-9f46-20e4b8855201,138fe36a-0888-40d2-9390-3d9be0d74f07
648,Bug,Dinosaur Jr.,17,https://www.last.fm/music/Dinosaur+Jr./Bug,09ad4895-c093-37ce-9f80-ce51c09e5b5e,77c167d2-4965-4421-830a-9815e4956475
649,Agíla,Extremoduro,17,https://www.last.fm/music/Extremoduro/Ag%C3%ADla,,
650,Iros Todos a Tomar Por Culo,Extremoduro,17,https://www.last.fm/music/Extremoduro/Iros+Todos+a+Tomar+Por+Culo,3258dbc9-ca13-408c-a417-495ff7d91f07,f59163ba-1a7a-4349-b0fd-fb9582ebe333
651,El Mar No Cesa,Héroes del Silencio,17,https://www.last.fm/music/H%C3%A9roes+del+Silencio/El+Mar+No+Cesa,2a89d409-d0ea-4ca2-b949-d771936727cf,4bb712d6-8be9-4c09-810a-eb3bed2be345
652,"Crooked Rain, Crooked Rain",Pavement,17,"https://www.last.fm/music/Pavement/Crooked+Rain,+Crooked+Rain",69bc4c1d-619a-4037-8bc2-70ee6d56501f,
653,Hay Poco Rock & Roll,Platero y tú,17,https://www.last.fm/music/Platero+y+t%C3%BA/Hay+Poco+Rock+&+Roll,4437b4f0-fc71-4283-be87-975b2099bf18,2b4b6e6b-3e93-4902-8047-fbe76225f794
654,Muy deficiente,Platero y tú,17,https://www.last.fm/music/Platero+y+t%C3%BA/Muy+deficiente,7a0fb484-16ac-4ee5-a68c-c2bffef87084,2b4b6e6b-3e93-4902-8047-fbe76225f794
655,Songs for the Deaf,Queens of the Stone Age,17,https://www.last.fm/music/Queens+of+the+Stone+Age/Songs+for+the+Deaf,2622f72c-73ae-4a8c-b533-c1d995d260e8,7dc8f5bd-9d0b-4087-9f73-dc164950bbd8
656,Nunca es Tarde... si la Dicha es Buena,Reincidentes,17,https://www.last.fm/music/Reincidentes/Nunca+es+Tarde...+si+la+Dicha+es+Buena,16ef90b0-22e1-47ea-9909-b7c3b46e62e7,47a40555-4df7-41f5-a4a5-6033b198a3e3
657,"Veo, Veo... Mamoneo",Rosendo,17,"https://www.last.fm/music/Rosendo/Veo,+Veo...+Mamoneo",,
658,¿Cuándo se come aqui?,Siniestro Total,17,https://www.last.fm/music/Siniestro+Total/%C2%BFCu%C3%A1ndo+se+come+aqui%3F,,
659,Menos Mal Que Nos Queda Portugal,Siniestro Total,17,https://www.last.fm/music/Siniestro+Total/Menos+Mal+Que+Nos+Queda+Portugal,5a298d3f-36c6-4259-ae71-6c0ec4b0961b,d320be5e-ba25-4113-8b22-5c64ab87fcd2
660,A New Morning,Suede,17,https://www.last.fm/music/Suede/A+New+Morning,002f091a-3395-445b-9952-88e336e72bd5,
661,Crime of the Century,Supertramp,17,https://www.last.fm/music/Supertramp/Crime+of+the+Century,033a3259-84fd-40c8-a37d-8e8f548d24cc,d2ff6b6b-fc30-48dc-8952-06f9d8fc64f8
662,Rock Of Ages,The Band,17,https://www.last.fm/music/The+Band/Rock+Of+Ages,1ce4fa5c-8990-4e9e-98ac-917d84f7ae49,0eecc0d9-0197-4819-93dc-83f25c8c7a14
663,Between 10th and 11th,The Charlatans,17,https://www.last.fm/music/The+Charlatans/Between+10th+and+11th,116f49a6-1b83-4e47-9c47-7b28734e3f8c,
664,Sam's Town,The Killers,17,https://www.last.fm/music/The+Killers/Sam%27s+Town,0c4ccae9-fbed-4bea-adfe-39997de018d5,95e1ead9-4d31-4808-a7ac-32c3614c116b
665,Some Girls,The Rolling Stones,17,https://www.last.fm/music/The+Rolling+Stones/Some+Girls,1676547e-e49b-4a9b-bf2e-08df5137f10f,b071f9fa-14b0-4217-8e97-eb41da73f598
666,NME Presents the 90s Disc 1,Various Artists,17,https://www.last.fm/music/Various+Artists/NME+Presents+the+90s+Disc+1,,
667,NME Presents the 90s Disc 2,Various Artists,17,https://www.last.fm/music/Various+Artists/NME+Presents+the+90s+Disc+2,,
668,NME Presents the 90s Disc 3,Various Artists,17,https://www.last.fm/music/Various+Artists/NME+Presents+the+90s+Disc+3,,
669,Weezer (The Green Album),Weezer,17,https://www.last.fm/music/Weezer/Weezer+(The+Green+Album),,
670,Reflektor,Arcade Fire,16,https://www.last.fm/music/Arcade+Fire/Reflektor,22332698-146d-436f-84c5-3b9b98a469f1,52074ba6-e495-4ef3-9bb4-0703888a9f68
671,Odelay,Beck,16,https://www.last.fm/music/Beck/Odelay,1b6bf79a-8ed4-4138-9771-6eb8f5c14cd3,
672,Catch Bull At Four,Cat Stevens,16,https://www.last.fm/music/Cat+Stevens/Catch+Bull+At+Four,06611d84-5ccc-48ae-acdc-c5bd23c2a991,e2345fdf-2be7-47c5-a6dd-be64353ad134
673,You Could Have It So Much Better,Franz Ferdinand,16,https://www.last.fm/music/Franz+Ferdinand/You+Could+Have+It+So+Much+Better,27abd7f1-5c5f-3df2-a9de-038894eefec2,aa7a2827-f74b-473c-bd79-03d065835cf7
674,Glasvegas,Glasvegas,16,https://www.last.fm/music/Glasvegas/Glasvegas,6fab31fb-7399-42c5-8efb-30a8a6cdbacd,da785f6e-86e2-4efa-aca6-6c3cbd15d91c
675,El Muchacho Eléctrico,Jaime Urrutia,16,https://www.last.fm/music/Jaime+Urrutia/El+Muchacho+El%C3%A9ctrico,,
676,Some Time In New York City [CD1]],John Lennon,16,https://www.last.fm/music/John+Lennon/Some+Time+In+New+York+City+%5BCD1%5D%5D,,
677,16 Biggest Hits,Johnny Cash,16,https://www.last.fm/music/Johnny+Cash/16+Biggest+Hits,2542667b-4030-4a7a-bc06-9756d67126fa,d43d12a1-2dc9-4257-a2fd-0a3bb1081b86
678,Kasabian,Kasabian,16,https://www.last.fm/music/Kasabian/Kasabian,30e8afe4-f636-45c2-ad79-3aaf8258f965,69b39eab-6577-46a4-a9f5-817839092033
679,Life Is Peachy,Korn,16,https://www.last.fm/music/Korn/Life+Is+Peachy,0e18df47-7ae8-4573-8550-4df0148a96a4,ac865b2e-bba8-4f5a-8756-dd40d5e39f46
680,Autobahn,Kraftwerk,16,https://www.last.fm/music/Kraftwerk/Autobahn,0684882d-150b-4af1-a15d-260a03f28195,5700dcd4-c139-4f31-aa3e-6382b9af9032
681,Physical Graffiti (CD2),Led Zeppelin,16,https://www.last.fm/music/Led+Zeppelin/Physical+Graffiti+(CD2),,
682,Chocolate Starfish and the Hot Dog Flavored Water,Limp Bizkit,16,https://www.last.fm/music/Limp+Bizkit/Chocolate+Starfish+and+the+Hot+Dog+Flavored+Water,0d039543-bed7-4f57-9c53-0115a5b4d955,8f9d6bb2-dba4-4cca-9967-cc02b9f4820c
683,Peace Sells... But Who's Buying?,Megadeth,16,https://www.last.fm/music/Megadeth/Peace+Sells...+But+Who%27s+Buying%3F,09cfff9e-79d4-4aaf-8ffe-9ef0262ce6e6,a9044915-8be3-4c7e-b11f-9e2d2ea0a91e
684,... And Justice for All,Metallica,16,https://www.last.fm/music/Metallica/...+And+Justice+for+All,,65f4f0c5-ef9e-490c-aee3-909e7ae6b2ab
685,Movement,New Order,16,https://www.last.fm/music/New+Order/Movement,13669dec-a17b-4d20-99ff-8c075cff5a81,f1106b17-dcbb-45f6-b938-199ccfab50cc
686,Marchin' Already,Ocean Colour Scene,16,https://www.last.fm/music/Ocean+Colour+Scene/Marchin%27+Already,0b7bcf45-f5da-4b7b-9d03-fe44f51f5bd6,601d793d-7e96-4bb6-b4a6-712d5c926259
687,Rancid,Rancid,16,https://www.last.fm/music/Rancid/Rancid,336d5895-577e-351b-9576-0a141834c7d2,24f8d8a5-269b-475c-a1cb-792990b0b2ee
688,Sandinista!,The Clash,16,https://www.last.fm/music/The+Clash/Sandinista!,079c34fe-0f6e-4a0e-beff-4b1ed69abf17,8f92558c-2baa-4758-8c38-615519e9deda
689,Darklands,The Jesus and Mary Chain,16,https://www.last.fm/music/The+Jesus+and+Mary+Chain/Darklands,142bb01e-d18a-4ce9-8361-64f740e791f4,e938a15c-b17e-4e7a-9f68-ff0d536cab44
690,Black and Blue,The Rolling Stones,16,https://www.last.fm/music/The+Rolling+Stones/Black+and+Blue,014eef07-3134-31fd-8e1c-e493f30046f0,b071f9fa-14b0-4217-8e97-eb41da73f598
691,Live & Dangerous,Thin Lizzy,16,https://www.last.fm/music/Thin+Lizzy/Live+&+Dangerous,,6a726ac6-019e-455c-8bbb-571a77bed52e
692,Good Feeling,Travis,16,https://www.last.fm/music/Travis/Good+Feeling,1c35ebc5-f233-456d-92be-764dbdeb15fd,
693,Le origini volume 1,Adriano Celentano,15,https://www.last.fm/music/Adriano+Celentano/Le+origini+volume+1,,
694,No Control,Bad Religion,15,https://www.last.fm/music/Bad+Religion/No+Control,24892dc5-ca94-35a9-8fd9-8485dd35f229,149e6720-4e4a-41a4-afca-6d29083fc091
695,Licensed to Ill,Beastie Boys,15,https://www.last.fm/music/Beastie+Boys/Licensed+to+Ill,02187f30-9ad1-40f6-9745-0c165449fb05,
696,Never Say Die!,Black Sabbath,15,https://www.last.fm/music/Black+Sabbath/Never+Say+Die!,08b59f51-bd29-4e08-be64-b172ef43304d,5182c1d9-c7d2-4dad-afa0-ccfeada921a8
697,Under the Westway,Blur,15,https://www.last.fm/music/Blur/Under+the+Westway,9b6877fb-25e9-49a6-b72d-479f521a5e9b,ba853904-ae25-4ebb-89d6-c44cfbd71bd2
698,Madrid,Burning,15,https://www.last.fm/music/Burning/Madrid,320da3d6-3e37-4468-81fc-3c2a1e389b10,71992e0c-8e7a-44e3-b66a-9c0a6c281241
699,Inadaptados,Cicatriz,15,https://www.last.fm/music/Cicatriz/Inadaptados,8ee989fb-c217-4014-826b-ea3dbea47a6d,c5e7b4c8-d568-4e58-adb7-53e4b495c37e
700,Grandes éxitos y fracasos (Episodio primero),Extremoduro,15,https://www.last.fm/music/Extremoduro/Grandes+%C3%A9xitos+y+fracasos+(Episodio+primero),,f59163ba-1a7a-4349-b0fd-fb9582ebe333
701,"You've Come a Long Way, Baby",Fatboy Slim,15,"https://www.last.fm/music/Fatboy+Slim/You%27ve+Come+a+Long+Way,+Baby",039bd5c2-8d54-4438-ad54-11dc0169b055,34c63966-445c-4613-afe1-4f0e1e53ae9a
702,Privado,Gabinete Caligari,15,https://www.last.fm/music/Gabinete+Caligari/Privado,88e8335e-5d49-438b-bc3e-f8ab3248c2bb,aa179aa4-5bfc-4814-b113-a6476fe26cbc
703,This Is Glenn Miller And His Orchestra,Glenn Miller,15,https://www.last.fm/music/Glenn+Miller/This+Is+Glenn+Miller+And+His+Orchestra,,ba26a1e4-ff39-456c-a8e3-1352ed991a1f
704,Canciones 84-96 CD1,Héroes del Silencio,15,https://www.last.fm/music/H%C3%A9roes+del+Silencio/Canciones+84-96+CD1,,
705,"Palabras más, Palabras Menos",Los Rodríguez,15,"https://www.last.fm/music/Los+Rodr%C3%ADguez/Palabras+m%C3%A1s,+Palabras+Menos",4b5aaa9b-7ba7-4a47-949f-3a62ff9688e0,af84ee9f-534a-4f7f-844b-188ba1c47e87
706,Absolutely,Madness,15,https://www.last.fm/music/Madness/Absolutely,01e1198a-9866-45da-9b99-12ed2dce54d6,
707,The Downward Spiral,Nine Inch Nails,15,https://www.last.fm/music/Nine+Inch+Nails/The+Downward+Spiral,0ce274e3-3b89-4d15-94ac-4f92e497ea60,b7ffd2af-418f-4be2-bdd1-22f8b48613da
708,7,Platero y tú,15,https://www.last.fm/music/Platero+y+t%C3%BA/7,284a3b9b-015f-4f5b-9e42-810207545271,2b4b6e6b-3e93-4902-8047-fbe76225f794
709,This Is Hardcore (Bonus Disc),Pulp,15,https://www.last.fm/music/Pulp/This+Is+Hardcore+(Bonus+Disc),,
710,Greatest Hits I,Queen,15,https://www.last.fm/music/Queen/Greatest+Hits+I,,0383dadf-2a4e-4d10-a46a-e9e041da8eb3
711,Live aus Berlin,Rammstein,15,https://www.last.fm/music/Rammstein/Live+aus+Berlin,2c563618-59c3-4864-b00e-80ee426d6d26,b2d122f9-eadb-4930-a196-8f221eeb0c66
712,La Tortuga,Rosendo,15,https://www.last.fm/music/Rosendo/La+Tortuga,31930ba1-860b-4ccb-aa79-5b177442daf4,4c7e8420-1ed6-4878-8b86-70bdd3ee5803
713,In Trance,Scorpions,15,https://www.last.fm/music/Scorpions/In+Trance,3de14866-de1d-3ed5-a782-8152495728bf,c3cceeed-3332-4cf0-8c4c-bbde425147b6
714,Never Mind the Bollocks,Sex Pistols,15,https://www.last.fm/music/Sex+Pistols/Never+Mind+the+Bollocks,,e5db18cb-4b1f-496d-a308-548b611090d3
715,Von,Sigur Rós,15,https://www.last.fm/music/Sigur+R%C3%B3s/Von,3a25e9f7-2512-336f-b081-2ced39970723,f6f2326f-6b25-4170-b89d-e235b25508e8
716,How to Make Friends and Influence People,Terrorvision,15,https://www.last.fm/music/Terrorvision/How+to+Make+Friends+and+Influence+People,0c7dd75c-5b02-4180-bcad-5c53fdf997a2,d2038f68-9325-42d3-a06c-5198aac24752
717,Everything's Alright Forever,The Boo Radleys,15,https://www.last.fm/music/The+Boo+Radleys/Everything%27s+Alright+Forever,2023a02a-8072-4c1d-a639-22c67d499766,1b5189d8-28fd-4c97-a04a-37c49b1ccfa6
718,The Clash (U.S.),The Clash,15,https://www.last.fm/music/The+Clash/The+Clash+(U.S.),,
719,To the Faithful Departed,The Cranberries,15,https://www.last.fm/music/The+Cranberries/To+the+Faithful+Departed,007f5f34-554e-3348-8df8-b0d4bbae0a76,c98d40fd-f6cf-4b26-883e-eaa515ee2851
720,Disintegration,The Cure,15,https://www.last.fm/music/The+Cure/Disintegration,044e9324-d432-40d7-aa66-a6b64c007555,69ee3720-a7cb-4402-b48d-a02c366f2bcf
721,Band on the Run,Wings,15,https://www.last.fm/music/Wings/Band+on+the+Run,,
722,Nu-Clear Sounds,Ash,14,https://www.last.fm/music/Ash/Nu-Clear+Sounds,26e852d8-a19a-4f5d-aa13-c647c43e2cad,
723,Sabotage,Black Sabbath,14,https://www.last.fm/music/Black+Sabbath/Sabotage,01f1387e-a634-4b97-852c-2b15906b3428,5182c1d9-c7d2-4dad-afa0-ccfeada921a8
724,Cria Cuervos,Boikot,14,https://www.last.fm/music/Boikot/Cria+Cuervos,,e8c70743-2890-402b-bc49-539b609a33bb
725,Born in the U.S.A.,Bruce Springsteen,14,https://www.last.fm/music/Bruce+Springsteen/Born+in+the+U.S.A.,01dfa267-9c84-4411-a2da-ea27cc0eb317,70248960-cb53-4ea4-943a-edb18f7d336f
726,Fresh Fruit for Rotting Vegetables,Dead Kennedys,14,https://www.last.fm/music/Dead+Kennedys/Fresh+Fruit+for+Rotting+Vegetables,038d3b87-705d-3a2c-8f4a-e8cee042b9ea,37c78aeb-d196-42b5-b991-6afb4fc9bc2e
727,"Madrid, zona bruta",El Club de los Poetas Violentos,14,"https://www.last.fm/music/El+Club+de+los+Poetas+Violentos/Madrid,+zona+bruta",,
728,Deltoya,Extremoduro,14,https://www.last.fm/music/Extremoduro/Deltoya,38ae7156-5d88-43e7-a93c-58f824310634,f59163ba-1a7a-4349-b0fd-fb9582ebe333
729,Use Your Illusion II,Guns N' Roses,14,https://www.last.fm/music/Guns+N%27+Roses/Use+Your+Illusion+II,0483e371-51fc-49cb-9711-69c324589cd6,eeb1195b-f213-4ce1-b28c-8565211f8e43
730,The Return Of The Space Cowboy,Jamiroquai,14,https://www.last.fm/music/Jamiroquai/The+Return+Of+The+Space+Cowboy,36c670f7-b3bb-4117-af54-cbf63fffac1a,f4857fb9-e255-4dc6-bd01-e4ca7cc68544
731,Computer World,Kraftwerk,14,https://www.last.fm/music/Kraftwerk/Computer+World,0c436276-684a-3415-a70b-993a5cf7e280,5700dcd4-c139-4f31-aa3e-6382b9af9032
732,LHR,La Habitación Roja,14,https://www.last.fm/music/La+Habitaci%C3%B3n+Roja/LHR,,371a92b1-11a6-477b-afb1-9beb11d29550
733,Revolución,La Polla Records,14,https://www.last.fm/music/La+Polla+Records/Revoluci%C3%B3n,28cb7fe7-ca5b-4ab8-b825-506e52c4b22b,cd3f2331-160b-4ed3-9f2d-f0c54fcc1c63
734,Presence,Led Zeppelin,14,https://www.last.fm/music/Led+Zeppelin/Presence,07e77b3e-479f-42a0-90aa-6dc78f956229,678d88b2-87b0-403b-b63d-5da7465aecc3
735,New York,Lou Reed,14,https://www.last.fm/music/Lou+Reed/New+York,051c3b71-da20-4724-8e3d-805dae6e7ce5,9d1ebcfe-4c15-4d18-95d3-d919898638a1
736,Load,Metallica,14,https://www.last.fm/music/Metallica/Load,08b278ec-b23e-46d5-9d75-37992e841ef6,65f4f0c5-ef9e-490c-aee3-909e7ae6b2ab
737,Bad,Michael Jackson,14,https://www.last.fm/music/Michael+Jackson/Bad,04986a09-7545-3d5b-928d-8a3cc6330113,f27ec8db-af05-4f36-916e-3d57f91ecf5e
738,Big Calm,Morcheeba,14,https://www.last.fm/music/Morcheeba/Big+Calm,0c0f9ff9-0b07-4d12-8978-6522601eca9d,067102ea-9519-4622-9077-57ca4164cfbb
739,Mechanical Wonder,Ocean Colour Scene,14,https://www.last.fm/music/Ocean+Colour+Scene/Mechanical+Wonder,788950cd-90e5-4fdd-9c16-8dd8afd49a51,601d793d-7e96-4bb6-b4a6-712d5c926259
740,Ten,Pearl Jam,14,https://www.last.fm/music/Pearl+Jam/Ten,032469aa-f00b-49cd-badf-5cbda161170c,83b9cbe7-9857-49e2-ab8e-b57b01038103
741,Death Goes To The Disco,Pulp,14,https://www.last.fm/music/Pulp/Death+Goes+To+The+Disco,,
742,It,Pulp,14,https://www.last.fm/music/Pulp/It,06fef38c-e2bc-4a9c-a8f7-90a5e5e7df45,76b2e842-5e85-4c97-ab62-d5bc315595b5
743,New Adventures in Hi-Fi,R.E.M.,14,https://www.last.fm/music/R.E.M./New+Adventures+in+Hi-Fi,c965bfd2-a09f-454b-9601-67850207e09e,ea4dfa26-f633-4da6-a52a-f49ea4897b58
744,Tin Planet,Space,14,https://www.last.fm/music/Space/Tin+Planet,409918c4-f632-44c8-a08a-5a136b9f6f3b,
745,Come With Us,The Chemical Brothers,14,https://www.last.fm/music/The+Chemical+Brothers/Come+With+Us,08bca890-89d6-4f1a-9a5a-c3ea7c23c54a,1946a82a-f927-40c2-8235-38d64f50d043
746,Psychedelic Jungle,The Cramps,14,https://www.last.fm/music/The+Cramps/Psychedelic+Jungle,1768435d-d707-32cd-a800-3cfe1ed297b7,96c1edac-1011-4cb8-882c-27248de35071
747,Sound Affects,The Jam,14,https://www.last.fm/music/The+Jam/Sound+Affects,0b43658e-a813-4582-9ab0-f57cd83d8e24,5493b1c7-53f8-4156-a4ee-1eec07bc977b
748,Ixnay on the Hombre,The Offspring,14,https://www.last.fm/music/The+Offspring/Ixnay+on+the+Hombre,0ba11e1e-a3f8-47fd-ac5e-6a391b273576,23a03e33-a603-404e-bcbf-2c00159d7067
749,Get a Grip,Aerosmith,13,https://www.last.fm/music/Aerosmith/Get+a+Grip,05cbf593-1d17-4d53-9f50-b96de15005f2,3d2b98e5-556f-4451-a3ff-c50ea18d57cb
750,Welcome to My Nightmare,Alice Cooper,13,https://www.last.fm/music/Alice+Cooper/Welcome+to+My+Nightmare,1cf90aaa-2e50-4a0c-bc69-0c16b7b01c02,ee58c59f-8e7f-4430-b8ca-236c4d3745ae
751,Favourite Worst Nightmare,Arctic Monkeys,13,https://www.last.fm/music/Arctic+Monkeys/Favourite+Worst+Nightmare,01c39115-fbc5-31c0-8fc0-1a48bb8e0b1e,ada7a83c-e3e1-40f1-93f9-3e73dbc9298a
752,Shotter´s Nation,Babyshambles,13,https://www.last.fm/music/Babyshambles/Shotter%C2%B4s+Nation,,
753,Balas Blancas,Barricada,13,https://www.last.fm/music/Barricada/Balas+Blancas,86a601ef-f069-4053-9d5e-0e5d842f2bdc,8fe43356-6902-4311-a80c-f221bfcf3efb
754,"Different Gear, Still Speeding",Beady Eye,13,"https://www.last.fm/music/Beady+Eye/Different+Gear,+Still+Speeding",39c2e424-94a5-30f5-99b2-4e6b291c84fd,a0e10984-0eca-4920-a171-5fd7a62ee069
755,Big Brother & Holding Company,Big Brother & The Holding Company,13,https://www.last.fm/music/Big+Brother+&+The+Holding+Company/Big+Brother+&+Holding+Company,,
756,Plastic Letters,Blondie,13,https://www.last.fm/music/Blondie/Plastic+Letters,10a39128-7d5b-4c81-8d48-e726024eeeba,4d2956d1-a3f7-44bb-9a41-67563e1a0c94
757,Parklive Disc 1,Blur,13,https://www.last.fm/music/Blur/Parklive+Disc+1,,
758,The Times They Are A-Changin',Bob Dylan,13,https://www.last.fm/music/Bob+Dylan/The+Times+They+Are+A-Changin%27,18210f60-2b40-4bd4-8c87-9a5eb09faa71,72c536dc-7137-4477-a521-567eeb840fa8
759,The River 1,Bruce Springsteen,13,https://www.last.fm/music/Bruce+Springsteen/The+River+1,,70248960-cb53-4ea4-943a-edb18f7d336f
760,Never Let Me Down,David Bowie,13,https://www.last.fm/music/David+Bowie/Never+Let+Me+Down,015bea18-1805-41ab-aa34-945ba5f08ec1,5441c29d-3602-4898-b1a1-b77fa23b8e50
761,Transatlanticism,Death Cab for Cutie,13,https://www.last.fm/music/Death+Cab+for+Cutie/Transatlanticism,439de1b9-2391-4768-bc24-eb81300812bf,0039c7ae-e1a7-4a7d-9b49-0cbc716821a6
762,Pyromania,Def Leppard,13,https://www.last.fm/music/Def+Leppard/Pyromania,0184ee6d-2999-4a9f-a832-684505d182c1,7249b899-8db8-43e7-9e6e-22f1e736024e
763,Violator,Depeche Mode,13,https://www.last.fm/music/Depeche+Mode/Violator,000127ea-bac2-488f-979d-c153d461e40b,8538e728-ca0b-4321-b7e5-cff6565dd4c0
764,ELO 2,Electric Light Orchestra,13,https://www.last.fm/music/Electric+Light+Orchestra/ELO+2,092714f3-7c3f-492b-b3b4-04f49f8565c8,0c502791-4ee9-4c5f-9696-0602b721ff3b
765,Pequeño,Enrique Bunbury,13,https://www.last.fm/music/Enrique+Bunbury/Peque%C3%B1o,35b7bb14-7d20-462e-b9bb-5c2fb690ffd0,
766,Canciones Prohibidas,Extremoduro,13,https://www.last.fm/music/Extremoduro/Canciones+Prohibidas,b9b060ad-adaa-4a6d-8656-e80f20398c28,f59163ba-1a7a-4349-b0fd-fb9582ebe333
767,Use Your Illusion I,Guns N' Roses,13,https://www.last.fm/music/Guns+N%27+Roses/Use+Your+Illusion+I,02cc332c-5719-4c6d-969c-d8a23ba0b3df,eeb1195b-f213-4ce1-b28c-8565211f8e43
768,Make Yourself,Incubus,13,https://www.last.fm/music/Incubus/Make+Yourself,00d1109d-6954-3791-8193-c29fdc28bf30,
769,"Yo, mi, me, contigo",Joaquín Sabina,13,"https://www.last.fm/music/Joaqu%C3%ADn+Sabina/Yo,+mi,+me,+contigo",0608a370-6d18-4732-9261-a257fdf057e3,a992aada-7108-455d-9747-0b7b6a089e8d
770,Live in New York City,John Lennon,13,https://www.last.fm/music/John+Lennon/Live+in+New+York+City,2cbc09c9-a90b-4511-8d55-e677ff9dcb0e,4d5447d7-c61c-4120-ba1b-d7f471d385b9
771,Ray of Light,Madonna,13,https://www.last.fm/music/Madonna/Ray+of+Light,011a7375-3934-4088-8423-d8d03e50ea2d,79239441-bfd5-4981-a70c-55c3f15c1287
772,"Te quiero,Te quiero",Nino Bravo,13,"https://www.last.fm/music/Nino+Bravo/Te+quiero,Te+quiero",,
773,Un Beso Y Una Flor,Nino Bravo,13,https://www.last.fm/music/Nino+Bravo/Un+Beso+Y+Una+Flor,3317826a-fea9-4b77-bac3-e2ecdc537bfc,2b5e746c-f565-4a29-9fae-ed1d914e9070
774,Beneath The Eyrie,Pixies,13,https://www.last.fm/music/Pixies/Beneath+The+Eyrie,1d194d11-7a50-43c4-83d8-4f7484141307,b6b2bb8d-54a9-491f-9607-7b546023b433
775,Evil Heat,Primal Scream,13,https://www.last.fm/music/Primal+Scream/Evil+Heat,2838b91c-96b1-4226-a628-d308b3d65d33,55704c38-224f-4b75-b29f-d43653f8bc9a
776,Sing When You're Winning,Robbie Williams,13,https://www.last.fm/music/Robbie+Williams/Sing+When+You%27re+Winning,07a93894-2b8e-457b-a9bb-3a701254dbc2,db4624cf-0e44-481e-a9dc-2142b833ec2f
777,Deja Que les Diga Que No!,Rosendo,13,https://www.last.fm/music/Rosendo/Deja+Que+les+Diga+Que+No!,8b81f7da-7d41-4ac0-b386-7b6cffa14e0a,4c7e8420-1ed6-4878-8b86-70bdd3ee5803
778,Emperor Tomato Ketchup,Stereolab,13,https://www.last.fm/music/Stereolab/Emperor+Tomato+Ketchup,11da3dfb-ee12-4b94-a88f-cb2bdc0c90de,f1df0431-9250-4ec8-95d8-f19ce7cf7fb6
779,Barrett,Syd Barrett,13,https://www.last.fm/music/Syd+Barrett/Barrett,07ece094-da81-471b-8b8d-5f1f3a59f77d,12327d75-47d5-45d9-84c2-3760b9210c17
780,Bandwagonesque,Teenage Fanclub,13,https://www.last.fm/music/Teenage+Fanclub/Bandwagonesque,115b5886-5033-4eef-895e-fef0b1a8fd8b,e6f8912b-7df9-4aae-b551-2cd03dc29588
781,Grand Prix,Teenage Fanclub,13,https://www.last.fm/music/Teenage+Fanclub/Grand+Prix,1f3507da-f350-4182-8b4b-d5e1e5c4c144,e6f8912b-7df9-4aae-b551-2cd03dc29588
782,The Hush,Texas,13,https://www.last.fm/music/Texas/The+Hush,031847bc-6776-4e44-842a-1a1bf942f6a8,7289d10d-d8d2-41ff-8308-c56ec9346e07
783,First Band on the Moon,The Cardigans,13,https://www.last.fm/music/The+Cardigans/First+Band+on+the+Moon,1aa990c7-1fe9-4f98-b14f-45614f6a1678,3e55d51d-687f-4a9d-af96-2fabccf802e5
784,Tellin' Stories (US Edition),The Charlatans,13,https://www.last.fm/music/The+Charlatans/Tellin%27+Stories+(US+Edition),,
785,No Need to Argue,The Cranberries,13,https://www.last.fm/music/The+Cranberries/No+Need+to+Argue,177ebc28-0115-3897-8eb3-ebf74ce23790,c98d40fd-f6cf-4b26-883e-eaa515ee2851
786,Live at the Hollywood Bowl,The Doors,13,https://www.last.fm/music/The+Doors/Live+at+the+Hollywood+Bowl,196cc644-f9cb-48b1-83a3-a9a1f3dfa048,9efff43b-3b29-4082-824e-bc82f646f93d
787,Muswell Hillbillies,The Kinks,13,https://www.last.fm/music/The+Kinks/Muswell+Hillbillies,026401aa-91d9-459a-859d-a4cbf4055556,
788,Bridges to Babylon,The Rolling Stones,13,https://www.last.fm/music/The+Rolling+Stones/Bridges+to+Babylon,019e05a2-fa91-43ac-8ef0-40977f0e9805,b071f9fa-14b0-4217-8e97-eb41da73f598
789,Get Behind Me Satan,The White Stripes,13,https://www.last.fm/music/The+White+Stripes/Get+Behind+Me+Satan,66a69cc2-3c1d-403b-bd06-2c7b23de135f,11ae9fbb-f3d7-4a47-936f-4c0a04d3b3b5
790,A Quick One,The Who,13,https://www.last.fm/music/The+Who/A+Quick+One,0f27e45d-3887-4966-8df4-0ae200e2a3b3,9fdaa16b-a6c4-4831-b87c-bc9ca8ce7eaa
791,The Eraser,Thom Yorke,13,https://www.last.fm/music/Thom+Yorke/The+Eraser,005f0c9a-05fe-37d6-b3f9-44440968b17f,8ed2e0b3-aa4c-4e13-bec3-dc7393ed4d6b
792,Lateralus,Tool,13,https://www.last.fm/music/Tool/Lateralus,3c583861-4e54-4b9c-a518-ad313b0383f5,66fc5bf8-daa4-4241-b378-9bc9077939d2
793,Maladroit,Weezer,13,https://www.last.fm/music/Weezer/Maladroit,0bc9cf3d-c700-36c2-8fcd-92b7408f71a3,6fe07aa5-fec0-4eca-a456-f29bff451b04
794,Permanent Vacation,Aerosmith,12,https://www.last.fm/music/Aerosmith/Permanent+Vacation,0e7cc370-f19c-4f01-8644-25beec263ccf,3d2b98e5-556f-4451-a3ff-c50ea18d57cb
795,Humbug,Arctic Monkeys,12,https://www.last.fm/music/Arctic+Monkeys/Humbug,0102e469-a06a-4f27-8477-57981cb63ebb,ada7a83c-e3e1-40f1-93f9-3e73dbc9298a
796,Suffer,Bad Religion,12,https://www.last.fm/music/Bad+Religion/Suffer,0b2190ca-9c02-321e-8db4-0b5d80b5a00b,149e6720-4e4a-41a4-afca-6d29083fc091
797,Sunday at the vanguard,Bill Evans,12,https://www.last.fm/music/Bill+Evans/Sunday+at+the+vanguard,,
798,Parklive Disc 2,Blur,12,https://www.last.fm/music/Blur/Parklive+Disc+2,,
799,Greetings From Asbury Park,Bruce Springsteen,12,https://www.last.fm/music/Bruce+Springsteen/Greetings+From+Asbury+Park,d50b89b7-60ee-4759-8232-fc8a2249243a,70248960-cb53-4ea4-943a-edb18f7d336f
800,Mardi Gras,Creedence Clearwater Revival,12,https://www.last.fm/music/Creedence+Clearwater+Revival/Mardi+Gras,316c254d-4d0c-49cb-95de-ddf20b1e4f37,109958eb-a335-4c5e-907e-597ff4c6af46
801,Captain Fantastic and the Brown Dirt Cowboy,Elton John,12,https://www.last.fm/music/Elton+John/Captain+Fantastic+and+the+Brown+Dirt+Cowboy,07b957ae-8124-3936-acdf-46fea338366d,b83bc61f-8451-4a5d-8b8e-7e9ed295e822
802,La ley innata,Extremoduro,12,https://www.last.fm/music/Extremoduro/La+ley+innata,a9c9dc97-0459-4ff3-bcbe-1ed2ba05210b,f59163ba-1a7a-4349-b0fd-fb9582ebe333
803,Garbage,Garbage,12,https://www.last.fm/music/Garbage/Garbage,06acc62d-c75f-319d-86e8-b7a6fbfc0efe,f9ef7a22-4262-4596-a2a8-1d19345b8e50
804,Juke Box Saturday Night,Glenn Miller,12,https://www.last.fm/music/Glenn+Miller/Juke+Box+Saturday+Night,,ba26a1e4-ff39-456c-a8e3-1352ed991a1f
805,Milestones Of A Swing Legend CD6,Glenn Miller,12,https://www.last.fm/music/Glenn+Miller/Milestones+Of+A+Swing+Legend+CD6,,
806,Sun Valley Serenade,Glenn Miller,12,https://www.last.fm/music/Glenn+Miller/Sun+Valley+Serenade,,ba26a1e4-ff39-456c-a8e3-1352ed991a1f
807,American Beauty,Grateful Dead,12,https://www.last.fm/music/Grateful+Dead/American+Beauty,0442baff-d8e3-4e8d-9964-9847041e860b,6faa7ca7-0d99-4a5e-bfa6-1fd5037520c6
808,New Values,Iggy Pop,12,https://www.last.fm/music/Iggy+Pop/New+Values,11ab1e94-524c-30af-9431-9a4d6268306e,f37b3f31-b1f8-4b88-8cb5-b34f709b17d7
809,S.C.I.E.N.C.E.,Incubus,12,https://www.last.fm/music/Incubus/S.C.I.E.N.C.E.,18622368-24e9-45ce-93d5-be2e4f45b3b3,
810,Further Complications,Jarvis Cocker,12,https://www.last.fm/music/Jarvis+Cocker/Further+Complications,1438c3a6-d9d4-3196-96e7-c57554996cb9,38550441-d437-4aff-867e-e79bf0c04142
811,Radio-Activity,Kraftwerk,12,https://www.last.fm/music/Kraftwerk/Radio-Activity,0ba26961-2e1a-4dd3-9da2-bb4a2908595b,5700dcd4-c139-4f31-aa3e-6382b9af9032
812,The Man Machine,Kraftwerk,12,https://www.last.fm/music/Kraftwerk/The+Man+Machine,,5700dcd4-c139-4f31-aa3e-6382b9af9032
813,Legendary Hearts,Lou Reed,12,https://www.last.fm/music/Lou+Reed/Legendary+Hearts,0a79b5f2-bce3-4cab-8034-5517adac40f3,9d1ebcfe-4c15-4d18-95d3-d919898638a1
814,Lovelife,Lush,12,https://www.last.fm/music/Lush/Lovelife,2f844178-7027-3119-a3a4-be33b039169f,
815,Things to Make and Do,Moloko,12,https://www.last.fm/music/Moloko/Things+to+Make+and+Do,031b96b2-a783-3019-87ea-56930374993e,2f94016a-3880-4d8c-9af9-0e197ee77189
816,After the Gold Rush,Neil Young,12,https://www.last.fm/music/Neil+Young/After+the+Gold+Rush,04006404-66a1-43ac-99d0-34af2b87ad30,75167b8b-44e4-407b-9d35-effe87b223cf
817,The Wall [CD2],Pink Floyd,12,https://www.last.fm/music/Pink+Floyd/The+Wall+%5BCD2%5D,,
818,Vamos Tirando,Platero y tú,12,https://www.last.fm/music/Platero+y+t%C3%BA/Vamos+Tirando,94b8987c-8d17-4dc2-8c13-18109ce4e4ad,2b4b6e6b-3e93-4902-8047-fbe76225f794
819,Freaks,Pulp,12,https://www.last.fm/music/Pulp/Freaks,1b12e1c6-2854-396c-8090-eba788eeff94,76b2e842-5e85-4c97-ab62-d5bc315595b5
820,Murmur,R.E.M.,12,https://www.last.fm/music/R.E.M./Murmur,01494c0c-af43-48bd-a4df-4b167fce2242,ea4dfa26-f633-4da6-a52a-f49ea4897b58
821,"Reise, Reise",Rammstein,12,"https://www.last.fm/music/Rammstein/Reise,+Reise",045594ff-c2c6-4a76-b795-f31c6e8568d3,b2d122f9-eadb-4930-a196-8f221eeb0c66
822,El Incendio,Sidonie,12,https://www.last.fm/music/Sidonie/El+Incendio,fb3e005e-bc67-4084-80c1-f5b95adce8b2,99849c03-4d4a-46cc-8e20-3852d0ca0746
823,Spirit of Eden,Talk Talk,12,https://www.last.fm/music/Talk+Talk/Spirit+of+Eden,0331c46f-b9b6-4bb9-8c96-5d94ecbde08a,a74f43e4-50c4-4b19-a2ce-c05ce9bccb03
824,Songs From Northern Britain,Teenage Fanclub,12,https://www.last.fm/music/Teenage+Fanclub/Songs+From+Northern+Britain,429f37e8-f5f6-4824-b0b1-9034a6a5afaf,e6f8912b-7df9-4aae-b551-2cd03dc29588
825,Wish,The Cure,12,https://www.last.fm/music/The+Cure/Wish,0d5f0ccc-e41a-451d-8845-4675921982cc,69ee3720-a7cb-4402-b48d-a02c366f2bcf
826,Veni Vidi Vicious,The Hives,12,https://www.last.fm/music/The+Hives/Veni+Vidi+Vicious,13e2716a-6eb4-3575-881e-bb9cf48aeda2,487bfd74-71bf-46dd-b89c-80b7a0f06f2f
827,Strange House,The Horrors,12,https://www.last.fm/music/The+Horrors/Strange+House,004bb433-999f-4666-a9fe-618c5d729e4e,
828,Americana,The Offspring,12,https://www.last.fm/music/The+Offspring/Americana,2e5af9d2-f262-3f73-ab47-4884e945fa8e,23a03e33-a603-404e-bcbf-2c00159d7067
829,Zenyattà Mondatta,The Police,12,https://www.last.fm/music/The+Police/Zenyatt%C3%A0+Mondatta,006fcab0-4f44-4347-b4ee-d313d80e4440,9e0e2b01-41db-4008-bd8b-988977d6019a
830,Pretenders II,The Pretenders,12,https://www.last.fm/music/The+Pretenders/Pretenders+II,0072b2c5-2dd3-464a-b135-3a86b0aee27b,75ffaf7d-46ee-4794-a405-9ec20c0c1696
831,"Strangeways, Here We Come",The Smiths,12,"https://www.last.fm/music/The+Smiths/Strangeways,+Here+We+Come",004dfc26-36b4-4bf7-a51e-4146b7a415d4,40f5d9e4-2de7-4f2d-ad41-e31a9a9fea27
832,The Man,Barry White,11,https://www.last.fm/music/Barry+White/The+Man,41ffe669-8c6a-492d-9a63-b92b79da37e1,b904d624-9e05-4398-8f4f-88fbcf022f79
833,Blondie,Blondie,11,https://www.last.fm/music/Blondie/Blondie,35913b4a-8823-4bc0-a3c9-8cc64157ad50,4d2956d1-a3f7-44bb-9a41-67563e1a0c94
834,Bringing It All Back Home,Bob Dylan,11,https://www.last.fm/music/Bob+Dylan/Bringing+It+All+Back+Home,0f10781d-88b7-38f9-bea5-ec19512922dd,72c536dc-7137-4477-a521-567eeb840fa8
835,La extraordinaria paradoja del sonido Quijano,Café Quijano,11,https://www.last.fm/music/Caf%C3%A9+Quijano/La+extraordinaria+paradoja+del+sonido+Quijano,a63899fe-6187-4edb-974e-c938fd0fe885,227f3e04-feb2-4741-b73f-70e266d32bf0
836,Indicios,Carlos Berlanga,11,https://www.last.fm/music/Carlos+Berlanga/Indicios,2a34f25c-0503-41a7-9eb0-a62eb2f7e2f8,a65eea73-f2a8-4964-aba3-d0ee5edf2028
837,Pendulum,Creedence Clearwater Revival,11,https://www.last.fm/music/Creedence+Clearwater+Revival/Pendulum,09814bab-76bd-4074-b886-29e3eaa811af,109958eb-a335-4c5e-907e-597ff4c6af46
838,Adrenaline,Deftones,11,https://www.last.fm/music/Deftones/Adrenaline,187c58a1-ba8b-47dc-8178-b05c7c2ee153,7527f6c2-d762-4b88-b5e2-9244f1e34c46
839,Black Celebration,Depeche Mode,11,https://www.last.fm/music/Depeche+Mode/Black+Celebration,066d4b4c-a0e2-435f-8e63-c84d7781e53f,8538e728-ca0b-4321-b7e5-cff6565dd4c0
840,Falling Into Infinity,Dream Theater,11,https://www.last.fm/music/Dream+Theater/Falling+Into+Infinity,01fd0f03-6515-4171-b2ed-9e121b675eca,28503ab7-8bf2-4666-a7bd-2644bfc7cb1d
841,Hellville de Luxe,Enrique Bunbury,11,https://www.last.fm/music/Enrique+Bunbury/Hellville+de+Luxe,39f53b94-c9fe-448a-a447-e6cddc67fd76,
842,¿Dónde Están Mis Amigos?,Extremoduro,11,https://www.last.fm/music/Extremoduro/%C2%BFD%C3%B3nde+Est%C3%A1n+Mis+Amigos%3F,db93058e-cc2c-4d9c-bcf1-0de61fda96c9,f59163ba-1a7a-4349-b0fd-fb9582ebe333
843,All Things Must Pass (disc 2),George Harrison,11,https://www.last.fm/music/George+Harrison/All+Things+Must+Pass+(disc+2),,
844,Orchestra Wives,Glenn Miller,11,https://www.last.fm/music/Glenn+Miller/Orchestra+Wives,a34dfdb0-fc4c-4e6b-bc7e-9b4b88fe267e,ba26a1e4-ff39-456c-a8e3-1352ed991a1f
845,Celebrity Skin,Hole,11,https://www.last.fm/music/Hole/Celebrity+Skin,1194c9bb-abd6-4d4f-aa1e-07f1ae59d4a2,
846,"Si la muerte me mira de frente, me pongo de lao",Ilegales,11,"https://www.last.fm/music/Ilegales/Si+la+muerte+me+mira+de+frente,+me+pongo+de+lao",,
847,Aqualung,Jethro Tull,11,https://www.last.fm/music/Jethro+Tull/Aqualung,0e4c0fce-a20d-4fa5-930f-c77028582cb5,ece57992-dc2e-4f67-a269-fa43626c1a3d
848,The Messenger,Johnny Marr,11,https://www.last.fm/music/Johnny+Marr/The+Messenger,2afd934f-03e1-4a46-9a3c-f8a6a4a14d04,ff621094-2a76-401f-8398-b75b5fd2be24
849,Fatal Portrait,King Diamond,11,https://www.last.fm/music/King+Diamond/Fatal+Portrait,1976be2d-5a21-4b55-b43d-199f3ea972d5,00565b31-14a3-4913-bd22-385eb40dd13c
850,Only by the Night,Kings of Leon,11,https://www.last.fm/music/Kings+of+Leon/Only+by+the+Night,1a158952-0a0d-372f-a37f-325c50641b8a,6ffb8ea9-2370-44d8-b678-e9237bbd347b
851,"Peasants, Pigs & Astronauts",Kula Shaker,11,"https://www.last.fm/music/Kula+Shaker/Peasants,+Pigs+&+Astronauts",072d6a82-7b8b-4786-aca7-546779ff3646,9403a688-503e-464e-bb37-84626c57bb42
852,Pop,Los Planetas,11,https://www.last.fm/music/Los+Planetas/Pop,d99dd366-7ef7-43fb-89bc-690e313839e1,6f28b158-4d1a-4f31-9339-7f381e3c4ee1
853,Shout at the Devil,Mötley Crüe,11,https://www.last.fm/music/M%C3%B6tley+Cr%C3%BCe/Shout+at+the+Devil,069f6655-6c78-4e8f-b639-a1e7c7bb247c,26f07661-e115-471d-a930-206f5c89d17c
854,Prepárate,Obus,11,https://www.last.fm/music/Obus/Prep%C3%A1rate,,
855,Infest,Papa Roach,11,https://www.last.fm/music/Papa+Roach/Infest,03bb5a9e-0fe8-410d-b235-a99fc02be102,c5eb9407-caeb-4303-b383-6929aa94021c
856,Vs.,Pearl Jam,11,https://www.last.fm/music/Pearl+Jam/Vs.,0a36d29c-e0cc-4205-a40e-5b04013cff5f,83b9cbe7-9857-49e2-ab8e-b57b01038103
857,Atom Heart Mother,Pink Floyd,11,https://www.last.fm/music/Pink+Floyd/Atom+Heart+Mother,043b94e2-1868-4c23-b51b-a150be767d1c,83d91898-7763-47d7-b03b-b92132375c47
858,Portishead,Portishead,11,https://www.last.fm/music/Portishead/Portishead,10ac58ca-0655-4b16-a6cb-58fdc309de0a,8f6bd1e4-fbe1-4f50-aa9b-94c450ec0f11
859,Evil Empire,Rage Against the Machine,11,https://www.last.fm/music/Rage+Against+the+Machine/Evil+Empire,15dac59f-f199-49c5-bbc9-37a8dc86f7ab,3798b104-01cb-484c-a3b0-56adc6399b80
860,Mutter,Rammstein,11,https://www.last.fm/music/Rammstein/Mutter,1bf10b31-33fd-49ed-b4a0-6606b017850c,b2d122f9-eadb-4930-a196-8f221eeb0c66
861,Music Kills Me,Rinôçérôse,11,https://www.last.fm/music/Rin%C3%B4%C3%A7%C3%A9r%C3%B4se/Music+Kills+Me,25ffd2dd-2ed2-4fb1-b5aa-b41fa06192ae,68179c0f-792c-407c-8b51-fc2f1b72be91
862,Show No Mercy,Slayer,11,https://www.last.fm/music/Slayer/Show+No+Mercy,15baf22c-46ed-4ad9-81b8-2d5ca4eb9347,bdacc37b-8633-4bf8-9dd5-4662ee651aec
863,Purple,Stone Temple Pilots,11,https://www.last.fm/music/Stone+Temple+Pilots/Purple,1ff5ad06-1baa-45a1-a90c-72bd6df56016,8c32bb01-58a3-453b-8050-8c0620edb0e5
864,Long Gone Before Daylight,The Cardigans,11,https://www.last.fm/music/The+Cardigans/Long+Gone+Before+Daylight,0be755c2-6c7b-47cb-aec7-403a2e7ea0a3,3e55d51d-687f-4a9d-af96-2fabccf802e5
865,Some Friendly,The Charlatans,11,https://www.last.fm/music/The+Charlatans/Some+Friendly,2e21efce-b7de-4117-83c7-c4ecd4d23e70,
866,Exit Planet Dust,The Chemical Brothers,11,https://www.last.fm/music/The+Chemical+Brothers/Exit+Planet+Dust,118deeaa-f6ac-4991-8e26-7751605d8d93,1946a82a-f927-40c2-8235-38d64f50d043
867,Village Green Preservation Society [Special Deluxe Edition 2004] (CD2 Mono),The Kinks,11,https://www.last.fm/music/The+Kinks/Village+Green+Preservation+Society+%5BSpecial+Deluxe+Edition+2004%5D+(CD2+Mono),,
868,Synchronicity,The Police,11,https://www.last.fm/music/The+Police/Synchronicity,0e3dfde8-70ee-438b-acbc-90a8e3d723d1,9e0e2b01-41db-4008-bd8b-988977d6019a
869,Goats Head Soup,The Rolling Stones,11,https://www.last.fm/music/The+Rolling+Stones/Goats+Head+Soup,,b071f9fa-14b0-4217-8e97-eb41da73f598
870,Tattoo You,The Rolling Stones,11,https://www.last.fm/music/The+Rolling+Stones/Tattoo+You,1189f722-b715-4e32-8c11-e0baccf80749,b071f9fa-14b0-4217-8e97-eb41da73f598
871,White Blood Cells,The White Stripes,11,https://www.last.fm/music/The+White+Stripes/White+Blood+Cells,16e8b280-eeb3-4d81-b298-dcc92abc670f,11ae9fbb-f3d7-4a47-936f-4c0a04d3b3b5
872,Zooropa,U2,11,https://www.last.fm/music/U2/Zooropa,0341e6c2-d3fe-4fac-be73-7587250fd097,a3cb23fc-acd3-4ce0-8f36-1e5aa6a18432
873,Year Of The Cat,Al Stewart,10,https://www.last.fm/music/Al+Stewart/Year+Of+The+Cat,06d143b1-e9d2-495c-a5a6-241da2dc2383,47a27727-4e8c-4c77-8532-ae94ccd37c68
874,Diez,Alaska y Dinarama,10,https://www.last.fm/music/Alaska+y+Dinarama/Diez,02c1e2df-c08f-3294-acae-c1b58b3ff09e,32e5def8-6668-4459-bf21-643c0bde0de8
875,Billion Dollar Babies,Alice Cooper,10,https://www.last.fm/music/Alice+Cooper/Billion+Dollar+Babies,0301c5f6-a3c4-4920-9633-692ad63b6fd3,ee58c59f-8e7f-4430-b8ca-236c4d3745ae
876,HONESTIDAD BRUTAL CD2,Andrés Calamaro,10,https://www.last.fm/music/Andr%C3%A9s+Calamaro/HONESTIDAD+BRUTAL+CD2,,
877,Flowing Rivers,Andy Gibb,10,https://www.last.fm/music/Andy+Gibb/Flowing+Rivers,48e57cbc-67e7-4afc-9693-4062a1f28077,f1d174fc-6bd9-41fe-b4c8-972ab578fb5c
878,Darkness on the Edge of Town,Bruce Springsteen,10,https://www.last.fm/music/Bruce+Springsteen/Darkness+on+the+Edge+of+Town,05eb9b1f-8fae-4e4c-b79e-f8b69b50bb5c,70248960-cb53-4ea4-943a-edb18f7d336f
879,Sentimientos,Camilo Sesto,10,https://www.last.fm/music/Camilo+Sesto/Sentimientos,240b145d-f09a-4a4b-b1ed-1f82b78e008e,138fe36a-0888-40d2-9390-3d9be0d74f07
880,A Rush of Blood to the Head,Coldplay,10,https://www.last.fm/music/Coldplay/A+Rush+of+Blood+to+the+Head,03c93d2c-430c-4961-97b0-56e0d7cb754b,cc197bad-dc9c-440d-a5b5-d52ba2e14234
881,Earthling,David Bowie,10,https://www.last.fm/music/David+Bowie/Earthling,048deba3-bb91-3825-b1ab-5c29cd5675a3,5441c29d-3602-4898-b1a1-b77fa23b8e50
882,Cien Mil Vueltas,Gabinete Caligari,10,https://www.last.fm/music/Gabinete+Caligari/Cien+Mil+Vueltas,294a7ca7-b3d8-4907-ab18-baa458006883,aa179aa4-5bfc-4814-b113-a6476fe26cbc
883,"Song Machine, Season One: Strange Timez (Deluxe Edition)",Gorillaz,10,"https://www.last.fm/music/Gorillaz/Song+Machine,+Season+One:+Strange+Timez+(Deluxe+Edition)",,
884,The Kiss of Morning,Graham Coxon,10,https://www.last.fm/music/Graham+Coxon/The+Kiss+of+Morning,5e024395-f894-4e2a-bdeb-8dd6778d5117,fb56cc34-2ab1-4621-ac18-9bf2895e5f4f
885,Nimrod,Green Day,10,https://www.last.fm/music/Green+Day/Nimrod,,084308bd-1654-436f-ba03-df6697104e19
886,Pearl,Janis Joplin,10,https://www.last.fm/music/Janis+Joplin/Pearl,044b1646-dd13-43c8-adc2-6aa65710b1c1,76c9a186-75bd-436a-85c0-823e3efddb7f
887,La Flaca,Jarabe de Palo,10,https://www.last.fm/music/Jarabe+de+Palo/La+Flaca,c09208a2-6030-4803-bc2e-9af54c7917f4,38b511a2-76fa-4a1e-9b7a-e2a6efa6399b
888,Ram It Down,Judas Priest,10,https://www.last.fm/music/Judas+Priest/Ram+It+Down,08a982ac-1125-4cfc-abe5-3e64e9c80cd6,6b335658-22c8-485d-93de-0bc29a1d0349
889,Rock and Roll Over,Kiss,10,https://www.last.fm/music/Kiss/Rock+and+Roll+Over,08f8fe58-6241-4c48-a223-6b508af3c919,e1f1e33e-2e4c-4d43-b91b-7064068d3283
890,Physical Graffiti (CD1),Led Zeppelin,10,https://www.last.fm/music/Led+Zeppelin/Physical+Graffiti+(CD1),,
891,Canciones Para Una Orquesta Química (CD 1),Los Planetas,10,https://www.last.fm/music/Los+Planetas/Canciones+Para+Una+Orquesta+Qu%C3%ADmica+(CD+1),,
892,Hasta Luego,Los Rodríguez,10,https://www.last.fm/music/Los+Rodr%C3%ADguez/Hasta+Luego,0b072083-8fec-438d-981f-726bf417d67a,af84ee9f-534a-4f7f-844b-188ba1c47e87
893,Entre Amigos,Luis Eduardo Aute,10,https://www.last.fm/music/Luis+Eduardo+Aute/Entre+Amigos,236b799d-9453-4804-8dae-7af4202a9675,35542d25-c761-49fa-a402-f752c5789517
894,"So Far, So Good... So What!",Megadeth,10,"https://www.last.fm/music/Megadeth/So+Far,+So+Good...+So+What!",221fd5be-5390-4ec5-b375-01eb6d831f26,a9044915-8be3-4c7e-b11f-9e2d2ea0a91e
895,Kill 'Em All,Metallica,10,https://www.last.fm/music/Metallica/Kill+%27Em+All,0d099294-ec29-4d0b-821d-202a32c85a14,65f4f0c5-ef9e-490c-aee3-909e7ae6b2ab
896,Hergest Ridge,Mike Oldfield,10,https://www.last.fm/music/Mike+Oldfield/Hergest+Ridge,0df78ff5-dbd9-3b05-93da-42894c17596a,a1684a49-feaa-4150-b758-d9412fc59f12
897,Kind of Blue,Miles Davis,10,https://www.last.fm/music/Miles+Davis/Kind+of+Blue,04eeef76-5a4b-4195-a6bb-e64e84eee6e0,561d854a-6a28-4aa7-8c99-323e6ce46c2a
898,Theatre of Pain,Mötley Crüe,10,https://www.last.fm/music/M%C3%B6tley+Cr%C3%BCe/Theatre+of+Pain,18d06bc5-0069-4660-a462-b9856d29bbec,26f07661-e115-471d-a930-206f5c89d17c
899,Overkill,Motörhead,10,https://www.last.fm/music/Mot%C3%B6rhead/Overkill,0cf51657-e937-4327-8b42-4d16049f33a4,57961a97-3796-4bf7-9f02-a985a8979ae9
900,The Resistance,Muse,10,https://www.last.fm/music/Muse/The+Resistance,0928fb22-a17c-4600-8cd8-f96de0de049b,9c9f1380-2516-4fc9-a3e6-f9f61941d090
901,Harvest,Neil Young,10,https://www.last.fm/music/Neil+Young/Harvest,0892f965-4ba7-300e-a0dc-88e036d2db75,75167b8b-44e4-407b-9d35-effe87b223cf
902,Too Much Too Soon,New York Dolls,10,https://www.last.fm/music/New+York+Dolls/Too+Much+Too+Soon,3f7cfe65-cf09-40b6-90ca-7f3d55dd44d9,1b96b9c9-0832-40cb-9f8d-7274de3733fc
903,Pretty Hate Machine,Nine Inch Nails,10,https://www.last.fm/music/Nine+Inch+Nails/Pretty+Hate+Machine,11707c8f-3359-3ea9-a932-91a8ed7f2293,b7ffd2af-418f-4be2-bdd1-22f8b48613da
904,Songs For The Front Row - The Best Of Ocean Colour Scene,Ocean Colour Scene,10,https://www.last.fm/music/Ocean+Colour+Scene/Songs+For+The+Front+Row+-+The+Best+Of+Ocean+Colour+Scene,,601d793d-7e96-4bb6-b4a6-712d5c926259
905,Placebo,Placebo,10,https://www.last.fm/music/Placebo/Placebo,08175774-9e7f-30f1-93a8-3946968c6e86,
906,De un país en llamas,Radio Futura,10,https://www.last.fm/music/Radio+Futura/De+un+pa%C3%ADs+en+llamas,1283df3d-7645-4ecd-8cc6-87895bf3ebf8,f7616ee5-bad8-45c9-986f-0cf47d4407df
907,La canción de Juan Perro,Radio Futura,10,https://www.last.fm/music/Radio+Futura/La+canci%C3%B3n+de+Juan+Perro,,f7616ee5-bad8-45c9-986f-0cf47d4407df
908,In Rainbows (Disc 1),Radiohead,10,https://www.last.fm/music/Radiohead/In+Rainbows+(Disc+1),,
909,Para Mal O Para Bien,Rosendo,10,https://www.last.fm/music/Rosendo/Para+Mal+O+Para+Bien,3e5d021a-30a7-4360-8176-cf85bdac095c,4c7e8420-1ed6-4878-8b86-70bdd3ee5803
910,Roxy Music,Roxy Music,10,https://www.last.fm/music/Roxy+Music/Roxy+Music,07b61c0e-a270-4884-9b6f-ee5821469e85,331ce348-1b08-40b9-8ed7-0763b92bd003
911,Taken By Force,Scorpions,10,https://www.last.fm/music/Scorpions/Taken+By+Force,36bcd3cb-8707-46d5-8d8f-bee9a59eebfb,c3cceeed-3332-4cf0-8c4c-bbde425147b6
912,Reign in Blood,Slayer,10,https://www.last.fm/music/Slayer/Reign+in+Blood,04714089-0f2c-3304-a56d-b1e207f5ee2f,bdacc37b-8633-4bf8-9dd5-4662ee651aec
913,EVOL,Sonic Youth,10,https://www.last.fm/music/Sonic+Youth/EVOL,03f5e50a-d933-3d52-bb2a-8d701bf24f05,5cbef01b-cc35-4f52-af7b-d0df0c4f61b9
914,The Top,The Cure,10,https://www.last.fm/music/The+Cure/The+Top,0cc7ebf4-cba0-3821-932b-ea132950ba7d,69ee3720-a7cb-4402-b48d-a02c366f2bcf
915,Other Voices,The Doors,10,https://www.last.fm/music/The+Doors/Other+Voices,0b00d71e-80ea-42bc-8384-5bd48944ec2b,9efff43b-3b29-4082-824e-bc82f646f93d
916,Costello Music,The Fratellis,10,https://www.last.fm/music/The+Fratellis/Costello+Music,05c808d2-8ee9-4370-88c4-d738b0f9eeb0,f4ad883e-9a92-45ed-a540-a49c2d1c36dd
917,Day & Age,The Killers,10,https://www.last.fm/music/The+Killers/Day+&+Age,1213eba0-f1b3-46e2-a190-8fb1b81b4dc9,95e1ead9-4d31-4808-a7ac-32c3614c116b
918,Undercover,The Rolling Stones,10,https://www.last.fm/music/The+Rolling+Stones/Undercover,2bc99489-6760-32c4-a5f8-5e56ca4ce4d3,b071f9fa-14b0-4217-8e97-eb41da73f598
919,First Impressions of Earth,The Strokes,10,https://www.last.fm/music/The+Strokes/First+Impressions+of+Earth,04d947c3-83c8-3d12-96cd-802c64aea532,f181961b-20f7-459e-89de-920ef03c7ed0
920,Bringing Down The Horse,The Wallflowers,10,https://www.last.fm/music/The+Wallflowers/Bringing+Down+The+Horse,0fe4af49-eec8-4fde-889a-8f1675eee31a,d9c90718-d54d-4ccf-a92e-37a5415ce299
921,It's Hard,The Who,10,https://www.last.fm/music/The+Who/It%27s+Hard,0c2ac980-05a0-4523-9ead-2e2f0b32dbb2,9fdaa16b-a6c4-4831-b87c-bc9ca8ce7eaa
922,Afterburner,ZZ Top,10,https://www.last.fm/music/ZZ+Top/Afterburner,15bb005a-b71a-4a68-bb88-f3730811580a,a81259a0-a2f5-464b-866e-71220f2739f1
923,El Loco,ZZ Top,10,https://www.last.fm/music/ZZ+Top/El+Loco,0f346958-c46e-35be-85dc-b0724c86cb71,a81259a0-a2f5-464b-866e-71220f2739f1
924,Tres Hombres,ZZ Top,10,https://www.last.fm/music/ZZ+Top/Tres+Hombres,01d2f5b4-81cd-3594-a969-600a81c8c8e3,a81259a0-a2f5-464b-866e-71220f2739f1
925,High Voltage,AC/DC,9,https://www.last.fm/music/AC%2FDC/High+Voltage,014161b7-e746-45c0-b721-22d539668c64,66c662b6-6e2f-4930-8610-912e24c63ed1
926,School's Out,Alice Cooper,9,https://www.last.fm/music/Alice+Cooper/School%27s+Out,2a10aa17-d928-4544-bfdf-bc58a3f69f47,ee58c59f-8e7f-4430-b8ca-236c4d3745ae
927,Imaginations From The Other Side,Blind Guardian,9,https://www.last.fm/music/Blind+Guardian/Imaginations+From+The+Other+Side,13e4d1d3-df6b-4cef-b5dc-e0a99ab8cba6,7fa7fc04-1011-4876-8095-ecd232edea87
928,Blonde on Blond,Bob Dylan,9,https://www.last.fm/music/Bob+Dylan/Blonde+on+Blond,,
929,Algo más,Camilo Sesto,9,https://www.last.fm/music/Camilo+Sesto/Algo+m%C3%A1s,2417303b-bbca-4e06-aa5a-7da44761fbc2,138fe36a-0888-40d2-9390-3d9be0d74f07
930,Chic,Chic,9,https://www.last.fm/music/Chic/Chic,0192a19d-d3f8-4fa0-8ae2-4bc49e461263,a4ed036b-5f18-439c-b1e1-96d205bab255
931,Human After All,Daft Punk,9,https://www.last.fm/music/Daft+Punk/Human+After+All,0443ddba-cc5d-347c-9859-d72a70eab674,
932,Saturday Night Fever: The Original Movie Sound Track,David Shire,9,https://www.last.fm/music/David+Shire/Saturday+Night+Fever:+The+Original+Movie+Sound+Track,,
933,Some Great Reward,Depeche Mode,9,https://www.last.fm/music/Depeche+Mode/Some+Great+Reward,049ce193-786c-4eff-9881-c67a79152790,8538e728-ca0b-4321-b7e5-cff6565dd4c0
934,Branquias Bajo el Agua,Derribos Arias,9,https://www.last.fm/music/Derribos+Arias/Branquias+Bajo+el+Agua,81dc0ea8-5e7f-4c62-8588-ef3f7c75b5e6,99e62a7d-6ad2-41e5-af11-863fce599d91
935,Seven and the Ragged Tiger,Duran Duran,9,https://www.last.fm/music/Duran+Duran/Seven+and+the+Ragged+Tiger,128bb9d0-39e8-35d3-8f60-72e58a9cee3f,1a1cd7f3-e5df-4eca-bae2-2757c9e656b5
936,Destrangis,Estopa,9,https://www.last.fm/music/Estopa/Destrangis,49a7468f-c3be-4eec-97b9-9b3d3ce1a121,49fc7e46-5441-4b7e-996a-12dddf22a632
937,Camino Soria,Gabinete Caligari,9,https://www.last.fm/music/Gabinete+Caligari/Camino+Soria,79621800-da6f-4fe7-af21-3def82ea360f,aa179aa4-5bfc-4814-b113-a6476fe26cbc
938,Selling England by the Pound,Genesis,9,https://www.last.fm/music/Genesis/Selling+England+by+the+Pound,07909ece-f088-455c-9f01-59fb608aa22c,
939,Golpes bajos,Golpes Bajos,9,https://www.last.fm/music/Golpes+Bajos/Golpes+bajos,7cd99461-74dd-4322-bc4f-13f2275d6e8f,e426b3ad-8b2a-4641-8035-c46a100eeaed
940,Iron Maiden,Iron Maiden,9,https://www.last.fm/music/Iron+Maiden/Iron+Maiden,0137cfe7-16fa-4413-9a44-15929edd03a3,
941,Piece of Mind,Iron Maiden,9,https://www.last.fm/music/Iron+Maiden/Piece+of+Mind,001fdb68-49dd-4ece-b5a2-cecb83ea40dd,
942,"Hotel, Dulce Hotel",Joaquín Sabina,9,"https://www.last.fm/music/Joaqu%C3%ADn+Sabina/Hotel,+Dulce+Hotel",a1678767-c0e2-3462-bfe7-e2f61b8f2d8d,a992aada-7108-455d-9747-0b7b6a089e8d
943,Señales de Humo,Los Coronas,9,https://www.last.fm/music/Los+Coronas/Se%C3%B1ales+de+Humo,,420a794b-2454-4230-bccb-6ef4b3043df5
944,Mecano,Mecano,9,https://www.last.fm/music/Mecano/Mecano,43842c0e-de28-4972-8c9f-012668bd8765,
945,Porgy and Bess,Miles Davis,9,https://www.last.fm/music/Miles+Davis/Porgy+and+Bess,05081dcd-406c-4a24-a587-30ffbeb85e16,561d854a-6a28-4aa7-8c99-323e6ce46c2a
946,Brotherhood,New Order,9,https://www.last.fm/music/New+Order/Brotherhood,0bbb5a12-42f2-4bc2-81af-2a895e2e2572,f1106b17-dcbb-45f6-b938-199ccfab50cc
947,Your Funeral... My Trial,Nick Cave & the Bad Seeds,9,https://www.last.fm/music/Nick+Cave+&+the+Bad+Seeds/Your+Funeral...+My+Trial,4004f76a-7ec4-44e7-a954-205e418658f9,172e1f1a-504d-4488-b053-6344ba63e6d0
948,McCartney,Paul McCartney,9,https://www.last.fm/music/Paul+McCartney/McCartney,00a8b727-0bdb-4635-a7b4-a3faef0c35c1,ba550d0e-adac-4864-b88b-407cab5e76af
949,Anthology Disc 2,Ramones,9,https://www.last.fm/music/Ramones/Anthology+Disc+2,,
950,Canciones Para Normales y Mero Dementes,Rosendo,9,https://www.last.fm/music/Rosendo/Canciones+Para+Normales+y+Mero+Dementes,6f2ed2d8-1a04-4bad-8adf-62872ebdb6ba,4c7e8420-1ed6-4878-8b86-70bdd3ee5803
951,Animal Magnetism,Scorpions,9,https://www.last.fm/music/Scorpions/Animal+Magnetism,093b25af-7fc0-4143-8a35-23cea139f512,c3cceeed-3332-4cf0-8c4c-bbde425147b6
952,Virgin Killer,Scorpions,9,https://www.last.fm/music/Scorpions/Virgin+Killer,18a168d4-de07-458d-a386-a60c2f0242e7,c3cceeed-3332-4cf0-8c4c-bbde425147b6
953,Juju,Siouxsie and the Banshees,9,https://www.last.fm/music/Siouxsie+and+the+Banshees/Juju,1a53aaee-7c38-4531-94f0-5b40fb99562a,78ea5ea1-3c4d-4b7e-ac5d-68900319ebe2
954,Fresh Cream,Soundtrack,9,https://www.last.fm/music/Soundtrack/Fresh+Cream,,
955,Pulp Fiction (Collector's Edition),Soundtrack,9,https://www.last.fm/music/Soundtrack/Pulp+Fiction+(Collector%27s+Edition),,
956,Antidepressants (Deluxe CD),Suede,9,https://www.last.fm/music/Suede/Antidepressants+(Deluxe+CD),,
957,Step II,Sylvester,9,https://www.last.fm/music/Sylvester/Step+II,21332e10-48a3-44f6-955b-834c82f69336,4d3b710b-a5f0-4772-97db-f09e47fbc6d8
958,Back Stabbers,The O'Jays,9,https://www.last.fm/music/The+O%27Jays/Back+Stabbers,42ea520e-4152-4980-86d8-a70e17fd6be6,8153c6ef-026c-481f-b081-974f2c948d9f
959,Who Are You,The Who,9,https://www.last.fm/music/The+Who/Who+Are+You,01fab6b1-5778-3aef-b279-5fb5abd88081,9fdaa16b-a6c4-4831-b87c-bc9ca8ce7eaa
960,Along Came Jones,Tom Jones,9,https://www.last.fm/music/Tom+Jones/Along+Came+Jones,350e280d-5f1c-4699-becb-da7a1c58bdcb,57c6f649-6cde-48a7-8114-2a200247601a
961,Older,Various Artists,9,https://www.last.fm/music/Various+Artists/Older,,
962,Wild Life,Wings,9,https://www.last.fm/music/Wings/Wild+Life,0e2c55b7-cedc-4c23-b266-b2ec4b5facf1,212ce99e-bfdc-4bd2-a3d9-d44de2ec2679
963,Le Fabuleux Destin d'Amélie Poulain,Yann Tiersen,9,https://www.last.fm/music/Yann+Tiersen/Le+Fabuleux+Destin+d%27Am%C3%A9lie+Poulain,0ecf61e2-f4dd-4f45-b18d-6dd8a966b511,12d432a3-feb0-49b1-a107-d20751880764
964,Technical Ectasy,Black Sabbath,8,https://www.last.fm/music/Black+Sabbath/Technical+Ectasy,,
965,David Bowie,David Bowie,8,https://www.last.fm/music/David+Bowie/David+Bowie,06679baa-606e-475c-bf72-9e28d65e8992,5441c29d-3602-4898-b1a1-b77fa23b8e50
966,Segundo Asalto,Def con Dos,8,https://www.last.fm/music/Def+con+Dos/Segundo+Asalto,5b23ff38-31fa-462f-b055-e3ca8dd60624,677002d6-385c-4c8a-8dc5-9d68d514a32f
967,Porcupine,Echo & the Bunnymen,8,https://www.last.fm/music/Echo+&+the+Bunnymen/Porcupine,1a705532-6237-495b-8acd-31376f0f606f,ccd4879c-5e88-4385-b131-bf65296bf245
968,Glenn Miller (An Album Of Outstanding Arrangements),Glenn Miller,8,https://www.last.fm/music/Glenn+Miller/Glenn+Miller+(An+Album+Of+Outstanding+Arrangements),,ba26a1e4-ff39-456c-a8e3-1352ed991a1f
969,Aoxomoxoa,Grateful Dead,8,https://www.last.fm/music/Grateful+Dead/Aoxomoxoa,15c10195-596b-4f4f-b62e-552d5df60ca2,6faa7ca7-0d99-4a5e-bfa6-1fd5037520c6
970,American Idiot,Green Day,8,https://www.last.fm/music/Green+Day/American+Idiot,111fa0e4-567f-4b5f-a206-78f5e01de265,084308bd-1654-436f-ba03-df6697104e19
971,Powerslave,Iron Maiden,8,https://www.last.fm/music/Iron+Maiden/Powerslave,062104f3-b228-4c21-ae80-5463bc6e3991,
972,Volunteers,Jefferson Airplane,8,https://www.last.fm/music/Jefferson+Airplane/Volunteers,1b550d4c-d267-4b22-9383-43d2d31106b8,39c2a93d-9afa-4a22-9bba-c087ab056e1c
973,Coda,Led Zeppelin,8,https://www.last.fm/music/Led+Zeppelin/Coda,04fdb295-a962-4d99-9a19-5c656ed35cc8,678d88b2-87b0-403b-b63d-5da7465aecc3
974,Nuthin' Fancy,Lynyrd Skynyrd,8,https://www.last.fm/music/Lynyrd+Skynyrd/Nuthin%27+Fancy,219d4c78-8c69-4bc9-88c8-eeab96480387,c544ed4d-2390-4442-a83e-1ea2883b09c8
975,The Holy Bible,Manic Street Preachers,8,https://www.last.fm/music/Manic+Street+Preachers/The+Holy+Bible,04c6af71-bb83-4791-922b-66a7091102ab,32efea44-6cb5-4b4f-bdaa-c8b8f6cef981
976,Killing Is My Business...And Business Is Good!,Megadeth,8,https://www.last.fm/music/Megadeth/Killing+Is+My+Business...And+Business+Is+Good!,,a9044915-8be3-4c7e-b11f-9e2d2ea0a91e
977,Ride the Lightning,Metallica,8,https://www.last.fm/music/Metallica/Ride+the+Lightning,02c7dd82-fb1b-4004-8389-62d92f80e9a6,65f4f0c5-ef9e-490c-aee3-909e7ae6b2ab
978,"Power, Corruption & Lies",New Order,8,"https://www.last.fm/music/New+Order/Power,+Corruption+&+Lies",002ac904-c483-4155-8952-1b283aded393,f1106b17-dcbb-45f6-b938-199ccfab50cc
979,Kicking Against the Pricks,Nick Cave & the Bad Seeds,8,https://www.last.fm/music/Nick+Cave+&+the+Bad+Seeds/Kicking+Against+the+Pricks,07c8e0ed-e6e1-4801-9265-898a550535b6,172e1f1a-504d-4488-b053-6344ba63e6d0
980,Danger Zone,Player,8,https://www.last.fm/music/Player/Danger+Zone,6ae3c099-6b61-4283-91c8-f045989738ec,7ad4ef1c-4f82-4755-a74b-94cd3096d221
981,4ever,Prince,8,https://www.last.fm/music/Prince/4ever,3121db96-e849-446c-be32-8c24d6433cfd,070d193a-845c-479f-980e-bef15710653e
982,Green,R.E.M.,8,https://www.last.fm/music/R.E.M./Green,05872610-258a-3a39-87fe-93f1f410eb5e,ea4dfa26-f633-4da6-a52a-f49ea4897b58
983,Leave Home,Ramones,8,https://www.last.fm/music/Ramones/Leave+Home,1db46146-479d-4aa7-8044-eeab915ce9e9,d6ed7887-a401-47a8-893c-34b967444d26
984,... A Las Lombrices,Rosendo,8,https://www.last.fm/music/Rosendo/...+A+Las+Lombrices,,4c7e8420-1ed6-4878-8b86-70bdd3ee5803
985,Lovedrive,Scorpions,8,https://www.last.fm/music/Scorpions/Lovedrive,07dd1062-e980-4cc7-a1a3-e8a8758ccf41,c3cceeed-3332-4cf0-8c4c-bbde425147b6
986,Singles 93-03,The Chemical Brothers,8,https://www.last.fm/music/The+Chemical+Brothers/Singles+93-03,216a0e33-c870-441d-92f9-067104a2e2b4,1946a82a-f927-40c2-8235-38d64f50d043
987,Pornography,The Cure,8,https://www.last.fm/music/The+Cure/Pornography,2798e8ac-70c6-39fb-84ab-ad226d4ed6a0,69ee3720-a7cb-4402-b48d-a02c366f2bcf
988,Singles,The Smiths,8,https://www.last.fm/music/The+Smiths/Singles,0abab42c-543c-329d-b8c3-5a5089f9e29f,40f5d9e4-2de7-4f2d-ad41-e31a9a9fea27
989,Raw Power,The Stooges,8,https://www.last.fm/music/The+Stooges/Raw+Power,0a273338-48a8-3e35-96bc-dc693d01eaf4,794c6bf2-3241-416f-9b8f-24e2d84a1c4b
990,File Live Yardbirds,The Yardbirds,8,https://www.last.fm/music/The+Yardbirds/File+Live+Yardbirds,,
991,"The Wild, the Innocent & the E Street Shuffle",Bruce Springsteen,7,"https://www.last.fm/music/Bruce+Springsteen/The+Wild,+the+Innocent+&+the+E+Street+Shuffle",05358c6e-b9dc-4c41-8677-ed785d609373,70248960-cb53-4ea4-943a-edb18f7d336f
992,Live Santa Monica '72,David Bowie,7,https://www.last.fm/music/David+Bowie/Live+Santa+Monica+%2772,,5441c29d-3602-4898-b1a1-b77fa23b8e50
993,Oi!,Decibelios,7,https://www.last.fm/music/Decibelios/Oi!,d8923340-e08e-47c1-a74c-3102f4c66627,067e7276-7267-4051-9585-f4158ae7ab3f
994,Deep Purple In Rock,Deep Purple,7,https://www.last.fm/music/Deep+Purple/Deep+Purple+In+Rock,00203d12-52c7-4b78-934a-bbaed3cadca7,79491354-3d83-40e3-9d8e-7592d58d790a
995,Who Do We Think We Are,Deep Purple,7,https://www.last.fm/music/Deep+Purple/Who+Do+We+Think+We+Are,1a23cd84-beeb-481a-8474-f647bcb50ce0,79491354-3d83-40e3-9d8e-7592d58d790a
996,Nursery Cryme,Genesis,7,https://www.last.fm/music/Genesis/Nursery+Cryme,0bd393e1-d0c0-42fe-9fef-763a85a3a523,
997,The Marvelous Miller Medleys,Glenn Miller,7,https://www.last.fm/music/Glenn+Miller/The+Marvelous+Miller+Medleys,,ba26a1e4-ff39-456c-a8e3-1352ed991a1f
998,El Espiritu Del Vino,Héroes del Silencio,7,https://www.last.fm/music/H%C3%A9roes+del+Silencio/El+Espiritu+Del+Vino,,4bb712d6-8be9-4c09-810a-eb3bed2be345
999,"Yours Truly, Angry Mob",Kaiser Chiefs,7,"https://www.last.fm/music/Kaiser+Chiefs/Yours+Truly,+Angry+Mob",0f59dc5e-fe64-3d85-b5f9-417534f1bdb1,90218af4-4d58-4821-8d41-2ee295ebbe21
1000,Trans-Europe Express,Kraftwerk,7,https://www.last.fm/music/Kraftwerk/Trans-Europe+Express,03055f40-ed52-320a-8de7-015eddefe156,5700dcd4-c139-4f31-aa3e-6382b9af9032
1001,A Día De Hoy,Luis Eduardo Aute,7,https://www.last.fm/music/Luis+Eduardo+Aute/A+D%C3%ADa+De+Hoy,dd9097f1-0b00-4d66-ba22-e10660c3bb72,35542d25-c761-49fa-a402-f752c5789517
1002,Auterretratos Vol.1 (CD1),Luis Eduardo Aute,7,https://www.last.fm/music/Luis+Eduardo+Aute/Auterretratos+Vol.1+(CD1),,
1003,Tubular Bells II,Mike Oldfield,7,https://www.last.fm/music/Mike+Oldfield/Tubular+Bells+II,071e3268-a07a-466a-a96d-fdb1e2c8ac39,a1684a49-feaa-4150-b758-d9412fc59f12
1004,Unplugged in New York,Nirvana,7,https://www.last.fm/music/Nirvana/Unplugged+in+New+York,,
1005,Songs For The Front Row - The Best of Ocean Colour Scene - ARK21,Ocean Colour Scene,7,https://www.last.fm/music/Ocean+Colour+Scene/Songs+For+The+Front+Row+-+The+Best+of+Ocean+Colour+Scene+-+ARK21,,
1006,Fly To The Rainbow,Scorpions,7,https://www.last.fm/music/Scorpions/Fly+To+The+Rainbow,4530f768-097b-4710-811a-dc1891190468,c3cceeed-3332-4cf0-8c4c-bbde425147b6
1007,Grand Theft Auto: San Andreas Official Soundtrack Box Set,Soundtrack,7,https://www.last.fm/music/Soundtrack/Grand+Theft+Auto:+San+Andreas+Official+Soundtrack+Box+Set,,
1008,Minute by Minute,The Doobie Brothers,7,https://www.last.fm/music/The+Doobie+Brothers/Minute+by+Minute,03a22fe6-f7bb-497e-9b37-3b1169ab12b9,588dea29-eea3-456b-a815-3ee04f75c8e7
1009,Mellon Collie and the Infinite Sadness (CD 1 Dawn to Dusk),The Smashing Pumpkins,7,https://www.last.fm/music/The+Smashing+Pumpkins/Mellon+Collie+and+the+Infinite+Sadness+(CD+1+Dawn+to+Dusk),,
1010,Fun House,The Stooges,7,https://www.last.fm/music/The+Stooges/Fun+House,35df5b90-4649-446e-bbf7-2939a00f27de,794c6bf2-3241-416f-9b8f-24e2d84a1c4b
1011,Vivir Para Contarlo,Violadores del Verso,7,https://www.last.fm/music/Violadores+del+Verso/Vivir+Para+Contarlo,989f6c69-68f7-49c6-90eb-15a27af11b97,43706fe2-bf24-4b1b-8d0b-28f8439b3d55
1012,Red Rose Speedway,Wings,7,https://www.last.fm/music/Wings/Red+Rose+Speedway,,
1013,Don't Stop,Billy Idol,6,https://www.last.fm/music/Billy+Idol/Don%27t+Stop,066a9f61-4c82-4552-9390-1f03172887e6,47c8f88b-987a-4b64-9175-2b1b57809727
1014,Bustin' + Dronin' (Disc-1),Blur,6,https://www.last.fm/music/Blur/Bustin%27+%252B+Dronin%27+(Disc-1),,
1015,The Freewheelin' Bob Dylan,Bob Dylan,6,https://www.last.fm/music/Bob+Dylan/The+Freewheelin%27+Bob+Dylan,05c5f69e-fd37-446f-a712-ea678aa0416a,72c536dc-7137-4477-a521-567eeb840fa8
1016,Mali Music,Damon Albarn,6,https://www.last.fm/music/+noredirect/Damon+Albarn/Mali+Music,,
1017,Material Defectuoso,Extremoduro,6,https://www.last.fm/music/Extremoduro/Material+Defectuoso,3b851ecb-0355-4663-918b-0354ab88e982,f59163ba-1a7a-4349-b0fd-fb9582ebe333
1018,Foxtrot,Genesis,6,https://www.last.fm/music/Genesis/Foxtrot,08ff6869-e792-49d5-9b02-2494bca25095,
1019,Double Fantasy,John Lennon/Yoko Ono,6,https://www.last.fm/music/John+Lennon%2FYoko+Ono/Double+Fantasy,,
1020,Korn,Korn,6,https://www.last.fm/music/Korn/Korn,01217f30-c009-45cc-847c-43fc3ef8c883,ac865b2e-bba8-4f5a-8756-dd40d5e39f46
1021,Pleasant Dreams,Ramones,6,https://www.last.fm/music/Ramones/Pleasant+Dreams,2e9860ce-ead4-4f63-8565-51fe44503288,d6ed7887-a401-47a8-893c-34b967444d26
1022,Saturday Night Fever: The Original Movie Sound Track,The Trammps,6,https://www.last.fm/music/The+Trammps/Saturday+Night+Fever:+The+Original+Movie+Sound+Track,,
1023,"White light, white heat",The Velvet Underground,6,"https://www.last.fm/music/The+Velvet+Underground/White+light,+white+heat",,94b0fb9d-a066-4823-b2ec-af1d324bcfcf
1024,The Invisible Band,Travis,6,https://www.last.fm/music/Travis/The+Invisible+Band,2c156173-2efa-498f-aee3-56622deb2d04,
1025,Dirty Deeds Done Dirt Cheap,AC/DC,5,https://www.last.fm/music/AC%2FDC/Dirty+Deeds+Done+Dirt+Cheap,003df65e-b148-413f-8b21-b66ba360d5c0,66c662b6-6e2f-4930-8610-912e24c63ed1
1026,Al Green Is Love,Al Green,5,https://www.last.fm/music/Al+Green/Al+Green+Is+Love,01f7009e-b0c0-42dc-826c-8d54c0bac8dd,fb7272ba-f130-4f0a-934d-6eeea4c18c9a
1027,Parklive Disc 3,Blur,5,https://www.last.fm/music/Blur/Parklive+Disc+3,,
1028,Buddy Holly 75 - CD03,Buddy Holly,5,https://www.last.fm/music/Buddy+Holly/Buddy+Holly+75+-+CD03,,
1029,"4 años, 2 meses y 1 dia",Cicatriz,5,"https://www.last.fm/music/Cicatriz/4+a%C3%B1os,+2+meses+y+1+dia",,
1030,Dr Dee,Damon Albarn,5,https://www.last.fm/music/Damon+Albarn/Dr+Dee,1b2201cb-7211-4bd2-871a-ce5ee398e06a,7d7a5fdd-0d04-4c36-8bee-906feeae239c
1031,Pin Ups,David Bowie,5,https://www.last.fm/music/David+Bowie/Pin+Ups,0a1c0dc8-b72a-3aae-af4f-47bc110aa00b,5441c29d-3602-4898-b1a1-b77fa23b8e50
1032,Scary Monsters,David Bowie,5,https://www.last.fm/music/David+Bowie/Scary+Monsters,4f04bebb-4eb4-42e4-b88c-b4129be9028b,5441c29d-3602-4898-b1a1-b77fa23b8e50
1033,Pulp Fiction (Collector's Edition),Dick Dale,5,https://www.last.fm/music/Dick+Dale/Pulp+Fiction+(Collector%27s+Edition),,
1034,El Apóstol De La Lujuria,Ilegales,5,https://www.last.fm/music/Ilegales/El+Ap%C3%B3stol+De+La+Lujuria,32bf7342-221c-4ddf-a5e8-a8275c62b9b1,42b39a3b-e829-4cd4-a775-7070c74f0b3e
1035,Best Of Bossa Nova - 75 Classic Hits (Disc 1),João Gilberto,5,https://www.last.fm/music/Jo%C3%A3o+Gilberto/Best+Of+Bossa+Nova+-+75+Classic+Hits+(Disc+1),,
1036,Kollected - The Best Of Kula Shaker,Kula Shaker,5,https://www.last.fm/music/Kula+Shaker/Kollected+-+The+Best+Of+Kula+Shaker,,9403a688-503e-464e-bb37-84626c57bb42
1037,Life in Cartoon Motion,Mika,5,https://www.last.fm/music/Mika/Life+in+Cartoon+Motion,043761bd-a248-4d66-9d88-87f4ebe04f2b,
1038,Maybe You've Been Brainwashed Too,New Radicals,5,https://www.last.fm/music/New+Radicals/Maybe+You%27ve+Been+Brainwashed+Too,5b16f99a-118a-47b7-83b3-4af1a9ed91d9,09a6ae88-7589-4ab2-b10c-dd50ebd526a0
1039,Prepárate,Obús,5,https://www.last.fm/music/Ob%C3%BAs/Prep%C3%A1rate,,
1040,Animals,Pink Floyd,5,https://www.last.fm/music/Pink+Floyd/Animals,09e08f00-80f7-41cf-abdd-6af3e3bb2dd2,83d91898-7763-47d7-b03b-b92132375c47
1041,A Pelo,Platero y tú,5,https://www.last.fm/music/Platero+y+t%C3%BA/A+Pelo,5fe1494c-5638-4f78-b406-ea981d81491c,2b4b6e6b-3e93-4902-8047-fbe76225f794
1042,Chronic Town,R.E.M.,5,https://www.last.fm/music/R.E.M./Chronic+Town,1d620281-45b0-3a79-af13-f7af306cd202,ea4dfa26-f633-4da6-a52a-f49ea4897b58
1043,Up,R.E.M.,5,https://www.last.fm/music/R.E.M./Up,07c46123-51c2-4ed4-b949-bb86e2599102,ea4dfa26-f633-4da6-a52a-f49ea4897b58
1044,The Great Rock'n'Roll Swindle,Sid Vicious,5,https://www.last.fm/music/Sid+Vicious/The+Great+Rock%27n%27Roll+Swindle,,
1045,Best Of Bossa Nova - 75 Classic Hits (Disc 1),Sylvia Telles,5,https://www.last.fm/music/Sylvia+Telles/Best+Of+Bossa+Nova+-+75+Classic+Hits+(Disc+1),,
1046,Sweetheart Of The Rodeo,The Byrds,5,https://www.last.fm/music/The+Byrds/Sweetheart+Of+The+Rodeo,0df94bc4-2e8b-4b91-961b-f1cdae1e3a86,2819834e-4e08-47b0-a2c4-b7672318e8f0
1047,In Concert CD2,The Doors,5,https://www.last.fm/music/The+Doors/In+Concert+CD2,,
1048,Dirty Work,The Rolling Stones,5,https://www.last.fm/music/The+Rolling+Stones/Dirty+Work,02d79f2e-fc7e-46e6-b927-00e8074a568e,b071f9fa-14b0-4217-8e97-eb41da73f598
1049,Pop,U2,5,https://www.last.fm/music/U2/Pop,0022175d-8fb7-491f-b4cd-6951fce43e48,a3cb23fc-acd3-4ce0-8f36-1e5aa6a18432
1050,Van Halen II,Van Halen,5,https://www.last.fm/music/Van+Halen/Van+Halen+II,0c6cbd9d-a524-4c36-ba18-bb2a22d00657,b665b768-0d83-4363-950c-31ed39317c15
1051,En Vivo Mucho Mejor,Ariel Rot,4,https://www.last.fm/music/Ariel+Rot/En+Vivo+Mucho+Mejor,8e3ed5eb-56a0-4aec-b57e-4d224cbeb8ca,86c4c7dd-5289-4c49-aee2-28318a70984b
1052,The Boy with the Arab Strap,Belle and Sebastian,4,https://www.last.fm/music/Belle+and+Sebastian/The+Boy+with+the+Arab+Strap,0142fbf3-55de-4c4b-9d9f-a0af5a7caff5,e5c7b94f-e264-473c-bb0f-37c85d4d5c70
1053,Amor Libre,Camilo Sesto,4,https://www.last.fm/music/Camilo+Sesto/Amor+Libre,4f8e195c-5f5e-4d62-b71f-58916267bc8a,138fe36a-0888-40d2-9390-3d9be0d74f07
1054,Grandes Éxitos Pequeños Regalos 2,Celtas Cortos,4,https://www.last.fm/music/Celtas+Cortos/Grandes+%C3%89xitos+Peque%C3%B1os+Regalos+2,,
1055,The Marshall Mathers LP,Eminem,4,https://www.last.fm/music/Eminem/The+Marshall+Mathers+LP,156a7344-89e1-49fb-b3d3-9525c1ee5a5f,b95ce3ff-3d05-4e87-9e01-c97b66af13d4
1056,Los singles,Gabinete Caligari,4,https://www.last.fm/music/Gabinete+Caligari/Los+singles,20467221-9396-4d4f-a69c-5b2427c842ef,aa179aa4-5bfc-4814-b113-a6476fe26cbc
1057,Sombras Negras,Gabinete Caligari,4,https://www.last.fm/music/Gabinete+Caligari/Sombras+Negras,53d695a3-6fe3-460d-9002-c3c5261e1a05,aa179aa4-5bfc-4814-b113-a6476fe26cbc
1058,The New Glenn Miller Orchestra in Hi Fi,Glenn Miller,4,https://www.last.fm/music/Glenn+Miller/The+New+Glenn+Miller+Orchestra+in+Hi+Fi,,ba26a1e4-ff39-456c-a8e3-1352ed991a1f
1059,Mentiras Piadosas,Joaquín Sabina,4,https://www.last.fm/music/Joaqu%C3%ADn+Sabina/Mentiras+Piadosas,19ba960d-537e-36cd-919a-47e48e55a95e,a992aada-7108-455d-9747-0b7b6a089e8d
1060,Canciones de un Poeta,José Luis Perales,4,https://www.last.fm/music/Jos%C3%A9+Luis+Perales/Canciones+de+un+Poeta,36db75da-67a7-407f-bcbf-ef3df618d4a5,86845ceb-170e-4bc2-9006-cb360867d04b
1061,Greatest Hits,Les Paul & Mary Ford,4,https://www.last.fm/music/Les+Paul+&+Mary+Ford/Greatest+Hits,02ccf30a-f244-449e-b2e0-ed9ad7e102be,7ee21fe4-f337-4a74-aebf-a69fc91809c5
1062,Vaqueros del espacio,Loquillo y Trogloditas,4,https://www.last.fm/music/Loquillo+y+Trogloditas/Vaqueros+del+espacio,,
1063,Incantations,Mike Oldfield,4,https://www.last.fm/music/Mike+Oldfield/Incantations,21a09a4a-ead5-44df-aec7-f35888b46acf,a1684a49-feaa-4150-b758-d9412fc59f12
1064,Passion,Peor Impossible,4,https://www.last.fm/music/Peor+Impossible/Passion,cfb38aa4-07e5-46d3-960a-b6973c13e6fa,db96ef6a-186b-4cbd-8a92-07ce06ea47b8
1065,Different Class (bonus disc),Pulp,4,https://www.last.fm/music/Pulp/Different+Class+(bonus+disc),,
1066,Greatest Hits II,Queen,4,https://www.last.fm/music/Queen/Greatest+Hits+II,18b15287-8472-4e03-af0c-bcdadc1eaeb4,0383dadf-2a4e-4d10-a46a-e9e041da8eb3
1067,Pulp Fiction (Collector's Edition),Al Green,3,https://www.last.fm/music/Al+Green/Pulp+Fiction+(Collector%27s+Edition),,
1068,Saturday Night Fever Soundtrack,Bee Gees,3,https://www.last.fm/music/Bee+Gees/Saturday+Night+Fever+Soundtrack,,
1069,Colours - Fan Club Single,Blur,3,https://www.last.fm/music/Blur/Colours+-+Fan+Club+Single,,
1070,Midlife A Beginner's Guide To Blur,Blur,3,https://www.last.fm/music/Blur/Midlife+A+Beginner%27s+Guide+To+Blur,,
1071,Camilo,Camilo Sesto,3,https://www.last.fm/music/Camilo+Sesto/Camilo,0d66ba4f-18bd-4e43-a3fc-7481ab7c249b,138fe36a-0888-40d2-9390-3d9be0d74f07
1072,9:30 El Remix,El Club de los Poetas Violentos,3,https://www.last.fm/music/El+Club+de+los+Poetas+Violentos/9:30+El+Remix,343f7414-c038-45cd-8706-74d7cb041494,aef2fa36-6ab2-46d7-a65b-daf16d5d25e6
1073,"The Good, the Bad and the Ugly",Ennio Morricone,3,"https://www.last.fm/music/Ennio+Morricone/The+Good,+the+Bad+and+the+Ugly",0a4af6a7-cf2e-4be9-bca9-1d325a726fc3,a16e47f5-aa54-47fe-87e4-bb8af91a9fdd
1074,El Viaje A Ninguna Parte (disc 1),Enrique Bunbury,3,https://www.last.fm/music/Enrique+Bunbury/El+Viaje+A+Ninguna+Parte+(disc+1),,
1075,Grandes éxitos y fracasos (Episodio segundo),Extremoduro,3,https://www.last.fm/music/Extremoduro/Grandes+%C3%A9xitos+y+fracasos+(Episodio+segundo),,f59163ba-1a7a-4349-b0fd-fb9582ebe333
1076,"Song Machine, Season One: Strange Timez (Japanese Edition)",Gorillaz,3,"https://www.last.fm/music/Gorillaz/Song+Machine,+Season+One:+Strange+Timez+(Japanese+Edition)",,
1077,Raindrops Keep Fallin' On My Head,Johnny Mathis,3,https://www.last.fm/music/Johnny+Mathis/Raindrops+Keep+Fallin%27+On+My+Head,,48896dee-a985-424d-9849-84802f7e79c9
1078,Love Will Tear Us Apart,Joy Division,3,https://www.last.fm/music/Joy+Division/Love+Will+Tear+Us+Apart,0464389e-7c6a-43a7-88b0-e95aa88b899e,9a58fda3-f4ed-4080-a3a5-f457aac9fcdd
1079,Saturday Night Fever: The Original Movie Sound Track,KC and The Sunshine Band,3,https://www.last.fm/music/KC+and+The+Sunshine+Band/Saturday+Night+Fever:+The+Original+Movie+Sound+Track,,
1080,Saturday Night Fever: The Original Movie Sound Track,Kool & the Gang,3,https://www.last.fm/music/Kool+&+the+Gang/Saturday+Night+Fever:+The+Original+Movie+Sound+Track,,
1081,Proxima Estación: Esperanza,Manu Chao,3,https://www.last.fm/music/Manu+Chao/Proxima+Estaci%C3%B3n:+Esperanza,,
1082,Absolution,Muse,3,https://www.last.fm/music/Muse/Absolution,0e16d7d7-e89d-3358-bcd5-de9b64dee604,9c9f1380-2516-4fc9-a3e6-f9f61941d090
1083,Mi Tierra,Nino Bravo,3,https://www.last.fm/music/Nino+Bravo/Mi+Tierra,e76cb19a-b2d4-4e68-a71c-f9a636b827bb,2b5e746c-f565-4a29-9fae-ed1d914e9070
1084,Primal - The Best Of The Fire Years 1983-1992,Pulp,3,https://www.last.fm/music/Pulp/Primal+-+The+Best+Of+The+Fire+Years+1983-1992,,
1085,Innuendo,Queen,3,https://www.last.fm/music/Queen/Innuendo,06f4aa3d-7869-433d-a165-4f9219302596,0383dadf-2a4e-4d10-a46a-e9e041da8eb3
1086,The Miracle,Queen,3,https://www.last.fm/music/Queen/The+Miracle,06df7479-bb09-454b-8c53-3c7229118878,0383dadf-2a4e-4d10-a46a-e9e041da8eb3
1087,"La Ley Del Desierto, La Ley Del Mar",Radio Futura,3,"https://www.last.fm/music/Radio+Futura/La+Ley+Del+Desierto,+La+Ley+Del+Mar",2ad9f40b-b47e-49bd-aa3c-e5b39b96ace7,f7616ee5-bad8-45c9-986f-0cf47d4407df
1088,Saturday Night Fever: The Original Movie Sound Track,Ralph MacDonald,3,https://www.last.fm/music/Ralph+MacDonald/Saturday+Night+Fever:+The+Original+Movie+Sound+Track,,
1089,Paranoid,Soundtrack,3,https://www.last.fm/music/Soundtrack/Paranoid,,
1090,Saturday Night Fever: The Original Movie Sound Track,Tavares,3,https://www.last.fm/music/Tavares/Saturday+Night+Fever:+The+Original+Movie+Sound+Track,,
1091,Hot Fuss (limited edition),The Killers,3,https://www.last.fm/music/The+Killers/Hot+Fuss+(limited+edition),,95e1ead9-4d31-4808-a7ac-32c3614c116b
1092,Hums Of The Lovin' Spoonful,The Lovin' Spoonful,3,https://www.last.fm/music/The+Lovin%27+Spoonful/Hums+Of+The+Lovin%27+Spoonful,38358670-ffb0-4e5d-8c69-2c9fe5653d92,abc08d4f-4e3c-4b5a-b1e8-d324cd6a2f92
1093,Saturday Night Fever: The Original Movie Sound Track,Various Artists,3,https://www.last.fm/music/Various+Artists/Saturday+Night+Fever:+The+Original+Movie+Sound+Track,1971876e-69c7-425a-b69f-2a9917c4e259,
1094,Saturday Night Fever: The Original Movie Sound Track,Walter Murphy,3,https://www.last.fm/music/Walter+Murphy/Saturday+Night+Fever:+The+Original+Movie+Sound+Track,,
1095,Close to the Edge,Yes,3,https://www.last.fm/music/Yes/Close+to+the+Edge,0196b507-f001-4335-9b03-d1f5711d75ee,8353f93f-163e-48c2-bb75-9f18987a3d46
1096,Saturday Night Fever: The Original Movie Sound Track,Yvonne Elliman,3,https://www.last.fm/music/Yvonne+Elliman/Saturday+Night+Fever:+The+Original+Movie+Sound+Track,,
1097,Le origini - Volume 2,Adriano Celentano,2,https://www.last.fm/music/Adriano+Celentano/Le+origini+-+Volume+2,,
1098,Metalmorfosis,Barón Rojo,2,https://www.last.fm/music/Bar%C3%B3n+Rojo/Metalmorfosis,4fdba8cb-72c9-468b-b13f-b5acf4e18f52,fae59483-47cf-4499-aa30-f07c120983dd
1099,All the people... Blur: Live in Hyde Park 02/07/2009 - Disc 01,Blur,2,https://www.last.fm/music/Blur/All+the+people...+Blur:+Live+in+Hyde+Park+02%2F07%2F2009+-+Disc+01,,
1100,"BBC Broadcasts, 1995.06.17 London, Mile End Stadium",Blur,2,"https://www.last.fm/music/Blur/BBC+Broadcasts,+1995.06.17+London,+Mile+End+Stadium",,
1101,Blurb 1,Blur,2,https://www.last.fm/music/Blur/Blurb+1,,
1102,Pulp Fiction (Collector's Edition),Brothers Johnson,2,https://www.last.fm/music/Brothers+Johnson/Pulp+Fiction+(Collector%27s+Edition),,
1103,Grandes Éxitos Pequeños Regalos 1,Celtas Cortos,2,https://www.last.fm/music/Celtas+Cortos/Grandes+%C3%89xitos+Peque%C3%B1os+Regalos+1,,
1104,Reality,David Bowie,2,https://www.last.fm/music/David+Bowie/Reality,0d21c0f9-4fdb-31e1-b358-6a0cf3997230,5441c29d-3602-4898-b1a1-b77fa23b8e50
1105,Baby It's Me,Diana Ross,2,https://www.last.fm/music/Diana+Ross/Baby+It%27s+Me,1529f579-06fd-4219-8564-fa5e3f0d56a8,60d41417-feda-4734-bbbf-7dcc30e08a83
1106,The Very Best of Elvis Costello Disc 2,Elvis Costello,2,https://www.last.fm/music/Elvis+Costello/The+Very+Best+of+Elvis+Costello+Disc+2,,
1107,The Very Best of Elvis Costello Disc 2,Elvis Costello & The Attractions,2,https://www.last.fm/music/Elvis+Costello+&+The+Attractions/The+Very+Best+of+Elvis+Costello+Disc+2,,
1108,Cuatro rosas. Que Dios reparta suerte,Gabinete Caligari,2,https://www.last.fm/music/Gabinete+Caligari/Cuatro+rosas.+Que+Dios+reparta+suerte,,
1109,For The Very First Time Vol. 1,Glenn Miller,2,https://www.last.fm/music/Glenn+Miller/For+The+Very+First+Time+Vol.+1,,
1110,Canciones '84 - '96 (CD 2 von 2),Héroes del Silencio,2,https://www.last.fm/music/H%C3%A9roes+del+Silencio/Canciones+%2784+-+%2796+(CD+2+von+2),,
1111,Física y Química,Joaquín Sabina,2,https://www.last.fm/music/Joaqu%C3%ADn+Sabina/F%C3%ADsica+y+Qu%C3%ADmica,,a992aada-7108-455d-9747-0b7b6a089e8d
1112,Pulp Fiction (Collector's Edition),John Travolta,2,https://www.last.fm/music/John+Travolta/Pulp+Fiction+(Collector%27s+Edition),,
1113,Pulp Fiction (Collector's Edition),Kool & the Gang,2,https://www.last.fm/music/Kool+&+the+Gang/Pulp+Fiction+(Collector%27s+Edition),,
1114,2002 - KOLLECTED - THE BEST OF,Kula Shaker,2,https://www.last.fm/music/Kula+Shaker/2002+-+KOLLECTED+-+THE+BEST+OF,,
1115,Better Can't Make Your Life Better,Lilys,2,https://www.last.fm/music/Lilys/Better+Can%27t+Make+Your+Life+Better,52a39256-441e-48f4-a7a5-72b86441cd9c,50ad1cde-1536-4268-a55f-e47a7b8280ab
1116,¿Dónde Estabas Tú En El 77?,Loquillo y Trogloditas,2,https://www.last.fm/music/Loquillo+y+Trogloditas/%C2%BFD%C3%B3nde+Estabas+T%C3%BA+En+El+77%3F,c43eabbf-4c50-4d9f-900a-3db4d91493e7,
1117,Pacífico / Todos los chico en la playa,Loquillo y Trogloditas,2,https://www.last.fm/music/Loquillo+y+Trogloditas/Pac%C3%ADfico+%2F+Todos+los+chico+en+la+playa,,
1118,Disco Pirata,Los Rodríguez,2,https://www.last.fm/music/Los+Rodr%C3%ADguez/Disco+Pirata,53360ee6-a093-4d60-a080-ba5067dc114c,af84ee9f-534a-4f7f-844b-188ba1c47e87
1119,Bultacos Y Montesas,Los Sencillos,2,https://www.last.fm/music/Los+Sencillos/Bultacos+Y+Montesas,8de0b9a8-2999-4090-b255-d47b6e318070,bdf0da5a-7723-4ad4-85f5-3de6b26e35b4
1120,Metal Machine Music,Lou Reed,2,https://www.last.fm/music/Lou+Reed/Metal+Machine+Music,2e287d89-19fa-47d2-ad87-897b6fc9c8b0,9d1ebcfe-4c15-4d18-95d3-d919898638a1
1121,Crises,Mike Oldfield,2,https://www.last.fm/music/Mike+Oldfield/Crises,035e89d6-d889-4fd8-b7fa-73d6a6cd5980,a1684a49-feaa-4150-b758-d9412fc59f12
1122,Ommadawn,Mike Oldfield,2,https://www.last.fm/music/Mike+Oldfield/Ommadawn,04fcd673-4426-45e2-bd12-85223e474d9f,a1684a49-feaa-4150-b758-d9412fc59f12
1123,Apocalypshit,Molotov,2,https://www.last.fm/music/Molotov/Apocalypshit,20cb3097-6fc1-4942-9763-d5508f478dfd,4f8916d6-a7d2-43e9-96b6-ce3168c39c84
1124,The 2nd Law,Muse,2,https://www.last.fm/music/Muse/The+2nd+Law,0628623f-ff64-4eb8-a6ca-3798f7a37f62,9c9f1380-2516-4fc9-a3e6-f9f61941d090
1125,One From the Modern,Ocean Colour Scene,2,https://www.last.fm/music/Ocean+Colour+Scene/One+From+the+Modern,74754ea2-9898-4cb1-89f8-7fa87f7952bf,601d793d-7e96-4bb6-b4a6-712d5c926259
1126,This Is What You Want... This Is What You Get,Public Image Ltd.,2,https://www.last.fm/music/Public+Image+Ltd./This+Is+What+You+Want...+This+Is+What+You+Get,,
1127,Sabbatical,Rosa Anschütz,2,https://www.last.fm/music/Rosa+Ansch%C3%BCtz/Sabbatical,c0f48c9f-7fce-4104-9cf8-81dc25f8dddc,f2c61f11-9c3d-4840-ab44-9e2364f0827e
1128,Bookends,Simon & Garfunkel,2,https://www.last.fm/music/Simon+&+Garfunkel/Bookends,0455cc23-9081-3ef1-b047-d2cd1cc797dd,5d02f264-e225-41ff-83f7-d9b1f0b1874a
1129,Spare Ribs,Sleaford Mods,2,https://www.last.fm/music/Sleaford+Mods/Spare+Ribs,0d938ad3-fdfd-489c-adc8-2b95be7e6b4c,09d8290b-6ada-422f-8ce3-19349fb1c15d
1130,Performance and Cocktails,Stereophonics,2,https://www.last.fm/music/Stereophonics/Performance+and+Cocktails,374b2e06-36db-4c36-b853-6b5b57fffac1,0bfba3d3-6a04-4779-bb0a-df07df5b0558
1131,Best Of The Capitol Years 1995-2007,The Dandy Warhols,2,https://www.last.fm/music/The+Dandy+Warhols/Best+Of+The+Capitol+Years+1995-2007,,
1132,Absent Friends,The Divine Comedy,2,https://www.last.fm/music/The+Divine+Comedy/Absent+Friends,023330fd-8cb4-37fa-968b-e1a12c1b05b9,49c4378b-3c36-4c5a-8999-8d936e74f39b
1133,Come on Feel the Lemonheads,The Lemonheads,2,https://www.last.fm/music/The+Lemonheads/Come+on+Feel+the+Lemonheads,013ae9ef-c572-46a8-af5e-a52ad65b942a,58a53082-a629-4ff1-a44d-7492d6f6e8fb
1134,Rotten Apples,The Smashing Pumpkins,2,https://www.last.fm/music/The+Smashing+Pumpkins/Rotten+Apples,,
1135,Is This It (US),The Strokes,2,https://www.last.fm/music/The+Strokes/Is+This+It+(US),,
1136,Winning Days,The Vines,2,https://www.last.fm/music/The+Vines/Winning+Days,04ac7428-989a-4372-9982-a4c4deb72fe1,
1137,Let's Stay Together,Various Artists,2,https://www.last.fm/music/Various+Artists/Let%27s+Stay+Together,,
1138,Let's Stay Together,Al Green,1,https://www.last.fm/music/Al+Green/Let%27s+Stay+Together,1535079b-be0c-4c09-977e-b6b72fec2550,fb7272ba-f130-4f0a-934d-6eeea4c18c9a
1139,Alaska Y Los Pegamoides,Alaska y Los Pegamoides,1,https://www.last.fm/music/Alaska+y+Los+Pegamoides/Alaska+Y+Los+Pegamoides,20bff69e-379c-33fa-a762-ceebc91a0888,d7a16aab-6822-4d14-985e-8f87a2602051
1140,Que Pasa Nen Estic Content,Alizzz,1,https://www.last.fm/music/Alizzz/Que+Pasa+Nen+Estic+Content,,a4238edc-daf9-42ed-917b-dd586f91c269
1141,Come to Daddy,Aphex Twin,1,https://www.last.fm/music/Aphex+Twin/Come+to+Daddy,0931f506-5138-3c27-b561-fc95f0d813a9,f22942a1-6f70-4f48-866e-238cb2308fbd
1142,Raindrops Keep Fallin' on My Head,B.J. Thomas,1,https://www.last.fm/music/B.J.+Thomas/Raindrops+Keep+Fallin%27+on+My+Head,21c01f2c-cbe6-431b-a845-83cbcc1a0ce5,42a19448-ff60-4fd2-9d10-959bf2000729
1143,La Araña,Barricada,1,https://www.last.fm/music/Barricada/La+Ara%C3%B1a,5455fb0f-9f9e-48ec-8672-0cfd092b7617,8fe43356-6902-4311-a80c-f221bfcf3efb
1144,Living Eyes,Bee Gees,1,https://www.last.fm/music/Bee+Gees/Living+Eyes,1a2140f6-41bd-42db-89c6-65dd599507ec,bf0f7e29-dfe1-416c-b5c6-f9ebc19ea810
1145,Greatest Hits,Billy Idol,1,https://www.last.fm/music/Billy+Idol/Greatest+Hits,1c589871-3b0a-4176-afe0-d90a19ad2e17,47c8f88b-987a-4b64-9175-2b1b57809727
1146,Rebel Yell,Billy Idol,1,https://www.last.fm/music/Billy+Idol/Rebel+Yell,0e7dacaf-aab2-30ad-b0b3-32432be4dea8,47c8f88b-987a-4b64-9175-2b1b57809727
1147,Grand Theft Auto: San Andreas Official Soundtrack Box Set,Black Harmony,1,https://www.last.fm/music/Black+Harmony/Grand+Theft+Auto:+San+Andreas+Official+Soundtrack+Box+Set,,
1148,Enema of the State,blink-182,1,https://www.last.fm/music/blink-182/Enema+of+the+State,14d490ef-3721-4a83-a78d-8787982f7737,
1149,All the people... Blur: Live in Hyde Park 02/07/2009 - Disc 02,Blur,1,https://www.last.fm/music/Blur/All+the+people...+Blur:+Live+in+Hyde+Park+02%2F07%2F2009+-+Disc+02,,
1150,Atrapado en el Amor,Burning,1,https://www.last.fm/music/Burning/Atrapado+en+el+Amor,2efd032a-b6f0-4910-a69b-aba07f344e67,71992e0c-8e7a-44e3-b66a-9c0a6c281241
1151,Best Of Bossa Nova - 75 Classic Hits (Disc 1),Carlos Lyra,1,https://www.last.fm/music/Carlos+Lyra/Best+Of+Bossa+Nova+-+75+Classic+Hits+(Disc+1),,
1152,1. Outside - The Nathan Adler Diaries: A Hyper Cycle,David Bowie,1,https://www.last.fm/music/David+Bowie/1.+Outside+-+The+Nathan+Adler+Diaries:+A+Hyper+Cycle,,
1153,David Live CD1,David Bowie,1,https://www.last.fm/music/David+Bowie/David+Live+CD1,,
1154,Space Oddity (Bonus Disc),David Bowie,1,https://www.last.fm/music/David+Bowie/Space+Oddity+(Bonus+Disc),,
1155,Stage (disc 2),David Bowie,1,https://www.last.fm/music/David+Bowie/Stage+(disc+2),,
1156,Vacaciones en el Prat,Decibelios,1,https://www.last.fm/music/Decibelios/Vacaciones+en+el+Prat,,
1157,Ultramemia,Def con Dos,1,https://www.last.fm/music/Def+con+Dos/Ultramemia,2145a67a-3ba7-42aa-8a65-35083877756e,677002d6-385c-4c8a-8dc5-9d68d514a32f
1158,Pulp Fiction (Collector's Edition),Duane Whitaker,1,https://www.last.fm/music/Duane+Whitaker/Pulp+Fiction+(Collector%27s+Edition),,
1159,Alas Sobre El Mundo,El Aviador Dro,1,https://www.last.fm/music/El+Aviador+Dro/Alas+Sobre+El+Mundo,1ed96778-fec5-443d-9c9f-0957f88e8fad,c30cc8a0-2312-4332-9117-d0e6d77b4c65
1160,Closeup,Frankie Valli,1,https://www.last.fm/music/Frankie+Valli/Closeup,1e58e28e-4eb4-49a5-b27c-860a3fd616df,3c714102-94d8-42f4-9005-fb8a75c2766d
1161,PIAS 2005 Music First,Franz Ferdinand,1,https://www.last.fm/music/Franz+Ferdinand/PIAS+2005+Music+First,,
1162,SUBID LA MUSICA,Gabinete Caligari,1,https://www.last.fm/music/Gabinete+Caligari/SUBID+LA+MUSICA,,
1163,Older,George Michael,1,https://www.last.fm/music/George+Michael/Older,44efe1ae-c994-4387-95d8-7ae348bb8ae6,ccb8f30e-4d71-40c4-8b1d-846dafe73e2c
1164,For The Very First Time Vol. 2,Glenn Miller,1,https://www.last.fm/music/Glenn+Miller/For+The+Very+First+Time+Vol.+2,,
1165,The Sound of Glenn Miller,Glenn Miller,1,https://www.last.fm/music/Glenn+Miller/The+Sound+of+Glenn+Miller,,ba26a1e4-ff39-456c-a8e3-1352ed991a1f
1166,Kasabian,Ｇｏｒｉｌｌａｚ,1,https://www.last.fm/music/%EF%BC%A7%EF%BD%8F%EF%BD%92%EF%BD%89%EF%BD%8C%EF%BD%8C%EF%BD%81%EF%BD%9A/Kasabian,,
1167,Better Than Raw,Helloween,1,https://www.last.fm/music/Helloween/Better+Than+Raw,472c7c4f-d5e6-46ff-8aab-f619d921a916,765774a0-2060-469b-8b7d-612eea48579b
1168,Bonito,Jarabe de Palo,1,https://www.last.fm/music/Jarabe+de+Palo/Bonito,8f44d020-ecbb-4f28-af8e-81ca8db8bf5c,38b511a2-76fa-4a1e-9b7a-e2a6efa6399b
1169,De Vuelta Y Vuelta,Jarabe de Palo,1,https://www.last.fm/music/Jarabe+de+Palo/De+Vuelta+Y+Vuelta,b79118e8-825c-4b25-a29e-d5f38597d34b,38b511a2-76fa-4a1e-9b7a-e2a6efa6399b
1170,Depende,Jarabe de Palo,1,https://www.last.fm/music/Jarabe+de+Palo/Depende,5375c207-5236-4db4-b586-01cd4dc4ed15,38b511a2-76fa-4a1e-9b7a-e2a6efa6399b
1171,Cross,Justice,1,https://www.last.fm/music/Justice/Cross,,
1172,Pulp Fiction (Collector's Edition),Link Wray & His Wraymen,1,https://www.last.fm/music/Link+Wray+&+His+Wraymen/Pulp+Fiction+(Collector%27s+Edition),,
1173,Ese Día Piensa En Mí,Los Suaves,1,https://www.last.fm/music/Los+Suaves/Ese+D%C3%ADa+Piensa+En+M%C3%AD,5893b592-f037-42f7-84a4-4ccda0b781c8,69747c42-016c-4705-9a9c-a411cd859b46
1174,PIAS 2005 Music First,Marc Parrot,1,https://www.last.fm/music/Marc+Parrot/PIAS+2005+Music+First,,
1175,Pulp Fiction (Collector's Edition),Maria McKee,1,https://www.last.fm/music/Maria+McKee/Pulp+Fiction+(Collector%27s+Edition),,
1176,Antichrist Superstar,Marilyn Manson,1,https://www.last.fm/music/Marilyn+Manson/Antichrist+Superstar,1050cbd4-0f9a-4c09-989e-1dfbd6c14127,
1177,Metallica (Black Album),Metallica,1,https://www.last.fm/music/Metallica/Metallica+(Black+Album),,
1178,Tender Prey,Nick Cave & the Bad Seeds,1,https://www.last.fm/music/Nick+Cave+&+the+Bad+Seeds/Tender+Prey,0007746c-1337-4c23-bc81-9289f23a6610,172e1f1a-504d-4488-b053-6344ba63e6d0
1179,Best Of The Capitol Years 1995-2007,Original TV Soundtrack,1,https://www.last.fm/music/Original+TV+Soundtrack/Best+Of+The+Capitol+Years+1995-2007,,
1180,Manners,Passion Pit,1,https://www.last.fm/music/Passion+Pit/Manners,12b93d10-c4fd-3058-830b-ae2c19145ab7,daeec599-bf5d-4428-994a-e76ba5f86e2f
1181,Sounds of Silence,Paul Simon,1,https://www.last.fm/music/Paul+Simon/Sounds+of+Silence,,
1182,Best Of Bossa Nova - 75 Classic Hits (Disc 1),Pery Ribeiro,1,https://www.last.fm/music/Pery+Ribeiro/Best+Of+Bossa+Nova+-+75+Classic+Hits+(Disc+1),,
1183,First Issue,Public Image Ltd.,1,https://www.last.fm/music/Public+Image+Ltd./First+Issue,8aa059fd-55f9-4476-b880-01de1cbdccc2,
1184,The Flowers of Romance,Public Image Ltd.,1,https://www.last.fm/music/Public+Image+Ltd./The+Flowers+of+Romance,09dcad35-64b4-4808-b04a-348b99685995,
1185,The King of Limbs,Radiohead,1,https://www.last.fm/music/Radiohead/The+King+of+Limbs,0ec67913-5de5-4ca5-a354-59f34af17c77,a74b1b7f-71a5-4011-9441-d0b5e4122711
1186,Anthology ( Disc 2 ),Ramones,1,https://www.last.fm/music/Ramones/Anthology+(+Disc+2+),,
1187,Listos Para La Reconversión,Rosendo,1,https://www.last.fm/music/Rosendo/Listos+Para+La+Reconversi%C3%B3n,d39b4442-bc0b-431d-9033-7f41270336b3,4c7e8420-1ed6-4878-8b86-70bdd3ee5803
1188,Pulp Fiction (Collector's Edition),Samuel L. Jackson,1,https://www.last.fm/music/Samuel+L.+Jackson/Pulp+Fiction+(Collector%27s+Edition),,
1189,Blackout,Scorpions,1,https://www.last.fm/music/Scorpions/Blackout,0200906f-5065-4d1b-89f3-0fb840e00c0b,c3cceeed-3332-4cf0-8c4c-bbde425147b6
1190,Never Mind The Bollocks [TOCP-53098 TOSHIBA-EMI JAPAN],Sex Pistols,1,https://www.last.fm/music/Sex+Pistols/Never+Mind+The+Bollocks+%5BTOCP-53098+TOSHIBA-EMI+JAPAN%5D,,
1191,The Great Rock'n'Roll Swindle,Sex Pistols,1,https://www.last.fm/music/Sex+Pistols/The+Great+Rock%27n%27Roll+Swindle,,e5db18cb-4b1f-496d-a308-548b611090d3
1192,Sounds of Silence,Simon & Garfunkel,1,https://www.last.fm/music/Simon+&+Garfunkel/Sounds+of+Silence,03c2b7e5-18ab-42b8-a4f9-3aac71708f59,5d02f264-e225-41ff-83f7-d9b1f0b1874a
1193,Siniestro Total II: El Regreso,Siniestro Total,1,https://www.last.fm/music/Siniestro+Total/Siniestro+Total+II:+El+Regreso,,
1194,Eton Alive,Sleaford Mods,1,https://www.last.fm/music/Sleaford+Mods/Eton+Alive,125d664e-7a31-4fdc-b869-c5574b8f0acf,09d8290b-6ada-422f-8ce3-19349fb1c15d
1195,Sleaford Mods,Sleaford Mods,1,https://www.last.fm/music/Sleaford+Mods/Sleaford+Mods,1fb2bff4-0855-436b-b899-3936bd1d3a6f,09d8290b-6ada-422f-8ce3-19349fb1c15d
1196,Easy Rider,Steppenwolf,1,https://www.last.fm/music/Steppenwolf/Easy+Rider,,
1197,The Second,Steppenwolf,1,https://www.last.fm/music/Steppenwolf/The+Second,458c6371-c918-454b-ba29-d10ed9ec9016,12ff8858-bfcb-4812-a8dd-7e9debf0cbee
1198,Adventure,Television,1,https://www.last.fm/music/Television/Adventure,0a9af327-11ef-32eb-8812-0332f1b6decc,490bde43-5edb-4a93-b3b3-7a0465fd8909
1199,Push the Button,The Chemical Brothers,1,https://www.last.fm/music/The+Chemical+Brothers/Push+the+Button,027c2f7a-4ef0-4e30-a446-59fe36f72414,1946a82a-f927-40c2-8235-38d64f50d043
1200,PIAS 2005 Music First,The Go! Team,1,https://www.last.fm/music/The+Go!+Team/PIAS+2005+Music+First,,
1201,Get The Knack,The Knack,1,https://www.last.fm/music/The+Knack/Get+The+Knack,25d7097a-eb3c-4bfa-8e7a-2fd6672c2d31,
1202,Pulp Fiction (Collector's Edition),The Lively Ones,1,https://www.last.fm/music/The+Lively+Ones/Pulp+Fiction+(Collector%27s+Edition),,
1203,Someone to Drive You Home,The Long Blondes,1,https://www.last.fm/music/The+Long+Blondes/Someone+to+Drive+You+Home,1651fa13-ae78-4879-86e5-760e20268adc,3efd863f-6a5c-400a-9868-6ef533d51509
1204,Pulp Fiction (Collector's Edition),The Marketts,1,https://www.last.fm/music/The+Marketts/Pulp+Fiction+(Collector%27s+Edition),,
1205,Always Outnumbered Never Outgu,The Prodigy,1,https://www.last.fm/music/The+Prodigy/Always+Outnumbered+Never+Outgu,,
1206,Pulp Fiction (Collector's Edition),The Robins,1,https://www.last.fm/music/The+Robins/Pulp+Fiction+(Collector%27s+Edition),,
1207,It's Only Rock ' N Roll,The Rolling Stones,1,https://www.last.fm/music/The+Rolling+Stones/It%27s+Only+Rock+%27+N+Roll,,
1208,Their Satanic Majesties Request,The Rolling Stones,1,https://www.last.fm/music/The+Rolling+Stones/Their+Satanic+Majesties+Request,02390ca0-0862-4cd2-ba3b-a95d0f5bc744,b071f9fa-14b0-4217-8e97-eb41da73f598
1209,Mellon Collie and the Infinite Sadness (CD 2 Twilight to Starlight),The Smashing Pumpkins,1,https://www.last.fm/music/The+Smashing+Pumpkins/Mellon+Collie+and+the+Infinite+Sadness+(CD+2+Twilight+to+Starlight),,
1210,Hatful Of Hollow (Japan MiniLP WPCR-12439),The Smiths,1,https://www.last.fm/music/The+Smiths/Hatful+Of+Hollow+(Japan+MiniLP+WPCR-12439),,
1211,Pulp Fiction (Collector's Edition),The Statler Brothers,1,https://www.last.fm/music/The+Statler+Brothers/Pulp+Fiction+(Collector%27s+Edition),,
1212,Kilimanjaro,The Teardrop Explodes,1,https://www.last.fm/music/The+Teardrop+Explodes/Kilimanjaro,3b49014f-32ee-4912-a14b-851d524cf06d,8002d7ee-2a0e-4ea8-8984-3c69a81a4b7e
1213,Van Halen,Van Halen,1,https://www.last.fm/music/Van+Halen/Van+Halen,038d0ad9-58a0-457b-99b9-5b4f6fe0c72d,b665b768-0d83-4363-950c-31ed39317c15
1214,The Bends,Varios intérpretes,1,https://www.last.fm/music/Varios+int%C3%A9rpretes/The+Bends,,
1215,The Invisible Band,Various Artists,1,https://www.last.fm/music/Various+Artists/The+Invisible+Band,,
1216,Best Of Bossa Nova - 75 Classic Hits (Disc 1),Vinícius de Moraes,1,https://www.last.fm/music/Vin%C3%ADcius+de+Moraes/Best+Of+Bossa+Nova+-+75+Classic+Hits+(Disc+1),,
