Puesto;Canción;Artista;Scrobbles
1;Coney Island Baby;Lou Reed;78
2;Beetlebum;Blur;70
3;City Lights;Lou Reed;69
4;Oh Darling;Supertramp;68
5;That's Life;Frank Sinatra;66
6;Proud Mary;Creedence Clearwater Revival;64
7;Life on Mars?;David Bowie;59
8;Metal Gods;Judas Priest;55
9;This Is a Low;Blur;54
10;Once In The Morning;Diana Ross;54
11;The Boss;Diana Ross;53
12;Tenderness;Diana Ross;48
13;Goodbye Stranger;Supertramp;48
14;I'm Coming Out;Diana Ross;47
15;Casual Conversations;Supertramp;47
16;Fantastic Voyage;David Bowie;45
17;I Ain't Been Licked;Diana Ross;45
18;I'm In The World;Diana Ross;44
19;Hold On;John Lennon;44
20;Home Tonight;Aerosmith;43
21;Have Fun (Again);Diana Ross;43
22;Gimme Some Truth;John Lennon;43
23;The Blue Mask;Lou Reed;43
24;Thought I Was a Spaceman;Blur;40
25;Sparkle;Diana Ross;40
26;Grinder;Judas Priest;40
27;Isn't She Lovely;Stevie Wonder;40
28;Joy Inside My Tears;Stevie Wonder;40
29;It's My House;Diana Ross;39
30;Turn to Stone;Electric Light Orchestra;39
31;A Gift;Lou Reed;39
32;Badhead;Blur;38
33;Gigantic;Pixies;38
34;Cool Cat;Queen;38
35;Ride Into The Sun;Lou Reed;37
36;She's My Best Friend;Lou Reed;37
37;Karma Police;Radiohead;37
38;Light My Fire;The Doors;37
39;The End;The Doors;37
40;Song 2;Blur;36
41;Living After Midnight;Judas Priest;36
42;Don't Look Back in Anger;Oasis;36
43;Space Oddity;David Bowie;35
44;Starlight;Electric Light Orchestra;34
45;Waves Of Fear;Lou Reed;34
46;Dancing in the Moonlight;Thin Lizzy;34
47;Chemical World;Blur;33
48;Berlin;Lou Reed;33
49;Goodnight Tonight;Paul McCartney;33
50;Knocks Me Off My Feet;Stevie Wonder;33
51;Alabama Song (Whisky Bar);The Doors;33
52;Indian Summer;The Doors;33
53;You're So Great;Blur;32
54;Velouria;Pixies;32
55;The Weight;The Band;32
56;Break on Through (to the Other Side);The Doors;32
57;The Crystal Ship;The Doors;32
58;Yes Sir, No Sir;The Kinks;32
59;All For One;Diana Ross;31
60;What You Gave Me;Diana Ross;31
61;Average Guy;Lou Reed;31
62;Heavenly Arms;Lou Reed;31
63;Blue Sunday;The Doors;31
64;Clover Over Dover;Blur;30
65;Tracy Jacks;Blur;30
66;How Do You Think It Feels;Lou Reed;30
67;Oh, Jim;Lou Reed;30
68;You're My Best Friend;Queen;30
69;Spanish Bombs;The Clash;30
70;End of the Night;The Doors;30
71;I Looked at You;The Doors;30
72;Soul Kitchen;The Doors;30
73;Southbound;Thin Lizzy;30
74;Parklife;Blur;29
75;Jamming;Bob Marley;29
76;Mind Games;John Lennon;29
77;Back Door Man;The Doors;29
78;Take It as It Comes;The Doors;29
79;Twentieth Century Fox;The Doors;29
80;End of a Century;Blur;28
81;For Tomorrow;Blur;28
82;Jubilee;Blur;28
83;The Universal;Blur;28
84;To the End;Blur;28
85;Take the Long Way Home;Supertramp;28
86;Nangs;Tame Impala;28
87;Queen of the Highway;The Doors;28
88;Bank Holiday;Blur;27
89;Ghost Ship;Blur;27
90;There Are Too Many of Us;Blur;27
91;No One Gets The Prize;Diana Ross;27
92;Sad Song;Lou Reed;27
93;Barriers;Suede;27
94;Feels Like We Only Go Backwards;Tame Impala;27
95;Mr. Churchill Says;The Kinks;27
96;Dear Heart;Thin Lizzy;27
97;Fight or Fall;Thin Lizzy;27
98;The Boys Are Back in Town;Thin Lizzy;27
99;Girls & Boys;Blur;26
100;Villa Rosie;Blur;26
101;Mulder and Scully;Catatonia;26
102;Low;Coldplay;26
103;Wrote a Song for Everyone;Creedence Clearwater Revival;26
104;A New Career in a New Town;David Bowie;26
105;Theme From New York New York;Frank Sinatra;26
106;Imagine;John Lennon;26
107;Nothing To Say;The Kinks;26
108;Charmless Man;Blur;25
109;Go Out;Blur;25
110;Trouble in the Message Centre;Blur;25
111;Soul Love;David Bowie;25
112;Where Are We Now?;David Bowie;25
113;Midnight Train to Georgia;Gladys Knight & The Pips;25
114;You Don't Have To Be Old To Be;Judas Priest;25
115;Bohemian Rhapsody;Queen;25
116;No Surprises;Radiohead;25
117;Sir Duke;Stevie Wonder;25
118;Trash;Suede;25
119;Love So Right;Bee Gees;24
120;Far Out;Blur;24
121;Ong Ong;Blur;24
122;Hungry Heart;Bruce Springsteen;24
123;D.J.;David Bowie;24
124;Sons of the Silent Age;David Bowie;24
125;Welcome to the World of the Plastic Beach;Gorillaz;24
126;Jealous Guy;John Lennon;24
127;Men of Good Fortune;Lou Reed;24
128;Satellite of Love;Lou Reed;24
129;Dear Lord;Thin Lizzy;24
130;Downtown Sundown;Thin Lizzy;24
131;Subway;Bee Gees;23
132;Advert;Blur;23
133;Coffee & TV;Blur;23
134;Colin Zeal;Blur;23
135;Lonesome Street;Blur;23
136;Lot 105;Blur;23
137;The Debt Collector;Blur;23
138;"""Heroes""";David Bowie;23
139;Isolation;John Lennon;23
140;Breaking the Law;Judas Priest;23
141;I Want to Boogie With You;Lou Reed;23
142;Lady Day;Lou Reed;23
143;Off the Wall;Michael Jackson;23
144;Allison;Pixies;23
145;Where Is My Mind?;Pixies;23
146;Golden Lady;Stevie Wonder;23
147;The Logical Song;Supertramp;23
148;Roadhouse Blues;The Doors;23
149;Ship of Fools;The Doors;23
150;Waiting for the Sun;The Doors;23
151;Yes, the River Knows;The Doors;23
152;London Loves;Blur;22
153;Magic America;Blur;22
154;Just Like a Woman;Bob Dylan;22
155;Bennie and the Jets;Elton John;22
156;Last Living Souls;Gorillaz;22
157;United;Judas Priest;22
158;We Are the Champions;Queen;22
159;The Tourist;Radiohead;22
160;Born to Be Wild;Steppenwolf;22
161;Peace Frog;The Doors;22
162;You Make Me Real;The Doors;22
163;I Broadcast;Blur;21
164;Bad Moon Rising;Creedence Clearwater Revival;21
165;Last Train to London;Electric Light Orchestra;21
166;Bad Bad Leroy Brown;Frank Sinatra;21
167;Moon River;Frank Sinatra;21
168;My Way;Frank Sinatra;21
169;Virtual Insanity;Jamiroquai;21
170;Evening Star;Judas Priest;21
171;Champagne Supernova;Oasis;21
172;The Great Gig in the Sky;Pink Floyd;21
173;Letter to Memphis;Pixies;21
174;Condena De Amor;Radio Futura;21
175;Sexy Sadie;The Beatles;21
176;Land Ho;The Doors;21
177;Children Of The World;Bee Gees;20
178;Blue Jeans;Blur;20
179;I Am the Mob;Catatonia;20
180;The Whale;Electric Light Orchestra;20
181;Mack the Knife;Frank Sinatra;20
182;Busted and Blue;Gorillaz;20
183;Bittersweet Bundle Of Misery;Graham Coxon;20
184;Cosmic Girl;Jamiroquai;20
185;Intuition;John Lennon;20
186;Nobody Loves You (When You're Down and Out);John Lennon;20
187;Kill Your Sons;Lou Reed;20
188;First-Time Mothers Joy (Flying);Mercury Rev;20
189;Sudden Ray of Hope;Mercury Rev;20
190;Live to Win;Motörhead;20
191;Some Might Say;Oasis;20
192;Too Young;Phoenix;20
193;Dishes;Pulp;20
194;Something Changed;Pulp;20
195;Creepin';Stevie Wonder;20
196;He's Misstra Know-It-All;Stevie Wonder;20
197;The Spy;The Doors;20
198;Ava Adore;The Smashing Pumpkins;20
199;Showdown;Thin Lizzy;20
200;Caravan;Blur;19
201;Coping;Blur;19
202;He Thought of Cars;Blur;19
203;Pyongyang;Blur;19
204;Star Shaped;Blur;19
205;Sunday Sunday;Blur;19
206;Road Rage;Catatonia;19
207;I Heard It Through the Grapevine;Creedence Clearwater Revival;19
208;Courtship Dating;Crystal Castles;19
209;Nightvision;Daft Punk;19
210;Upside Down;Diana Ross;19
211;Steeler;Judas Priest;19
212;Across Yer Ocean;Mercury Rev;19
213;Rock with You;Michael Jackson;19
214;The Happening;Pixies;19
215;Child of Vision;Supertramp;19
216;Gone Hollywood;Supertramp;19
217;I Shall Be Released;The Band;19
218;Something;The Beatles;19
219;While My Guitar Gently Weeps;The Beatles;19
220;Maggie M'Gill;The Doors;19
221;Spanish Caravan;The Doors;19
222;Shangri-La;The Kinks;19
223;Death on the Stairs;The Libertines;19
224;Time for Heroes;The Libertines;19
225;Turn It Up;Blur;18
226;Crimewave;Crystal Castles;18
227;Vanished;Crystal Castles;18
228;My Old Piano;Diana Ross;18
229;On the Run;Electric Light Orchestra;18
230;Shine a Little Love;Electric Light Orchestra;18
231;Strangers in the Night;Frank Sinatra;18
232;Give Me Love (Give Me Peace on Earth);George Harrison;18
233;Storms of Troubled Times;Gladys Knight & The Pips;18
234;Andromeda;Gorillaz;18
235;Spend a Lifetime;Jamiroquai;18
236;Going Down on Love;John Lennon;18
237;Spiders And Flies;Mercury Rev;18
238;It's the Falling in Love;Michael Jackson;18
239;She's Electric;Oasis;18
240;Steal Away;Robbie Dupree;18
241;Just Another Nervous Wreck;Supertramp;18
242;Lord Is It Mine;Supertramp;18
243;I'm So Tired;The Beatles;18
244;Don't Believe a Word;Thin Lizzy;18
245;One More Kiss, Dear;Vangelis;18
246;Bugman;Blur;17
247;M.O.R.;Blur;17
248;Oily Water;Blur;17
249;Out of Time;Blur;17
250;Sound and Vision;David Bowie;17
251;Speed of Life;David Bowie;17
252;Friend To Friend;Diana Ross;17
253;I'm Still Standing;Elton John;17
254;Sweet Painted Lady;Elton John;17
255;L.A. Is My Lady;Frank Sinatra;17
256;Alone Again (Naturally);Gilbert O'Sullivan;17
257;Hallelujah Money;Gorillaz;17
258;Maybe;Janis Joplin;17
259;We Used to Know;Jethro Tull;17
260;Rapid Fire;Judas Priest;17
261;The Rage;Judas Priest;17
262;Stairway to Heaven;Led Zeppelin;17
263;When the Levee Breaks;Led Zeppelin;17
264;Going Down;Lou Reed;17
265;Lithium;Nirvana;17
266;Holding on together;Phoenix;17
267;Time;Pink Floyd;17
268;All Over the World;Pixies;17
269;Hang Wire;Pixies;17
270;Creep;Radiohead;17
271;Breakfast in America;Supertramp;17
272;Why Won't You Make Up Your Mind?;Tame Impala;17
273;We Can Talk;The Band;17
274;With a Little Help From My Friends;The Beatles;17
275;Hyacinth House;The Doors;17
276;Love Street;The Doors;17
277;Australia;The Kinks;17
278;Ice Cream Man;Blur;16
279;No Distance Left to Run;Blur;16
280;Pressure on Julian;Blur;16
281;Once in a Lifetime Thing;Gladys Knight & The Pips;16
282;In the Mood;Glenn Miller;16
283;We Got the Power;Gorillaz;16
284;White Heat, Red Hot;Judas Priest;16
285;Caroline Says I;Lou Reed;16
286;Families;Lou Reed;16
287;The Day John Kennedy Died;Lou Reed;16
288;Ana;Pixies;16
289;Blown Away;Pixies;16
290;Brick Is Red;Pixies;16
291;River Euphrates;Pixies;16
292;Rock Music;Pixies;16
293;Happy Endings;Pulp;16
294;Help the Aged;Pulp;16
295;Party Hard;Pulp;16
296;Don't Stop Me Now;Queen;16
297;Swallow;Sleeper;16
298;It Ain't No Use;Stevie Wonder;16
299;Beautiful Ones;Suede;16
300;Sometimes I Feel I’ll Float Away;Suede;16
301;Cry Baby Cry;The Beatles;16
302;Martha My Dear;The Beatles;16
303;Lola;The Kinks;16
304;Some Mother's Son;The Kinks;16
305;Waterloo Sunset;The Kinks;16
306;Soldier of Fortune;Thin Lizzy;16
307;That Woman's Gonna Break You Heart;Thin Lizzy;16
308;Jump;Van Halen;16
309;Love Theme;Vangelis;16
310;Memories of Green;Vangelis;16
311;Mirrorball;Blur;15
312;Miss America;Blur;15
313;My Terracotta Heart;Blur;15
314;New World Towers;Blur;15
315;There's No Other Way;Blur;15
316;Game On;Catatonia;15
317;All the Madmen;David Bowie;15
318;Kooks;David Bowie;15
319;Give Up;Diana Ross;15
320;Bluebird Is Dead;Electric Light Orchestra;15
321;It's Over;Electric Light Orchestra;15
322;Sweet Talkin' Woman;Electric Light Orchestra;15
323;Fly Me to the Moon;Frank Sinatra;15
324;The Lady Is a Tramp;Frank Sinatra;15
325;Best Thing That Ever Happened to Me;Gladys Knight & The Pips;15
326;All Alone;Gorillaz;15
327;Tripping Over;Graham Coxon;15
328;Last Rose of Summer;Judas Priest;15
329;Caroline Says II;Lou Reed;15
330;Make Up;Lou Reed;15
331;Perfect Day;Lou Reed;15
332;Walk on the Wild Side;Lou Reed;15
333;Opus 40;Mercury Rev;15
334;Straight Edge;NOFX;15
335;Live Forever;Oasis;15
336;Is She Weird;Pixies;15
337;The Sad Punk;Pixies;15
338;Baby Come Back;Player;15
339;Purple Rain;Prince;15
340;Common People;Pulp;15
341;Paranoid Android;Radiohead;15
342;Anarchy in the U.K.;Sex Pistols;15
343;Viajero Nocturno;Sidonie;15
344;Delicious;Sleeper;15
345;Inbetweener;Sleeper;15
346;Vegas;Sleeper;15
347;Ordinary Pain;Stevie Wonder;15
348;Psycho Killer;Talking Heads;15
349;Let It Be;The Beatles;15
350;Sway;The Rolling Stones;15
351;Bad Reputation;Thin Lizzy;15
352;Complicated Game;XTC;15
353;Barbaric;Blur;14
354;Death Of A Party;Blur;14
355;St. Charles Square;Blur;14
356;Tender;Blur;14
357;The Narcissist;Blur;14
358;Is This Love;Bob Marley;14
359;Knights;Crystal Castles;14
360;Lady Stardust;David Bowie;14
361;Sweet Thing;David Bowie;14
362;Instant Street;dEUS;14
363;Latitude 88 North (Previously Unreleased);Electric Light Orchestra;14
364;Need Her Love;Electric Light Orchestra;14
365;Summer and Lightning;Electric Light Orchestra;14
366;My Sweet Lord;George Harrison;14
367;Where Peaceful Waters Flow;Gladys Knight & The Pips;14
368;La Casa del Misterio;Ilegales;14
369;Love;John Lennon;14
370;Better by You, Better Than Me;Judas Priest;14
371;Delivering the Goods;Judas Priest;14
372;Saints in Hell;Judas Priest;14
373;Stained Class;Judas Priest;14
374;Claim To Fame;Lou Reed;14
375;The Bed;Lou Reed;14
376;The Kids;Lou Reed;14
377;Someone's Missing;MGMT;14
378;Liza and Louise;NOFX;14
379;Wonderwall;Oasis;14
380;Dig for Fire;Pixies;14
381;Havalina;Pixies;14
382;Palace of the Brine;Pixies;14
383;Death Goes To The Disco;Pulp;14
384;Disco 2000;Pulp;14
385;Underwear;Pulp;14
386;We Will Rock You;Queen;14
387;Pyrotechnician;Sleeper;14
388;Alright;Supergrass;14
389;Sofa (of My Lethargy);Supergrass;14
390;Blackbird;The Beatles;14
391;In My Life;The Beatles;14
392;Nowhere Man;The Beatles;14
393;Wintertime Love;The Doors;14
394;Drivin';The Kinks;14
395;1979;The Smashing Pumpkins;14
396;Rolling People;The Verve;14
397;Killer Without a Cause;Thin Lizzy;14
398;Opium Trail;Thin Lizzy;14
399;Cuando te conocí;Andrés Calamaro;13
400;Loco;Andrés Calamaro;13
401;Girl From Mars;Ash;13
402;Wind Of Change;Bee Gees;13
403;Birthday;Blur;13
404;Fade Away;Blur;13
405;Popscene;Blur;13
406;Sing;Blur;13
407;The Ballad;Blur;13
408;The Heights;Blur;13
409;We've Got a File on You;Blur;13
410;I Shot The Sheriff;Bob Marley;13
411;Tenth Avenue Freeze-Out;Bruce Springsteen;13
412;X&Y;Coldplay;13
413;Born on the Bayou;Creedence Clearwater Revival;13
414;xxzxcuzx me;Crystal Castles;13
415;Digital Love;Daft Punk;13
416;Be My Wife;David Bowie;13
417;Look Back in Anger;David Bowie;13
418;Big Wheels;Electric Light Orchestra;13
419;Confusion;Electric Light Orchestra;13
420;Night in the City;Electric Light Orchestra;13
421;Steppin' Out;Electric Light Orchestra;13
422;Tightrope;Electric Light Orchestra;13
423;Epic;Faith No More;13
424;Como Un Animal;Gabinete Caligari;13
425;I've Got to Use My Imagination;Gladys Knight & The Pips;13
426;Humility;Gorillaz;13
427;White Light;Gorillaz;13
428;Don't Let Him Waste Your Time;Jarvis Cocker;13
429;(Just Like) Starting Over;John Lennon;13
430;Diamonds and Rust;Judas Priest;13
431;Riding on the Wind;Judas Priest;13
432;Sinner;Judas Priest;13
433;Starbreaker;Judas Priest;13
434;Tattva;Kula Shaker;13
435;Celebration Day;Led Zeppelin;13
436;Underneath The Bottle;Lou Reed;13
437;A Kiss from an Old Flame (A Trip to the Moon);Mercury Rev;13
438;Girlfriend;Michael Jackson;13
439;I Can't Help It;Michael Jackson;13
440;Love Me Like a Reptile;Motörhead;13
441;Leave It Alone;NOFX;13
442;Cast No Shadow;Oasis;13
443;Digsy's Dinner;Oasis;13
444;On Fire;Phoenix;13
445;A Saucerful of Secrets;Pink Floyd;13
446;Down to the Well;Pixies;13
447;Motorway to Roswell;Pixies;13
448;Something Against You;Pixies;13
449;Stormy Weather;Pixies;13
450;The Navajo Know;Pixies;13
451;Wave of Mutilation;Pixies;13
452;You're a Nightmare [John Peel 07/02.93] [BBC John Peel Session '78][#][;Pulp;13
453;Just;Radiohead;13
454;Subterranean Homesick Alien;Radiohead;13
455;Der Meister;Rammstein;13
456;God Save the Queen;Sex Pistols;13
457;Female of the Species;Space;13
458;Saturn;Stevie Wonder;13
459;New Generation;Suede;13
460;Life's a Gas;T. Rex;13
461;Uh-Oh, Love Comes to Town;Talking Heads;13
462;What Goes On;The Beatles;13
463;You Won't See Me;The Beatles;13
464;Wishful Sinful;The Doors;13
465;Arthur;The Kinks;13
466;She's Bought A Hat Like Princess Marina;The Kinks;13
467;Situation Vacant;The Kinks;13
468;Young And Innocent Days;The Kinks;13
469;Moonlight Mile;The Rolling Stones;13
470;Day in Day Out;XTC;13
471;Roads Girdle the Globe;XTC;13
472;You See Me Crying;Aerosmith;12
473;Can't Keep A Good Man Down;Bee Gees;12
474;Love Me;Bee Gees;12
475;Killing Yourself to Live;Black Sabbath;12
476;Avalon;Blur;12
477;B.L.U.R.E.M.I.;Blur;12
478;Battle;Blur;12
479;Far Away Island;Blur;12
480;Goodbye Albert;Blur;12
481;Look Inside America;Blur;12
482;Movin' On;Blur;12
483;Resigned;Blur;12
484;Russian Strings;Blur;12
485;The Everglades (For Leonard);Blur;12
486;Real World;Buzzcocks;12
487;What If;Coldplay;12
488;Penthouse Pauper;Creedence Clearwater Revival;12
489;Alice Practice;Crystal Castles;12
490;Changes;David Bowie;12
491;Quicksand;David Bowie;12
492;Somebody Up There Likes Me;David Bowie;12
493;Now That You're Gone;Diana Ross;12
494;Believe Me Now;Electric Light Orchestra;12
495;Jungle;Electric Light Orchestra;12
496;Livin' Thing;Electric Light Orchestra;12
497;Mission (A World Record);Electric Light Orchestra;12
498;Don't Be Cruel;Elvis Presley;12
499;Girl From Ipanema;Frank Sinatra;12
500;Try Some, Buy Some;George Harrison;12
501;Wah-Wah;George Harrison;12
502;HillBilly Man;Gorillaz;12
503;Iberia Sumergida;Héroes del Silencio;12
504;Tesoro;Héroes del Silencio;12
505;Tonite;Jarvis Cocker;12
506;Eh, Sabina;Joaquín Sabina;12
507;God;John Lennon;12
508;Invader;Judas Priest;12
509;Savage;Judas Priest;12
510;You've Got Another Thing Comin';Judas Priest;12
511;Hey Dude;Kula Shaker;12
512;Start All Over;Kula Shaker;12
513;In the Light;Led Zeppelin;12
514;Vicious;Lou Reed;12
515;A Design for Life;Manic Street Preachers;12
516;Be Thankful for What You've Got;Massive Attack;12
517;Territorial Pissings;Nirvana;12
518;Columbia;Oasis;12
519;Money;Pink Floyd;12
520;Cecilia Ann;Pixies;12
521;Bar Italia;Pulp;12
522;Do You Remember the First Time?;Pulp;12
523;Pencil Skirt;Pulp;12
524;Airbag;Radiohead;12
525;My Iron Lung;Radiohead;12
526;Bodies;Sex Pistols;12
527;Why Can't We Be Friends;Smash Mouth;12
528;A Ballad to Forget;Soulwax;12
529;It Starts and Ends With You;Suede;12
530;Saturday Night;Suede;12
531;Caught by the Fuzz;Supergrass;12
532;Get It On;T. Rex;12
533;Pet Sounds;The Beach Boys;12
534;Wouldn't It Be Nice;The Beach Boys;12
535;Drive My Car;The Beatles;12
536;Girl;The Beatles;12
537;I'm Looking Through You;The Beatles;12
538;If I Needed Someone;The Beatles;12
539;Michelle;The Beatles;12
540;Norwegian Wood (This Bird Has Flown);The Beatles;12
541;Rocky Raccoon;The Beatles;12
542;Run for Your Life;The Beatles;12
543;The Word;The Beatles;12
544;Think for Yourself;The Beatles;12
545;Wait;The Beatles;12
546;Drug-Stabbing Time;The Clash;12
547;I'm Not Down;The Clash;12
548;Train in Vain;The Clash;12
549;Five to One;The Doors;12
550;Carnation;The Jam;12
551;You Really Got Me;The Kinks;12
552;Brown Sugar;The Rolling Stones;12
553;Here Is No Why;The Smashing Pumpkins;12
554;This Charming Man;The Smiths;12
555;Suicide;Thin Lizzy;12
556;Main Titles;Vangelis;12
557;Outside World;XTC;12
558;Real by Reel;XTC;12
559;Scissor Man;XTC;12
560;When You're Near Me I Have Difficulty;XTC;12
561;Goldfinger;Ash;11
562;Lovers;Bee Gees;11
563;Looking for Today;Black Sabbath;11
564;Paranoid;Black Sabbath;11
565;Sabbra Cadabra;Black Sabbath;11
566;Chinese Bombs;Blur;11
567;Country House;Blur;11
568;Country Sad Ballad Man;Blur;11
569;Globe Alone;Blur;11
570;On Your Own;Blur;11
571;She's So High;Blur;11
572;Strange News From Another Star;Blur;11
573;Graveyard Train;Creedence Clearwater Revival;11
574;Lodi;Creedence Clearwater Revival;11
575;Air War;Crystal Castles;11
576;Good Time;Crystal Castles;11
577;Boys Keep Swinging;David Bowie;11
578;Fashion;David Bowie;11
579;Moonage Daydream;David Bowie;11
580;Oh! You Pretty Things;David Bowie;11
581;Wild Is the Wind;David Bowie;11
582;Across the Border;Electric Light Orchestra;11
583;Shangri-La;Electric Light Orchestra;11
584;So Fine;Electric Light Orchestra;11
585;Standin' in the Rain;Electric Light Orchestra;11
586;Hound Dog;Elvis Presley;11
587;For Once in My Life;Frank Sinatra;11
588;What Now My Love;Frank Sinatra;11
589;Fastlove;George Michael;11
590;Dead Bees;Graham Coxon;11
591;Freakin' Out;Graham Coxon;11
592;El Camino Del Exceso;Héroes del Silencio;11
593;#9 Dream;John Lennon;11
594;I Found Out;John Lennon;11
595;Woman Is the Nigger of the World;John Lennon;11
596;Dissident Aggressor;Judas Priest;11
597;Raw Deal;Judas Priest;11
598;Screaming for Vengeance;Judas Priest;11
599;Immigrant Song;Led Zeppelin;11
600;Whole Lotta Love;Led Zeppelin;11
601;Santos Que Yo Te Pinté;Los Planetas;11
602;Extraño;Los Rodríguez;11
603;Tides Of The Moon;Mercury Rev;11
604;Song for Dan Treacy;MGMT;11
605;Fast and Loose;Motörhead;11
606;Come as You Are;Nirvana;11
607;Drain You;Nirvana;11
608;In Bloom;Nirvana;11
609;Dig;NOFX;11
610;Hey Now!;Oasis;11
611;Morning Glory;Oasis;11
612;Roll with It;Oasis;11
613;The Swamp Song [excerpt 2];Oasis;11
614;Any Colour You Like;Pink Floyd;11
615;Brain Damage;Pink Floyd;11
616;In the Flesh?;Pink Floyd;11
617;Us and Them;Pink Floyd;11
618;Hey;Pixies;11
619;Levitate Me;Pixies;11
620;Tame;Pixies;11
621;Vamos;Pixies;11
622;Live Bed Show;Pulp;11
623;The Birds in Your Garden;Pulp;11
624;El Amigo Desconocido;Radio Futura;11
625;Electioneering;Radiohead;11
626;Exit Music (for a Film);Radiohead;11
627;Let Down;Radiohead;11
628;There There. (The Boney King of Nowhere.);Radiohead;11
629;I Wanna Be Sedated;Ramones;11
630;This Is How It Feels;Richard Ashcroft;11
631;Disconnect the Dots;Smash Mouth;11
632;Love's in Need of Love Today;Stevie Wonder;11
633;Smile Please;Stevie Wonder;11
634;Summer Soft;Stevie Wonder;11
635;Here I Go;Syd Barrett;11
636;Girl;T. Rex;11
637;Mind;Talking Heads;11
638;Alter Ego;Tame Impala;11
639;Everything Flows;Teenage Fanclub;11
640;Don't Talk (Put Your Head on My Shoulder);The Beach Boys;11
641;Glass Onion;The Beatles;11
642;Oh! Darling;The Beatles;11
643;Sun King;The Beatles;11
644;Hello, I Love You;The Doors;11
645;Love Me Two Times;The Doors;11
646;Big Sky;The Kinks;11
647;Do You Remember Walter?;The Kinks;11
648;Sitting by the Riverside;The Kinks;11
649;Tin Soldier Man;The Kinks;11
650;Village Green;The Kinks;11
651;Up the Bracket;The Libertines;11
652;Dead Flowers;The Rolling Stones;11
653;Miss You;The Rolling Stones;11
654;Wild Horses;The Rolling Stones;11
655;You Gotta Move;The Rolling Stones;11
656;Drugs Don't Work;The Verve;11
657;Mama Nature Said;Thin Lizzy;11
658;Rosalie;Thin Lizzy;11
659;Blade Runner Blues;Vangelis;11
660;Tears in Rain;Vangelis;11
661;Wait for Me;Vangelis;11
662;Helicopter;XTC;11
663;Making Plans for Nigel;XTC;11
664;That Is the Way;XTC;11
665;Intervention;Arcade Fire;10
666;Just The Way You Are;Barry White;10
667;You Should Be Dancing;Bee Gees;10
668;You Stepped Into My Life;Bee Gees;10
669;Fluff;Black Sabbath;10
670;Ambulance;Blur;10
671;Bad Day;Blur;10
672;Bang;Blur;10
673;Battery in Your Leg;Blur;10
674;Crazy Beat;Blur;10
675;Good Song;Blur;10
676;I'm Just A Killer For Your Love;Blur;10
677;Theme From Retro;Blur;10
678;Trimm Trabb;Blur;10
679;Under the Westway;Blur;10
680;Yuko and Hiro;Blur;10
681;Waiting In Vain;Bob Marley;10
682;Ever Fallen in Love (With Someone You Shouldn't've)?;Buzzcocks;10
683;Sixteen Again;Buzzcocks;10
684;Indicios de arrepentimiento;Carlos Berlanga;10
685;Johnny Come Lately;Catatonia;10
686;I'm So Glad;Cream;10
687;Bootleg;Creedence Clearwater Revival;10
688;Good Golly Miss Molly;Creedence Clearwater Revival;10
689;Love and Caring;Crystal Castles;10
690;The Selfish Giant;Damon Albarn;10
691;Eight Line Poem;David Bowie;10
692;Queen Bitch;David Bowie;10
693;Rebel Rebel;David Bowie;10
694;Smoke on the Water;Deep Purple;10
695;The Lung;Dinosaur Jr.;10
696;Close...But;Echobelly;10
697;Evil Woman;Electric Light Orchestra;10
698;Wishing;Electric Light Orchestra;10
699;Heartbreak Hotel;Elvis Presley;10
700;Chicago Is My Kind of Town;Frank Sinatra;10
701;Somethin' Stupid;Frank Sinatra;10
702;Summer Wind;Frank Sinatra;10
703;Amor De Madre;Gabinete Caligari;10
704;Living in the Material World;George Harrison;10
705;Run of the Mill;George Harrison;10
706;Window Raisin' Granny;Gladys Knight & The Pips;10
707;Charger;Gorillaz;10
708;Souk Eye;Gorillaz;10
709;I Wish;Graham Coxon;10
710;El último hombre;Ilegales;10
711;Tiempos Nuevos, Tiempos Salvajes;Ilegales;10
712;Somebody to Love;Jefferson Airplane;10
713;Cold Turkey;John Lennon;10
714;Instant Karma!;John Lennon;10
715;(Take These) Chains;Judas Priest;10
716;Bloodstone;Judas Priest;10
717;Devil's Child;Judas Priest;10
718;Fever;Judas Priest;10
719;Here Come the Tears;Judas Priest;10
720;Let Us Prey / Call for the Priest;Judas Priest;10
721;Pain and Pleasure;Judas Priest;10
722;Pesadilla En El Parque De Atracciones;Los Planetas;10
723;Gimme Some Good Times;Lou Reed;10
724;Nobody's Business;Lou Reed;10
725;Ooohhh Baby;Lou Reed;10
726;Elvis Impersonator: Blackpool Pier;Manic Street Preachers;10
727;Enola/Alone;Manic Street Preachers;10
728;Wide Open Space;Mansun;10
729;Smells Like Teen Spirit;Nirvana;10
730;Slide Away;Oasis;10
731;The Swamp Song [excerpt 1];Oasis;10
732;Break It Up;Patti Smith;10
733;Brinx Job;Pavement;10
734;Another Brick in the Wall (Part 2);Pink Floyd;10
735;Breathe;Pink Floyd;10
736;Eclipse;Pink Floyd;10
737;Mother;Pink Floyd;10
738;Speak to Me;Pink Floyd;10
739;Break My Body;Pixies;10
740;Crackity Jones;Pixies;10
741;Debaser;Pixies;10
742;Head On;Pixies;10
743;Mr. Grieves;Pixies;10
744;Planet of Sound;Pixies;10
745;Trompe le Monde;Pixies;10
746;Let's Go Crazy;Prince;10
747;Babies;Pulp;10
748;F.E.E.L.I.N.G.C.A.L.L.E.D.L.O.V.E;Pulp;10
749;I Love Life;Pulp;10
750;I Spy;Pulp;10
751;Mis-Shapes;Pulp;10
752;Monday Morning;Pulp;10
753;Sorted for E's & Wizz;Pulp;10
754;The Boss [#][*][Demo Previously Unreleased][Demo Version];Pulp;10
755;This Is Hardcore;Pulp;10
756;Spread Your Wings;Queen;10
757;Climbing Up the Walls;Radiohead;10
758;Rockaway Beach;Ramones;10
759;She's the One;Ramones;10
760;EMI;Sex Pistols;10
761;Holidays in the Sun;Sex Pistols;10
762;Tienes Gracia;Sidonie;10
763;Todo Lo Que Nos Gusta;Sidonie;10
764;Bedhead;Sleeper;10
765;Hunch;Sleeper;10
766;Lady Love Your Countryside;Sleeper;10
767;Compute;Soulwax;10
768;Ebony Eyes;Stevie Wonder;10
769;Animal Nitrate;Suede;10
770;She's So Loose;Supergrass;10
771;Sitting Up Straight;Supergrass;10
772;Found a Job;Talking Heads;10
773;The Book I Read;Talking Heads;10
774;With Our Love;Talking Heads;10
775;Let It Happen;Tame Impala;10
776;Nothing That Has Happened So Far Has Been Anything We Could Control;Tame Impala;10
777;Lonesome Suzie;The Band;10
778;A Day in the Life;The Beatles;10
779;For No One;The Beatles;10
780;Happiness Is a Warm Gun;The Beatles;10
781;All the Young Punks (New Boots and Contracts);The Clash;10
782;Riders on the Storm;The Doors;10
783;Nineteen Seventeen;The Good, the Bad & the Queen;10
784;All of My Friends Were There;The Kinks;10
785;Brainwashed;The Kinks;10
786;Denmark Street;The Kinks;10
787;Picture Book;The Kinks;10
788;Can't Stand Me Now;The Libertines;10
789;Diesel Power;The Prodigy;10
790;Bitch;The Rolling Stones;10
791;Can't You Hear Me Knocking;The Rolling Stones;10
792;I Got the Blues;The Rolling Stones;10
793;Jigsaw Puzzle;The Rolling Stones;10
794;Sister Morphine;The Rolling Stones;10
795;Heaven Knows I'm Miserable Now;The Smiths;10
796;I Can't Stand It;The Specials;10
797;Hard to Explain;The Strokes;10
798;Under Control;The Strokes;10
799;Blush Response;Vangelis;10
800;Millions;XTC;10
801;Ten Feet Tall;XTC;10
802;EL HOSPITAL;Alaska y Dinarama;9
803;Maradona;Andrés Calamaro;9
804;I Just Want to Be Your Everything;Andy Gibb;9
805;The Beat Goes On;Beady Eye;9
806;Fanny (Be Tender With My Love);Bee Gees;9
807;The Way It Was;Bee Gees;9
808;Iron Man;Black Sabbath;9
809;Brothers and Sisters;Blur;9
810;Essex Dogs;Blur;9
811;Fool;Blur;9
812;It Could Be You;Blur;9
813;Moroccan Peoples Revolutionary Bowls Club;Blur;9
814;On the Way to the Club;Blur;9
815;Slow Down;Blur;9
816;Trailerpark;Blur;9
817;Like a Rolling Stone;Bob Dylan;9
818;Could You Be Loved;Bob Marley;9
819;Jungleland;Bruce Springsteen;9
820;Nostalgia;Buzzcocks;9
821;Goldfish and Paracetamol;Catatonia;9
822;Swallowed in the Sea;Coldplay;9
823;I Feel Free;Cream;9
824;Green River;Creedence Clearwater Revival;9
825;Keep on Chooglin';Creedence Clearwater Revival;9
826;Magic Spells;Crystal Castles;9
827;Untrust Us;Crystal Castles;9
828;Ashes to Ashes;David Bowie;9
829;Fill Your Heart;David Bowie;9
830;Rock 'n' Roll Suicide;David Bowie;9
831;Rock 'n' Roll With Me;David Bowie;9
832;The Prettiest Star;David Bowie;9
833;Thursday's Child;David Bowie;9
834;Up the Hill Backwards;David Bowie;9
835;Demon's Eye;Deep Purple;9
836;Highway Star;Deep Purple;9
837;You Were The One;Diana Ross;9
838;The Killing Moon;Echo & the Bunnymen;9
839;Midnight Blue;Electric Light Orchestra;9
840;Sweet Is the Night;Electric Light Orchestra;9
841;The Diary of Horace Wimp;Electric Light Orchestra;9
842;Goodbye Yellow Brick Road;Elton John;9
843;The Ballad Of Danny Bailey (1909-34);Elton John;9
844;Don't Stop;Fleetwood Mac;9
845;I Get a Kick Out of You;Frank Sinatra;9
846;Mr. Bad Guy;Freddie Mercury;9
847;Mi Buena Estrella;Gabinete Caligari;9
848;Isn't It a Pity (version two);George Harrison;9
849;The Light That Has Lighted the World;George Harrison;9
850;Perfect Love;Gladys Knight & The Pips;9
851;American Patrol;Glenn Miller;9
852;Magic City;Gorillaz;9
853;O Green World;Gorillaz;9
854;Strobelite;Gorillaz;9
855;If You Want Me;Graham Coxon;9
856;That's All I Wanna Do;Graham Coxon;9
857;Despertar;Héroes del Silencio;9
858;Another Life;Iron Maiden;9
859;Crippled Inside;John Lennon;9
860;It's So Hard;John Lennon;9
861;Power to the People;John Lennon;9
862;Working Class Hero;John Lennon;9
863;Electric Eye;Judas Priest;9
864;Exciter;Judas Priest;9
865;Rock Forever;Judas Priest;9
866;The Hellion;Judas Priest;9
867;All My Love;Led Zeppelin;9
868;Misty Mountain Hop;Led Zeppelin;9
869;Ten Years Gone;Led Zeppelin;9
870;Me Estás Atrapando Otra Vez;Los Rodríguez;9
871;All Through The Night;Lou Reed;9
872;Animal Language;Lou Reed;9
873;Charley's Girl;Lou Reed;9
874;My House;Lou Reed;9
875;The Heroine;Lou Reed;9
876;From Despair to Where;Manic Street Preachers;9
877;Chains;Mercury Rev;9
878;In A Funny Way;Mercury Rev;9
879;In The Wilderness;Mercury Rev;9
880;Brian Eno;MGMT;9
881;Tubular Bells. Part One;Mike Oldfield;9
882;Out of Control;Miles Kane;9
883;Ace of Spades;Motörhead;9
884;Soft as Snow (But Warm Inside);my bloody valentine;9
885;Breed;Nirvana;9
886;Lounge Act;Nirvana;9
887;Stay Away;Nirvana;9
888;Stickin in My Eye;NOFX;9
889;The Bag;NOFX;9
890;You're Bleeding;NOFX;9
891;Bring It on Down;Oasis;9
892;Cigarettes & Alcohol;Oasis;9
893;Hello;Oasis;9
894;Rock'n'roll Star;Oasis;9
895;Supersonic;Oasis;9
896;The Day We Caught the Train;Ocean Colour Scene;9
897;The Riverboat Song;Ocean Colour Scene;9
898;Motion Suggests Itself;Pavement;9
899;Everything Is Everything;Phoenix;9
900;Honeymoon;Phoenix;9
901;Corporal Clegg;Pink Floyd;9
902;Empty Spaces;Pink Floyd;9
903;Let There Be More Light;Pink Floyd;9
904;On the Run;Pink Floyd;9
905;Remember a Day;Pink Floyd;9
906;See Saw;Pink Floyd;9
907;Set the Controls for the Heart of the Sun;Pink Floyd;9
908;Wish You Were Here;Pink Floyd;9
909;Young Lust;Pink Floyd;9
910;Alec Eiffel;Pixies;9
911;Cactus;Pixies;9
912;Dead;Pixies;9
913;Gouge Away;Pixies;9
914;Here Comes Your Man;Pixies;9
915;I Bleed;Pixies;9
916;La La Love You;Pixies;9
917;Monkey Gone to Heaven;Pixies;9
918;No. 13 Baby;Pixies;9
919;There Goes My Gun;Pixies;9
920;El roce de tu cuerpo;Platero y tú;9
921;I Would Die 4 U;Prince;9
922;When Doves Cry;Prince;9
923;I'm a Man;Pulp;9
924;Lipgloss;Pulp;9
925;TV Movie;Pulp;9
926;'39;Queen;9
927;Back Chat;Queen;9
928;Death On Two Legs;Queen;9
929;God Save the Queen;Queen;9
930;Lazing on a Sunday Afternoon;Queen;9
931;Corazón De Tiza;Radio Futura;9
932;Fitter Happier;Radiohead;9
933;Lucky;Radiohead;9
934;The National Anthem;Radiohead;9
935;Du hast;Rammstein;9
936;Crucifixión;Rosendo;9
937;Liar;Sex Pistols;9
938;No Feelings;Sex Pistols;9
939;Submission;Sex Pistols;9
940;Boheme;Sidonie;9
941;Alice in Vain;Sleeper;9
942;Amuse;Sleeper;9
943;Poor Flying Man;Sleeper;9
944;Flo;Smash Mouth;9
945;Any Minute Now;Soulwax;9
946;E Talking;Soulwax;9
947;Black Man;Stevie Wonder;9
948;Contusion;Stevie Wonder;9
949;Have a Talk with God;Stevie Wonder;9
950;I Wish;Stevie Wonder;9
951;Pastime Paradise;Stevie Wonder;9
952;Village Ghetto Land;Stevie Wonder;9
953;Snowblind;Suede;9
954;Eon;Supergrass;9
955;Mansize Rooster;Supergrass;9
956;You Make Me Feel (Mighty Real);Sylvester;9
957;Cities;Talking Heads;9
958;Heaven;Talking Heads;9
959;Life During Wartime;Talking Heads;9
960;Memories Can't Wait;Talking Heads;9
961;Take Me to the River;Talking Heads;9
962;Thank You for Sending Me an Angel;Talking Heads;9
963;The Girls Want to Be With the Girls;Talking Heads;9
964;The Good Thing;Talking Heads;9
965;Warning Sign;Talking Heads;9
966;The Moment;Tame Impala;9
967;All Summer Long;The Beach Boys;9
968;Back in the U.S.S.R.;The Beatles;9
969;Can't Buy Me Love;The Beatles;9
970;Dear Prudence;The Beatles;9
971;Helter Skelter;The Beatles;9
972;Long, Long, Long;The Beatles;9
973;Love Me Do;The Beatles;9
974;Ob-La-Di, Ob-La-Da;The Beatles;9
975;The Continuing Story of Bungalow Bill;The Beatles;9
976;Why Don't We Do It in the Road?;The Beatles;9
977;Wild Honey Pie;The Beatles;9
978;Stay Free;The Clash;9
979;Boys Don't Cry;The Cure;9
980;Been Down So Long;The Doors;9
981;Cars Hiss by My Window;The Doors;9
982;L'America;The Doors;9
983;Love Her Madly;The Doors;9
984;Not to Touch the Earth;The Doors;9
985;Summer's Almost Gone;The Doors;9
986;The Changeling;The Doors;9
987;The Unknown Soldier;The Doors;9
988;We Could Be So Good Together;The Doors;9
989;When the Music's Over;The Doors;9
990;The Poison Tree;The Good, the Bad & the Queen;9
991;The Hardest Walk;The Jesus and Mary Chain;9
992;Animal Farm;The Kinks;9
993;Starstruck;The Kinks;9
994;Victoria;The Kinks;9
995;I Get Along;The Libertines;9
996;Tell the King;The Libertines;9
997;What Katie Did;The Libertines;9
998;Love Train;The O'Jays;9
999;Breathe;The Prodigy;9
1000;Firestarter;The Prodigy;9
1001;Funky Shit;The Prodigy;9
1002;Serial Thrilla;The Prodigy;9
1003;Monkey Man;The Rolling Stones;9
1004;William, It Was Really Nothing;The Smiths;9
1005;Last Nite;The Strokes;9
1006;Bitter Sweet Symphony;The Verve;9
1007;Sonnet;The Verve;9
1008;Old Flame;Thin Lizzy;9
1009;Running Back;Thin Lizzy;9
1010;It's Not Unusual;Tom Jones;9
1011;Blade Runner (End Titles);Vangelis;9
1012;Rachel's Song;Vangelis;9
1013;Buddy Holly;Weezer;9
1014;Tired of Sex;Weezer;9
1015;Living Through Another Cuba;XTC;9
1016;Girls Got Rhythm;AC/DC;8
1017;Highway to Hell;AC/DC;8
1018;Love Hungry Man;AC/DC;8
1019;Night Prowler;AC/DC;8
1020;Shot Down in Flames;AC/DC;8
1021;Touch Too Much;AC/DC;8
1022;Walk All Over You;AC/DC;8
1023;Efilnikufesin (N.F.L.);Anthrax;8
1024;How Deep Is Your Love;Bee Gees;8
1025;Love You Inside Out;Bee Gees;8
1026;A National Acrobat;Black Sabbath;8
1027;Sabbath Bloody Sabbath;Black Sabbath;8
1028;Spiral Architect;Black Sabbath;8
1029;Pretty Baby;Blondie;8
1030;Best Days;Blur;8
1031;Gene By Gene;Blur;8
1032;Jets;Blur;8
1033;Polished Stone;Blur;8
1034;Stereotypes;Blur;8
1035;Sweet Song;Blur;8
1036;Born to Run;Bruce Springsteen;8
1037;¿qué hace una chica como tú en un sitio como éste?;Burning;8
1038;Lujuria;Burning;8
1039;E.S.P.;Buzzcocks;8
1040;Nothing Left;Buzzcocks;8
1041;Vivir así es morir de amor;Camilo Sesto;8
1042;Everybody Dance;Chic;8
1043;Tombstone Shadow;Creedence Clearwater Revival;8
1044;Baptism;Crystal Castles;8
1045;Birds;Crystal Castles;8
1046;Celestica;Crystal Castles;8
1047;Pap Smear;Crystal Castles;8
1048;Through the Hosiery;Crystal Castles;8
1049;Violent Dreams;Crystal Castles;8
1050;Mr Tembo;Damon Albarn;8
1051;Andy Warhol;David Bowie;8
1052;It Ain't Easy;David Bowie;8
1053;It's No Game (Part 1);David Bowie;8
1054;Saviour Machine;David Bowie;8
1055;Scary Monsters (and Super Creeps);David Bowie;8
1056;Song for Bob Dylan;David Bowie;8
1057;The Bewlay Brothers;David Bowie;8
1058;The Supermen;David Bowie;8
1059;We Are the Dead;David Bowie;8
1060;Branquias bajo el agua;Derribos Arias;8
1061;Never Say I Don't Love You;Diana Ross;8
1062;Sultans of Swing;Dire Straits;8
1063;Don't Bring Me Down;Electric Light Orchestra;8
1064;Laredo Tornado;Electric Light Orchestra;8
1065;Mr. Blue Sky;Electric Light Orchestra;8
1066;Strange Magic;Electric Light Orchestra;8
1067;Telephone Line;Electric Light Orchestra;8
1068;Love Me Tender;Elvis Presley;8
1069;Ama, Ama, Ama y Ensancha el Alma;Extremoduro;8
1070;Quemando Tus Recuerdos;Extremoduro;8
1071;Come Fly With Me;Frank Sinatra;8
1072;I've Got You Under My Skin;Frank Sinatra;8
1073;Love's Been Good to Me;Frank Sinatra;8
1074;Grease;Frankie Valli;8
1075;Fresh Strawberries;Franz Ferdinand;8
1076;Take Me Out;Franz Ferdinand;8
1077;Exercises In Free Love;Freddie Mercury;8
1078;In My Defence;Freddie Mercury;8
1079;A Dormir;Gabinete Caligari;8
1080;Por la Paz;Gabinete Caligari;8
1081;Don't Let Me Wait Too Long;George Harrison;8
1082;That Is All;George Harrison;8
1083;(I've Got a Gal In) Kalamazoo;Glenn Miller;8
1084;Moonlight Serenade;Glenn Miller;8
1085;Malos tiempos para la lírica;Golpes Bajos;8
1086;DARE;Gorillaz;8
1087;Dirty Harry;Gorillaz;8
1088;Feel Good Inc.;Gorillaz;8
1089;Submission;Gorillaz;8
1090;Don't Let Your Man Know;Graham Coxon;8
1091;Just A State Of Mind;Graham Coxon;8
1092;Running for Your Life;Graham Coxon;8
1093;La Herida;Héroes del Silencio;8
1094;Lust For Life;Iggy Pop;8
1095;Soy un Macarra;Ilegales;8
1096;Mammoth;Interpol;8
1097;Genghis Khan;Iron Maiden;8
1098;Innocent Exile;Iron Maiden;8
1099;Killers;Iron Maiden;8
1100;Murders in the Rue Morgue;Iron Maiden;8
1101;Prodigal Son;Iron Maiden;8
1102;The Ides of March;Iron Maiden;8
1103;Twilight Zone;Iron Maiden;8
1104;Wrathchild;Iron Maiden;8
1105;Pongamos Que Hablo De Madrid;Joaquín Sabina;8
1106;Surfing with the Alien;Joe Satriani;8
1107;How Do You Sleep?;John Lennon;8
1108;I'm Losing You;John Lennon;8
1109;Oh My Love;John Lennon;8
1110;Beyond the Realms of Death;Judas Priest;8
1111;Burnin' Up;Judas Priest;8
1112;Hell Bent for Leather;Judas Priest;8
1113;Heroes End;Judas Priest;8
1114;Killing Machine;Judas Priest;8
1115;Running Wild;Judas Priest;8
1116;Take on the World;Judas Priest;8
1117;The Green Manalishi (With the Two-Pronged Crown);Judas Priest;8
1118;Govinda;Kula Shaker;8
1119;Knight On The Town;Kula Shaker;8
1120;Smart Dogs;Kula Shaker;8
1121;Temple of Everlasting Light;Kula Shaker;8
1122;Black Dog;Led Zeppelin;8
1123;D'yer Mak'er;Led Zeppelin;8
1124;Dancing Days;Led Zeppelin;8
1125;Four Sticks;Led Zeppelin;8
1126;Going to California;Led Zeppelin;8
1127;Rock and Roll;Led Zeppelin;8
1128;The Battle of Evermore;Led Zeppelin;8
1129;The Wanton Song;Led Zeppelin;8
1130;Un Buen Día;Los Planetas;8
1131;Crazy Feeling;Lou Reed;8
1132;Kicks;Lou Reed;8
1133;Women;Lou Reed;8
1134;Everything Must Go;Manic Street Preachers;8
1135;The Girl Who Wanted to Be God;Manic Street Preachers;8
1136;Nite and Fog;Mercury Rev;8
1137;Congratulations;MGMT;8
1138;It's Working;MGMT;8
1139;Tubular Bells. Part Two;Mike Oldfield;8
1140;Shoot You in the Back;Motörhead;8
1141;Plug In Baby;Muse;8
1142;On a Plain;Nirvana;8
1143;Bob;NOFX;8
1144;Please Play This Song on the Radio;NOFX;8
1145;Soul Doubt;NOFX;8
1146;Fade Away;Oasis;8
1147;The Shock of the Lightning;Oasis;8
1148;Up in the Sky;Oasis;8
1149;Up on the Downside;Ocean Colour Scene;8
1150;Uncle Albert - Admiral Halsey;Paul McCartney;8
1151;Do the Evolution;Pearl Jam;8
1152;Another Brick in the Wall (Part 1);Pink Floyd;8
1153;Bone Machine;Pixies;8
1154;Distance Equals Rate Times Time;Pixies;8
1155;I'm Amazed;Pixies;8
1156;Silver;Pixies;8
1157;U-Mass;Pixies;8
1158;You Don't Care About Us;Placebo;8
1159;Computer Blue;Prince;8
1160;Darling Nikki;Prince;8
1161;Take Me With U;Prince;8
1162;A Little Soul;Pulp;8
1163;Glory Days;Pulp;8
1164;Sylvia;Pulp;8
1165;The Fear;Pulp;8
1166;Friends Will Be Friends;Queen;8
1167;Good Company;Queen;8
1168;I'm in Love with My Car;Queen;8
1169;Love of My Life;Queen;8
1170;Seaside Rendezvous;Queen;8
1171;Sweet Lady;Queen;8
1172;The Prophet's Song;Queen;8
1173;Ripcord;Radiohead;8
1174;Don't Come Close;Ramones;8
1175;Now I Wanna Sniff Some Glue;Ramones;8
1176;Loco Por Incordiar;Rosendo;8
1177;Pretty Vacant;Sex Pistols;8
1178;Problems;Sex Pistols;8
1179;Los Olvidados;Sidonie;8
1180;Twisted;Sleeper;8
1181;Beer Goggles;Smash Mouth;8
1182;Heave-Ho;Smash Mouth;8
1183;Let's Rock;Smash Mouth;8
1184;Walkin' on the Sun;Smash Mouth;8
1185;The Pusher;Steppenwolf;8
1186;All Day Sucker;Stevie Wonder;8
1187;Breakdown;Suede;8
1188;Pantomime Horse;Suede;8
1189;Picnic by the Motorway;Suede;8
1190;Sabotage;Suede;8
1191;Sleeping Pills;Suede;8
1192;So Young;Suede;8
1193;Beautiful People;Supergrass;8
1194;Lose It;Supergrass;8
1195;Sun Hits the Sky;Supergrass;8
1196;Time;Supergrass;8
1197;Mambo Sun;T. Rex;8
1198;Air;Talking Heads;8
1199;Animals;Talking Heads;8
1200;Artists Only;Talking Heads;8
1201;Happy Day;Talking Heads;8
1202;I'm Not in Love;Talking Heads;8
1203;New Feeling;Talking Heads;8
1204;No Compassion;Talking Heads;8
1205;Stay Hungry;Talking Heads;8
1206;Tentative Decisions;Talking Heads;8
1207;The Big Country;Talking Heads;8
1208;Who Is It?;Talking Heads;8
1209;Disciples;Tame Impala;8
1210;Expectation;Tame Impala;8
1211;The Concept;Teenage Fanclub;8
1212;Long Black Veil;The Band;8
1213;Come Together;The Beatles;8
1214;Don't Pass Me By;The Beatles;8
1215;Honey Pie;The Beatles;8
1216;I Will;The Beatles;8
1217;Julia;The Beatles;8
1218;Mean Mr. Mustard;The Beatles;8
1219;Octopus's Garden;The Beatles;8
1220;Piggies;The Beatles;8
1221;Revolution 1;The Beatles;8
1222;She Loves You;The Beatles;8
1223;10.15 Saturday Night;The Cure;8
1224;Crawling King Snake;The Doors;8
1225;L.A. Woman;The Doors;8
1226;Moonlight Drive;The Doors;8
1227;My Wild Love;The Doors;8
1228;People Are Strange;The Doors;8
1229;Strange Days;The Doors;8
1230;The Wasp (Texas Radio and the Big Beat);The Doors;8
1231;Touch Me;The Doors;8
1232;Lady Boston;The Good, the Bad & the Queen;8
1233;The Truce of Twilight;The Good, the Bad & the Queen;8
1234;Afternoon Tea;The Kinks;8
1235;Cadillac;The Kinks;8
1236;Death of a Clown;The Kinks;8
1237;Johnny Thunder;The Kinks;8
1238;Last of the Steam Powered Trains;The Kinks;8
1239;Lazy Old Sun;The Kinks;8
1240;Love Me Till The Sun Shines;The Kinks;8
1241;Monica;The Kinks;8
1242;People Take Pictures of Each Other;The Kinks;8
1243;Phenomenal Cat;The Kinks;8
1244;Polly;The Kinks;8
1245;Wicked Annabella;The Kinks;8
1246;Wonderboy;The Kinks;8
1247;Boys in the Band;The Libertines;8
1248;Horrorshow;The Libertines;8
1249;Last Post on the Bugle;The Libertines;8
1250;Radio America;The Libertines;8
1251;The Boy Looked at Johnny;The Libertines;8
1252;Vertigo;The Libertines;8
1253;California Dreamin';The Mamas & the Papas;8
1254;So Lonely;The Police;8
1255;Under My Thumb;The Rolling Stones;8
1256;Tonight, Tonight;The Smashing Pumpkins;8
1257;I Wanna Be Adored;The Stone Roses;8
1258;Someday;The Strokes;8
1259;Lucky Man;The Verve;8
1260;Odorono;The Who;8
1261;Our Love Was;The Who;8
1262;Fools Gold;Thin Lizzy;8
1263;Respectable Street;XTC;8
1264;Beating Around the Bush;AC/DC;7
1265;Get It Hot;AC/DC;7
1266;If You Want Blood (You've Got It);AC/DC;7
1267;Riff Raff;AC/DC;7
1268;Adam's Apple;Aerosmith;7
1269;Boogie Child;Bee Gees;7
1270;Don't Let It Go to Your Head;Black Harmony;7
1271;Children of the Grave;Black Sabbath;7
1272;N.I.B.;Black Sabbath;7
1273;Who Are You;Black Sabbath;7
1274;11-59;Blondie;7
1275;1992;Blur;7
1276;Caramel;Blur;7
1277;Chemical World (Reworked);Blur;7
1278;Come Together;Blur;7
1279;Dan Abnormal;Blur;7
1280;Entertain Me;Blur;7
1281;Ernold Same;Blur;7
1282;High Cool;Blur;7
1283;Mellow Song;Blur;7
1284;Mr. Robinson's Quango;Blur;7
1285;Swamp Song;Blur;7
1286;Wear Me Down;Blur;7
1287;Young and Lovely;Blur;7
1288;I Want You;Bob Dylan;7
1289;Queen Jane Approximately;Bob Dylan;7
1290;Backstreets;Bruce Springsteen;7
1291;She's the One;Bruce Springsteen;7
1292;Thunder Road;Bruce Springsteen;7
1293;In My Place;Coldplay;7
1294;Commotion;Creedence Clearwater Revival;7
1295;Sinister Purpose;Creedence Clearwater Revival;7
1296;Don't Dream It's Over;Crowded House;7
1297;1991;Crystal Castles;7
1298;Doe Deer;Crystal Castles;7
1299;Reckless;Crystal Castles;7
1300;Sad Eyes;Crystal Castles;7
1301;Suffocation;Crystal Castles;7
1302;Year of Silence;Crystal Castles;7
1303;Superheroes;Daft Punk;7
1304;African Night Flight;David Bowie;7
1305;China Girl;David Bowie;7
1306;Cracked Actor;David Bowie;7
1307;Red Money;David Bowie;7
1308;Teenage Wildlife;David Bowie;7
1309;Young Americans;David Bowie;7
1310;Where Did We Go Wrong;Diana Ross;7
1311;In a Jar;Dinosaur Jr.;7
1312;Show Me the Way;Dinosaur Jr.;7
1313;Planet Earth;Duran Duran;7
1314;Give Her a Gun;Echobelly;7
1315;Birmingham Blues;Electric Light Orchestra;7
1316;Rockaria!;Electric Light Orchestra;7
1317;Wild West Hero;Electric Light Orchestra;7
1318;Candle in the Wind;Elton John;7
1319;Dirty Little Girl;Elton John;7
1320;(Let Me Be Your) Teddy Bear;Elvis Presley;7
1321;All Shook Up;Elvis Presley;7
1322;Burning Love;Elvis Presley;7
1323;Surrender;Elvis Presley;7
1324;Too Much;Elvis Presley;7
1325;Tu Corazón;Extremoduro;7
1326;Best Is Yet To Come;Frank Sinatra;7
1327;Love and Marriage;Frank Sinatra;7
1328;Foolin' Around;Freddie Mercury;7
1329;Living On My Own;Freddie Mercury;7
1330;Time;Freddie Mercury;7
1331;Your Kind Of Lover;Freddie Mercury;7
1332;Lo Mejor De Ti;Gabinete Caligari;7
1333;Isn't It a Pity;George Harrison;7
1334;Who Can See It;George Harrison;7
1335;Pennsylvania Six-Five Thousand;Glenn Miller;7
1336;Kansas;Gorillaz;7
1337;Saturnz Barz;Gorillaz;7
1338;Tomorrow Comes Today;Gorillaz;7
1339;Tranz;Gorillaz;7
1340;We Are Happy Landfill;Gorillaz;7
1341;Sorrow's Army;Graham Coxon;7
1342;Spectacular;Graham Coxon;7
1343;Suburban Knights;Hard-Fi;7
1344;Television;Hard-Fi;7
1345;Con Nombre De Guerra;Héroes del Silencio;7
1346;Ángel exterminador;Ilegales;7
1347;Destruye;Ilegales;7
1348;Quiero Ser Millonario;Ilegales;7
1349;Drifter;Iron Maiden;7
1350;Purgatory;Iron Maiden;7
1351;I Never Said I Was Deep;Jarvis Cocker;7
1352;Ciudadano cero;Joaquín Sabina;7
1353;Cuando era más joven;Joaquín Sabina;7
1354;El joven aprendiz de pintor;Joaquín Sabina;7
1355;Princesa;Joaquín Sabina;7
1356;Look at Me;John Lennon;7
1357;Remember;John Lennon;7
1358;Stand by Me;John Lennon;7
1359;Well Well Well;John Lennon;7
1360;Before the Dawn;Judas Priest;7
1361;Evil Fantasies;Judas Priest;7
1362;The Sentinel;Judas Priest;7
1363;Turbo Lover;Judas Priest;7
1364;Na Na Na Na Naa;Kaiser Chiefs;7
1365;Into the Deep;Kula Shaker;7
1366;Magic Theatre;Kula Shaker;7
1367;Heartbreaker;Led Zeppelin;7
1368;Houses of the Holy;Led Zeppelin;7
1369;No Quarter;Led Zeppelin;7
1370;Over the Hills and Far Away;Led Zeppelin;7
1371;The Crunge;Led Zeppelin;7
1372;The Ocean;Led Zeppelin;7
1373;The Rain Song;Led Zeppelin;7
1374;The Song Remains the Same;Led Zeppelin;7
1375;El equilibrio es imposible;Los Piratas;7
1376;La Cara De Niki Lauda;Los Planetas;7
1377;Andy's Chest;Lou Reed;7
1378;Ladies Pay;Lou Reed;7
1379;Lisa Says;Lou Reed;7
1380;N.Y. Stars;Lou Reed;7
1381;Stupid Man;Lou Reed;7
1382;The Gun;Lou Reed;7
1383;Wagon Wheel;Lou Reed;7
1384;Besos Como Balas;Luis Eduardo Aute;7
1385;Imán De Mujer;Luis Eduardo Aute;7
1386;Tiro Por La Culata;Luis Eduardo Aute;7
1387;Sweet Home Alabama;Lynyrd Skynyrd;7
1388;Our House;Madness;7
1389;Primrose Hill;Madness;7
1390;Kevin Carter;Manic Street Preachers;7
1391;Small Black Flowers That Grow in the Sky;Manic Street Preachers;7
1392;Endlessly;Mercury Rev;7
1393;I Collect Coins;Mercury Rev;7
1394;Tonite It Shows;Mercury Rev;7
1395;Flash Delirium;MGMT;7
1396;I Found a Whistle;MGMT;7
1397;Lady Dada's Nightmare;MGMT;7
1398;Siberian Breaks;MGMT;7
1399;She's Out of My Life;Michael Jackson;7
1400;(We Are) The Road Crew;Motörhead;7
1401;Bite the Bullet;Motörhead;7
1402;Dance;Motörhead;7
1403;Fire Fire;Motörhead;7
1404;Jailbait;Motörhead;7
1405;The Chase Is Better Than the Catch;Motörhead;7
1406;The Hammer;Motörhead;7
1407;Supermassive Black Hole;Muse;7
1408;Pennyroyal Tea;Nirvana;7
1409;Polly;Nirvana;7
1410;Buggley Eyes;NOFX;7
1411;I Wanna Be Your Baby;NOFX;7
1412;Johnny Appleseed;NOFX;7
1413;She's Gone;NOFX;7
1414;Warm;NOFX;7
1415;Married With Children;Oasis;7
1416;Shakermaker;Oasis;7
1417;Waiting for the Rapture;Oasis;7
1418;My Girl;Otis Redding;7
1419;Father to a Sister of Thought;Pavement;7
1420;Summer Days;Phoenix;7
1421;Another Brick in the Wall (Part 3);Pink Floyd;7
1422;Don't Leave Me Now;Pink Floyd;7
1423;Echoes;Pink Floyd;7
1424;Fearless;Pink Floyd;7
1425;Goodbye Blue Sky;Pink Floyd;7
1426;Goodbye Cruel World;Pink Floyd;7
1427;Jugband Blues;Pink Floyd;7
1428;One of My Turns;Pink Floyd;7
1429;One of These Days;Pink Floyd;7
1430;San Tropez;Pink Floyd;7
1431;The Happiest Days of Our Lives;Pink Floyd;7
1432;The Thin Ice;Pink Floyd;7
1433;Bird Dream of the Olympus Mons;Pixies;7
1434;Broken Face;Pixies;7
1435;Lovely Day;Pixies;7
1436;Oh My Golly!;Pixies;7
1437;Space (I Believe In);Pixies;7
1438;Subbacultcha;Pixies;7
1439;Tony's Theme;Pixies;7
1440;You Fucking Die! I Said...;Pixies;7
1441;Every You Every Me;Placebo;7
1442;Si tú te vas;Platero y tú;7
1443;Baby I'm a Star;Prince;7
1444;The Beautiful Ones;Prince;7
1445;Bob Lind (The Only Way Is Down);Pulp;7
1446;David's Last Summer;Pulp;7
1447;Have You Seen Her Lately?;Pulp;7
1448;Joyriders;Pulp;7
1449;Pink Glove;Pulp;7
1450;The Day After the Revolution;Pulp;7
1451;Under Pressure;Queen;7
1452;Man on the Moon;R.E.M.;7
1453;Commando;Ramones;7
1454;Teenage Lobotomy;Ramones;7
1455;New York;Sex Pistols;7
1456;Seventeen;Sex Pistols;7
1457;Nervous in the Alley;Smash Mouth;7
1458;Desperation;Steppenwolf;7
1459;Your Wall's Too High;Steppenwolf;7
1460;Easy Goin' Evening (My Mama's;Stevie Wonder;7
1461;Animal Lover;Suede;7
1462;Elephant Man;Suede;7
1463;For the Strangers;Suede;7
1464;Heroine;Suede;7
1465;Hit Me;Suede;7
1466;Metal Mickey;Suede;7
1467;Moving;Suede;7
1468;She;Suede;7
1469;She's Not Dead;Suede;7
1470;Starcrazy;Suede;7
1471;The Drowners;Suede;7
1472;What Are You Not Telling Me?;Suede;7
1473;I'd Like to Know;Supergrass;7
1474;Lenny;Supergrass;7
1475;Strange Ones;Supergrass;7
1476;Time to Go;Supergrass;7
1477;We're Not Supposed To;Supergrass;7
1478;Get Yourself Together;Tahiti 80;7
1479;Don't Worry About the Government;Talking Heads;7
1480;Drugs;Talking Heads;7
1481;Electric Guitar;Talking Heads;7
1482;First Week / Last Week...Carefree;Talking Heads;7
1483;I Zimbra;Talking Heads;7
1484;Paper;Talking Heads;7
1485;Pulled Up;Talking Heads;7
1486;The Less I Know the Better;Tame Impala;7
1487;Caledonia Mission;The Band;7
1488;Chest Fever;The Band;7
1489;In a Station;The Band;7
1490;Tears Of Rage;The Band;7
1491;This Wheel's on Fire;The Band;7
1492;To Kingdom Come;The Band;7
1493;I Get Around;The Beach Boys;7
1494;That's Not Me;The Beach Boys;7
1495;A Hard Day's Night;The Beatles;7
1496;And Your Bird Can Sing;The Beatles;7
1497;Because;The Beatles;7
1498;Birthday;The Beatles;7
1499;Carry That Weight;The Beatles;7
1500;Everybody's Got Something to Hide Except Me and My Monkey;The Beatles;7
1501;Get Back;The Beatles;7
1502;Golden Slumbers;The Beatles;7
1503;Help!;The Beatles;7
1504;Here Comes the Sun;The Beatles;7
1505;I Want You (She's So Heavy);The Beatles;7
1506;Maxwell's Silver Hammer;The Beatles;7
1507;Mother Nature's Son;The Beatles;7
1508;Polythene Pam;The Beatles;7
1509;Savoy Truffle;The Beatles;7
1510;She Came In Throught The Bathroom Window;The Beatles;7
1511;Strawberry Fields Forever;The Beatles;7
1512;The End;The Beatles;7
1513;Twist and Shout;The Beatles;7
1514;Yellow Submarine;The Beatles;7
1515;Yer Blues;The Beatles;7
1516;You Never Give Me Your Money;The Beatles;7
1517;Fine;The Cardigans;7
1518;Hey Boy Hey Girl;The Chemical Brothers;7
1519;Out of Control;The Chemical Brothers;7
1520;Star Guitar;The Chemical Brothers;7
1521;Lover's Rock;The Clash;7
1522;Rock the Casbah;The Clash;7
1523;Safe European Home;The Clash;7
1524;Should I Stay or Should I Go;The Clash;7
1525;White Riot;The Clash;7
1526;So What;The Cure;7
1527;A Woman of the World;The Divine Comedy;7
1528;Middle-Class Heroes;The Divine Comedy;7
1529;Something for the Weekend;The Divine Comedy;7
1530;Theme From Casanova;The Divine Comedy;7
1531;Do It;The Doors;7
1532;Easy Ride;The Doors;7
1533;Horse Latitudes;The Doors;7
1534;I Can't See Your Face in My Mind;The Doors;7
1535;My Eyes Have Seen You;The Doors;7
1536;Runnin' Blue;The Doors;7
1537;Shaman's Blues;The Doors;7
1538;Tell All the People;The Doors;7
1539;The Soft Parade;The Doors;7
1540;Unhappy Girl;The Doors;7
1541;Wild Child;The Doors;7
1542;You're Lost Little Girl;The Doors;7
1543;Gun to the Head;The Good, the Bad & the Queen;7
1544;Herculean;The Good, the Bad & the Queen;7
1545;Autumn Almanac;The Kinks;7
1546;Beautiful Delilah;The Kinks;7
1547;David Watts;The Kinks;7
1548;End of the Season;The Kinks;7
1549;Funny Face;The Kinks;7
1550;Get Back in Line;The Kinks;7
1551;Harry Rag;The Kinks;7
1552;No Return;The Kinks;7
1553;Rats;The Kinks;7
1554;The Village Green Preservation Society;The Kinks;7
1555;Two Sisters;The Kinks;7
1556;Music When the Lights Go Out;The Libertines;7
1557;What a Waster;The Libertines;7
1558;Smack My Bitch Up;The Prodigy;7
1559;Bullet With Butterfly Wings;The Smashing Pumpkins;7
1560;Seven Nation Army;The White Stripes;7
1561;Eminence Front;The Who;7
1562;Cowboy Song;Thin Lizzy;7
1563;Johnny the Fox Meets Jimmy the Weed;Thin Lizzy;7
1564;Massacre;Thin Lizzy;7
1565;Night Life;Thin Lizzy;7
1566;Romeo and the Lonely Girl;Thin Lizzy;7
1567;Damask Rose;Vangelis;7
1568;Say It Ain't So;Weezer;7
1569;Love At First Sight;XTC;7
1570;Sin City;AC/DC;6
1571;In the Backseat;Arcade Fire;6
1572;Mardy Bum;Arctic Monkeys;6
1573;Boogie;Babyshambles;6
1574;French Dog Blues;Babyshambles;6
1575;Barón Rojo;Barón Rojo;6
1576;Lazy Flies;Beck;6
1577;Night Fever;Bee Gees;6
1578;After Forever;Black Sabbath;6
1579;Into the Void;Black Sabbath;6
1580;Lord of This World;Black Sabbath;6
1581;Solitude;Black Sabbath;6
1582;Bone Bag;Blur;6
1583;Repetition;Blur;6
1584;Sweet Song (Demo);Blur;6
1585;The Rabbi;Blur;6
1586;The Swan;Blur;6
1587;Top Man;Blur;6
1588;Ballad of a Thin Man;Bob Dylan;6
1589;It Takes a Lot to Laugh, It Takes a Train to Cry;Bob Dylan;6
1590;One of Us Must Know (Sooner or Later);Bob Dylan;6
1591;Pledging My Time;Bob Dylan;6
1592;Rainy Day Women #12 & 35;Bob Dylan;6
1593;Temporary Like Achilles;Bob Dylan;6
1594;Visions of Johanna;Bob Dylan;6
1595;Exodus;Bob Marley;6
1596;Get Up Stand Up;Bob Marley;6
1597;Three Little Birds;Bob Marley;6
1598;Meeting Across the River;Bruce Springsteen;6
1599;Night;Bruce Springsteen;6
1600;Just Lust;Buzzcocks;6
1601;Love Is Lies;Buzzcocks;6
1602;Operator's Manual;Buzzcocks;6
1603;International Velvet;Catatonia;6
1604;My Selfish Gene;Catatonia;6
1605;Strange Glue;Catatonia;6
1606;20 De Abril;Celtas Cortos;6
1607;La Senda Del Tiempo;Celtas Cortos;6
1608;No Nos Podrán Parar;Celtas Cortos;6
1609;Todo Es Ponerse;Celtas Cortos;6
1610;Don't Panic;Coldplay;6
1611;Fix You;Coldplay;6
1612;Trouble;Coldplay;6
1613;Cat's Squirrel;Cream;6
1614;Dreaming;Cream;6
1615;Four Until Late;Cream;6
1616;N.S.U.;Cream;6
1617;Rollin' And Tumblin';Cream;6
1618;Sleepy Time Time;Cream;6
1619;Spoonful;Cream;6
1620;Sweet Wine;Cream;6
1621;The Coffee Song;Cream;6
1622;Toad;Cream;6
1623;Wrapping Paper;Cream;6
1624;Cotton Fields;Creedence Clearwater Revival;6
1625;Cross-Tie Walker;Creedence Clearwater Revival;6
1626;Down on the Corner;Creedence Clearwater Revival;6
1627;The Night Time Is the Right Time;Creedence Clearwater Revival;6
1628;Black Panther;Crystal Castles;6
1629;Intimate;Crystal Castles;6
1630;Not in Love;Crystal Castles;6
1631;Tell Me What to Swallow;Crystal Castles;6
1632;Face to Face;Daft Punk;6
1633;Voyager;Daft Punk;6
1634;Alabama Song (UK single A-side, 1979);David Bowie;6
1635;Always Crashing in the Same Car;David Bowie;6
1636;Because You're Young;David Bowie;6
1637;Black Country Rock;David Bowie;6
1638;Blackout;David Bowie;6
1639;Diamond Dogs;David Bowie;6
1640;Five Years;David Bowie;6
1641;Janine;David Bowie;6
1642;Kingdom Come;David Bowie;6
1643;Modern Love;David Bowie;6
1644;Move On;David Bowie;6
1645;Repetition;David Bowie;6
1646;Scream Like a Baby;David Bowie;6
1647;Starman;David Bowie;6
1648;Suffragette City;David Bowie;6
1649;Yassassin (Turkish for: Long Live);David Bowie;6
1650;Oi! Oi! Oi!;Decibelios;6
1651;Reach Out I'll Be There;Diana Ross;6
1652;To Love Again;Diana Ross;6
1653;Girls on Film;Duran Duran;6
1654;Tel Aviv;Duran Duran;6
1655;Today Tomorrow Sometime Never;Echobelly;6
1656;Above the Clouds;Electric Light Orchestra;6
1657;Do Ya;Electric Light Orchestra;6
1658;Grey Seal;Elton John;6
1659;This Song Has No Title;Elton John;6
1660;Oliver's Army;Elvis Costello;6
1661;(Now and Then There's) a Fool Such as I;Elvis Presley;6
1662;A Big Hunk o' Love;Elvis Presley;6
1663;Are You Lonesome Tonight?;Elvis Presley;6
1664;Don't;Elvis Presley;6
1665;Stuck on You;Elvis Presley;6
1666;Suspicious Minds;Elvis Presley;6
1667;Wooden Heart;Elvis Presley;6
1668;Golfa;Extremoduro;6
1669;Primer movimiento: el sueño;Extremoduro;6
1670;From Out of Nowhere;Faith No More;6
1671;Cassius;Foals;6
1672;It Was a Very Good Year;Frank Sinatra;6
1673;They Can't Take That Away from Me;Frank Sinatra;6
1674;The Great Pretender;Freddie Mercury;6
1675;Al Final De Todo;Gabinete Caligari;6
1676;Sólo Se Vive Una Vez;Gabinete Caligari;6
1677;Sue Me, Sue You Blues;George Harrison;6
1678;Clair;Gilbert O'Sullivan;6
1679;I Can See Clearly Now;Gladys Knight & The Pips;6
1680;Little Brown Jug;Glenn Miller;6
1681;Fire Coming Out of the Monkey's Head;Gorillaz;6
1682;Kids with Guns;Gorillaz;6
1683;Lake Zurich;Gorillaz;6
1684;Rockit;Gorillaz;6
1685;Some Kind of Nature;Gorillaz;6
1686;I Don't Wanna Go Out;Graham Coxon;6
1687;No Good Time;Graham Coxon;6
1688;Oochy Woochy;Graham Coxon;6
1689;What's He Got?;Graham Coxon;6
1690;You & I;Graham Coxon;6
1691;Deshacer El Mundo;Héroes del Silencio;6
1692;La Apariencia No Es Sincera;Héroes del Silencio;6
1693;La Sirena Varada;Héroes del Silencio;6
1694;Morir Todavía;Héroes del Silencio;6
1695;Nuestros Nombres;Héroes del Silencio;6
1696;The Passenger;Iggy Pop;6
1697;Agotados de Esperar El Fin;Ilegales;6
1698;El Piloto;Ilegales;6
1699;Libérate;Ilegales;6
1700;Odio Los Pasodobles;Ilegales;6
1701;Para Siempre;Ilegales;6
1702;Mentiras;Jaime Urrutia;6
1703;Hey Joe;Jimi Hendrix;6
1704;Love Or Confusion;Jimi Hendrix;6
1705;¿Quién me ha robado el mes de Abril?;Joaquín Sabina;6
1706;Balada de Tolito;Joaquín Sabina;6
1707;Círculos viciosos;Joaquín Sabina;6
1708;Nacidos Para Perder;Joaquín Sabina;6
1709;Rebajas de Enero;Joaquín Sabina;6
1710;I Don't Want To Be A Soldier Mama;John Lennon;6
1711;My Mummy's Dead;John Lennon;6
1712;Oh Yoko!;John Lennon;6
1713;Out the Blue;John Lennon;6
1714;Watching the Wheels;John Lennon;6
1715;Whatever Gets You Thru the Night;John Lennon;6
1716;Hot for Love;Judas Priest;6
1717;Locked In;Judas Priest;6
1718;Out in the Cold;Judas Priest;6
1719;Parental Guidance;Judas Priest;6
1720;Prelude;Judas Priest;6
1721;Private Property;Judas Priest;6
1722;Reckless;Judas Priest;6
1723;Rock Hard Ride Free;Judas Priest;6
1724;Rock You All Around the World;Judas Priest;6
1725;Victim of Changes;Judas Priest;6
1726;Wild Nights, Hot & Crazy Days;Judas Priest;6
1727;Venusia;Klaxons;6
1728;303;Kula Shaker;6
1729;Grateful When You're Dead/Jerry Was There;Kula Shaker;6
1730;Sleeping Jiva;Kula Shaker;6
1731;Down by the Seaside;Led Zeppelin;6
1732;Kashmir;Led Zeppelin;6
1733;The Rover;Led Zeppelin;6
1734;Trampled Under Foot;Led Zeppelin;6
1735;Barcelona ciudad;Loquillo y Trogloditas;6
1736;Años 80;Los Piratas;6
1737;Caótico Neutral;Los Piratas;6
1738;Cuando La Musica Termina;Los Suaves;6
1739;Banging On My Drum;Lou Reed;6
1740;Follow The Leader;Lou Reed;6
1741;Hangin' 'Round;Lou Reed;6
1742;I Love You;Lou Reed;6
1743;My Friend George;Lou Reed;6
1744;Vicious Circle;Lou Reed;6
1745;You Wear It So Well;Lou Reed;6
1746;Further Away;Manic Street Preachers;6
1747;No Surface All Feeling;Manic Street Preachers;6
1748;Removables;Manic Street Preachers;6
1749;Me gustas tú;Manu Chao;6
1750;Close Encounters of the 3rd Grade;Mercury Rev;6
1751;Delta Sun Bottleneck Stomp;Mercury Rev;6
1752;Everlasting Arm;Mercury Rev;6
1753;Goddess On A Hiway;Mercury Rev;6
1754;Holes;Mercury Rev;6
1755;Hudson Line;Mercury Rev;6
1756;Pick Up If You're There;Mercury Rev;6
1757;Racing the Tide;Mercury Rev;6
1758;The Funny Bird;Mercury Rev;6
1759;The Happy End (The Drunk Room);Mercury Rev;6
1760;Burn This Disco Out;Michael Jackson;6
1761;Don't Stop 'Til You Get Enough;Michael Jackson;6
1762;Get on the Floor;Michael Jackson;6
1763;P.Y.T (Pretty Young Thing);Michael Jackson;6
1764;The Girl Is Mine (Featuring Paul McCartney);Michael Jackson;6
1765;Thriller;Michael Jackson;6
1766;Working Day and Night;Michael Jackson;6
1767;Scentless Apprentice;Nirvana;6
1768;Something in the Way;Nirvana;6
1769;Listen Up;Oasis;6
1770;Mucky Fingers;Oasis;6
1771;Coming Up;Paul McCartney;6
1772;Ram On;Paul McCartney;6
1773;Cut Your Hair;Pavement;6
1774;Spin the Black Circle;Pearl Jam;6
1775;Consolation Prizes;Phoenix;6
1776;Long Distance Call;Phoenix;6
1777;Sometimes In The Fall;Phoenix;6
1778;A Pillow of Winds;Pink Floyd;6
1779;Bring the Boys Back Home;Pink Floyd;6
1780;Comfortably Numb;Pink Floyd;6
1781;Hey You;Pink Floyd;6
1782;Is There Anybody Out There?;Pink Floyd;6
1783;Nobody Home;Pink Floyd;6
1784;Seamus;Pink Floyd;6
1785;Shine On You Crazy Diamond (Parts I-V);Pink Floyd;6
1786;Shine On You Crazy Diamond (Parts VI-IX);Pink Floyd;6
1787;Vera;Pink Floyd;6
1788;Ed Is Dead;Pixies;6
1789;Allergic (to Thoughts of Mother Earth);Placebo;6
1790;Rompe Los Cristales;Platero y tú;6
1791;Lady Cab Driver;Prince;6
1792;Let's Pretend We're Married;Prince;6
1793;Little Red Corvette;Prince;6
1794;Acrylic Afternoons;Pulp;6
1795;She's a Lady;Pulp;6
1796;Someone Like the Moon;Pulp;6
1797;The Trees;Pulp;6
1798;All Dead, All Dead;Queen;6
1799;Fight From the Inside;Queen;6
1800;Get Down, Make Love;Queen;6
1801;It's Late;Queen;6
1802;My Melancholy Blues;Queen;6
1803;Sheer Heart Attack;Queen;6
1804;Sleeping on the Sidewalk;Queen;6
1805;Who Needs You;Queen;6
1806;2 + 2 = 5 (The Lukewarm.);Radiohead;6
1807;Black Star;Radiohead;6
1808;Bones;Radiohead;6
1809;Bullet Proof..I Wish I Was;Radiohead;6
1810;Fake Plastic Trees;Radiohead;6
1811;High and Dry;Radiohead;6
1812;In Limbo;Radiohead;6
1813;Nice Dream;Radiohead;6
1814;Optimistic;Radiohead;6
1815;Planet Telex;Radiohead;6
1816;Street Spirit (Fade Out);Radiohead;6
1817;Sulk;Radiohead;6
1818;The Bends;Radiohead;6
1819;Vegetable;Radiohead;6
1820;Seemann;Rammstein;6
1821;Wollt Ihr Das Bett In Flammen;Rammstein;6
1822;Bad Brain;Ramones;6
1823;Blitzkrieg Bop;Ramones;6
1824;I Just Want to Have Something to Do;Ramones;6
1825;I Wanna Be Your Boyfriend;Ramones;6
1826;Judy Is a Punk;Ramones;6
1827;Surfin' Bird;Ramones;6
1828;Around the World;Red Hot Chili Peppers;6
1829;Easily;Red Hot Chili Peppers;6
1830;Scar Tissue;Red Hot Chili Peppers;6
1831;Old Before I Die;Robbie Williams;6
1832;...Y Dale;Rosendo;6
1833;Aguanta El Tipo;Rosendo;6
1834;Callejones;Rosendo;6
1835;No Son Gigantes;Rosendo;6
1836;Beauty Queen;Roxy Music;6
1837;Fascinado;Sidonie;6
1838;Pet Names;Smash Mouth;6
1839;Gold;Spandau Ballet;6
1840;A Girl I Knew;Steppenwolf;6
1841;Berry Rides Again;Steppenwolf;6
1842;Everybody's Next One;Steppenwolf;6
1843;Hoochie Coochie Man;Steppenwolf;6
1844;Sookie Sookie;Steppenwolf;6
1845;As;Stevie Wonder;6
1846;Bird Of Beauty;Stevie Wonder;6
1847;Always;Suede;6
1848;By the Sea;Suede;6
1849;Down;Suede;6
1850;Electricity;Suede;6
1851;Faultlines;Suede;6
1852;Filmstar;Suede;6
1853;Lazy;Suede;6
1854;She's in Fashion;Suede;6
1855;The 2 of Us;Suede;6
1856;The Asphalt World;Suede;6
1857;The Chemistry Between Us;Suede;6
1858;The Next Life;Suede;6
1859;The Wild Ones;Suede;6
1860;Moving;Supergrass;6
1861;Asylum;Supertramp;6
1862;Downstream;Supertramp;6
1863;From Now On;Supertramp;6
1864;1,000 Times;Tahiti 80;6
1865;Desire Be Desire Go;Tame Impala;6
1866;Eventually;Tame Impala;6
1867;Gossip;Tame Impala;6
1868;Jeremy's Storm;Tame Impala;6
1869;Runway, Houses, City, Clouds;Tame Impala;6
1870;She Just Won't Believe Me;Tame Impala;6
1871;Solitude Is Bliss;Tame Impala;6
1872;Yes I'm Changing;Tame Impala;6
1873;King Harvest (Has Surely Come);The Band;6
1874;God Only Knows;The Beach Boys;6
1875;Here Today;The Beach Boys;6
1876;I Just Wasn't Made for These Times;The Beach Boys;6
1877;Let's Go Away for a While;The Beach Boys;6
1878;You Still Believe in Me;The Beach Boys;6
1879;Baby It's You;The Beatles;6
1880;Eight Days a Week;The Beatles;6
1881;Eleanor Rigby;The Beatles;6
1882;Good Night;The Beatles;6
1883;Here, There and Everywhere;The Beatles;6
1884;Hey Bulldog;The Beatles;6
1885;I Need You;The Beatles;6
1886;I Want to Tell You;The Beatles;6
1887;I'm Only Sleeping;The Beatles;6
1888;Lucy in the Sky With Diamonds;The Beatles;6
1889;Penny Lane;The Beatles;6
1890;Revolution 9;The Beatles;6
1891;She Said She Said;The Beatles;6
1892;The Long and Winding Road;The Beatles;6
1893;Ticket to Ride;The Beatles;6
1894;Yesterday;The Beatles;6
1895;Beautiful One;The Cardigans;6
1896;Sabbath Bloody Sabbath;The Cardigans;6
1897;Tomorrow;The Cardigans;6
1898;Cheapskates;The Clash;6
1899;English Civil War;The Clash;6
1900;Garageland;The Clash;6
1901;Julie's Been Working for the Drug Squad;The Clash;6
1902;Tommy Gun;The Clash;6
1903;A Forest;The Cure;6
1904;Fire in Cairo;The Cure;6
1905;What a Fool Believes;The Doobie Brothers;6
1906;Drifters & Trawlers;The Good, the Bad & the Queen;6
1907;Just Like Honey;The Jesus and Mary Chain;6
1908;Taste the Floor;The Jesus and Mary Chain;6
1909;Mr. Brightside;The Killers;6
1910;Act Nice and Gentle;The Kinks;6
1911;Apeman;The Kinks;6
1912;Bald Headed Woman;The Kinks;6
1913;Dead End Street;The Kinks;6
1914;I Took My Baby Home;The Kinks;6
1915;I'm A Lover Not A Fighter;The Kinks;6
1916;Just Can't Go To Sleep;The Kinks;6
1917;Long Tall Shorty;The Kinks;6
1918;Powerman;The Kinks;6
1919;Revenge;The Kinks;6
1920;So Mystifying;The Kinks;6
1921;Suzannah's Still Alive;The Kinks;6
1922;Top of the Pops;The Kinks;6
1923;Begging;The Libertines;6
1924;Campaign of Hate;The Libertines;6
1925;The Good Old Days;The Libertines;6
1926;Do You Wanna Dance;The Mamas & the Papas;6
1927;Go Where You Wanna Go;The Mamas & the Papas;6
1928;Got A Feelin';The Mamas & the Papas;6
1929;I Call Your Name;The Mamas & the Papas;6
1930;Monday, Monday;The Mamas & the Papas;6
1931;Spanish Harlem;The Mamas & the Papas;6
1932;Straight Shooter;The Mamas & the Papas;6
1933;Climbatize;The Prodigy;6
1934;Fuel My Fire;The Prodigy;6
1935;Mindfields;The Prodigy;6
1936;Narayan;The Prodigy;6
1937;Gimme Shelter;The Rolling Stones;6
1938;Sympathy for the Devil;The Rolling Stones;6
1939;Hand in Glove;The Smiths;6
1940;Monkey Man;The Specials;6
1941;You Only Live Once;The Strokes;6
1942;Disco Inferno;The Trammps;6
1943;I'm Waiting for the Man;The Velvet Underground;6
1944;There She Goes Again;The Velvet Underground;6
1945;Catching the Butterfly;The Verve;6
1946;This Time;The Verve;6
1947;Mary Jane;The Vines;6
1948;Armenia City in the Sky;The Who;6
1949;Heinz Baked Beans;The Who;6
1950;I Can See for Miles;The Who;6
1951;I Can't Reach You;The Who;6
1952;Mary Anne with the Shaky Hand;The Who;6
1953;Medac;The Who;6
1954;Rael 1 & 2;The Who;6
1955;Relax;The Who;6
1956;Silas Stingy;The Who;6
1957;Sunrise;The Who;6
1958;Tattoo;The Who;6
1959;Won't Get Fooled Again;The Who;6
1960;Angel From the Coast;Thin Lizzy;6
1961;Borderline;Thin Lizzy;6
1962;Emerald;Thin Lizzy;6
1963;Jailbreak;Thin Lizzy;6
1964;Sweet Marie;Thin Lizzy;6
1965;Warriors;Thin Lizzy;6
1966;One;U2;6
1967;Tales of the Future;Vangelis;6
1968;Only in Dreams;Weezer;6
1969;The Good Life;Weezer;6
1970;Are You Receiving Me?;XTC;6
1971;Battery Brides (Andy Paints Brian);XTC;6
1972;Beatown;XTC;6
1973;Burning With Optimism's Flames;XTC;6
1974;Buzzcity Talking;XTC;6
1975;Crowded Room;XTC;6
1976;Generals And Majors;XTC;6
1977;I Am the Audience;XTC;6
1978;Jumping in Gomorrah;XTC;6
1979;Life is Good in the Greenhouse;XTC;6
1980;Meccanik Dancing (Oh We Go!);XTC;6
1981;My Weapon;XTC;6
1982;No Language in Our Lungs;XTC;6
1983;Paper and Iron (Notes and Coins);XTC;6
1984;Red;XTC;6
1985;Rocket From a Bottle;XTC;6
1986;Sgt. Rock (Is Going To Help Me);XTC;6
1987;Super-Tuff;XTC;6
1988;The Rhythm;XTC;6
1989;Towers Of London;XTC;6
1990;Travels in Nihilon;XTC;6
1991;Ain't That a Bitch;Aerosmith;5
1992;Pink;Aerosmith;5
1993;Round and Round;Aerosmith;5
1994;Walk This Way;Aerosmith;5
1995;Let's Stay Together;Al Green;5
1996;Wake Up;Arcade Fire;5
1997;We Exist;Arcade Fire;5
1998;A Certain Romance;Arctic Monkeys;5
1999;I'd Give You Anything;Ash;5
2000;Chica De La Ciudad;Barón Rojo;5
2001;Son Como Hormigas;Barón Rojo;5
2002;En Blanco Y Negro;Barricada;5
2003;Fight for Your Right;Beastie Boys;5
2004;Living Together;Bee Gees;5
2005;The Anchor Song;Björk;5
2006;Changes;Black Sabbath;5
2007;Orchid;Black Sabbath;5
2008;Sweet Leaf;Black Sabbath;5
2009;Heart of Glass;Blondie;5
2010;Just Go Away;Blondie;5
2011;Inertia;Blur;5
2012;One Born Every Minute;Blur;5
2013;St Louis;Blur;5
2014;Ultranol;Blur;5
2015;4th Time Around;Bob Dylan;5
2016;Absolutely Sweet Marie;Bob Dylan;5
2017;Desolation Row;Bob Dylan;5
2018;From a Buick 6;Bob Dylan;5
2019;Highway 61 Revisited;Bob Dylan;5
2020;Just Like Tom Thumb's Blues;Bob Dylan;5
2021;Leopard-Skin Pill-Box Hat;Bob Dylan;5
2022;Most Likely You Go Your Way (And I'll Go Mine);Bob Dylan;5
2023;Obviously 5 Believers;Bob Dylan;5
2024;Stuck Inside of Mobile with the Memphis Blues Again;Bob Dylan;5
2025;Tombstone Blues;Bob Dylan;5
2026;Buffalo Solider;Bob Marley;5
2027;No Woman No Cry;Bob Marley;5
2028;Lo que el tiempo no borró;Burning;5
2029;I Don't Mind;Buzzcocks;5
2030;Late for the Train;Buzzcocks;5
2031;Walking Distance;Buzzcocks;5
2032;Sitting;Cat Stevens;5
2033;Don't Need the Sunshine;Catatonia;5
2034;Part of the Furniture;Catatonia;5
2035;Why I Can't Stand One Night Stands;Catatonia;5
2036;Gente Distinta;Celtas Cortos;5
2037;Tranquilo Majete;Celtas Cortos;5
2038;Everything's Not Lost;Coldplay;5
2039;High Speed;Coldplay;5
2040;Parachutes;Coldplay;5
2041;Shiver;Coldplay;5
2042;Sparks;Coldplay;5
2043;Spies;Coldplay;5
2044;The Hardest Part;Coldplay;5
2045;We Never Change;Coldplay;5
2046;Yellow;Coldplay;5
2047;I Put a Spell on You;Creedence Clearwater Revival;5
2048;It Came Out of the Sky;Creedence Clearwater Revival;5
2049;World Where You Live;Crowded House;5
2050;Empathy;Crystal Castles;5
2051;Fainting Spells;Crystal Castles;5
2052;Vietnam;Crystal Castles;5
2053;Da Funk;Daft Punk;5
2054;Everyday Robots;Damon Albarn;5
2055;Heavy Seas of Love;Damon Albarn;5
2056;Lonely Press Play;Damon Albarn;5
2057;Royal Morning Blue;Damon Albarn;5
2058;Across the Universe;David Bowie;5
2059;Bombers;David Bowie;5
2060;Breaking Glass;David Bowie;5
2061;Can You Hear Me;David Bowie;5
2062;Candidate;David Bowie;5
2063;Cat People;David Bowie;5
2064;Criminal World;David Bowie;5
2065;Fame;David Bowie;5
2066;Fascination;David Bowie;5
2067;Future Legend;David Bowie;5
2068;Hang Onto Yourself;David Bowie;5
2069;It's No Game (Part 2);David Bowie;5
2070;Joe the Lion;David Bowie;5
2071;Jump They Say;David Bowie;5
2072;Let's Dance;David Bowie;5
2073;Let's Spend the Night Together;David Bowie;5
2074;Miracle Goodnight;David Bowie;5
2075;Red Sails;David Bowie;5
2076;Ricochet;David Bowie;5
2077;Right;David Bowie;5
2078;Star;David Bowie;5
2079;Sweet Thing (reprise);David Bowie;5
2080;Time;David Bowie;5
2081;Valentine’s Day;David Bowie;5
2082;Watch That Man;David Bowie;5
2083;What in the World;David Bowie;5
2084;Win;David Bowie;5
2085;Without You;David Bowie;5
2086;Ziggy Stardust;David Bowie;5
2087;Kaos;Decibelios;5
2088;Piara Indecente;Decibelios;5
2089;Lazy;Deep Purple;5
2090;Maybe I'm a Leo;Deep Purple;5
2091;Never Before;Deep Purple;5
2092;Pictures of Home;Deep Purple;5
2093;Lovin', Livin' &  Givin';Diana Ross;5
2094;Sorry Doesn't Always Make It Right;Diana Ross;5
2095;Together;Diana Ross;5
2096;Miserlou;Dick Dale;5
2097;Bang Bang You're Dead;Dirty Pretty Things;5
2098;Deadwood;Dirty Pretty Things;5
2099;Anyone Out There;Duran Duran;5
2100;Careless Memories;Duran Duran;5
2101;Friends of Mine;Duran Duran;5
2102;Is There Something I Should Know;Duran Duran;5
2103;Night Boat;Duran Duran;5
2104;Sound of Thunder;Duran Duran;5
2105;Call Me Names;Echobelly;5
2106;Father, Ruler, King, Computer;Echobelly;5
2107;All-Nighter;Elastica;5
2108;Car Song;Elastica;5
2109;Never Here;Elastica;5
2110;Leaders of the Free World;Elbow;5
2111;All The Girls Love Alice;Elton John;5
2112;Funeral For A Friend (Love Lies Bleeding);Elton John;5
2113;Harmony;Elton John;5
2114;I've Seen That Movie Too;Elton John;5
2115;Jamaica Jerk-Off;Elton John;5
2116;Roy Rogers;Elton John;5
2117;Social Disease;Elton John;5
2118;Your Sister Can't Twist (But She Can Rock 'n Roll);Elton John;5
2119;(I Don't Want To Go To) Chelsea;Elvis Costello;5
2120;Good Luck Charm;Elvis Presley;5
2121;Hard Headed Woman;Elvis Presley;5
2122;It's Now or Never;Elvis Presley;5
2123;Jailhouse Rock;Elvis Presley;5
2124;A Small Victory;Faith No More;5
2125;Falling to Pieces;Faith No More;5
2126;Surprise! You're Dead!;Faith No More;5
2127;The Real Thing;Faith No More;5
2128;Zombie Eaters;Faith No More;5
2129;Balloons;Foals;5
2130;Learn to Fly;Foo Fighters;5
2131;Barcelona;Freddie Mercury;5
2132;Let's Turn It On;Freddie Mercury;5
2133;Love Kills;Freddie Mercury;5
2134;Cuatro Rosas;Gabinete Caligari;5
2135;Golpes;Gabinete Caligari;5
2136;La Sangre De Tu Tristeza;Gabinete Caligari;5
2137;The Day the World Gets 'Round;George Harrison;5
2138;The Lord Loves the One (That Loves the Lord);George Harrison;5
2139;Boulder Buff;Glenn Miller;5
2140;Farewell Blues;Glenn Miller;5
2141;King Porter Stomp;Glenn Miller;5
2142;St. Louis Blues;Glenn Miller;5
2143;String of Pearls;Glenn Miller;5
2144;Tuxedo Junction;Glenn Miller;5
2145;Aries (feat. Peter Hook & Georgia);Gorillaz;5
2146;Clint Eastwood;Gorillaz;5
2147;Double Bass;Gorillaz;5
2148;Every Planet We Reach Is Dead;Gorillaz;5
2149;Glitter Freeze;Gorillaz;5
2150;November Has Come;Gorillaz;5
2151;Strange Timez (feat. Robert Smith);Gorillaz;5
2152;The Valley of the Pagans (feat. Beck);Gorillaz;5
2153;Big Bird;Graham Coxon;5
2154;Bitter Tears;Graham Coxon;5
2155;Hopeless Friend;Graham Coxon;5
2156;In the Morning;Graham Coxon;5
2157;En Brazos De La Fiebre;Héroes del Silencio;5
2158;Los Placeres De La Pobreza;Héroes del Silencio;5
2159;Oración;Héroes del Silencio;5
2160;Celebrity Skin;Hole;5
2161;Fall In Love With Me;Iggy Pop;5
2162;Neighborhood Threat;Iggy Pop;5
2163;Sixteen;Iggy Pop;5
2164;Some Weird Sin;Iggy Pop;5
2165;Success;Iggy Pop;5
2166;Tonight;Iggy Pop;5
2167;Turn Blue;Iggy Pop;5
2168;El norte está lleno de frío;Ilegales;5
2169;La Chica del Club de Golf;Ilegales;5
2170;Los Chicos Desconfían;Ilegales;5
2171;No Me Gusta El Blues;Ilegales;5
2172;Stick de Hockey;Ilegales;5
2173;Todo Lo Que Digais Que Somos;Ilegales;5
2174;Who Do You Think;Interpol;5
2175;Cántame;Jaime Urrutia;5
2176;Everyday;Jamiroquai;5
2177;Black Magic;Jarvis Cocker;5
2178;Fat Children;Jarvis Cocker;5
2179;My Best Friend;Jefferson Airplane;5
2180;The Wind Cries Mary;Jimi Hendrix;5
2181;Calle Melancolía;Joaquín Sabina;5
2182;Give Peace a Chance;John Lennon;5
2183;Happy Xmas (War Is Over);John Lennon;5
2184;How?;John Lennon;5
2185;Meat City;John Lennon;5
2186;Mother;John Lennon;5
2187;Woman;John Lennon;5
2188;Candidate;Joy Division;5
2189;Day of the Lords;Joy Division;5
2190;Disorder;Joy Division;5
2191;Insight;Joy Division;5
2192;New Dawn Fades;Joy Division;5
2193;She's Lost Control;Joy Division;5
2194;Deceiver;Judas Priest;5
2195;Dreamer Deceiver;Judas Priest;5
2196;Epitaph;Judas Priest;5
2197;Genocide;Judas Priest;5
2198;Island of Domination;Judas Priest;5
2199;The Ripper;Judas Priest;5
2200;Tyrant;Judas Priest;5
2201;You Can Have It All;Kaiser Chiefs;5
2202;Boogie With Stu;Led Zeppelin;5
2203;Bring It on Home;Led Zeppelin;5
2204;Bron-Yr-Aur;Led Zeppelin;5
2205;Custard Pie;Led Zeppelin;5
2206;In My Time of Dying;Led Zeppelin;5
2207;In the Evening;Led Zeppelin;5
2208;Moby Dick;Led Zeppelin;5
2209;Night Flight;Led Zeppelin;5
2210;That's the Way;Led Zeppelin;5
2211;The Lemon Song;Led Zeppelin;5
2212;Cucarachas;Leño;5
2213;Maneras De Vivir;Leño;5
2214;Si Señor, Si Señor;Leño;5
2215;Sorprendente;Leño;5
2216;Dulce Condena;Los Rodríguez;5
2217;Mi Enfermedad;Los Rodríguez;5
2218;A Caín;Los Suaves;5
2219;Frankenstein;Los Suaves;5
2220;Mear Contra El Viento;Los Suaves;5
2221;No Llores Más Por Mí;Los Suaves;5
2222;Por Las Noches;Los Suaves;5
2223;Siempre igual;Los Suaves;5
2224;Sospecho;Los Suaves;5
2225;Tocando Fondo;Los Suaves;5
2226;Una Ciudad Llamada Perdición;Los Suaves;5
2227;D.N.I.;Los Toreros Muertos;5
2228;Yo No Me Llamo Javier;Los Toreros Muertos;5
2229;A Sheltered Life;Lou Reed;5
2230;Dirt;Lou Reed;5
2231;Disco Mystic;Lou Reed;5
2232;Goodnight Ladies;Lou Reed;5
2233;I Believe In Love;Lou Reed;5
2234;I'm So Free;Lou Reed;5
2235;Looking For Love;Lou Reed;5
2236;My Old Man;Lou Reed;5
2237;New York Telephone Conversation;Lou Reed;5
2238;Rock And Roll Heart;Lou Reed;5
2239;Senselessly Cruel;Lou Reed;5
2240;Temporary Thing;Lou Reed;5
2241;Walk And Talk It;Lou Reed;5
2242;With You;Lou Reed;5
2243;Hemingway Delira;Luis Eduardo Aute;5
2244;I Need You;Lynyrd Skynyrd;5
2245;Australia;Manic Street Preachers;5
2246;Black Dog on My Shoulder;Manic Street Preachers;5
2247;Interiors (Song For Willem De Kooning);Manic Street Preachers;5
2248;You Love Us;Manic Street Preachers;5
2249;Diamonds;Mercury Rev;5
2250;Down Poured The Heavens;Mercury Rev;5
2251;Empire State (Son House in Excelsis);Mercury Rev;5
2252;My Love;Mercury Rev;5
2253;Peaceful Night;Mercury Rev;5
2254;Secret For A Song;Mercury Rev;5
2255;Vermillion;Mercury Rev;5
2256;Young Man's Stride;Mercury Rev;5
2257;Electric Feel;MGMT;5
2258;Billie Jean;Michael Jackson;5
2259;Hergest Ridge Part One;Mike Oldfield;5
2260;Hergest Ridge Part Two;Mike Oldfield;5
2261;Concierto de Aranjuez;Miles Davis;5
2262;Saeta;Miles Davis;5
2263;Solea;Miles Davis;5
2264;The Pan Piper;Miles Davis;5
2265;Will O' the Wisp;Miles Davis;5
2266;Braineaters;Misfits;5
2267;Porcelain;Moby;5
2268;Lose My Breath;my bloody valentine;5
2269;You Get What You Give;New Radicals;5
2270;Train Long-Suffering;Nick Cave & the Bad Seeds;5
2271;Tupelo;Nick Cave & the Bad Seeds;5
2272;About a Girl;Nirvana;5
2273;Frances Farmer Will Have Her Revenge on Seattle;Nirvana;5
2274;Serve the Servants;Nirvana;5
2275;Just a Girl;No Doubt;5
2276;Spiderwebs;No Doubt;5
2277;Acquiesce;Oasis;5
2278;All Around the World;Oasis;5
2279;Be Here Now;Oasis;5
2280;Don't Go Away;Oasis;5
2281;Soldier On;Oasis;5
2282;Stand By Me;Oasis;5
2283;The Masterplan;Oasis;5
2284;To Be Where There's Life;Oasis;5
2285;Gloria;Patti Smith;5
2286;Monkberry Moon Delight;Paul McCartney;5
2287;Serpentine Pad;Pavement;5
2288;Lost And Found;Phoenix;5
2289;School's Rules;Phoenix;5
2290;Have a Cigar;Pink Floyd;5
2291;In the Flesh;Pink Floyd;5
2292;Interstellar Overdrive;Pink Floyd;5
2293;The Show Must Go On;Pink Floyd;5
2294;Welcome to the Machine;Pink Floyd;5
2295;The Holiday Song;Pixies;5
2296;Ask for Answers;Placebo;5
2297;Brick Shithouse;Placebo;5
2298;My Sweet Prince;Placebo;5
2299;Pure Morning;Placebo;5
2300;Scared of Girls;Placebo;5
2301;Summer's Gone;Placebo;5
2302;The Crawl;Placebo;5
2303;Without You I'm Nothing;Placebo;5
2304;Juliette;Platero y tú;5
2305;Voy a acabar borracho;Platero y tú;5
2306;1999;Prince;5
2307;D.M.S.R.;Prince;5
2308;Delirious;Prince;5
2309;Love Is Blind;Pulp;5
2310;Modern Marriage [#][Demo Previously Unreleased][Demo Version];Pulp;5
2311;Hammer to Fall;Queen;5
2312;In the Fade;Queens of the Stone Age;5
2313;Veneno en la Piel;Radio Futura;5
2314;Everything in Its Right Place;Radiohead;5
2315;How to Disappear Completely;Radiohead;5
2316;Idioteque;Radiohead;5
2317;Kid A;Radiohead;5
2318;Morning Bell;Radiohead;5
2319;Sail to the Moon. (Brush the Cobwebs Out of the Sky.);Radiohead;5
2320;Sit Down. Stand Up. (Snakes & Ladders.);Radiohead;5
2321;Treefingers;Radiohead;5
2322;Asche zu Asche;Rammstein;5
2323;Weisses Fleisch;Rammstein;5
2324;Baby, I Love You;Ramones;5
2325;Beat on the Brat;Ramones;5
2326;Chinese Rock;Ramones;5
2327;Go Mental;Ramones;5
2328;Here Today, Gone Tomorrow;Ramones;5
2329;I Can't Make It on Time;Ramones;5
2330;I Don't Want You;Ramones;5
2331;I Wanted Everything;Ramones;5
2332;I'm Affected;Ramones;5
2333;I'm Against It;Ramones;5
2334;It's a Long Way Back;Ramones;5
2335;Needles & Pins;Ramones;5
2336;Questioningly;Ramones;5
2337;The KKK Took My Baby Away;Ramones;5
2338;The Return of Jack and Judy;Ramones;5
2339;This Ain't Havana;Ramones;5
2340;Californication;Red Hot Chili Peppers;5
2341;Get on Top;Red Hot Chili Peppers;5
2342;Otherside;Red Hot Chili Peppers;5
2343;Parallel Universe;Red Hot Chili Peppers;5
2344;No Tengo Dinero;Righeira;5
2345;Vamos a la playa;Righeira;5
2346;Agradecido;Rosendo;5
2347;Buenas Noches;Rosendo;5
2348;Navegando;Rosendo;5
2349;Todo Lo Que Sigue;Rosendo;5
2350;Costa Azul;Sidonie;5
2351;Jardin Polar;Sidonie;5
2352;Padrino;Smash Mouth;5
2353;Take What You Need;Steppenwolf;5
2354;The Ostrich;Steppenwolf;5
2355;Another Star;Stevie Wonder;5
2356;Heaven Is 10 Zillion Light Years Away;Stevie Wonder;5
2357;If It's Magic;Stevie Wonder;5
2358;Ngiculela - Es Una Historia -;Stevie Wonder;5
2359;Please Don't Go;Stevie Wonder;5
2360;Too High;Stevie Wonder;5
2361;Visions;Stevie Wonder;5
2362;Black or Blue;Suede;5
2363;He's Gone;Suede;5
2364;Hi-Fi;Suede;5
2365;Obsessions;Suede;5
2366;The Power;Suede;5
2367;This Hollywood Life;Suede;5
2368;Cheapskate;Supergrass;5
2369;In It for the Money;Supergrass;5
2370;Late in the Day;Supergrass;5
2371;Richard III;Supergrass;5
2372;What Went Wrong (In Your Head);Supergrass;5
2373;You Can See Me;Supergrass;5
2374;Babaji;Supertramp;5
2375;Even In The Quietest Moments;Supertramp;5
2376;Fool's Overture;Supertramp;5
2377;Give a Little Bit;Supertramp;5
2378;Lover Boy;Supertramp;5
2379;Cosmic Dancer;T. Rex;5
2380;Jeepster;T. Rex;5
2381;Lean Woman Blues;T. Rex;5
2382;Monolith;T. Rex;5
2383;Planet Queen;T. Rex;5
2384;Rip Off;T. Rex;5
2385;The Motivator;T. Rex;5
2386;Happy End;Tahiti 80;5
2387;Open Book;Tahiti 80;5
2388;The Train;Tahiti 80;5
2389;Houses in Motion;Talking Heads;5
2390;'Cause I'm a Man;Tame Impala;5
2391;Endors Toi;Tame Impala;5
2392;I Don't Really Mind;Tame Impala;5
2393;It Isn't Meant to Be;Tame Impala;5
2394;Lucidity;Tame Impala;5
2395;Past Life;Tame Impala;5
2396;The Bold Arrow of Time;Tame Impala;5
2397;Caroline No;The Beach Boys;5
2398;I Know There's An Answe;The Beach Boys;5
2399;I'm Waiting for the Day;The Beach Boys;5
2400;Our Favorite Recording Sessions;The Beach Boys;5
2401;Sloop John B;The Beach Boys;5
2402;All You Need Is Love;The Beatles;5
2403;Do You Want to Know a Secret;The Beatles;5
2404;Getting Better;The Beatles;5
2405;Hello Goodbye;The Beatles;5
2406;Lovely Rita;The Beatles;5
2407;P.S. I Love You;The Beatles;5
2408;The Fool on the Hill;The Beatles;5
2409;The Night Before;The Beatles;5
2410;There's a Place;The Beatles;5
2411;Daddy's Car;The Cardigans;5
2412;Erase/Rewind;The Cardigans;5
2413;My Favorite Game;The Cardigans;5
2414;Complete Control;The Clash;5
2415;Last Gang in Town;The Clash;5
2416;Lost in the Supermarket;The Clash;5
2417;Straight to Hell;The Clash;5
2418;The Guns of Brixton;The Clash;5
2419;I Remember When;The Coral;5
2420;The Funeral Party;The Cure;5
2421;Coming in From the Cold;The Delgados;5
2422;Becoming More Like Alfie;The Divine Comedy;5
2423;Charge;The Divine Comedy;5
2424;In & Out of Paris & London;The Divine Comedy;5
2425;Songs of Love;The Divine Comedy;5
2426;The Dogs & the Horses;The Divine Comedy;5
2427;The Frog Princess;The Divine Comedy;5
2428;Through a Long & Sleepless Night;The Divine Comedy;5
2429;80's Life;The Good, the Bad & the Queen;5
2430;Merrie Land;The Good, the Bad & the Queen;5
2431;Ribbons;The Good, the Bad & the Queen;5
2432;The Last Man to Leave;The Good, the Bad & the Queen;5
2433;No Pun Intended;The Hives;5
2434;Cut Dead;The Jesus and Mary Chain;5
2435;Taste of Cindy;The Jesus and Mary Chain;5
2436;The Living End;The Jesus and Mary Chain;5
2437;Bones;The Killers;5
2438;A Long Way from Home;The Kinks;5
2439;Got My Feet On the Ground;The Kinks;5
2440;Got to Be Free;The Kinks;5
2441;I've Been Driving On Bald Mountain;The Kinks;5
2442;Lincoln County;The Kinks;5
2443;Look for Me Baby;The Kinks;5
2444;Rosie Won't You Please Come Home;The Kinks;5
2445;Strangers;The Kinks;5
2446;The Contenders;The Kinks;5
2447;The Money Go Round;The Kinks;5
2448;There Is No Life Without Love;The Kinks;5
2449;This Time Tomorrow;The Kinks;5
2450;Tired of Waiting for You;The Kinks;5
2451;Too Much Monkey Business;The Kinks;5
2452;Looking Glass;The La's;5
2453;There She Goes;The La's;5
2454;The Man Who Would Be King;The Libertines;5
2455;The Saga;The Libertines;5
2456;Hey Girl;The Mamas & the Papas;5
2457;In Crowd;The Mamas & the Papas;5
2458;Somebody Groovy;The Mamas & the Papas;5
2459;You Baby;The Mamas & the Papas;5
2460;Next To You;The Police;5
2461;Roxanne;The Police;5
2462;Live With Me;The Rolling Stones;5
2463;Perfect;The Smashing Pumpkins;5
2464;Today;The Smashing Pumpkins;5
2465;Zero;The Smashing Pumpkins;5
2466;How Soon Is Now?;The Smiths;5
2467;What Difference Does It Make;The Smiths;5
2468;You've Got Everything Now;The Smiths;5
2469;Concrete Jungle;The Specials;5
2470;Maggie's Farm;The Specials;5
2471;(Song for My) Sugar Spun Sister;The Stone Roses;5
2472;Bye Bye Badman;The Stone Roses;5
2473;Don't Stop;The Stone Roses;5
2474;Elizabeth My Dear;The Stone Roses;5
2475;I Am the Resurrection;The Stone Roses;5
2476;Made of Stone;The Stone Roses;5
2477;She Bangs the Drums;The Stone Roses;5
2478;Shoot You Down;The Stone Roses;5
2479;This Is the One;The Stone Roses;5
2480;Waterfall;The Stone Roses;5
2481;Soma;The Strokes;5
2482;Heroin;The Velvet Underground;5
2483;Sunday Morning;The Velvet Underground;5
2484;Come On;The Verve;5
2485;Deep Freeze;The Verve;5
2486;Lord I Guess I'll Never Know;The Verve;5
2487;Neon Wilderness;The Verve;5
2488;One Day;The Verve;5
2489;Space and Time;The Verve;5
2490;Velvet Morning;The Verve;5
2491;Weeping Willow;The Verve;5
2492;Highly Evolved;The Vines;5
2493;Broken Boys;The WAEVE;5
2494;Baba O'Riley;The Who;5
2495;Bargain;The Who;5
2496;Love Ain't for Keeping;The Who;5
2497;My Wife;The Who;5
2498;Boogie Woogie Dance;Thin Lizzy;5
2499;Fighting My Way Back;Thin Lizzy;5
2500;For Those Who Love to Live;Thin Lizzy;5
2501;Frankie Carroll;Thin Lizzy;5
2502;Johnny;Thin Lizzy;5
2503;Rocky;Thin Lizzy;5
2504;Still in Love With You;Thin Lizzy;5
2505;Wild One;Thin Lizzy;5
2506;Across the Sea;Weezer;5
2507;Falling for You;Weezer;5
2508;Hash Pipe;Weezer;5
2509;Holiday;Weezer;5
2510;No One Else;Weezer;5
2511;No Other One;Weezer;5
2512;Pink Triangle;Weezer;5
2513;Surf Wax America;Weezer;5
2514;Undone (The Sweater Song);Weezer;5
2515;Why Bother;Weezer;5
2516;Zero;Yeah Yeah Yeahs;5
2517;Gimme All Your Lovin';ZZ Top;5
2518;Got Me Under Pressure;ZZ Top;5
2519;Sharp Dressed Man;ZZ Top;5
2520;Back in Black;AC/DC;4
2521;Down Payment Blues;AC/DC;4
2522;Gimme a Bullet;AC/DC;4
2523;Givin the Dog a Bone;AC/DC;4
2524;Gone Shootin';AC/DC;4
2525;Have a Drink on Me;AC/DC;4
2526;Hells Bells;AC/DC;4
2527;Kicked in the Teeth;AC/DC;4
2528;Let Me Put My Love Into You;AC/DC;4
2529;Rock 'n' Roll Damnation;AC/DC;4
2530;Shoot to Thrill;AC/DC;4
2531;Up to My Neck in You;AC/DC;4
2532;What Do You Do for Money Honey;AC/DC;4
2533;What's Next to the Moon;AC/DC;4
2534;You Shook Me All Night Long;AC/DC;4
2535;Big Ten Inch Record;Aerosmith;4
2536;Sweet Emotion;Aerosmith;4
2537;L-O-V-E (Love);Al Green;4
2538;Donde Manda Marinero;Andrés Calamaro;4
2539;Todo lo demás;Andrés Calamaro;4
2540;Una bomba;Andrés Calamaro;4
2541;Let It Flow;Ash;4
2542;El Pobre;Barón Rojo;4
2543;Telegram Sam;Bauhaus;4
2544;The Morning Son;Beady Eye;4
2545;Jive Talkin';Bee Gees;4
2546;Stayin' Alive;Bee Gees;4
2547;Like Someone in Love;Björk;4
2548;Cornucopia;Black Sabbath;4
2549;Evil Woman;Black Sabbath;4
2550;FX;Black Sabbath;4
2551;Laguna Sunrise;Black Sabbath;4
2552;Snowblind;Black Sabbath;4
2553;St. Vitus Dance;Black Sabbath;4
2554;Supernaut;Black Sabbath;4
2555;Tomorrows Dream;Black Sabbath;4
2556;Under the Sun;Black Sabbath;4
2557;Wheels of Confusion;Black Sabbath;4
2558;All We Want;Blur;4
2559;Beachcoma;Blur;4
2560;Charmless Man (Live At The Budokan);Blur;4
2561;Chemical World (Live At The Budokan);Blur;4
2562;Cowboy Song;Blur;4
2563;M.O.R. (Road Version);Blur;4
2564;Mr Briggs;Blur;4
2565;Music Is My Radar;Blur;4
2566;Optigan 1;Blur;4
2567;Peach;Blur;4
2568;Peter Panic;Blur;4
2569;Supa Shoppa;Blur;4
2570;The Puritan;Blur;4
2571;Threadneedle Street;Blur;4
2572;Sad Eyed Lady of the Lowlands;Bob Dylan;4
2573;Redemption Song;Bob Marley;4
2574;Satisfy My Soul;Bob Marley;4
2575;Un poquito nada más;Burning;4
2576;Haz Turismo (En Vivo);Celtas Cortos;4
2577;Madera De Colleja;Celtas Cortos;4
2578;Ya está bien;Celtas Cortos;4
2579;Moonlight in Vermont;Chet Baker;4
2580;My Funny Valentine;Chet Baker;4
2581;The More I See You;Chet Baker;4
2582;Power;Clawfinger;4
2583;Talk;Coldplay;4
2584;Sunshine of Your Love;Cream;4
2585;Don't Look Now;Creedence Clearwater Revival;4
2586;Effigy;Creedence Clearwater Revival;4
2587;Feelin' Blue;Creedence Clearwater Revival;4
2588;Fortunate Son;Creedence Clearwater Revival;4
2589;Get Down Woman;Creedence Clearwater Revival;4
2590;Gloomy;Creedence Clearwater Revival;4
2591;My Baby Left Me;Creedence Clearwater Revival;4
2592;Ninety-Nine And A Half;Creedence Clearwater Revival;4
2593;Ooby Dooby;Creedence Clearwater Revival;4
2594;Poorboy Shuffle;Creedence Clearwater Revival;4
2595;Porterville;Creedence Clearwater Revival;4
2596;Ramble Tamble;Creedence Clearwater Revival;4
2597;Run Through the Jungle;Creedence Clearwater Revival;4
2598;Side o' the Road;Creedence Clearwater Revival;4
2599;Susie Q;Creedence Clearwater Revival;4
2600;The Midnight Special;Creedence Clearwater Revival;4
2601;The Working Man;Creedence Clearwater Revival;4
2602;Walk On The Water;Creedence Clearwater Revival;4
2603;Who'll Stop the Rain;Creedence Clearwater Revival;4
2604;I Am Made of Chalk;Crystal Castles;4
2605;Daftendirekt;Daft Punk;4
2606;High Life;Daft Punk;4
2607;One More Time;Daft Punk;4
2608;Darkness to Light;Damon Albarn;4
2609;Hostiles;Damon Albarn;4
2610;1984;David Bowie;4
2611;Aladdin Sane;David Bowie;4
2612;Beauty and the Beast;David Bowie;4
2613;Big Brother;David Bowie;4
2614;Black Tie White Noise;David Bowie;4
2615;Drive-In Saturday;David Bowie;4
2616;I Feel Free;David Bowie;4
2617;Lady Grinning Soul;David Bowie;4
2618;Moss Garden;David Bowie;4
2619;Nite Flights;David Bowie;4
2620;Panic in Detroit;David Bowie;4
2621;Sense of Doubt;David Bowie;4
2622;Shake It;David Bowie;4
2623;The Jean Genie;David Bowie;4
2624;The Wedding;David Bowie;4
2625;Unwashed and Somewhat Slightly Dazed;David Bowie;4
2626;V-2 Schneider;David Bowie;4
2627;Warszawa;David Bowie;4
2628;Weeping Wall;David Bowie;4
2629;You've Been Around;David Bowie;4
2630;Space Truckin';Deep Purple;4
2631;Gin & Milk;Dirty Pretty Things;4
2632;Rio;Duran Duran;4
2633;Blue;Elastica;4
2634;Connection;Elastica;4
2635;Line Up;Elastica;4
2636;Smile;Elastica;4
2637;Stutter;Elastica;4
2638;I Guess That's Why They Call It the Blues;Elton John;4
2639;Saturday Night's Alright For Fighting;Elton John;4
2640;I Wanna Be Loved;Elvis Costello;4
2641;Man Out Of Time;Elvis Costello;4
2642;(Marie's the Name) His Latest Flame;Elvis Presley;4
2643;Blue Suede Shoes;Elvis Presley;4
2644;Can't Help Falling in Love;Elvis Presley;4
2645;One Night;Elvis Presley;4
2646;Return to Sender;Elvis Presley;4
2647;She's Not You;Elvis Presley;4
2648;Lady Blue;Enrique Bunbury;4
2649;De Ti Depende;Eskorbuto;4
2650;Donde esta el porvenir;Eskorbuto;4
2651;Decidí;Extremoduro;4
2652;Jesucristo García;Extremoduro;4
2653;La Hoguera;Extremoduro;4
2654;Necesito Droga y Amor;Extremoduro;4
2655;Necesito droga y amor (Los camellos no me fían);Extremoduro;4
2656;Salir;Extremoduro;4
2657;Edge of the World;Faith No More;4
2658;The Morning After;Faith No More;4
2659;Underwater Love;Faith No More;4
2660;War Pigs;Faith No More;4
2661;Woodpecker From Mars;Faith No More;4
2662;Second Hand News;Fleetwood Mac;4
2663;Michael;Franz Ferdinand;4
2664;Cómo Perdimos Berlín;Gabinete Caligari;4
2665;Haciendo el bobo;Gabinete Caligari;4
2666;Rey o Vasallo;Gabinete Caligari;4
2667;Suite Nupcial;Gabinete Caligari;4
2668;Underground;Gabinete Caligari;4
2669;I Think I'm Paranoid;Garbage;4
2670;Push It;Garbage;4
2671;Special;Garbage;4
2672;When I Grow Up;Garbage;4
2673;Be Here Now;George Harrison;4
2674;Let It Down;George Harrison;4
2675;19-2000;Gorillaz;4
2676;Ascension;Gorillaz;4
2677;Chalk Tablet Towers (feat. St. Vincent);Gorillaz;4
2678;Demon Days;Gorillaz;4
2679;Désolé (feat. Fatoumata Diawara) [Extended Version];Gorillaz;4
2680;Don't Get Lost in Heaven;Gorillaz;4
2681;El Mañana;Gorillaz;4
2682;Intro;Gorillaz;4
2683;Momentary Bliss (feat. slowthai & Slaves);Gorillaz;4
2684;Momentz;Gorillaz;4
2685;Murdoc Is God;Gorillaz;4
2686;Rock The House (Rock Da House);Gorillaz;4
2687;She's My Collar;Gorillaz;4
2688;Slow Country;Gorillaz;4
2689;Stylo;Gorillaz;4
2690;The Lost Chord (feat. Leee John);Gorillaz;4
2691;The Pink Phantom (Feat. Elton John & 6LACK);Gorillaz;4
2692;All Over Me;Graham Coxon;4
2693;Are You Ready?;Graham Coxon;4
2694;Bah Singer;Graham Coxon;4
2695;Bottom Bunk;Graham Coxon;4
2696;City Hall;Graham Coxon;4
2697;Don't Be A Stranger;Graham Coxon;4
2698;Don't Believe Anything I Say;Graham Coxon;4
2699;Fame and Fortune;Graham Coxon;4
2700;Feel Alright;Graham Coxon;4
2701;Gimme Some Love;Graham Coxon;4
2702;Girl Done Gone;Graham Coxon;4
2703;Home;Graham Coxon;4
2704;I Can't Look At Your Skin;Graham Coxon;4
2705;November;Graham Coxon;4
2706;People Of The Earth;Graham Coxon;4
2707;Perfect Love;Graham Coxon;4
2708;Ribbons And Leaves;Graham Coxon;4
2709;See A Better Day;Graham Coxon;4
2710;You Always Let Me Down;Graham Coxon;4
2711;Culpable;Héroes del Silencio;4
2712;El Refugio Interior;Héroes del Silencio;4
2713;Entre Dos Tierras;Héroes del Silencio;4
2714;Flor De Loto;Héroes del Silencio;4
2715;Maldito Duende;Héroes del Silencio;4
2716;Acabaremos Mal;Ilegales;4
2717;África paga;Ilegales;4
2718;Delincuente Habitual;Ilegales;4
2719;El Número De La Bestia;Ilegales;4
2720;Hombre Blanco;Ilegales;4
2721;Regreso Al Sexo Químicamente Puro;Ilegales;4
2722;This Is How It Feels;Inspiral Carpets;4
2723;Vestida Para Mi;Jaime Urrutia;4
2724;Been Caught Stealing;Jane's Addiction;4
2725;Heavy Weather;Jarvis Cocker;4
2726;Hold Still;Jarvis Cocker;4
2727;Grace;Jeff Buckley;4
2728;She Has Funny Cars;Jefferson Airplane;4
2729;White Rabbit;Jefferson Airplane;4
2730;Crazy Arms;Jerry Lee Lewis;4
2731;Down the Line;Jerry Lee Lewis;4
2732;Great Balls of Fire;Jerry Lee Lewis;4
2733;It'll Be Me;Jerry Lee Lewis;4
2734;Mean Woman Blues;Jerry Lee Lewis;4
2735;the End of the Road;Jerry Lee Lewis;4
2736;Whole Lotta Shakin' Goin' On;Jerry Lee Lewis;4
2737;You Win Again;Jerry Lee Lewis;4
2738;Manic Depression;Jimi Hendrix;4
2739;Purple Haze;Jimi Hendrix;4
2740;Manual para héroes o canallas;Joaquín Sabina;4
2741;Pasándolo Bien;Joaquín Sabina;4
2742;Pisa el acelerador;Joaquín Sabina;4
2743;Quédate a dormir;Joaquín Sabina;4
2744;Telespañolito;Joaquín Sabina;4
2745;Whisky Sin Soda;Joaquín Sabina;4
2746;Aisumasen (I'm Sorry);John Lennon;4
2747;Beautiful Boy (Darling Boy);John Lennon;4
2748;Born in a Prison;John Lennon;4
2749;Bring on the Lucie (Freda Peeple);John Lennon;4
2750;I Know (I Know);John Lennon;4
2751;Mother (single edit);John Lennon;4
2752;Nobody Told Me;John Lennon;4
2753;One Day (At a Time);John Lennon;4
2754;You Are Here;John Lennon;4
2755;Upstarts;Johnny Marr;4
2756;I Remember Nothing;Joy Division;4
2757;Interzone;Joy Division;4
2758;Love Will Tear Us Apart;Joy Division;4
2759;Shadowplay;Joy Division;4
2760;Wilderness;Joy Division;4
2761;Caviar and Meths;Judas Priest;4
2762;Cheater;Judas Priest;4
2763;Deep Freeze;Judas Priest;4
2764;Defenders of the Faith;Judas Priest;4
2765;Dying to Meet You;Judas Priest;4
2766;Eat Me Alive;Judas Priest;4
2767;Freewheel Burning;Judas Priest;4
2768;Heavy Duty;Judas Priest;4
2769;Jawbreaker;Judas Priest;4
2770;Love Bites;Judas Priest;4
2771;Never Satisfied;Judas Priest;4
2772;Night Comes Down;Judas Priest;4
2773;One for the Road;Judas Priest;4
2774;Rocka Rolla;Judas Priest;4
2775;Run of the Mill;Judas Priest;4
2776;Some Heads Are Gonna Roll;Judas Priest;4
2777;Winter;Judas Priest;4
2778;Winter Retreat;Judas Priest;4
2779;21st Century Schizoid Man / Mirrors;King Crimson;4
2780;Epitaph / March for No Reason / Tomorrow and Tomorrow;King Crimson;4
2781;I Talk to the Wind;King Crimson;4
2782;Rock And Roll All Nite;Kiss;4
2783;Strutter;Kiss;4
2784;Autobahn;Kraftwerk;4
2785;Black Country Woman;Led Zeppelin;4
2786;Bron-Y-Aur Stomp;Led Zeppelin;4
2787;Carouselambra;Led Zeppelin;4
2788;Friends;Led Zeppelin;4
2789;Gallows Pole;Led Zeppelin;4
2790;Hats Off to (Roy) Harper;Led Zeppelin;4
2791;Hot Dog;Led Zeppelin;4
2792;Living Loving Maid (She's Just a Woman);Led Zeppelin;4
2793;Out on the Tiles;Led Zeppelin;4
2794;Ramble On;Led Zeppelin;4
2795;Sick Again;Led Zeppelin;4
2796;Since I've Been Loving You;Led Zeppelin;4
2797;Tangerine;Led Zeppelin;4
2798;Thank You;Led Zeppelin;4
2799;What Is and What Should Never Be;Led Zeppelin;4
2800;Como Debe Ser;Leño;4
2801;El Tren;Leño;4
2802;La Noche De Que Te Hablé;Leño;4
2803;Can't Believe You Wanna Leave;Little Richard;4
2804;True Fine Mama;Little Richard;4
2805;Tutti Frutti;Little Richard;4
2806;Anuncio Para Coches;Los Planetas;4
2807;El Artista Madridista;Los Planetas;4
2808;Flotando Sobre Loscos;Los Planetas;4
2809;Maniobra de evasión;Los Planetas;4
2810;A los Ojos;Los Rodríguez;4
2811;Dispara;Los Rodríguez;4
2812;Engánchate Conmigo;Los Rodríguez;4
2813;Mi Agüita Amarilla;Los Toreros Muertos;4
2814;Baby Face;Lou Reed;4
2815;Billy;Lou Reed;4
2816;Chooser And The Chosen One;Lou Reed;4
2817;Ennui;Lou Reed;4
2818;I Can't Stand It;Lou Reed;4
2819;I Wanna Be Black;Lou Reed;4
2820;I'm Waiting For The Man;Lou Reed;4
2821;Love Makes You Feel;Lou Reed;4
2822;Oh Jim;Lou Reed;4
2823;Real Good Time Together;Lou Reed;4
2824;Shooting Star;Lou Reed;4
2825;Street Hassle;Lou Reed;4
2826;The Bells;Lou Reed;4
2827;Wild Child;Lou Reed;4
2828;Dear Peter (Te Debo Esta Canción);Luis Eduardo Aute;4
2829;Hoy, Ahora, Ya;Luis Eduardo Aute;4
2830;Terca Noche;Luis Eduardo Aute;4
2831;Don't Ask Me No Questions;Lynyrd Skynyrd;4
2832;Workin' For MCA;Lynyrd Skynyrd;4
2833;Blue Skinned Beast;Madness;4
2834;In the Middle of the Night;Madness;4
2835;My Girl;Madness;4
2836;Night Boat to Cairo;Madness;4
2837;One Step Beyond;Madness;4
2838;Rise and Fall;Madness;4
2839;Sunday Morning;Madness;4
2840;Tomorrow's Just Another Day;Madness;4
2841;If You Tolerate This Your Children Will Be Next;Manic Street Preachers;4
2842;My Little Empire;Manic Street Preachers;4
2843;Ready for Drowning;Manic Street Preachers;4
2844;The Everlasting;Manic Street Preachers;4
2845;Tsunami;Manic Street Preachers;4
2846;You Stole the Sun From My Heart;Manic Street Preachers;4
2847;You're Tender and You're Tired;Manic Street Preachers;4
2848;Stripper Vicar;Mansun;4
2849;Flyin' High (In the Friendly Sky);Marvin Gaye;4
2850;God Is Love;Marvin Gaye;4
2851;Inner City Blues (Make Me Wanna Holler);Marvin Gaye;4
2852;Mercy Mercy Me (The Ecology);Marvin Gaye;4
2853;Right On;Marvin Gaye;4
2854;Save the Children;Marvin Gaye;4
2855;What's Going On;Marvin Gaye;4
2856;What's Happening Brother;Marvin Gaye;4
2857;Wholy Holy;Marvin Gaye;4
2858;Holy Wars... The Punishment Due;Megadeth;4
2859;Arise;Mercury Rev;4
2860;Black Forest (lorelei);Mercury Rev;4
2861;Litte Rhymes;Mercury Rev;4
2862;Moving On;Mercury Rev;4
2863;The Climbing Rose;Mercury Rev;4
2864;You're My Queen;Mercury Rev;4
2865;Orion;Metallica;4
2866;4th Dimensional Transition;MGMT;4
2867;Future Reflections;MGMT;4
2868;Kids;MGMT;4
2869;Of Moons, Birds & Monsters;MGMT;4
2870;Pieces of What;MGMT;4
2871;The Handshake;MGMT;4
2872;The Youth;MGMT;4
2873;Time to Pretend;MGMT;4
2874;Weekend Wars;MGMT;4
2875;Assassin;Muse;4
2876;Bliss;Muse;4
2877;Hyper Music;Muse;4
2878;Invincible;Muse;4
2879;Knights of Cydonia;Muse;4
2880;Sober;Muse;4
2881;Unnatural Selection;Muse;4
2882;Uno;Muse;4
2883;(When You Wake) You're Still in a Dream;my bloody valentine;4
2884;Cupid Come;my bloody valentine;4
2885;Sub-Culture;New Order;4
2886;Wanted Man;Nick Cave & the Bad Seeds;4
2887;Milk It;Nirvana;4
2888;Rape Me;Nirvana;4
2889;tourette's;Nirvana;4
2890;Sixteen;No Doubt;4
2891;AKA... What a Life!;Noel Gallagher;4
2892;Ballad Of The Mighty I;Noel Gallagher;4
2893;If I Had A Gun...;Noel Gallagher;4
2894;The Death of You and Me;Noel Gallagher;4
2895;Ain't Got Nothin';Oasis;4
2896;Bag It Up;Oasis;4
2897;D'You Know What I Mean?;Oasis;4
2898;Falling Down;Oasis;4
2899;Going Nowhere;Oasis;4
2900;I Am The Walrus [Live];Oasis;4
2901;I Hope, I Think, I Know;Oasis;4
2902;I'm Outta Time;Oasis;4
2903;Love Like a Bomb;Oasis;4
2904;Talk Tonight;Oasis;4
2905;The Girl in the Dirty Shirt;Oasis;4
2906;The Meaning of Soul;Oasis;4
2907;The Nature of Reality;Oasis;4
2908;The Swamp Song;Oasis;4
2909;The Turning;Oasis;4
2910;Underneath the Sky;Oasis;4
2911;Better Day;Ocean Colour Scene;4
2912;Profit in Peace;Ocean Colour Scene;4
2913;Change Is Gonna Come;Otis Redding;4
2914;Down in the Valley;Otis Redding;4
2915;I've Been Loving You Too Long;Otis Redding;4
2916;Ole Man Trouble;Otis Redding;4
2917;Respect;Otis Redding;4
2918;Shake;Otis Redding;4
2919;Wonderful World;Otis Redding;4
2920;A New Level;Pantera;4
2921;Mouth for War;Pantera;4
2922;Walk;Pantera;4
2923;Redondo Beach;Patti Smith;4
2924;Grounded;Pavement;4
2925;Embuscade;Phoenix;4
2926;If I Ever Feel Better;Phoenix;4
2927;Party Time;Phoenix;4
2928;Outside the Wall;Pink Floyd;4
2929;Run Like Hell;Pink Floyd;4
2930;The Trial;Pink Floyd;4
2931;Waiting for the Worms;Pink Floyd;4
2932;Caribou;Pixies;4
2933;I've Been Tired;Pixies;4
2934;Isla de Encanta;Pixies;4
2935;Nimrod's Son;Pixies;4
2936;Good Fortune;PJ Harvey;4
2937;Burger Queen;Placebo;4
2938;Special K;Placebo;4
2939;Estás solo;Platero y tú;4
2940;Don't Fight It, Feel It;Primal Scream;4
2941;Movin' On Up;Primal Scream;4
2942;All The Critics Love U In New York;Prince;4
2943;Automatic;Prince;4
2944;Free;Prince;4
2945;International Lover;Prince;4
2946;Something In The Water (Does Not Compute);Prince;4
2947;Dogs Are Everywhere;Pulp;4
2948;Like A Friend;Pulp;4
2949;Mile End;Pulp;4
2950;Seductive Barry;Pulp;4
2951;A Kind of Magic;Queen;4
2952;Bicycle Race;Queen;4
2953;Good Old-Fashioned Lover Boy;Queen;4
2954;I Want to Break Free;Queen;4
2955;White Man;Queen;4
2956;You Take My Breath Away;Queen;4
2957;Monsters in the Parasol;Queens of the Stone Age;4
2958;Losing My Religion;R.E.M.;4
2959;Shiny Happy People;R.E.M.;4
2960;Al Otro Lado;Radio Futura;4
2961;Enamorado De La Moda Juvenil;Radio Futura;4
2962;Imagen Pública;Radio Futura;4
2963;Radar;Radio Futura;4
2964;Si Me Dejas Solo;Radio Futura;4
2965;Anyone Can Play Guitar;Radiohead;4
2966;Backdrifts. (Honeymoon Is Over.);Radiohead;4
2967;Go to Sleep. (Little Man Being Erased.);Radiohead;4
2968;How Do You?;Radiohead;4
2969;The Gloaming. (Softly Open Our Mouths in the Cold.);Radiohead;4
2970;We Suck Young Blood. (Your Time Is Up.);Radiohead;4
2971;Where I End and You Begin. (The Sky Is Falling In.);Radiohead;4
2972;Bullet in the Head;Rage Against the Machine;4
2973;Killing in the Name;Rage Against the Machine;4
2974;Know Your Enemy;Rage Against the Machine;4
2975;Settle for Nothing;Rage Against the Machine;4
2976;Heirate mich;Rammstein;4
2977;Sehnsucht;Rammstein;4
2978;53rd & 3rd;Ramones;4
2979;All the Way;Ramones;4
2980;California Sun;Ramones;4
2981;Danny Says;Ramones;4
2982;Do You Remember Rock 'n' Roll Radio?;Ramones;4
2983;High Risk Insurance;Ramones;4
2984;Let's Go;Ramones;4
2985;Loudmouth;Ramones;4
2986;Rock 'n' Roll High School;Ramones;4
2987;Emit Remmus;Red Hot Chili Peppers;4
2988;I Like Dirt;Red Hot Chili Peppers;4
2989;Porcelain;Red Hot Chili Peppers;4
2990;Purple Stain;Red Hot Chili Peppers;4
2991;Right on Time;Red Hot Chili Peppers;4
2992;Road Trippin';Red Hot Chili Peppers;4
2993;Savior;Red Hot Chili Peppers;4
2994;This Velvet Glove;Red Hot Chili Peppers;4
2995;Hold On;Richard Ashcroft;4
2996;These People;Richard Ashcroft;4
2997;Tanzen Mit Righeira;Righeira;4
2998;Angels;Robbie Williams;4
2999;Como Estatuas De Sal;Rosendo;4
3000;Corazón;Rosendo;4
3001;Me Gusta Así;Rosendo;4
3002;Obstáculo Impertinente;Rosendo;4
3003;In Trance;Scorpions;4
3004;My Way;Sid Vicious;4
3005;Acrobacias en Exopotamia;Sidonie;4
3006;Dandy Del Extrarradio;Sidonie;4
3007;Dos Murcielagos;Sidonie;4
3008;Fiebre;Sidonie;4
3009;Gente de Barrett;Sidonie;4
3010;Joe;Sidonie;4
3011;MTA;Sidonie;4
3012;Persona;Sidonie;4
3013;Sylvia;Sidonie;4
3014;Sale of the Century;Sleeper;4
3015;Push;Smash Mouth;4
3016;The Fonz;Smash Mouth;4
3017;Youth Against Facism;Sonic Youth;4
3018;Accidents and Compliments;Soulwax;4
3019;Dance 2 Slow;Soulwax;4
3020;Krack;Soulwax;4
3021;Miserable Girl;Soulwax;4
3022;NY Excuse;Soulwax;4
3023;Please... Don't Be Yourself;Soulwax;4
3024;Slowdance;Soulwax;4
3025;The Truth Is So Boring;Soulwax;4
3026;YYY/NNN;Soulwax;4
3027;Money;Space;4
3028;Higher Ground;Stevie Wonder;4
3029;Living for the City;Stevie Wonder;4
3030;You Are the Sunshine of My Life;Stevie Wonder;4
3031;You Haven't Done Nothin';Stevie Wonder;4
3032;Asbestos;Suede;4
3033;Can't Get Enough;Suede;4
3034;Crack in the Union Jack;Suede;4
3035;Daddy's Speeding;Suede;4
3036;Everything Will Flow;Suede;4
3037;Head Music;Suede;4
3038;Indian Strings;Suede;4
3039;Introducing the Band;Suede;4
3040;One Hit to the Body;Suede;4
3041;Savoir Faire;Suede;4
3042;Still Life;Suede;4
3043;We Are the Pigs;Suede;4
3044;G-Song;Supergrass;4
3045;Hollow Little Reign;Supergrass;4
3046;It's Not Me;Supergrass;4
3047;Shotover Hill;Supergrass;4
3048;Tonight;Supergrass;4
3049;Bullets (feat. Graham Coxon);Superstate;4
3050;Heaven (Buy a Ticket) [feat. Graham Coxon & Vula];Superstate;4
3051;I Don't Wanna Wait For You (feat. Graham Coxon & Sharlene Hector);Superstate;4
3052;It's All In Your Mind (feat. Graham Coxon & Rahel Debebe-Dessalegne);Superstate;4
3053;L.I.L.Y (feat. Graham Coxon);Superstate;4
3054;Only Takes A Stranger (feat. Graham Coxon & Rahel Debebe-Dessalegne);Superstate;4
3055;The Astral Light (feat. Graham Coxon, Valentina Pappalardo & Sharlene Hector);Superstate;4
3056;The Ball of Light (feat. Graham Coxon);Superstate;4
3057;Tommy Gun (feat. Graham Coxon);Superstate;4
3058;Uncle Sam (feat. Graham Coxon & Rahel Debebe-Dessalegne);Superstate;4
3059;Yoga Town (feat. Graham Coxon & Valentina Pappalardo);Superstate;4
3060;Dark Globe;Syd Barrett;4
3061;Octopus;Syd Barrett;4
3062;Once in a Lifetime;Talking Heads;4
3063;Apocalypse Dreams;Tame Impala;4
3064;Be Above It;Tame Impala;4
3065;Elephant;Tame Impala;4
3066;Keep on Lying;Tame Impala;4
3067;Mind Mischief;Tame Impala;4
3068;Music to Walk Home By;Tame Impala;4
3069;Reality in Motion;Tame Impala;4
3070;Sun's Coming Up;Tame Impala;4
3071;Why Won't They Talk to Me?;Tame Impala;4
3072;Torn Curtain;Television;4
3073;Carl's Big Chance;The Beach Boys;4
3074;Do You Remember?;The Beach Boys;4
3075;Don't Back Down;The Beach Boys;4
3076;Drive-In;The Beach Boys;4
3077;Girls On The Beach;The Beach Boys;4
3078;Hushabye;The Beach Boys;4
3079;Little Honda;The Beach Boys;4
3080;We'll Run Away;The Beach Boys;4
3081;Wendy;The Beach Boys;4
3082;A Taste of Honey;The Beatles;4
3083;Across the Universe;The Beatles;4
3084;Act Naturally;The Beatles;4
3085;Another Girl;The Beatles;4
3086;Being for the Benefit of Mr. Kite!;The Beatles;4
3087;Dig a Pony;The Beatles;4
3088;Dig It;The Beatles;4
3089;Dizzy Miss Lizzy;The Beatles;4
3090;Doctor Robert;The Beatles;4
3091;Fixing a Hole;The Beatles;4
3092;For You Blue;The Beatles;4
3093;From Me to You;The Beatles;4
3094;Good Day Sunshine;The Beatles;4
3095;Good Morning Good Morning;The Beatles;4
3096;Got to Get You Into My Life;The Beatles;4
3097;Hey Jude;The Beatles;4
3098;I Me Mine;The Beatles;4
3099;I Should Have Known Better;The Beatles;4
3100;I Want to Hold Your Hand;The Beatles;4
3101;I'm a Loser;The Beatles;4
3102;I've Got a Feeling;The Beatles;4
3103;I've Just Seen a Face;The Beatles;4
3104;It's Only Love;The Beatles;4
3105;Maggie Mae;The Beatles;4
3106;Misery;The Beatles;4
3107;One After 909;The Beatles;4
3108;Only a Northern Song;The Beatles;4
3109;Sgt. Pepper's Lonely Hearts Club Band;The Beatles;4
3110;Sgt. Pepper's Lonely Hearts Club Band (reprise);The Beatles;4
3111;She's Leaving Home;The Beatles;4
3112;Taxman;The Beatles;4
3113;Tell Me What You See;The Beatles;4
3114;Tomorrow Never Knows;The Beatles;4
3115;Two of Us;The Beatles;4
3116;When I'm Sixty-Four;The Beatles;4
3117;Within You Without You;The Beatles;4
3118;You Like Me Too Much;The Beatles;4
3119;You're Going to Lose That Girl;The Beatles;4
3120;You've Got to Hide Your Love Away;The Beatles;4
3121;You Ain't Going Nowhere;The Byrds;4
3122;After All...;The Cardigans;4
3123;Carnival;The Cardigans;4
3124;Celia Inside;The Cardigans;4
3125;Explode;The Cardigans;4
3126;Gordon's Gardenparty;The Cardigans;4
3127;Hanging Around;The Cardigans;4
3128;Hey! Get Out Of My Way;The Cardigans;4
3129;Higher;The Cardigans;4
3130;Marvel Hill;The Cardigans;4
3131;Nil;The Cardigans;4
3132;Rise and Shine;The Cardigans;4
3133;Sick and Tired;The Cardigans;4
3134;Starter;The Cardigans;4
3135;Travelling With Charley;The Cardigans;4
3136;Let Forever Be;The Chemical Brothers;4
3137;Atom Tan;The Clash;4
3138;Car Jamming;The Clash;4
3139;Death is a Star;The Clash;4
3140;Ghetto Defendant;The Clash;4
3141;Guns on the Roof;The Clash;4
3142;Inoculated City;The Clash;4
3143;Know Your Rights;The Clash;4
3144;Overpowered by Funk;The Clash;4
3145;Red Angel Dragnet;The Clash;4
3146;Remote Control;The Clash;4
3147;Revolution Rock;The Clash;4
3148;Rudie Can't Fail;The Clash;4
3149;Sean Flynn;The Clash;4
3150;At Night;The Cure;4
3151;Grinding Halt;The Cure;4
3152;Play for Today;The Cure;4
3153;Subway Song;The Cure;4
3154;Creepin Up the Backstairs;The Fratellis;4
3155;A Soldier's Tale;The Good, the Bad & the Queen;4
3156;Green Fields;The Good, the Bad & the Queen;4
3157;The Bunting Song;The Good, the Bad & the Queen;4
3158;Three Changes;The Good, the Bad & the Queen;4
3159;Abra Cadaver;The Hives;4
3160;Town Called Malice;The Jam;4
3161;Dandy;The Kinks;4
3162;Dedicated Follower Of Fashion;The Kinks;4
3163;Got Love If You Want It;The Kinks;4
3164;I Am Free;The Kinks;4
3165;Nothin' In the World Can Stop Me Worryin' 'Bout That Girl;The Kinks;4
3166;Party Line;The Kinks;4
3167;Rainy Day In June;The Kinks;4
3168;Session Man;The Kinks;4
3169;Stop Your Sobbing;The Kinks;4
3170;Sunny Afternoon;The Kinks;4
3171;Too Much On My Mind;The Kinks;4
3172;Doledrum;The La's;4
3173;Failure;The La's;4
3174;Feelin';The La's;4
3175;Freedom Song;The La's;4
3176;I Can't Sleep;The La's;4
3177;I.O.U.;The La's;4
3178;Liberty Ship;The La's;4
3179;Son of a Gun;The La's;4
3180;Timeless Melody;The La's;4
3181;Way Out;The La's;4
3182;Arbeit Macht Frei;The Libertines;4
3183;Don't Be Shy;The Libertines;4
3184;Narcissist;The Libertines;4
3185;Tomblands;The Libertines;4
3186;Be My Girl - Sally;The Police;4
3187;Born In The 50's;The Police;4
3188;Can't Stand Losing You;The Police;4
3189;Hole In My Life;The Police;4
3190;Masoko Tanga;The Police;4
3191;Peanuts;The Police;4
3192;Truth Hits Everybody;The Police;4
3193;Full Throttle;The Prodigy;4
3194;Voodoo People;The Prodigy;4
3195;Country Honk;The Rolling Stones;4
3196;Let It Bleed;The Rolling Stones;4
3197;Love in Vain;The Rolling Stones;4
3198;Midnight Rambler;The Rolling Stones;4
3199;No Expectations;The Rolling Stones;4
3200;Prodigal Son;The Rolling Stones;4
3201;Street Fighting Man;The Rolling Stones;4
3202;You Can't Always Get What You Want;The Rolling Stones;4
3203;You Got the Silver;The Rolling Stones;4
3204;An Ode to No One;The Smashing Pumpkins;4
3205;Love;The Smashing Pumpkins;4
3206;Once Upon a Time;The Smashing Pumpkins;4
3207;To Forgive;The Smashing Pumpkins;4
3208;Miserable Lie;The Smiths;4
3209;Reel Around the Fountain;The Smiths;4
3210;Still Ill;The Smiths;4
3211;These Things Take Time;The Smiths;4
3212;A Message to You Rudy;The Specials;4
3213;Too Much Too Young;The Specials;4
3214;Alone, Together;The Strokes;4
3215;Razorblade;The Strokes;4
3216;All Tomorrow's Parties;The Velvet Underground;4
3217;European Son;The Velvet Underground;4
3218;Femme Fatale;The Velvet Underground;4
3219;I'll Be Your Mirror;The Velvet Underground;4
3220;Run Run Run;The Velvet Underground;4
3221;The Black Angel's Death Song;The Velvet Underground;4
3222;Venus in Furs;The Velvet Underground;4
3223;Outtathaway;The Vines;4
3224;All Along;The WAEVE;4
3225;Alone And Free;The WAEVE;4
3226;Can I Call You;The WAEVE;4
3227;City Lights;The WAEVE;4
3228;Drowning;The WAEVE;4
3229;Druantia;The WAEVE;4
3230;Girl of the Endless Night;The WAEVE;4
3231;I Belong To;The WAEVE;4
3232;Kill Me Again;The WAEVE;4
3233;Moth to the Flame;The WAEVE;4
3234;Over And Over;The WAEVE;4
3235;Sleepwalking;The WAEVE;4
3236;Someone Up There;The WAEVE;4
3237;Song For Eliza May;The WAEVE;4
3238;Sunrise;The WAEVE;4
3239;Undine;The WAEVE;4
3240;You Saw;The WAEVE;4
3241;You're All I Want To Know;The WAEVE;4
3242;Behind Blue Eyes;The Who;4
3243;Getting in Tune;The Who;4
3244;Going Mobile;The Who;4
3245;My Generation;The Who;4
3246;The Song Is Over;The Who;4
3247;Ballad of a Hard Man;Thin Lizzy;4
3248;Banshee;Thin Lizzy;4
3249;Freedom Song;Thin Lizzy;4
3250;It's Only Money;Thin Lizzy;4
3251;King's Vengeance;Thin Lizzy;4
3252;Philomena;Thin Lizzy;4
3253;Silver Dollar;Thin Lizzy;4
3254;Spirit Slips Away;Thin Lizzy;4
3255;Whisky in the Jar;Thin Lizzy;4
3256;With or Without You;U2;4
3257;Butterfly;Weezer;4
3258;Don't Let Go;Weezer;4
3259;El Scorcho;Weezer;4
3260;Getchoo;Weezer;4
3261;In the Garage;Weezer;4
3262;My Name Is Jonas;Weezer;4
3263;The World Has Turned and Left Me Here;Weezer;4
3264;ELT;Wilco;4
3265;Jet;Wings;4
3266;Bad Girl;ZZ Top;4
3267;Dirty Dog;ZZ Top;4
3268;I Got the Six;ZZ Top;4
3269;I Need You Tonight;ZZ Top;4
3270;If I Could Only Flag Her Down;ZZ Top;4
3271;Legs;ZZ Top;4
3272;Thug;ZZ Top;4
3273;TV Dinners;ZZ Top;4
3274;Rock and Roll Ain't Noise Pollution;AC/DC;3
3275;Shake a Leg;AC/DC;3
3276;Falling In Love (Is Hard on the Knees);Aerosmith;3
3277;No More No More;Aerosmith;3
3278;Toys in the Attic;Aerosmith;3
3279;Uncle Salty;Aerosmith;3
3280;Bleed the Freak;Alice in Chains;3
3281;Confusion;Alice in Chains;3
3282;I Can't Remember;Alice in Chains;3
3283;I Know Somethin (Bout You);Alice in Chains;3
3284;It Ain't Like That;Alice in Chains;3
3285;Love, Hate, Love;Alice in Chains;3
3286;Man in the Box;Alice in Chains;3
3287;Put You Down;Alice in Chains;3
3288;Real Thing;Alice in Chains;3
3289;Sea of Sorrow;Alice in Chains;3
3290;Sunshine;Alice in Chains;3
3291;We Die Young;Alice in Chains;3
3292;¿Quién asó la manteca?;Andrés Calamaro;3
3293;Alta Suciedad;Andrés Calamaro;3
3294;Flaca;Andrés Calamaro;3
3295;Media Verónica;Andrés Calamaro;3
3296;Black Wave/Bad Vibrations;Arcade Fire;3
3297;Crown of Love;Arcade Fire;3
3298;Dancing Shoes;Arctic Monkeys;3
3299;Don't Sit Down 'Cause I've Moved Your Chair;Arctic Monkeys;3
3300;Fake Tales of San Francisco;Arctic Monkeys;3
3301;I Bet You Look Good on the Dancefloor;Arctic Monkeys;3
3302;Riot Van;Arctic Monkeys;3
3303;The View from the Afternoon;Arctic Monkeys;3
3304;Angel Interceptor;Ash;3
3305;Darkside Lightside;Ash;3
3306;Gone The Dream;Ash;3
3307;Kung Fu;Ash;3
3308;Lose Control;Ash;3
3309;Lost In You;Ash;3
3310;Oh Yeah;Ash;3
3311;Chup Chup;Australian Blonde;3
3312;Raindrops Keep Fallin' On My Head;B.J. Thomas;3
3313;Anda suelto Satanás;Barón Rojo;3
3314;Con Botas Sucias;Barón Rojo;3
3315;Efluvios;Barón Rojo;3
3316;El Presidente;Barón Rojo;3
3317;Larga Vida Al Rock and Roll;Barón Rojo;3
3318;Los desertores del rock;Barón Rojo;3
3319;Resistiré;Barón Rojo;3
3320;Hair of the Dog;Bauhaus;3
3321;Passion of Lovers;Bauhaus;3
3322;Cold Brains;Beck;3
3323;Nobody's Fault But My Own;Beck;3
3324;Novacane;Beck;3
3325;Charade;Bee Gees;3
3326;Dogs;Bee Gees;3
3327;Down The Road;Bee Gees;3
3328;Give A Hand, Take A Hand;Bee Gees;3
3329;Had A Lot Of Love Last Night;Bee Gees;3
3330;Heavy Breathing;Bee Gees;3
3331;I Can't Let You Go;Bee Gees;3
3332;Lost In Your Love;Bee Gees;3
3333;More Than a Woman;Bee Gees;3
3334;Mr. Natural;Bee Gees;3
3335;Throw A Penny;Bee Gees;3
3336;Too Much Heaven;Bee Gees;3
3337;Voices;Bee Gees;3
3338;Dancing with Myself;Billy Idol;3
3339;White Wedding (Part 1);Billy Idol;3
3340;Aeroplane;Björk;3
3341;Big Time Sensuality;Björk;3
3342;Come to Me;Björk;3
3343;Crying;Björk;3
3344;Human Behaviour;Björk;3
3345;One Day;Björk;3
3346;There's More To Life Than This (Live At The Milk Bar Toilets);Björk;3
3347;Venus as a Boy;Björk;3
3348;Violently Happy;Björk;3
3349;Fade Away And Radiate;Blondie;3
3350;Hanging on the Telephone;Blondie;3
3351;I Know But I Don't Know;Blondie;3
3352;One Way or Another;Blondie;3
3353;Picture This;Blondie;3
3354;Sunday Girl;Blondie;3
3355;Will Anything Happen?;Blondie;3
3356;Alex's Song;Blur;3
3357;Badgeman Brown;Blur;3
3358;Black Book;Blur;3
3359;Colours;Blur;3
3360;Don't Be;Blur;3
3361;Far Out (Beagle 2 Remix);Blur;3
3362;Get Out of Cities;Blur;3
3363;I'm Fine;Blur;3
3364;Mace;Blur;3
3365;Resigned / Commercial Break;Blur;3
3366;Swallows in the Heatwave;Blur;3
3367;Tame;Blur;3
3368;Easy Skanking;Bob Marley;3
3369;Guiltiness;Bob Marley;3
3370;Natural Mystic;Bob Marley;3
3371;One Love - People Get Ready;Bob Marley;3
3372;People Get Ready;Bob Marley;3
3373;So Much Things To Say;Bob Marley;3
3374;The Heathen;Bob Marley;3
3375;Turn Your Lights Down Low;Bob Marley;3
3376;Blinded by the Light;Bruce Springsteen;3
3377;Born in the U.S.A.;Bruce Springsteen;3
3378;An Empty Cup (And a Broken Date);Buddy Holly;3
3379;I'm Changing All Those Changes;Buddy Holly;3
3380;Las chicas del drugstore;Burning;3
3381;Puedes Sentirlo;Burning;3
3382;Autonomy;Buzzcocks;3
3383;Fast Cars;Buzzcocks;3
3384;Paradise;Buzzcocks;3
3385;Desde Brasil;Café Quijano;3
3386;La taberna del Buda;Café Quijano;3
3387;Las Llaves de Raquel;Café Quijano;3
3388;Lucía, la Corista;Café Quijano;3
3389;Nada de Ná;Café Quijano;3
3390;Jamás;Camilo Sesto;3
3391;Cálida trinchera;Celtas Cortos;3
3392;Cuéntame un cuento;Celtas Cortos;3
3393;El Emigrante (remix);Celtas Cortos;3
3394;Lluvia En Soledad;Celtas Cortos;3
3395;Romance De Rosabella Y Domingo;Celtas Cortos;3
3396;Si No Me Veo No Me Creo;Celtas Cortos;3
3397;Skaparate Nacional;Celtas Cortos;3
3398;Old Devil Moon;Chet Baker;3
3399;Lola;Cicatriz;3
3400;Do What I Say;Clawfinger;3
3401;Pay the Bill;Clawfinger;3
3402;Pin Me Down;Clawfinger;3
3403;Twisted Logic;Coldplay;3
3404;World of Pain;Cream;3
3405;Before You Accuse Me;Creedence Clearwater Revival;3
3406;Lookin' Out My Back Door;Creedence Clearwater Revival;3
3407;Travelin' Band;Creedence Clearwater Revival;3
3408;Up Around the Bend;Creedence Clearwater Revival;3
3409;Revolution 909;Daft Punk;3
3410;Something About Us;Daft Punk;3
3411;Combustion;Damon Albarn;3
3412;Daft Wader;Damon Albarn;3
3413;Esje;Damon Albarn;3
3414;Giraffe Trumpet Sea;Damon Albarn;3
3415;Hollow Ponds;Damon Albarn;3
3416;Parakeet;Damon Albarn;3
3417;Particles;Damon Albarn;3
3418;Photographs (You Are Taking Now);Damon Albarn;3
3419;Polaris;Damon Albarn;3
3420;Seven High;Damon Albarn;3
3421;The Cormorant;Damon Albarn;3
3422;The Tower of Montevideo;Damon Albarn;3
3423;You And Me;Damon Albarn;3
3424;1000 Miles;Dave Rowntree;3
3425;Black Sheep;Dave Rowntree;3
3426;Devil's Island;Dave Rowntree;3
3427;Downtown;Dave Rowntree;3
3428;Hk;Dave Rowntree;3
3429;London Bridge;Dave Rowntree;3
3430;Machines Like Me;Dave Rowntree;3
3431;Tape Measure;Dave Rowntree;3
3432;Volcano;Dave Rowntree;3
3433;Who's Asking;Dave Rowntree;3
3434;After All;David Bowie;3
3435;Art Decade;David Bowie;3
3436;Chant of the Ever Circling Skeletal Family;David Bowie;3
3437;Crystal Japan (Japanese single A-side, 1979);David Bowie;3
3438;Don't Let Me Down & Down;David Bowie;3
3439;Golden Years;David Bowie;3
3440;I Know It's Gonna Happen Someday;David Bowie;3
3441;Looking for Lester;David Bowie;3
3442;Lucy Can't Dance;David Bowie;3
3443;Neuköln;David Bowie;3
3444;Pallas Athena;David Bowie;3
3445;Running Gun Blues;David Bowie;3
3446;She Shook Me Cold;David Bowie;3
3447;Space Oddity (re-recorded single B-side, 1979);David Bowie;3
3448;Station to Station;David Bowie;3
3449;Stay;David Bowie;3
3450;Subterraneans;David Bowie;3
3451;The Man Who Sold the World;David Bowie;3
3452;The Secret Life of Arabia;David Bowie;3
3453;The Wedding Song;David Bowie;3
3454;TVC 15;David Bowie;3
3455;Width of a Circle;David Bowie;3
3456;Word on a Wing;David Bowie;3
3457;Manhattan Skyline;David Shire;3
3458;Night on Disco Mountain;David Shire;3
3459;Salsation;David Shire;3
3460;Fireball;Deep Purple;3
3461;Behind the Wheel;Depeche Mode;3
3462;Enjoy the Silence;Depeche Mode;3
3463;Everybody's Weird;dEUS;3
3464;Let's See Who Goes Down First;dEUS;3
3465;Magdalena;dEUS;3
3466;One Advice, Space;dEUS;3
3467;Put The Freaks Up Front;dEUS;3
3468;Sister Dew;dEUS;3
3469;The Ideal Crash;dEUS;3
3470;Freak Scene;Dinosaur Jr.;3
3471;Just Like Heaven;Dinosaur Jr.;3
3472;Kracked;Dinosaur Jr.;3
3473;Little Fury Things;Dinosaur Jr.;3
3474;Lose;Dinosaur Jr.;3
3475;Poledo;Dinosaur Jr.;3
3476;Raisans;Dinosaur Jr.;3
3477;Show Me the Way (bonus);Dinosaur Jr.;3
3478;Sludgefeast;Dinosaur Jr.;3
3479;Tarpit;Dinosaur Jr.;3
3480;Angel of Mercy;Dire Straits;3
3481;Communiqué;Dire Straits;3
3482;Follow Me Home;Dire Straits;3
3483;Lady Writer;Dire Straits;3
3484;News;Dire Straits;3
3485;Once Upon a Time in the West;Dire Straits;3
3486;Portobello Belle;Dire Straits;3
3487;Single Handed Sailor;Dire Straits;3
3488;Where Do You Think You're Going?;Dire Straits;3
3489;Blood Thirsty Bastards;Dirty Pretty Things;3
3490;Beyond This Life;Dream Theater;3
3491;Hold Back the Rain;Duran Duran;3
3492;Hungry Like the Wolf;Duran Duran;3
3493;Last Chance on the Stairway;Duran Duran;3
3494;Lonely in Your Nightmare;Duran Duran;3
3495;My Own Way;Duran Duran;3
3496;New Religion;Duran Duran;3
3497;Great Things;Echobelly;3
3498;I Can't Imagine the World Without Me;Echobelly;3
3499;Insomniac;Echobelly;3
3500;King of the Kerb;Echobelly;3
3501;Pantyhose and Roses;Echobelly;3
3502;La Vie L'amour;Édith Piaf;3
3503;Polichinelle;Édith Piaf;3
3504;¿Quién Eres Tu?;El Último de la Fila;3
3505;Aviones Plateados;El Último de la Fila;3
3506;Dulces sueños;El Último de la Fila;3
3507;El loco de la calle;El Último de la Fila;3
3508;Insurrección;El Último de la Fila;3
3509;Lejos De Las Leyes De Los Hombres;El Último de la Fila;3
3510;Mi Patria En Mis Zapatos;El Último de la Fila;3
3511;No Me Acostumbro;El Último de la Fila;3
3512;Querida Milagros;El Último de la Fila;3
3513;Son cuatro días;El Último de la Fila;3
3514;Soy Un Accidente;El Último de la Fila;3
3515;2:1;Elastica;3
3516;Annie;Elastica;3
3517;Vaseline;Elastica;3
3518;Waking Up;Elastica;3
3519;An Imagined Affair;Elbow;3
3520;Forget Myself;Elbow;3
3521;Great Expectations;Elbow;3
3522;Mexican Standoff;Elbow;3
3523;My Very Best;Elbow;3
3524;Picky Bugger;Elbow;3
3525;Puncture Repair;Elbow;3
3526;Station Approach;Elbow;3
3527;The Everthere;Elbow;3
3528;The Stops;Elbow;3
3529;In Old England Town (Boogie No.2);Electric Light Orchestra;3
3530;Mama...;Electric Light Orchestra;3
3531;Nightrider;Electric Light Orchestra;3
3532;Nobody's Child;Electric Light Orchestra;3
3533;Cold As Christmas;Elton John;3
3534;Crystal;Elton John;3
3535;Religion;Elton John;3
3536;Too Low For Zero;Elton John;3
3537;(What's So Funny 'Bout) Peace, Love And Understanding;Elvis Costello;3
3538;Accidents Will Happen;Elvis Costello;3
3539;Everyday I Write the Book;Elvis Costello;3
3540;Pump It Up;Elvis Costello;3
3541;Radio Radio;Elvis Costello;3
3542;Watching the Detectives;Elvis Costello;3
3543;(You're The) Devil in Disguise;Elvis Presley;3
3544;Crying in the Chapel;Elvis Presley;3
3545;Fever;Elvis Presley;3
3546;I Want You, I Need You, I Love You;Elvis Presley;3
3547;Love Me;Elvis Presley;3
3548;My Way;Elvis Presley;3
3549;Something;Elvis Presley;3
3550;That's All Right;Elvis Presley;3
3551;The Wonder Of You;Elvis Presley;3
3552;¡Cuidado!;Eskorbuto;3
3553;ANTES EN LAS GUERRAS;Eskorbuto;3
3554;Ya no quedan mas cojones - este maldito pais - Eskorbuto a las elecciones;Eskorbuto;3
3555;Como Camarón;Estopa;3
3556;Adiós, abanico, que llegó el aire;Extremoduro;3
3557;Arrebato;Extremoduro;3
3558;Caballero Andante (¡no Me Dejen Así!);Extremoduro;3
3559;Desidia;Extremoduro;3
3560;Emparedado;Extremoduro;3
3561;Extremaydura;Extremoduro;3
3562;J.D. La central nuclear;Extremoduro;3
3563;La Canción de los Oficios;Extremoduro;3
3564;Ni Príncipes Ni Princesas;Extremoduro;3
3565;No Me Calientes, Que Me Hundo;Extremoduro;3
3566;Perro Callejero;Extremoduro;3
3567;Resolución;Extremoduro;3
3568;Romperás;Extremoduro;3
3569;Te Juzgarán Sólo Por Tus Errores (Yo No);Extremoduro;3
3570;V Centenario;Extremoduro;3
3571;Dreams;Fleetwood Mac;3
3572;Go Your Own Way;Fleetwood Mac;3
3573;Gold Dust Woman;Fleetwood Mac;3
3574;I Don't Want to Know;Fleetwood Mac;3
3575;Never Going Back Again;Fleetwood Mac;3
3576;Oh Daddy;Fleetwood Mac;3
3577;Songbird;Fleetwood Mac;3
3578;The Chain;Fleetwood Mac;3
3579;You Make Loving Fun;Fleetwood Mac;3
3580;The French Open;Foals;3
3581;Aurora;Foo Fighters;3
3582;Breakout;Foo Fighters;3
3583;Generator;Foo Fighters;3
3584;Gimme Stitches;Foo Fighters;3
3585;Live-In Skin;Foo Fighters;3
3586;Next Year;Foo Fighters;3
3587;Stacked Actors;Foo Fighters;3
3588;All Or Nothing At All;Frank Sinatra;3
3589;Call Me;Frank Sinatra;3
3590;On A Clear Day (You Can See Forever);Frank Sinatra;3
3591;You're Driving Me Crazy!;Frank Sinatra;3
3592;Can't Stop Feeling;Franz Ferdinand;3
3593;Darts of Pleasure;Franz Ferdinand;3
3594;El Calor del Amor En un Bar;Gabinete Caligari;3
3595;Nadie me va añorar;Gabinete Caligari;3
3596;Tócala Uli;Gabinete Caligari;3
3597;Hammering in My Head;Garbage;3
3598;Medication;Garbage;3
3599;Temptation Waits;Garbage;3
3600;I Live for You;George Harrison;3
3601;I'd Have You Anytime;George Harrison;3
3602;What Is Life;George Harrison;3
3603;In My Hole;Gilbert O'Sullivan;3
3604;Faster Than the Speed of Love;Giorgio Moroder;3
3605;First Hand Experience in Second Hand Love;Giorgio Moroder;3
3606;From Here to Eternity;Giorgio Moroder;3
3607;From Here to Eternity (reprise);Giorgio Moroder;3
3608;I'm Left, You're Right, She's Gone;Giorgio Moroder;3
3609;Lost Angeles;Giorgio Moroder;3
3610;Too Hot to Handle;Giorgio Moroder;3
3611;Utopia - Me Giorgio;Giorgio Moroder;3
3612;Lonesome Swan;Glasvegas;3
3613;Johnson Rag;Glenn Miller;3
3614;5-4 (Five Four);Gorillaz;3
3615;Andromeda (feat. D.R.A.M.);Gorillaz;3
3616;Aspen Forest;Gorillaz;3
3617;Carnival;Gorillaz;3
3618;Dead Butterflies (feat. Kano & Roxani Arias);Gorillaz;3
3619;Detroit;Gorillaz;3
3620;Friday 13th (feat. Octavian);Gorillaz;3
3621;Highway (Under Construction);Gorillaz;3
3622;Hollywood;Gorillaz;3
3623;Idaho;Gorillaz;3
3624;Let Me Out;Gorillaz;3
3625;M1 A1;Gorillaz;3
3626;Pac-Man (feat. ScHoolboy Q);Gorillaz;3
3627;Phoner to Arizona;Gorillaz;3
3628;Punk;Gorillaz;3
3629;Re-Hash;Gorillaz;3
3630;Saturnz Barz (feat. Popcaan);Gorillaz;3
3631;Shy-town;Gorillaz;3
3632;Superfast Jellyfish;Gorillaz;3
3633;Taxi Back To 80's Reykjavík;Gorillaz;3
3634;The Snake in Dallas;Gorillaz;3
3635;We Got The Power (feat. Jehnny Beth);Gorillaz;3
3636;A Day Is Far Too Long;Graham Coxon;3
3637;brave the storm;Graham Coxon;3
3638;Burn It Down;Graham Coxon;3
3639;Caspian Sea;Graham Coxon;3
3640;Empty Word;Graham Coxon;3
3641;Fags and Failure;Graham Coxon;3
3642;Far From Everything;Graham Coxon;3
3643;Flights To The Sea (Lovely Rain);Graham Coxon;3
3644;Humble Man;Graham Coxon;3
3645;In A Salty Sea;Graham Coxon;3
3646;R U Lonely?;Graham Coxon;3
3647;Satan i Gatan;Graham Coxon;3
3648;Seven Naked Valleys;Graham Coxon;3
3649;Song for the Sick;Graham Coxon;3
3650;Standing On My Own Again;Graham Coxon;3
3651;Tell It Like It Is;Graham Coxon;3
3652;The Fear;Graham Coxon;3
3653;The Truth;Graham Coxon;3
3654;This House;Graham Coxon;3
3655;What'll It Take?;Graham Coxon;3
3656;Where'd You Go?;Graham Coxon;3
3657;Basket Case;Green Day;3
3658;Blood, Sex and Booze;Green Day;3
3659;Burnout;Green Day;3
3660;Chump;Green Day;3
3661;Church on Sunday;Green Day;3
3662;Coming Clean;Green Day;3
3663;Emenius Sleepus;Green Day;3
3664;Extraordinary Girl;Green Day;3
3665;F.O.D./All by Myself;Green Day;3
3666;Having a Blast;Green Day;3
3667;In the End;Green Day;3
3668;Longview;Green Day;3
3669;Pulling Teeth;Green Day;3
3670;Sassafras Roots;Green Day;3
3671;She;Green Day;3
3672;Welcome to Paradise;Green Day;3
3673;When I Come Around;Green Day;3
3674;It's So Easy;Guns N' Roses;3
3675;Mr. Brownstone;Guns N' Roses;3
3676;My Michelle;Guns N' Roses;3
3677;Nightrain;Guns N' Roses;3
3678;Out ta Get Me;Guns N' Roses;3
3679;Paradise City;Guns N' Roses;3
3680;Think About You;Guns N' Roses;3
3681;Welcome to the Jungle;Guns N' Roses;3
3682;Al Lado;Hamlet;3
3683;Ceremonia T.V.;Hamlet;3
3684;Coeficiente Deprimente;Hamlet;3
3685;Irracional;Hamlet;3
3686;Perdón Por Vivir;Hamlet;3
3687;Qué voy a Hacer;Hamlet;3
3688;Quién;Hamlet;3
3689;Reza;Hamlet;3
3690;SACRIFICAR;Hamlet;3
3691;Avalancha;Héroes del Silencio;3
3692;Decadencia;Héroes del Silencio;3
3693;El Cuadro II;Héroes del Silencio;3
3694;Hechizo;Héroes del Silencio;3
3695;La Carta;Héroes del Silencio;3
3696;Malas Intenciones;Héroes del Silencio;3
3697;Olvidado;Héroes del Silencio;3
3698;Parasiempre;Héroes del Silencio;3
3699;Rueda, Fortuna!;Héroes del Silencio;3
3700;Sangre Hirviendo;Héroes del Silencio;3
3701;Senda;Héroes del Silencio;3
3702;¡qué Mal Huelen Los Muertos!;Ilegales;3
3703;Ella saltó por la ventana;Ilegales;3
3704;Enamorados de Varsovia;Ilegales;3
3705;Está fascinada;Ilegales;3
3706;Heil Hitler;Ilegales;3
3707;No Me Acaricies El Pelo;Ilegales;3
3708;No Me Gusta El Trabajo;Ilegales;3
3709;Problema Sexual;Ilegales;3
3710;Saber vivir;Ilegales;3
3711;Besides Me;Inspiral Carpets;3
3712;Directing Traffik;Inspiral Carpets;3
3713;Many Happy Returns;Inspiral Carpets;3
3714;Memories of You;Inspiral Carpets;3
3715;Real Thing;Inspiral Carpets;3
3716;Song for a Family;Inspiral Carpets;3
3717;Wrecking Ball;Interpol;3
3718;22 Acacia Avenue;Iron Maiden;3
3719;Children of the Damned;Iron Maiden;3
3720;Gangland;Iron Maiden;3
3721;Hallowed Be Thy Name;Iron Maiden;3
3722;Invaders;Iron Maiden;3
3723;Run to the Hills;Iron Maiden;3
3724;The Number of the Beast;Iron Maiden;3
3725;The Prisoner;Iron Maiden;3
3726;¡Qué barbaridad!;Jaime Urrutia;3
3727;¿Qué hay de comer?;Jaime Urrutia;3
3728;Toda Mi Vida;Jaime Urrutia;3
3729;Alright;Jamiroquai;3
3730;Black Capricorn Day;Jamiroquai;3
3731;Butterfly;Jamiroquai;3
3732;Canned Heat (album version);Jamiroquai;3
3733;Deeper Underground;Jamiroquai;3
3734;Destitute Illusions;Jamiroquai;3
3735;Drifting Along;Jamiroquai;3
3736;Falling;Jamiroquai;3
3737;High Times;Jamiroquai;3
3738;King for a Day;Jamiroquai;3
3739;Planet Home;Jamiroquai;3
3740;Soul Education;Jamiroquai;3
3741;Supersonic;Jamiroquai;3
3742;Travelling Without Moving;Jamiroquai;3
3743;Where Do We Go from Here?;Jamiroquai;3
3744;Baby's Coming Back To Me;Jarvis Cocker;3
3745;Disney Time;Jarvis Cocker;3
3746;From Auschwitz To Ipswich;Jarvis Cocker;3
3747;I Will Kill Again;Jarvis Cocker;3
3748;Corpus Christi Carol;Jeff Buckley;3
3749;Dream Brother;Jeff Buckley;3
3750;Eternal Life;Jeff Buckley;3
3751;Hallelujah;Jeff Buckley;3
3752;Last Goodbye;Jeff Buckley;3
3753;Lilac Wine;Jeff Buckley;3
3754;Lover, You Should've Come Over;Jeff Buckley;3
3755;Mojo Pin;Jeff Buckley;3
3756;So Real;Jeff Buckley;3
3757;3/5 of a Mile in 10 Seconds;Jefferson Airplane;3
3758;Comin' Back to Me;Jefferson Airplane;3
3759;D.C.B.A. - 25;Jefferson Airplane;3
3760;Embryonic Journey;Jefferson Airplane;3
3761;How Do You Feel;Jefferson Airplane;3
3762;Plastic Fantastic Lover;Jefferson Airplane;3
3763;Today;Jefferson Airplane;3
3764;Break Up;Jerry Lee Lewis;3
3765;Breathless;Jerry Lee Lewis;3
3766;Fools Like Me;Jerry Lee Lewis;3
3767;High School Confidential;Jerry Lee Lewis;3
3768;Lewis Boogie;Jerry Lee Lewis;3
3769;Matchbox;Jerry Lee Lewis;3
3770;Ubangi Stomp;Jerry Lee Lewis;3
3771;Bouree;Jethro Tull;3
3772;Fire;Jimi Hendrix;3
3773;I Don't Live Today;Jimi Hendrix;3
3774;May This Be Love;Jimi Hendrix;3
3775;Besos en la frente;Joaquín Sabina;3
3776;Bruja;Joaquín Sabina;3
3777;Caballo de cartón;Joaquín Sabina;3
3778;Cuando Aprieta el Frío;Joaquín Sabina;3
3779;Guerra Mundial;Joaquín Sabina;3
3780;Incompatibilidad de caracteres;Joaquín Sabina;3
3781;Kung-Fu;Joaquín Sabina;3
3782;Locos de Atar;Joaquín Sabina;3
3783;Mi amigo Sátan;Joaquín Sabina;3
3784;Negra noche;Joaquín Sabina;3
3785;Ocupen su localidad;Joaquín Sabina;3
3786;Could You Be Loved;Joe Cocker;3
3787;N'oubliez Jamais;Joe Cocker;3
3788;Summer in the City;Joe Cocker;3
3789;The Simple Things;Joe Cocker;3
3790;Always with Me, Always with You;Joe Satriani;3
3791;Circles;Joe Satriani;3
3792;Crushing Day;Joe Satriani;3
3793;Echo;Joe Satriani;3
3794;Hill of the Skull;Joe Satriani;3
3795;Ice 9;Joe Satriani;3
3796;Lords of Karma;Joe Satriani;3
3797;Midnight;Joe Satriani;3
3798;Satch Boogie;Joe Satriani;3
3799;Bless You;John Lennon;3
3800;Clean Up Time;John Lennon;3
3801;Old Dirt Road;John Lennon;3
3802;Only People;John Lennon;3
3803;Steel and Glass;John Lennon;3
3804;Tight As;John Lennon;3
3805;What You Got;John Lennon;3
3806;Whatever Gets You Through the Night;John Lennon;3
3807;A Touch of Evil;Judas Priest;3
3808;All Guns Blazing;Judas Priest;3
3809;Battle Hymn;Judas Priest;3
3810;Between the Hammer & the Anvil;Judas Priest;3
3811;Hell Patrol;Judas Priest;3
3812;Leather Rebel;Judas Priest;3
3813;Metal Meltdown;Judas Priest;3
3814;Night Crawler;Judas Priest;3
3815;One Shot at Glory;Judas Priest;3
3816;Painkiller;Judas Priest;3
3817;Everyday I Love You Less and Less;Kaiser Chiefs;3
3818;I Predict a Riot;Kaiser Chiefs;3
3819;Club Foot;Kasabian;3
3820;Boogie Shoes;KC and The Sunshine Band;3
3821;Moonchild / The Dream / The Illusion;King Crimson;3
3822;The Court of the Crimson King / The Return of the Fire Witch / The Dance of t...;King Crimson;3
3823;Cold Gin;Kiss;3
3824;Firehouse;Kiss;3
3825;Getaway;Kiss;3
3826;Ladies In Waiting;Kiss;3
3827;Let Me Know;Kiss;3
3828;Nothin' to Lose;Kiss;3
3829;Room Service;Kiss;3
3830;Two Timer;Kiss;3
3831;Open Sesame;Kool & the Gang;3
3832;Kometenmelodie 1;Kraftwerk;3
3833;Kometenmelodie 2;Kraftwerk;3
3834;Mitternacht;Kraftwerk;3
3835;Morgenspaziergang;Kraftwerk;3
3836;Hollow Man (parts 1 & 2);Kula Shaker;3
3837;Fool in the Rain;Led Zeppelin;3
3838;Good Times Bad Times;Led Zeppelin;3
3839;I Can't Quit You Baby;Led Zeppelin;3
3840;I'm Gonna Crawl;Led Zeppelin;3
3841;South Bound Saurez;Led Zeppelin;3
3842;¡Corre, Corre!;Leño;3
3843;¡Qué desilusión!;Leño;3
3844;Apágalas;Leño;3
3845;Aprendiendo A Escuchar;Leño;3
3846;Calendario;Leño;3
3847;El Oportunista;Leño;3
3848;Entre Las Cejas;Leño;3
3849;Este Madrid;Leño;3
3850;Mientras Tanto;Leño;3
3851;Sodoma Y Chabola;Leño;3
3852;Todo Es Más Sencillo;Leño;3
3853;Master Song;Leonard Cohen;3
3854;Suzanne;Leonard Cohen;3
3855;The Stranger Song;Leonard Cohen;3
3856;Winter Lady;Leonard Cohen;3
3857;Baby;Little Richard;3
3858;Jenny Jenny;Little Richard;3
3859;Long Tall Sally;Little Richard;3
3860;Miss Ann;Little Richard;3
3861;Oh Why?;Little Richard;3
3862;Ready Teddy;Little Richard;3
3863;Rip It Up;Little Richard;3
3864;She's Got It;Little Richard;3
3865;Slippin' and Slidin';Little Richard;3
3866;María;Loquillo y Trogloditas;3
3867;Pégate a mí;Loquillo y Trogloditas;3
3868;Un accidente de circulación;Loquillo y Trogloditas;3
3869;Inevitable;Los Piratas;3
3870;Vas a Verme por la Tele;Los Planetas;3
3871;100 Pájaros Volando;Los Rodríguez;3
3872;Buena Suerte;Los Rodríguez;3
3873;Canal 69;Los Rodríguez;3
3874;La Parte de Atrás;Los Rodríguez;3
3875;Sin Documentos;Los Rodríguez;3
3876;Sin empleo;Los Suaves;3
3877;Soy Un Animal;Los Toreros Muertos;3
3878;Keep Away;Lou Reed;3
3879;Leave Me Alone;Lou Reed;3
3880;New Sensations;Lou Reed;3
3881;Nowhere At All (Bonus);Lou Reed;3
3882;Ocean;Lou Reed;3
3883;Ride Sally Ride;Lou Reed;3
3884;Sally Can't Dance;Lou Reed;3
3885;Wait;Lou Reed;3
3886;Alevosía;Luis Eduardo Aute;3
3887;Arrebato;Luis Eduardo Aute;3
3888;Invisible;Luis Eduardo Aute;3
3889;Mojándolo Todo;Luis Eduardo Aute;3
3890;Querencia;Luis Eduardo Aute;3
3891;Gimme Three Steps;Lynyrd Skynyrd;3
3892;I Ain't the One;Lynyrd Skynyrd;3
3893;Mississippi Kid;Lynyrd Skynyrd;3
3894;Swamp Music;Lynyrd Skynyrd;3
3895;The Ballad Of Curtis Loew;Lynyrd Skynyrd;3
3896;Tuesday's Gone;Lynyrd Skynyrd;3
3897;Are You Coming (With Me);Madness;3
3898;Bed & Breakfast Man;Madness;3
3899;Believe Me;Madness;3
3900;Calling Cards;Madness;3
3901;Chipmunks Are Go!;Madness;3
3902;Land Of The Hope And Glory;Madness;3
3903;Madness (bonus);Madness;3
3904;Madness (It's All in the Mind);Madness;3
3905;Mr Speaker Gets the Word;Madness;3
3906;Mummy's Boy;Madness;3
3907;New Delhi;Madness;3
3908;Razor Blade Alley;Madness;3
3909;Rockin' in A Flat;Madness;3
3910;Swan Lake;Madness;3
3911;Tarzan's Nuts;Madness;3
3912;That Face;Madness;3
3913;The Prince;Madness;3
3914;Tiptoes;Madness;3
3915;Be Natural;Manic Street Preachers;3
3916;Born a Girl;Manic Street Preachers;3
3917;I'm Not Working;Manic Street Preachers;3
3918;Nobody Loved You;Manic Street Preachers;3
3919;S.Y.M.M.;Manic Street Preachers;3
3920;Socialist Serenade [Bonus track for Japan];Manic Street Preachers;3
3921;Dark Mavis;Mansun;3
3922;Disgusting;Mansun;3
3923;Egg Shaped Fred;Mansun;3
3924;Mansun's Only Love Song;Mansun;3
3925;Naked Twister;Mansun;3
3926;She Makes My Nose Bleed;Mansun;3
3927;Taxloss;Mansun;3
3928;The Chad Who Loved Me;Mansun;3
3929;You, Who Do You Hate?;Mansun;3
3930;(Exchange);Massive Attack;3
3931;Angel;Massive Attack;3
3932;Black Milk;Massive Attack;3
3933;Blue Lines;Massive Attack;3
3934;Daydreaming;Massive Attack;3
3935;Dissolved Girl;Massive Attack;3
3936;Exchange;Massive Attack;3
3937;Five Man Army;Massive Attack;3
3938;Group Four;Massive Attack;3
3939;Hymn of the Big Wheel;Massive Attack;3
3940;Inertia Creeps;Massive Attack;3
3941;Lately;Massive Attack;3
3942;Man Next Door;Massive Attack;3
3943;Mezzanine;Massive Attack;3
3944;One Love;Massive Attack;3
3945;Risingson;Massive Attack;3
3946;Safe From Harm;Massive Attack;3
3947;Teardrop;Massive Attack;3
3948;Unfinished Sympathy;Massive Attack;3
3949;Anarchy in the U.K.;Megadeth;3
3950;Dawn Patrol;Megadeth;3
3951;Five Magics;Megadeth;3
3952;Hangar 18;Megadeth;3
3953;Lucretia;Megadeth;3
3954;Poison Was the Cure;Megadeth;3
3955;Rust In Peace...Polaris;Megadeth;3
3956;Skin O' My Teeth;Megadeth;3
3957;Symphony of Destruction;Megadeth;3
3958;Take No Prisoners;Megadeth;3
3959;Tornado of Souls;Megadeth;3
3960;The Dark Is Rising;Mercury Rev;3
3961;K-Jee;MFSB;3
3962;Baby Be Mine;Michael Jackson;3
3963;Bad;Michael Jackson;3
3964;Human Nature;Michael Jackson;3
3965;Wanna Be Startin' Somethin';Michael Jackson;3
3966;20 Eyes;Misfits;3
3967;All Hell Breaks Loose;Misfits;3
3968;Astro Zombies;Misfits;3
3969;Devils Whorehouse;Misfits;3
3970;Die Die My Darling;Misfits;3
3971;Hatebreeders;Misfits;3
3972;I Turned Into a Martian;Misfits;3
3973;Mommy Can I Go Out And Lill Tonight [Live!];Misfits;3
3974;Night of the Living Dead;Misfits;3
3975;Nike a Go Go;Misfits;3
3976;Skulls;Misfits;3
3977;Vampira;Misfits;3
3978;Violent World;Misfits;3
3979;I'm Not Worried At All;Moby;3
3980;In My Heart;Moby;3
3981;Why Does My Heart Feel So Bad?;Moby;3
3982;Chinga Tu Madre;Molotov;3
3983;Gimma Tha Power;Molotov;3
3984;Puto;Molotov;3
3985;Que no te Haga Bobo Jacobo;Molotov;3
3986;Come On And Dance;Mötley Crüe;3
3987;Live Wire;Mötley Crüe;3
3988;Merry-Go-Round;Mötley Crüe;3
3989;On With The Show;Mötley Crüe;3
3990;Piece Of Your Action;Mötley Crüe;3
3991;Public Enemy #1;Mötley Crüe;3
3992;Starry Eyes;Mötley Crüe;3
3993;Take Me to the Top;Mötley Crüe;3
3994;Too Fast For Love;Mötley Crüe;3
3995;(Don't Let 'Em) Grind You Down;Motörhead;3
3996;(Don't Need) Religion;Motörhead;3
3997;America;Motörhead;3
3998;Bang to Rights;Motörhead;3
3999;Go to Hell;Motörhead;3
4000;Heart of Stone;Motörhead;3
4001;I'm the Doctor;Motörhead;3
4002;Iron Fist;Motörhead;3
4003;Loser;Motörhead;3
4004;Sex & Outrage;Motörhead;3
4005;Shut It Down;Motörhead;3
4006;Speedfreak;Motörhead;3
4007;Cave;Muse;3
4008;City of Delusion;Muse;3
4009;Escape;Muse;3
4010;Exo-Politics;Muse;3
4011;Hoodoo;Muse;3
4012;Map of the Problematique;Muse;3
4013;New Born;Muse;3
4014;Showbiz;Muse;3
4015;Soldier's Poem;Muse;3
4016;Space Dementia;Muse;3
4017;Starlight;Muse;3
4018;Take a Bow;Muse;3
4019;All I Need;my bloody valentine;3
4020;Feed Me With Your Kiss;my bloody valentine;3
4021;No More Sorry;my bloody valentine;3
4022;Elegia;New Order;3
4023;Face Up;New Order;3
4024;Love Vigilantes;New Order;3
4025;Sooner Than You Think;New Order;3
4026;Sunrise;New Order;3
4027;The Perfect Kiss;New Order;3
4028;This Time of Night;New Order;3
4029;Black Crow King;Nick Cave & the Bad Seeds;3
4030;All Apologies & Gallons Of Rubbing Alcohol Flow Thought The Trip;Nirvana;3
4031;Blew;Nirvana;3
4032;Dumb;Nirvana;3
4033;Floyd the Barber;Nirvana;3
4034;Heart-Shaped Box;Nirvana;3
4035;Radio Friendly Unit Shifter;Nirvana;3
4036;School;Nirvana;3
4037;Very Ape;Nirvana;3
4038;Different People;No Doubt;3
4039;Excuse Me Mr.;No Doubt;3
4040;Happy Now;No Doubt;3
4041;You Can Do It;No Doubt;3
4042;Dream On;Noel Gallagher;3
4043;In the Heat of the Moment;Noel Gallagher;3
4044;Lock All The Doors;Noel Gallagher;3
4045;Riverman;Noel Gallagher;3
4046;The Girl with X-Ray Eyes;Noel Gallagher;3
4047;(Get Off Your) High Horse Lady;Oasis;3
4048;A Bell Will Ring;Oasis;3
4049;All Around the World (reprise);Oasis;3
4050;Fade In-Out;Oasis;3
4051;Guess God Thinks I'm Abel;Oasis;3
4052;It's Gettin' Better (Man!!);Oasis;3
4053;Keep the Dream Alive;Oasis;3
4054;Let There Be Love;Oasis;3
4055;Lyla;Oasis;3
4056;Magic Pie;Oasis;3
4057;My Big Mouth;Oasis;3
4058;Part of the Queue;Oasis;3
4059;Rockin' Chair;Oasis;3
4060;The Importance of Being Idle;Oasis;3
4061;Turn Up the Sun;Oasis;3
4062;(I Can't Get No) Satisfaction;Otis Redding;3
4063;Rock Me Baby;Otis Redding;3
4064;You Don't Miss Your Water;Otis Redding;3
4065;Fucking Hostile;Pantera;3
4066;No Good (Attack the Radical);Pantera;3
4067;Rise;Pantera;3
4068;This Love;Pantera;3
4069;Autosuficiencia;Parálisis Permanente;3
4070;Tengo un pasajero;Parálisis Permanente;3
4071;Birdland;Patti Smith;3
4072;Elegie;Patti Smith;3
4073;Free Money;Patti Smith;3
4074;Kimberly;Patti Smith;3
4075;Land: Horses + Land Of A Thousand Dances + La Mer (de);Patti Smith;3
4076;3 Legs;Paul McCartney;3
4077;Dear Boy;Paul McCartney;3
4078;On the Way;Paul McCartney;3
4079;Smile Away;Paul McCartney;3
4080;Temporary Secretary;Paul McCartney;3
4081;The Back Seat of My Car;Paul McCartney;3
4082;Too Many People;Paul McCartney;3
4083;Waterfalls;Paul McCartney;3
4084;Black Out;Pavement;3
4085;Extradition;Pavement;3
4086;Rattled by the Rush;Pavement;3
4087;We Dance;Pavement;3
4088;Susurrando;Peor Impossible;3
4089;Congratulations;Phoenix;3
4090;Definitive Breaks;Phoenix;3
4091;Funky Squaredance;Phoenix;3
4092;Love for Granted;Phoenix;3
4093;One Time Too Many;Phoenix;3
4094;Run Run Run;Phoenix;3
4095;Second To None;Phoenix;3
4096;Victim of the Crime;Phoenix;3
4097;You Can't Blame It On Anybody;Phoenix;3
4098;Fat Old Sun;Pink Floyd;3
4099;A Place Called Home;PJ Harvey;3
4100;Big Exit;PJ Harvey;3
4101;One Line;PJ Harvey;3
4102;This Mess We're In;PJ Harvey;3
4103;Black-Eyed;Placebo;3
4104;Slave to the Wage;Placebo;3
4105;Alucinante;Platero y tú;3
4106;Cantalojas;Platero y tú;3
4107;Contaminamos;Platero y tú;3
4108;Desertor;Platero y tú;3
4109;Esa chica tan cara;Platero y tú;3
4110;La Vecina;Platero y tú;3
4111;Meando en la pared;Platero y tú;3
4112;No hierve tu sangre;Platero y tú;3
4113;No me quieres saludar;Platero y tú;3
4114;Ramón;Platero y tú;3
4115;Sin solución;Platero y tú;3
4116;Tiemblan los corazones;Platero y tú;3
4117;Ya no existe la vida;Platero y tú;3
4118;Biscuit;Portishead;3
4119;Glory Box;Portishead;3
4120;It Could Be Sweet;Portishead;3
4121;It's a Fire;Portishead;3
4122;Mysterons;Portishead;3
4123;Numb;Portishead;3
4124;Pedestal;Portishead;3
4125;Roads;Portishead;3
4126;Sour Times;Portishead;3
4127;Strangers;Portishead;3
4128;Wandering Star;Portishead;3
4129;Damaged;Primal Scream;3
4130;Higher Than the Sun;Primal Scream;3
4131;Miss Lucifer;Primal Scream;3
4132;Slip Inside This House;Primal Scream;3
4133;Poptones;Public Image Ltd.;3
4134;Roadkill;Pulp;3
4135;Street Operator [#][Demo Previously Unreleased][Demo Version];Pulp;3
4136;Sunrise;Pulp;3
4137;Action This Day;Queen;3
4138;Dancer;Queen;3
4139;Drowse;Queen;3
4140;Life Is Real (Song For Lennon);Queen;3
4141;Long Away;Queen;3
4142;One Vision;Queen;3
4143;Put Out The Fire;Queen;3
4144;Seven Seas of Rhye;Queen;3
4145;Somebody to Love;Queen;3
4146;Staying Power;Queen;3
4147;Teo Torriatte (Let Us Cling Together);Queen;3
4148;The Millionaire Waltz;Queen;3
4149;The Show Must Go On;Queen;3
4150;Tie Your Mother Down;Queen;3
4151;You and I;Queen;3
4152;Better Living Through Chemistry;Queens of the Stone Age;3
4153;Feel Good Hit of the Summer;Queens of the Stone Age;3
4154;No One Knows;Queens of the Stone Age;3
4155;Quick and to the Pointless;Queens of the Stone Age;3
4156;(Don't Go Back to) Rockville;R.E.M.;3
4157;Belong;R.E.M.;3
4158;Country Feedback;R.E.M.;3
4159;Daysleeper;R.E.M.;3
4160;Endgame;R.E.M.;3
4161;Half a World Away;R.E.M.;3
4162;Low;R.E.M.;3
4163;Me in Honey;R.E.M.;3
4164;Near Wild Heaven;R.E.M.;3
4165;Nightswimming;R.E.M.;3
4166;Radio Song;R.E.M.;3
4167;Texarkana;R.E.M.;3
4168;Instrumental;Radio Futura;3
4169;Mercuriana;Radio Futura;3
4170;A Punchup at a Wedding. (No No No No No No No No.);Radiohead;3
4171;A Wolf at the Door. (It Girl. Rag Doll.);Radiohead;3
4172;Blow Out;Radiohead;3
4173;I Can't;Radiohead;3
4174;I Will. (No Man's Land.);Radiohead;3
4175;Lurgee;Radiohead;3
4176;Motion Picture Soundtrack;Radiohead;3
4177;Myxomatosis. (Judge, Jury & Executioner.);Radiohead;3
4178;Prove Yourself;Radiohead;3
4179;Scatterbrain. (As Dead as Leaves.);Radiohead;3
4180;Stop Whispering;Radiohead;3
4181;Thinking About You;Radiohead;3
4182;You;Radiohead;3
4183;Bombtrack;Rage Against the Machine;3
4184;Fistful of Steel;Rage Against the Machine;3
4185;Freedom;Rage Against the Machine;3
4186;Take the Power Back;Rage Against the Machine;3
4187;Township Rebellion;Rage Against the Machine;3
4188;Wake Up;Rage Against the Machine;3
4189;Calypso Breakdown;Ralph MacDonald;3
4190;Bestrafe Mich;Rammstein;3
4191;Du Riechst So Gut;Rammstein;3
4192;Engel;Rammstein;3
4193;Herzeleid;Rammstein;3
4194;Laichzeit;Rammstein;3
4195;Rammstein;Rammstein;3
4196;Spiel Mit Mir;Rammstein;3
4197;Tier;Rammstein;3
4198;Carbona Not Glue;Ramones;3
4199;Chain Saw;Ramones;3
4200;Havana Affair;Ramones;3
4201;I Don't Wanna Go Down to the Basement;Ramones;3
4202;I Don't Wanna Walk Around With You;Ramones;3
4203;Let's Dance;Ramones;3
4204;Listen to My Heart;Ramones;3
4205;Sheena Is a Punk Rocker;Ramones;3
4206;Sheena Is a Punk Rocker (single version);Ramones;3
4207;Today Your Love, Tomorrow the World;Ramones;3
4208;By the Way;Red Hot Chili Peppers;3
4209;Vicio;Reincidentes;3
4210;Black Lines;Richard Ashcroft;3
4211;Everybody Needs Somebody To Hurt;Richard Ashcroft;3
4212;Out Of My Body;Richard Ashcroft;3
4213;They Don't Own Me;Richard Ashcroft;3
4214;Gli Parlerò Di Te;Righeira;3
4215;Luciano Serra Pilota;Righeira;3
4216;Music Kills Me;Rinôçérôse;3
4217;Poison (feat. Damon Albarn);Rocket Juice & The Moon;3
4218;Cosita;Rosendo;3
4219;Entonces, Duerme;Rosendo;3
4220;Flojos de Pantalón;Rosendo;3
4221;Fuera De Lugar;Rosendo;3
4222;Hasta De Perfil;Rosendo;3
4223;Los De Siempre;Rosendo;3
4224;Manifiesta Deprimente;Rosendo;3
4225;Pan De Higo;Rosendo;3
4226;Por Cierto;Rosendo;3
4227;Salud y Buenos Alimentos;Rosendo;3
4228;Vaya Ejemplar de Primavera;Rosendo;3
4229;Veo, Veo... Mamoneo;Rosendo;3
4230;Dutch TV;Saint Etienne;3
4231;Dark Lady;Scorpions;3
4232;Giraluna;Sidonie;3
4233;Mi Canción De Domingo;Sidonie;3
4234;Miles;Sidonie;3
4235;Nuestro Baile Del Viernes;Sidonie;3
4236;Christine;Siouxsie and the Banshees;3
4237;Clockface;Siouxsie and the Banshees;3
4238;Desert Kisses;Siouxsie and the Banshees;3
4239;Happy House;Siouxsie and the Banshees;3
4240;Hybrid;Siouxsie and the Banshees;3
4241;Lunar Camel;Siouxsie and the Banshees;3
4242;Paradise Place;Siouxsie and the Banshees;3
4243;Red Light;Siouxsie and the Banshees;3
4244;Skin;Siouxsie and the Banshees;3
4245;Tenant;Siouxsie and the Banshees;3
4246;Trophy;Siouxsie and the Banshees;3
4247;Brave Men Run (In My Family);Sonic Youth;3
4248;Ghost Bitch;Sonic Youth;3
4249;I Love Her All The Time;Sonic Youth;3
4250;I'm Insane;Sonic Youth;3
4251;Intro;Sonic Youth;3
4252;Justice Is Might;Sonic Youth;3
4253;Society Is A Hole;Sonic Youth;3
4254;Black Hole Sun;Soundgarden;3
4255;Me & You vs The World;Space;3
4256;Mister Psycho;Space;3
4257;Neighbourhood;Space;3
4258;Boogie on Reggae Woman;Stevie Wonder;3
4259;Don't You Worry 'Bout a Thing;Stevie Wonder;3
4260;Too Shy To Say;Stevie Wonder;3
4261;I Can't Give Her What She Wants;Suede;3
4262;I Don't Know How To Reach You;Suede;3
4263;Learning To Be;Suede;3
4264;Like Kids;Suede;3
4265;No Tomorrow;Suede;3
4266;Outsiders;Suede;3
4267;Pale Snow;Suede;3
4268;Tightrope;Suede;3
4269;What I'm Trying To Tell You;Suede;3
4270;When You Are Young;Suede;3
4271;Born Again;Supergrass;3
4272;Going Out;Supergrass;3
4273;Jesus Came From Outta Space;Supergrass;3
4274;Pumping on Your Stereo;Supergrass;3
4275;Sometimes I Make You Sad;Supergrass;3
4276;Your Love;Supergrass;3
4277;Butterfly (feat. Graham Coxon, Valentina Pappalardo & Rahel Debebe-Dessalegne);Superstate;3
4278;Goodbye Universe (feat. Graham Coxon & Valentina Pappalardo);Superstate;3
4279;Listen (feat. Graham Coxon & Valentina Pappalardo);Superstate;3
4280;We Remain (feat. Graham Coxon & Sharlene Hector);Superstate;3
4281;Hide in Your Shell;Supertramp;3
4282;Poor Boy;Supertramp;3
4283;Feel;Syd Barrett;3
4284;Golden Hair;Syd Barrett;3
4285;Long Gone;Syd Barrett;3
4286;Love You;Syd Barrett;3
4287;No Good Trying;Syd Barrett;3
4288;No Man's Land;Syd Barrett;3
4289;She Took a Long Cold Look;Syd Barrett;3
4290;Terrapin;Syd Barrett;3
4291;Fun Fair;Tahiti 80;3
4292;Born Under Punches (The Heat Goes On);Talking Heads;3
4293;Crosseyed and Painless;Talking Heads;3
4294;Listening Wind;Talking Heads;3
4295;Seen and Not Seen;Talking Heads;3
4296;The Great Curve;Talking Heads;3
4297;The Overload;Talking Heads;3
4298;Love/Paranoia;Tame Impala;3
4299;New Person, Same Old Mistakes;Tame Impala;3
4300;More Than A Woman by Tavares;Tavares;3
4301;Sparky's Dream;Teenage Fanclub;3
4302;Friction;Television;3
4303;Guiding Light;Television;3
4304;Marquee Moon;Television;3
4305;Prove It;Television;3
4306;See No Evil;Television;3
4307;Venus;Television;3
4308;Alice What's the Matter;Terrorvision;3
4309;Across the Great Divide;The Band;3
4310;Jawbone;The Band;3
4311;Jemima Surrender;The Band;3
4312;Look Out Cleveland;The Band;3
4313;Rag Mama Rag;The Band;3
4314;Rockin' Chair;The Band;3
4315;The Night They Drove Old Dixie Down;The Band;3
4316;The Unfaithful Servant;The Band;3
4317;Up On Cripple Creek;The Band;3
4318;When You Awake;The Band;3
4319;Whispering Pines;The Band;3
4320;All My Loving;The Beatles;3
4321;And I Love Her;The Beatles;3
4322;Boys;The Beatles;3
4323;I'll Cry Instead;The Beatles;3
4324;I'm Happy Just to Dance with You;The Beatles;3
4325;If I Fell;The Beatles;3
4326;It Won't Be Long;The Beatles;3
4327;It's All Too Much;The Beatles;3
4328;Lady Madonna;The Beatles;3
4329;Love You To;The Beatles;3
4330;Mr. Moonlight;The Beatles;3
4331;Things We Said Today;The Beatles;3
4332;Lazarus;The Boo Radleys;3
4333;Do You Believe;The Cardigans;3
4334;Junk Of The Hearts;The Cardigans;3
4335;Lovefool;The Cardigans;3
4336;Paralyzed;The Cardigans;3
4337;I Don't Want to See the Sights;The Charlatans;3
4338;Got Glint?;The Chemical Brothers;3
4339;Leave Home;The Chemical Brothers;3
4340;Setting Sun;The Chemical Brothers;3
4341;Surrender;The Chemical Brothers;3
4342;(White Man) in Hammersmith Palais;The Clash;3
4343;48 Hours;The Clash;3
4344;Brand New Cadillac;The Clash;3
4345;Career Opportunities;The Clash;3
4346;Cheat;The Clash;3
4347;Death or Glory;The Clash;3
4348;Deny;The Clash;3
4349;Hate & War;The Clash;3
4350;I Fought the Law;The Clash;3
4351;I'm So Bored With the U.S.A.;The Clash;3
4352;Janie Jones;The Clash;3
4353;Koka Kola;The Clash;3
4354;London's Burning;The Clash;3
4355;Police & Thieves;The Clash;3
4356;Protex Blue;The Clash;3
4357;What's My Name;The Clash;3
4358;Spanish Main;The Coral;3
4359;Salvation;The Cranberries;3
4360;A Reflection;The Cure;3
4361;Accuracy;The Cure;3
4362;Faith;The Cure;3
4363;In Your House;The Cure;3
4364;Killing an Arab;The Cure;3
4365;M;The Cure;3
4366;Primary;The Cure;3
4367;Secrets;The Cure;3
4368;Seventeen Seconds;The Cure;3
4369;The Final Sound;The Cure;3
4370;Three;The Cure;3
4371;Three Imaginary Boys;The Cure;3
4372;Alabama Song;The Doors;3
4373;Backdoor Man;The Doors;3
4374;In the Eye of the Sun;The Doors;3
4375;Fight Test;The Flaming Lips;3
4376;One More Robot / Sympathy 3000-21;The Flaming Lips;3
4377;Yoshimi Battles the Pink Robots (part 1);The Flaming Lips;3
4378;Henrietta;The Fratellis;3
4379;Behind the Sun;The Good, the Bad & the Queen;3
4380;Northern Whale;The Good, the Bad & the Queen;3
4381;The Great Fire;The Good, the Bad & the Queen;3
4382;A Little More for Little You;The Hives;3
4383;Antidote;The Hives;3
4384;B is for Brutus;The Hives;3
4385;Dead Quote Olympics;The Hives;3
4386;Diabolic Scheme;The Hives;3
4387;Love in Plaster;The Hives;3
4388;Missing Link;The Hives;3
4389;See Through Head;The Hives;3
4390;Two-Timing Touch and Broken Bones;The Hives;3
4391;Walk Idiot Walk;The Hives;3
4392;Art School;The Jam;3
4393;Away from the Numbers;The Jam;3
4394;Batman Theme;The Jam;3
4395;Circus;The Jam;3
4396;Ghosts;The Jam;3
4397;Happy Together;The Jam;3
4398;Heat Wave;The Jam;3
4399;I Got By in Time;The Jam;3
4400;I've Changed My Address;The Jam;3
4401;In the City;The Jam;3
4402;Just Who Is The 5 O'clock Hero;The Jam;3
4403;Monday;The Jam;3
4404;Non-Stop Dancing;The Jam;3
4405;Precious;The Jam;3
4406;Running on the Spot;The Jam;3
4407;Slow Down;The Jam;3
4408;Sounds from the Street;The Jam;3
4409;The Gift;The Jam;3
4410;The Planner's Dream Goes Wrong;The Jam;3
4411;Time for Truth;The Jam;3
4412;Trans-Global Express;The Jam;3
4413;In a Hole;The Jesus and Mary Chain;3
4414;Inside Me;The Jesus and Mary Chain;3
4415;It's So Hard;The Jesus and Mary Chain;3
4416;My Little Underground;The Jesus and Mary Chain;3
4417;Never Understand;The Jesus and Mary Chain;3
4418;Something's Wrong;The Jesus and Mary Chain;3
4419;Sowing Seeds;The Jesus and Mary Chain;3
4420;You Trip Me Up;The Jesus and Mary Chain;3
4421;Jenny Was a Friend of Mine;The Killers;3
4422;Smile Like You Mean It;The Killers;3
4423;Somebody Told Me;The Killers;3
4424;A House In The Country;The Kinks;3
4425;All Day and All of the Night;The Kinks;3
4426;Big Black Smoke;The Kinks;3
4427;Come On Now;The Kinks;3
4428;Dancing In the Street;The Kinks;3
4429;Don't Ever Change;The Kinks;3
4430;Fancy;The Kinks;3
4431;Holiday In Waikiki;The Kinks;3
4432;I'll Remember;The Kinks;3
4433;It's Alright;The Kinks;3
4434;Lazy Old Sun (Unrealeased Alternate Stereo Take);The Kinks;3
4435;Little Miss Queen Of Darkness;The Kinks;3
4436;Long Tall Sally;The Kinks;3
4437;Mister Pleasant;The Kinks;3
4438;Most Exclusive Residence For Sale;The Kinks;3
4439;Naggin' Woman;The Kinks;3
4440;Sittin' on My Sofa;The Kinks;3
4441;So Long;The Kinks;3
4442;Something Better Beginning;The Kinks;3
4443;Wonder Where My Baby Is Tonight;The Kinks;3
4444;You Shouldn't Be Sad;The Kinks;3
4445;You're Lookin' Fine;The Kinks;3
4446;Road to Ruin;The Libertines;3
4447;The Ha Ha Wall;The Libertines;3
4448;What Became of the Likely Lads;The Libertines;3
4449;Summer in the City;The Lovin' Spoonful;3
4450;Kid;The Pretenders;3
4451;The Wait;The Pretenders;3
4452;Jericho;The Prodigy;3
4453;No Good (Start the Dance);The Prodigy;3
4454;Factory Girl;The Rolling Stones;3
4455;Lady Jane;The Rolling Stones;3
4456;Mother's Little Helper;The Rolling Stones;3
4457;Salt Of The Earth;The Rolling Stones;3
4458;Stray Cat Blues;The Rolling Stones;3
4459;Stupid Girl;The Rolling Stones;3
4460;When the Whip Comes Down;The Rolling Stones;3
4461;Bodies;The Smashing Pumpkins;3
4462;Cherub Rock;The Smashing Pumpkins;3
4463;Cupid de Locke;The Smashing Pumpkins;3
4464;Daphne Descends;The Smashing Pumpkins;3
4465;For Martha;The Smashing Pumpkins;3
4466;Galapogos;The Smashing Pumpkins;3
4467;In the Arms of Sleep;The Smashing Pumpkins;3
4468;Jellybelly;The Smashing Pumpkins;3
4469;Mellon Collie and the Infinite Sadness;The Smashing Pumpkins;3
4470;Siva;The Smashing Pumpkins;3
4471;Soma;The Smashing Pumpkins;3
4472;Stand Inside Your Love;The Smashing Pumpkins;3
4473;Thirty-Three;The Smashing Pumpkins;3
4474;To Sheila;The Smashing Pumpkins;3
4475;Where Boys Fear to Tread;The Smashing Pumpkins;3
4476;Accept Yourself;The Smiths;3
4477;Frankly, Mr. Shankly;The Smiths;3
4478;I Don't Owe You Anything;The Smiths;3
4479;I Know It's Over;The Smiths;3
4480;I Want the One I Can't Have;The Smiths;3
4481;Nowhere Fast;The Smiths;3
4482;Pretty Girls Make Graves;The Smiths;3
4483;Rusholme Ruffians;The Smiths;3
4484;Suffer Little Children;The Smiths;3
4485;That Joke Isn't Funny Anymore;The Smiths;3
4486;The Headmaster Ritual;The Smiths;3
4487;The Queen Is Dead;The Smiths;3
4488;There Is a Light That Never Goes Out;The Smiths;3
4489;What She Said;The Smiths;3
4490;Rat Race;The Specials;3
4491;Rude Boys Outta Jail;The Specials;3
4492;Barely Legal;The Strokes;3
4493;Is This It;The Strokes;3
4494;New York City Cops;The Strokes;3
4495;Reptilia;The Strokes;3
4496;Take It or Leave It;The Strokes;3
4497;The Modern Age;The Strokes;3
4498;Trying Your Luck;The Strokes;3
4499;Get Free;The Vines;3
4500;Simple Days;The WAEVE;3
4501;One Headlight;The Wallflowers;3
4502;Black Math;The White Stripes;3
4503;I Just Don't Know What to Do With Myself;The White Stripes;3
4504;I Want to Be the Boy to Warm Your Mother's Heart;The White Stripes;3
4505;In the Cold, Cold Night;The White Stripes;3
4506;There's No Home for You Here;The White Stripes;3
4507;You've Got Her in Your Pocket;The White Stripes;3
4508;Boris the Spider;The Who;3
4509;I Don't Mind;The Who;3
4510;Sha-La-La;Thin Lizzy;3
4511;She Knows;Thin Lizzy;3
4512;Analyse;Thom Yorke;3
4513;The Eraser;Thom Yorke;3
4514;Flowers in the Window;Travis;3
4515;Sing;Travis;3
4516;Acrobat;U2;3
4517;Bullet the Blue Sky;U2;3
4518;Even Better Than the Real Thing;U2;3
4519;I Still Haven't Found What I'm Looking For;U2;3
4520;In God's Country;U2;3
4521;Love Is Blindness;U2;3
4522;Mothers of the Disappeared;U2;3
4523;Mysterious Ways;U2;3
4524;One Tree Hill;U2;3
4525;Red Hill Mining Town;U2;3
4526;Running to Stand Still;U2;3
4527;So Cruel;U2;3
4528;Staring at the Sun;U2;3
4529;The Fly;U2;3
4530;Trip Through Your Wires;U2;3
4531;Tryin' to Throw Your Arms Around the World;U2;3
4532;Ultra Violet (Light My Way);U2;3
4533;Until the End of the World;U2;3
4534;Where the Streets Have No Name;U2;3
4535;Who's Gonna Ride Your Wild Horses;U2;3
4536;Zoo Station;U2;3
4537;1984;Van Halen;3
4538;Drop Dead Legs;Van Halen;3
4539;Girl Gone Bad;Van Halen;3
4540;Hot for Teacher;Van Halen;3
4541;House Of Pain;Van Halen;3
4542;I'll Wait;Van Halen;3
4543;Panama;Van Halen;3
4544;Top Jimmy;Van Halen;3
4545;A Fifth of Beethoven;Walter Murphy;3
4546;Bluebird;Wings;3
4547;Method Man;Wu-Tang Clan;3
4548;Protect Ya Neck;Wu-Tang Clan;3
4549;Neon Shuffle;XTC;3
4550;Spinning Top;XTC;3
4551;Heads Will Roll;Yeah Yeah Yeahs;3
4552;If I Can't Have You;Yvonne Elliman;3
4553;Impazzivo per te;Adriano Celentano;2
4554;Sono Un Simpatico;Adriano Celentano;2
4555;Back in the Saddle;Aerosmith;2
4556;Combination;Aerosmith;2
4557;Get the Lead Out;Aerosmith;2
4558;Hole in My Soul;Aerosmith;2
4559;Last Child;Aerosmith;2
4560;Lick and a Promise;Aerosmith;2
4561;Nobody's Fault;Aerosmith;2
4562;Rats in the Cellar;Aerosmith;2
4563;Sick As a Dog;Aerosmith;2
4564;Something's Gotta Give;Aerosmith;2
4565;Year of the Cat;Al Stewart;2
4566;Comida China;Andrés Calamaro;2
4567;Crímenes Perfectos;Andrés Calamaro;2
4568;El Novio Del Olvido;Andrés Calamaro;2
4569;El tercio de los sueños;Andrés Calamaro;2
4570;Elvis Está Vivo;Andrés Calamaro;2
4571;Jugar con fuego;Andrés Calamaro;2
4572;Me Arde;Andrés Calamaro;2
4573;Nunca Es Igual;Andrés Calamaro;2
4574;Prefiero dormir;Andrés Calamaro;2
4575;Socio de la soledad;Andrés Calamaro;2
4576;Te Quiero Igual;Andrés Calamaro;2
4577;A Skeleton in the Closet;Anthrax;2
4578;A.D.I./Horror of It All;Anthrax;2
4579;Among the Living;Anthrax;2
4580;Caught in a Mosh;Anthrax;2
4581;I Am the Law;Anthrax;2
4582;Imitation of Life;Anthrax;2
4583;Indians;Anthrax;2
4584;One World;Anthrax;2
4585;(Antichrist Television Blues);Arcade Fire;2
4586;Black Mirror;Arcade Fire;2
4587;Haiti;Arcade Fire;2
4588;Keep the Car Running;Arcade Fire;2
4589;Neighborhood #1 (Tunnels);Arcade Fire;2
4590;Neighborhood #2 (Laïka);Arcade Fire;2
4591;Neighborhood #3 (Power Out);Arcade Fire;2
4592;Neighborhood #4 (7 Kettles);Arcade Fire;2
4593;Neon Bible;Arcade Fire;2
4594;Rebellion (Lies);Arcade Fire;2
4595;Rococo;Arcade Fire;2
4596;The Well and the Lighthouse;Arcade Fire;2
4597;Une année sans lumière;Arcade Fire;2
4598;All My Own Stunts;Arctic Monkeys;2
4599;Black Treacle;Arctic Monkeys;2
4600;Brianstorm;Arctic Monkeys;2
4601;Brick by Brick;Arctic Monkeys;2
4602;Cornerstone;Arctic Monkeys;2
4603;Crying Lightning;Arctic Monkeys;2
4604;Library Pictures;Arctic Monkeys;2
4605;Love Is a Laserquest;Arctic Monkeys;2
4606;Piledriver Waltz;Arctic Monkeys;2
4607;Reckless Serenade;Arctic Monkeys;2
4608;She's Thunderstorms;Arctic Monkeys;2
4609;Suck It and See;Arctic Monkeys;2
4610;That's Where You're Wrong;Arctic Monkeys;2
4611;The Blond-O-Sonic Shimmer Trap;Arctic Monkeys;2
4612;The Hellcat Spangled Shalalala;Arctic Monkeys;2
4613;When the Sun Goes Down;Arctic Monkeys;2
4614;Innocent Smile;Ash;2
4615;Australian Blonde;Australian Blonde;2
4616;Don't Care;Australian Blonde;2
4617;I Said Yeah!;Australian Blonde;2
4618;I Want You;Australian Blonde;2
4619;Seaside;Australian Blonde;2
4620;September Song;Australian Blonde;2
4621;Straight Ahead;Australian Blonde;2
4622;1000 More Fools;Bad Religion;2
4623;Give You Nothing;Bad Religion;2
4624;How Much Is Enough;Bad Religion;2
4625;When;Bad Religion;2
4626;You Are (The Government);Bad Religion;2
4627;Concierto Para Ellos;Barón Rojo;2
4628;Dame la Oportunidad;Barón Rojo;2
4629;El Barón Vuela Sobre Inglaterra;Barón Rojo;2
4630;Hermano del Rock & Roll;Barón Rojo;2
4631;Incomunicación;Barón Rojo;2
4632;Las Flores del Mal;Barón Rojo;2
4633;Los Rockeros Van Al Infierno;Barón Rojo;2
4634;Satánico Plan (Volumen Brutal);Barón Rojo;2
4635;Conmigo No Se Juega;Barricada;2
4636;Demasiado Tarde;Barricada;2
4637;Haz Lo Que Quieras (Tu Cuerpo);Barricada;2
4638;No Puedo Parar;Barricada;2
4639;Oveja Negra;Barricada;2
4640;Salta (Por Instinto);Barricada;2
4641;Sin compasión;Barricada;2
4642;Dancing;Bauhaus;2
4643;Hollow Hills;Bauhaus;2
4644;In Fear of Fear;Bauhaus;2
4645;Kick in the Eye;Bauhaus;2
4646;Mask;Bauhaus;2
4647;Muscle in Plastic;Bauhaus;2
4648;Of Lillies and Remains;Bauhaus;2
4649;The Man With The X-Rays Eyes;Bauhaus;2
4650;Bottle of Blues;Beck;2
4651;Canceled Check;Beck;2
4652;Dead Melodies;Beck;2
4653;Diamond Bollocks;Beck;2
4654;Tropicalia;Beck;2
4655;We Live Again;Beck;2
4656;Baby As You Turn Away;Bee Gees;2
4657;I'm Satisfied;Bee Gees;2
4658;Reaching Out;Bee Gees;2
4659;Search, Find;Bee Gees;2
4660;Spirits (Having Flown);Bee Gees;2
4661;Tragedy;Bee Gees;2
4662;Until;Bee Gees;2
4663;Get Me Away from Here, I'm Dying;Belle and Sebastian;2
4664;If You're Feeling Sinister;Belle and Sebastian;2
4665;Judy and the Dream of Horses;Belle and Sebastian;2
4666;Like Dylan in the Movies;Belle and Sebastian;2
4667;Mayfly;Belle and Sebastian;2
4668;Me and the Major;Belle and Sebastian;2
4669;Seeing Other People;Belle and Sebastian;2
4670;The Boy Done Wrong Again;Belle and Sebastian;2
4671;The Fox in the Snow;Belle and Sebastian;2
4672;The Stars of Track and Field;Belle and Sebastian;2
4673;Alice in Wonderland;Bill Evans;2
4674;All of You;Bill Evans;2
4675;Gloria's Step;Bill Evans;2
4676;Jade Visions;Bill Evans;2
4677;Man's Gone;Bill Evans;2
4678;Solar;Bill Evans;2
4679;Baby Talk;Billy Idol;2
4680;Come On, Come On;Billy Idol;2
4681;Congo Man;Billy Idol;2
4682;Dead on Arrival;Billy Idol;2
4683;Hole in the Wall;Billy Idol;2
4684;Hot in the City;Billy Idol;2
4685;It's So Cruel;Billy Idol;2
4686;Love Calling;Billy Idol;2
4687;Mony, Mony;Billy Idol;2
4688;Nobody's Business;Billy Idol;2
4689;Shooting Stars;Billy Idol;2
4690;Untouchables;Billy Idol;2
4691;Play Dead;Björk;2
4692;A Hard Road;Black Sabbath;2
4693;Air Dance;Black Sabbath;2
4694;Behind the Wall of Sleep;Black Sabbath;2
4695;Black Sabbath;Black Sabbath;2
4696;Breakout;Black Sabbath;2
4697;Don't Start (Too Late);Black Sabbath;2
4698;Electric Funeral;Black Sabbath;2
4699;Hand of Doom;Black Sabbath;2
4700;Hole in the Sky;Black Sabbath;2
4701;Junior's Eyes;Black Sabbath;2
4702;Megalomania;Black Sabbath;2
4703;Never Say Die;Black Sabbath;2
4704;Over to You;Black Sabbath;2
4705;Planet Caravan;Black Sabbath;2
4706;Rat Salad;Black Sabbath;2
4707;Supertzar;Black Sabbath;2
4708;Swinging the Chain;Black Sabbath;2
4709;Symptom of the Universe;Black Sabbath;2
4710;The Thrill of It All;Black Sabbath;2
4711;The Wizard;Black Sabbath;2
4712;War Pigs;Black Sabbath;2
4713;Atomic;Blondie;2
4714;Dreaming;Blondie;2
4715;I'm Gonna Love You Too;Blondie;2
4716;Shayla;Blondie;2
4717;The Hardest Part;Blondie;2
4718;Union City Blue;Blondie;2
4719;A Song;Blur;2
4720;A Spell (For Money);Blur;2
4721;All Your Life;Blur;2
4722;Anniversary Waltz;Blur;2
4723;Beard;Blur;2
4724;Berserk;Blur;2
4725;Bustin' and Dronin';Blur;2
4726;Close;Blur;2
4727;Dancehall;Blur;2
4728;Day Upon Day (Live);Blur;2
4729;Down;Blur;2
4730;Explain;Blur;2
4731;Garden Central;Blur;2
4732;Got Yer!;Blur;2
4733;I Know (Extended Mix);Blur;2
4734;I Love Her (Demo Version);Blur;2
4735;I'm All Over;Blur;2
4736;Intermission;Blur;2
4737;Into Another;Blur;2
4738;Ludwig;Blur;2
4739;Luminous;Blur;2
4740;Magpie;Blur;2
4741;Mellow Jam;Blur;2
4742;Money Makes Me Crazy (Marrakech Mix);Blur;2
4743;No Monsters in Me;Blur;2
4744;On Your Own (Crouch End Broadway Mix);Blur;2
4745;People in Europe;Blur;2
4746;The Great Escape;Blur;2
4747;The Horrors;Blur;2
4748;Theme from an Imaginary Film;Blur;2
4749;Theme From Retro (John McEntire's Mix);Blur;2
4750;Tune 2;Blur;2
4751;Uncle Love;Blur;2
4752;Won't Do It;Blur;2
4753;Woodpigeon Song;Blur;2
4754;Ballad of Hollis Brown;Bob Dylan;2
4755;The Times They Are a-Changin';Bob Dylan;2
4756;With God on Our Side;Bob Dylan;2
4757;Punky Reggae Rock;Bob Marley;2
4758;Stir It Up;Bob Marley;2
4759;Strawberry Letter 23;Brothers Johnson;2
4760;Growin' Up;Bruce Springsteen;2
4761;Blue Days - Black Nights;Buddy Holly;2
4762;Modern Don Juan;Buddy Holly;2
4763;Rock Me My Baby;Buddy Holly;2
4764;Think It Over;Buddy Holly;2
4765;You've Got Love;Buddy Holly;2
4766;Bajo los Focos;Burning;2
4767;Balada para una Viuda;Burning;2
4768;Hey Nena;Burning;2
4769;Mueve Tus Caderas;Burning;2
4770;Seducción;Burning;2
4771;Fiction Romance;Buzzcocks;2
4772;Get On Our Own;Buzzcocks;2
4773;I Need;Buzzcocks;2
4774;Love Battery;Buzzcocks;2
4775;Moving Away from the Pulsebeat;Buzzcocks;2
4776;No Reply;Buzzcocks;2
4777;Sixteen;Buzzcocks;2
4778;You Tear Me Up;Buzzcocks;2
4779;De Piratas;Café Quijano;2
4780;La Lola;Café Quijano;2
4781;Estoy Desnudo;Camilo Sesto;2
4782;Hablemos De Algo;Camilo Sesto;2
4783;Hombre Y Mujer;Camilo Sesto;2
4784;Lo Que Tu Alma Esconde;Camilo Sesto;2
4785;Más que nunca;Camilo Sesto;2
4786;Mejor Que Nadie;Camilo Sesto;2
4787;Mi Buen Amor;Camilo Sesto;2
4788;Mi Verdad;Camilo Sesto;2
4789;Querido Amor;Camilo Sesto;2
4790;Si Tú Te Vas;Camilo Sesto;2
4791;Tú, solamente tú;Camilo Sesto;2
4792;Angelsea;Cat Stevens;2
4793;Can't Keep It In;Cat Stevens;2
4794;Silent Sunlight;Cat Stevens;2
4795;The Boy With A Moon & Star On His Head;Cat Stevens;2
4796;Carta a Rigoberta Menchú;Celtas Cortos;2
4797;El Ritmo Del Mar;Celtas Cortos;2
4798;El Túnel de Las Delicias;Celtas Cortos;2
4799;Gente Impresentable (En Vivo);Celtas Cortos;2
4800;Pajarico;Celtas Cortos;2
4801;Do It the Hard Way;Chet Baker;2
4802;Fair Weather;Chet Baker;2
4803;How High the Moon;Chet Baker;2
4804;If You Could See Me Now;Chet Baker;2
4805;It Never Entered My Mind;Chet Baker;2
4806;Soft Winds;Chet Baker;2
4807;Solar;Chet Baker;2
4808;You Never Can Tell;Chuck Berry;2
4809;Rock 'N Roll de Cicatriz;Cicatriz;2
4810;Back to the Basics;Clawfinger;2
4811;Die High;Clawfinger;2
4812;Easy Way Out;Clawfinger;2
4813;It;Clawfinger;2
4814;Tomorrow;Clawfinger;2
4815;Undone;Clawfinger;2
4816;What Are You Afraid Of;Clawfinger;2
4817;Wipe My Ass;Clawfinger;2
4818;Speed of Sound;Coldplay;2
4819;Til Kingdom Come;Coldplay;2
4820;White Shadows;Coldplay;2
4821;Dance the Night Away;Cream;2
4822;Strange Brew;Cream;2
4823;Long As I Can See the Light;Creedence Clearwater Revival;2
4824;Lookin' For A Reason;Creedence Clearwater Revival;2
4825;Pagan Baby;Creedence Clearwater Revival;2
4826;Sail Away;Creedence Clearwater Revival;2
4827;Mean to Me;Crowded House;2
4828;Now We're Getting Somewhere;Crowded House;2
4829;Affection;Crystal Castles;2
4830;Insulin;Crystal Castles;2
4831;Kerosene;Crystal Castles;2
4832;Pale Flesh;Crystal Castles;2
4833;Plague;Crystal Castles;2
4834;Transgender;Crystal Castles;2
4835;Violent Youth;Crystal Castles;2
4836;Wrath of God;Crystal Castles;2
4837;Aerodynamic;Daft Punk;2
4838;Around the World;Daft Punk;2
4839;Burnin';Daft Punk;2
4840;Crescendolls;Daft Punk;2
4841;Fresh;Daft Punk;2
4842;Harder, Better, Faster, Stronger;Daft Punk;2
4843;High Fidelity;Daft Punk;2
4844;Indo Silver Club;Daft Punk;2
4845;Oh Yeah;Daft Punk;2
4846;Rollin' & Scratchin';Daft Punk;2
4847;Short Circuit;Daft Punk;2
4848;Teachers;Daft Punk;2
4849;Too Long;Daft Punk;2
4850;Veridis Quo;Daft Punk;2
4851;Sunset Coming On;Damon Albarn;2
4852;The History of a Cheating Heart;Damon Albarn;2
4853;The Nearer the Fountain, More Pure the Stream Flows;Damon Albarn;2
4854;'Heroes';David Bowie;2
4855;Don't Bring Me Down;David Bowie;2
4856;God Knows I'm Good;David Bowie;2
4857;Holy Holy (Single A-side - 1970);David Bowie;2
4858;If I'm Dreaming My Life;David Bowie;2
4859;It's gonna be me (Previously unreleased track from 1974);David Bowie;2
4860;Jump They Say (alternate mix);David Bowie;2
4861;Letter to Hermione;David Bowie;2
4862;Little Wonder;David Bowie;2
4863;New Killer Star;David Bowie;2
4864;Panic in Detroit (re-recorded version, 1979);David Bowie;2
4865;Rosalyn;David Bowie;2
4866;Seven;David Bowie;2
4867;Something in the Air;David Bowie;2
4868;Survive;David Bowie;2
4869;Who Can I Be Now? (Previously Unreleased Track From 1974);David Bowie;2
4870;Wild Eyed Boy From Freecloud;David Bowie;2
4871;The Magic Number;De La Soul;2
4872;Lightness;Death Cab for Cutie;2
4873;The New Year;Death Cab for Cutie;2
4874;Botas y Tirantes;Decibelios;2
4875;Anyone's Daughter;Deep Purple;2
4876;Fools;Deep Purple;2
4877;No No No;Deep Purple;2
4878;No One Came;Deep Purple;2
4879;The Mule;Deep Purple;2
4880;Acción mutante;Def con Dos;2
4881;Alzheimer;Def con Dos;2
4882;Dímelo tu;Def con Dos;2
4883;La Culpa De Todo La Tiene Yoko Ono;Def con Dos;2
4884;Mi Reino por un Poco de Caballo;Def con Dos;2
4885;Mineros Locos;Def con Dos;2
4886;Muertos Del Rock (Vol. II);Def con Dos;2
4887;Niño A, Niño B;Def con Dos;2
4888;Pánico a una Muerte Ridícula;Def con Dos;2
4889;Pégale al Ruido;Def con Dos;2
4890;Poco Pan;Def con Dos;2
4891;Sigo siento heterosexual;Def con Dos;2
4892;Tuno Bueno, Tuno Muerto;Def con Dos;2
4893;Die Hard the Hunter;Def Leppard;2
4894;Photograph;Def Leppard;2
4895;Rock! Rock (Till You Drop);Def Leppard;2
4896;Stagefright;Def Leppard;2
4897;Too Late for Love;Def Leppard;2
4898;I Want You Now;Depeche Mode;2
4899;Little 15;Depeche Mode;2
4900;Never Let Me Down Again;Depeche Mode;2
4901;Nothing;Depeche Mode;2
4902;Personal Jesus;Depeche Mode;2
4903;Sacred;Depeche Mode;2
4904;Strangelove;Depeche Mode;2
4905;The Things You Said;Depeche Mode;2
4906;Waiting for the Night;Depeche Mode;2
4907;Dream Sequence #1;dEUS;2
4908;The Magic Hour;dEUS;2
4909;Budge;Dinosaur Jr.;2
4910;No Bones;Dinosaur Jr.;2
4911;Pond Song;Dinosaur Jr.;2
4912;The Post;Dinosaur Jr.;2
4913;They Always Come;Dinosaur Jr.;2
4914;Down to the Waterline;Dire Straits;2
4915;In the Gallery;Dire Straits;2
4916;Lions;Dire Straits;2
4917;Setting Me Up;Dire Straits;2
4918;Six Blade Knife;Dire Straits;2
4919;Southbound Again;Dire Straits;2
4920;Water of Love;Dire Straits;2
4921;Wild West End;Dire Straits;2
4922;Doctors And Dealers;Dirty Pretty Things;2
4923;If You Love a Woman;Dirty Pretty Things;2
4924;Last Of The Small Town Playboys;Dirty Pretty Things;2
4925;The Enemy;Dirty Pretty Things;2
4926;The Gentry Cove;Dirty Pretty Things;2
4927;Wondering;Dirty Pretty Things;2
4928;You Fucking Love It;Dirty Pretty Things;2
4929;Finally Free;Dream Theater;2
4930;Home;Dream Theater;2
4931;I. Overture 1928;Dream Theater;2
4932;I. The Dance of Eternity;Dream Theater;2
4933;I. Through My Words;Dream Theater;2
4934;II. Fatal Tragedy;Dream Theater;2
4935;II. One Last Time;Dream Theater;2
4936;II. Strange Deja Vu;Dream Theater;2
4937;Regression;Dream Theater;2
4938;The Spirit Carries On;Dream Theater;2
4939;Through Her Eyes;Dream Theater;2
4940;Save a Prayer;Duran Duran;2
4941;The Chauffeur;Duran Duran;2
4942;Seven Seas;Echo & the Bunnymen;2
4943;Bellyache;Echobelly;2
4944;Car Fiction;Echobelly;2
4945;Cold Feet Warm Heart;Echobelly;2
4946;Dark Therapy;Echobelly;2
4947;Four Letter Word;Echobelly;2
4948;Go Away;Echobelly;2
4949;In The Year;Echobelly;2
4950;Natural Animal;Echobelly;2
4951;Nobody Like You;Echobelly;2
4952;Scream;Echobelly;2
4953;Something Hot in a Cold Country;Echobelly;2
4954;Taste Of You;Echobelly;2
4955;Worms And Angels;Echobelly;2
4956;L'effet Que Tu MeFais;Edith Piaf;2
4957;Comme moi;Édith Piaf;2
4958;La vie en rose;Édith Piaf;2
4959;Le Vieux Piano;Édith Piaf;2
4960;Milord;Édith Piaf;2
4961;Mon Dieu;Édith Piaf;2
4962;Mon manège à moi;Édith Piaf;2
4963;Toujours aimer;Édith Piaf;2
4964;Hold Me Now;Elastica;2
4965;Indian Song;Elastica;2
4966;S.O.F.T.;Elastica;2
4967;Boy Blue;Electric Light Orchestra;2
4968;Can't Get It Out of My Head;Electric Light Orchestra;2
4969;Daybreaker;Electric Light Orchestra;2
4970;Dreaming of 4000;Electric Light Orchestra;2
4971;Eldorado;Electric Light Orchestra;2
4972;Eldorado Finale;Electric Light Orchestra;2
4973;Eldorado Overture;Electric Light Orchestra;2
4974;Fire on High;Electric Light Orchestra;2
4975;Illusions in G Major;Electric Light Orchestra;2
4976;In the Hall of the Mountain King;Electric Light Orchestra;2
4977;Kuiama;Electric Light Orchestra;2
4978;Ma-Ma-Ma Belle;Electric Light Orchestra;2
4979;Mister Kingdom;Electric Light Orchestra;2
4980;New World Rising / Ocean Breakup Reprise;Electric Light Orchestra;2
4981;Ocean Breakup / King of the Universe;Electric Light Orchestra;2
4982;Oh No Not Susan;Electric Light Orchestra;2
4983;Poor Boy (The Greenwood);Electric Light Orchestra;2
4984;Roll Over Beethoven;Electric Light Orchestra;2
4985;Showdown;Electric Light Orchestra;2
4986;Surrender;Electric Light Orchestra;2
4987;Telephone Line (Different Vocal);Electric Light Orchestra;2
4988;Waterfall (Instrumental Mix);Electric Light Orchestra;2
4989;Amoreena;Elton John;2
4990;Ballad Of A Well-Known Gun;Elton John;2
4991;Burn Down The Mission;Elton John;2
4992;Captain Fantastic and the Brown Dirt Cowboy;Elton John;2
4993;Come Down In Time;Elton John;2
4994;Country Comfort;Elton John;2
4995;Into The Old Man's Shoes;Elton John;2
4996;Kiss The Bride;Elton John;2
4997;Love Song;Elton John;2
4998;Madman Across the Water (original version);Elton John;2
4999;My Father's Gun;Elton John;2
5000;Son Of Your Father;Elton John;2
5001;Talking Old Soldiers;Elton John;2
5002;Where To Now St. Peter?;Elton John;2
5003;Alison;Elvis Costello;2
5004;Brilliant Mistake;Elvis Costello;2
5005;Clubland;Elvis Costello;2
5006;Good Year For The Roses;Elvis Costello;2
5007;High Fidelity;Elvis Costello;2
5008;I Can't Stand Up For Falling Down;Elvis Costello;2
5009;Riot Act;Elvis Costello;2
5010;She;Elvis Costello;2
5011;So Like Candy;Elvis Costello;2
5012;Sulky Girl;Elvis Costello;2
5013;The Other Side of Summer;Elvis Costello;2
5014;Tokyo Storm Warning;Elvis Costello;2
5015;Veronica;Elvis Costello;2
5016;A Mess of Blues;Elvis Presley;2
5017;An American Trilogy;Elvis Presley;2
5018;Bossa Nova Baby;Elvis Presley;2
5019;I Can't Stop Loving You;Elvis Presley;2
5020;I Feel so Bad;Elvis Presley;2
5021;I Need Your Love Tonight;Elvis Presley;2
5022;I'm So Lonesome I Could Cry;Elvis Presley;2
5023;In the Ghetto;Elvis Presley;2
5024;It's Over;Elvis Presley;2
5025;Johnny B. Goode;Elvis Presley;2
5026;Rock-A-Hula Baby;Elvis Presley;2
5027;Steamroller Blues;Elvis Presley;2
5028;Way Down;Elvis Presley;2
5029;What Now My Love;Elvis Presley;2
5030;You Gave Me A Mountain;Elvis Presley;2
5031;Anidando Liendres;Enrique Bunbury;2
5032;De mayor;Enrique Bunbury;2
5033;Demasiado tarde;Enrique Bunbury;2
5034;El extranjero;Enrique Bunbury;2
5035;El viento a favor;Enrique Bunbury;2
5036;Cocaine;Eric Clapton;2
5037;Lay Down Sally;Eric Clapton;2
5038;May You Never;Eric Clapton;2
5039;Mean Old Frisco;Eric Clapton;2
5040;Next Time You See Her;Eric Clapton;2
5041;Peaches And Diesel;Eric Clapton;2
5042;The Core;Eric Clapton;2
5043;We're All The Way;Eric Clapton;2
5044;Wonderful Tonight;Eric Clapton;2
5045;Cerebros Destruidos;Eskorbuto;2
5046;Cuidado;Eskorbuto;2
5047;Es un Crimen;Eskorbuto;2
5048;Eskizofrenia;Eskorbuto;2
5049;Historia Triste;Eskorbuto;2
5050;Mucha policia poca diversion;Eskorbuto;2
5051;Os engañaran;Eskorbuto;2
5052;Ratas en Bizkaia;Eskorbuto;2
5053;rogas a dios por los muertos;Eskorbuto;2
5054;Bossanova;Estopa;2
5055;Cacho A Cacho;Estopa;2
5056;El Del Medio De Los Chichos;Estopa;2
5057;Estopa;Estopa;2
5058;Exiliado En El Lavabo;Estopa;2
5059;La Raja De Tu Falda;Estopa;2
5060;Me Falta El Aliento;Estopa;2
5061;Poquito A Poco;Estopa;2
5062;Suma Y Sigue;Estopa;2
5063;Tan sólo;Estopa;2
5064;Tu Calorro;Estopa;2
5065;Buscando una Luna;Extremoduro;2
5066;Correcaminos Estate Al Loro;Extremoduro;2
5067;De Acero;Extremoduro;2
5068;Deltoya;Extremoduro;2
5069;Dulce introducción al caos;Extremoduro;2
5070;El día de la bestia;Extremoduro;2
5071;Esclarecido;Extremoduro;2
5072;La Carrera;Extremoduro;2
5073;Pepe Botika;Extremoduro;2
5074;Relación Convencional;Extremoduro;2
5075;So payaso;Extremoduro;2
5076;sucede;Extremoduro;2
5077;Tomás;Extremoduro;2
5078;Be Aggressive;Faith No More;2
5079;Caffeine;Faith No More;2
5080;Caralho Voador;Faith No More;2
5081;Crack Hitler;Faith No More;2
5082;Cuckoo for Caca;Faith No More;2
5083;Digging the Grave;Faith No More;2
5084;Everything's Ruined;Faith No More;2
5085;Evidence;Faith No More;2
5086;Get Out;Faith No More;2
5087;Jizzlobber;Faith No More;2
5088;Just a Man;Faith No More;2
5089;Kindergarten;Faith No More;2
5090;King for a Day;Faith No More;2
5091;Land of Sunshine;Faith No More;2
5092;Malpractice;Faith No More;2
5093;Mid Life Crisis;Faith No More;2
5094;Midnight Cowboy;Faith No More;2
5095;Ricochet;Faith No More;2
5096;RV;Faith No More;2
5097;Smaller and Smaller;Faith No More;2
5098;Star A.D.;Faith No More;2
5099;Take This Bottle;Faith No More;2
5100;The Gentle Art of Making Enemies;Faith No More;2
5101;The Last to Know;Faith No More;2
5102;Ugly in the Morning;Faith No More;2
5103;What a Day;Faith No More;2
5104;Build It Up - Tear It Down;Fatboy Slim;2
5105;Love Island;Fatboy Slim;2
5106;Praise You;Fatboy Slim;2
5107;The Rockafeller Skank;Fatboy Slim;2
5108;Big Big Love (Fig. 2);Foals;2
5109;Electric Bloom;Foals;2
5110;Heavy Water;Foals;2
5111;Hummer;Foals;2
5112;Like Swimming;Foals;2
5113;Olympic Airways;Foals;2
5114;Red Socks Pugie;Foals;2
5115;Tron;Foals;2
5116;Two Steps, Twice;Foals;2
5117;Ain't It the Life;Foo Fighters;2
5118;Headwires;Foo Fighters;2
5119;Downtown;Frank Sinatra;2
5120;My Baby Just Cares For Me;Frank Sinatra;2
5121;The Most Beautiful Girl In The World;Frank Sinatra;2
5122;Yes Sir, That's My Baby;Frank Sinatra;2
5123;How Could I Be Such a Fool;Frank Zappa;2
5124;Hungry Freaks, Daddy;Frank Zappa;2
5125;I Ain't Got No Heart;Frank Zappa;2
5126;Wowie Zowie;Frank Zappa;2
5127;40';Franz Ferdinand;2
5128;Auf Achse;Franz Ferdinand;2
5129;Bite Hard;Franz Ferdinand;2
5130;Bullet;Franz Ferdinand;2
5131;Cheating on You;Franz Ferdinand;2
5132;Come On Home;Franz Ferdinand;2
5133;Do You Want To;Franz Ferdinand;2
5134;Dream Again;Franz Ferdinand;2
5135;Eleanor Put Your Boots On;Franz Ferdinand;2
5136;Evil Eye;Franz Ferdinand;2
5137;Jacqueline;Franz Ferdinand;2
5138;Katherine Kiss Me;Franz Ferdinand;2
5139;Live Alone;Franz Ferdinand;2
5140;Love Illumination;Franz Ferdinand;2
5141;Lucid Dreams;Franz Ferdinand;2
5142;No You Girls;Franz Ferdinand;2
5143;Right Action;Franz Ferdinand;2
5144;Send Him Away;Franz Ferdinand;2
5145;Stand on the Horizon;Franz Ferdinand;2
5146;Tell Her Tonight;Franz Ferdinand;2
5147;The Dark of the Matinée;Franz Ferdinand;2
5148;This Fire;Franz Ferdinand;2
5149;Treason! Animals.;Franz Ferdinand;2
5150;Turn It On;Franz Ferdinand;2
5151;Twilight Omens;Franz Ferdinand;2
5152;Ulysses;Franz Ferdinand;2
5153;Walk Away;Franz Ferdinand;2
5154;What She Came For;Franz Ferdinand;2
5155;Al calor del amor en un bar;Gabinete Caligari;2
5156;Camino Soria;Gabinete Caligari;2
5157;Dos Caras del Mar;Gabinete Caligari;2
5158;La culpa fue de Cha-Cha-Cha;Gabinete Caligari;2
5159;La Fuerza De La Costumbre;Gabinete Caligari;2
5160;Malditos Refranes;Gabinete Caligari;2
5161;Mi Buene Estrella (live);Gabinete Caligari;2
5162;Que Dios Reparta Suerte;Gabinete Caligari;2
5163;Que Vida Tan Divertida;Gabinete Caligari;2
5164;Ultimo Tranvia;Gabinete Caligari;2
5165;Dumb;Garbage;2
5166;Sleep Together;Garbage;2
5167;TheTrick is to Keep Breathing;Garbage;2
5168;Wicked Ways;Garbage;2
5169;You Look So Fine;Garbage;2
5170;Firth of Fifth;Genesis;2
5171;More Fool Me;Genesis;2
5172;Behind That Locked Door;George Harrison;2
5173;Beware of Darkness;George Harrison;2
5174;If Not for You;George Harrison;2
5175;Can I Go With You;Gilbert O'Sullivan;2
5176;I'm In Love With You;Gilbert O'Sullivan;2
5177;Intro / I Hope You'll Stay;Gilbert O'Sullivan;2
5178;That's Love;Gilbert O'Sullivan;2
5179;Baby Blue;Giorgio Moroder;2
5180;E=MC2;Giorgio Moroder;2
5181;I Wanna Rock You;Giorgio Moroder;2
5182;If You Weren't Afraid;Giorgio Moroder;2
5183;In My Wildest Dreams;Giorgio Moroder;2
5184;What a Night;Giorgio Moroder;2
5185;Flowers & Football Tops;Glasvegas;2
5186;Geraldine;Glasvegas;2
5187;Go Square Go;Glasvegas;2
5188;It's My Own Cheating Heart That Makes Me Cry;Glasvegas;2
5189;Adios;Glenn Miller;2
5190;Anvil Chorus Part 1 & 2;Glenn Miller;2
5191;At Last;Glenn Miller;2
5192;Beautiful Ohio;Glenn Miller;2
5193;Chattanooga Choo-Choo;Glenn Miller;2
5194;Danny Boy (Londonderry Air);Glenn Miller;2
5195;Moonlight Sonata;Glenn Miller;2
5196;My Isle of Golden Dreams;Glenn Miller;2
5197;Pavanne;Glenn Miller;2
5198;Serenade in Blue;Glenn Miller;2
5199;Star Dust;Glenn Miller;2
5200;That's Sabotage;Glenn Miller;2
5201;Amarillo;Gorillaz;2
5202;Ascension (feat. Vince Staples);Gorillaz;2
5203;Bobby in Phoenix;Gorillaz;2
5204;California & the Slipping of the Sun;Gorillaz;2
5205;Fire Flies;Gorillaz;2
5206;Hallelujah Money (feat. Benjamin Clementine);Gorillaz;2
5207;Little Pink Plastic Bags;Gorillaz;2
5208;New Genius (Brother);Gorillaz;2
5209;On Melancholy Hill;Gorillaz;2
5210;One Percent;Gorillaz;2
5211;Opium (feat. EARTHGANG);Gorillaz;2
5212;People;Gorillaz;2
5213;Plastic Beach;Gorillaz;2
5214;Revolving Doors;Gorillaz;2
5215;Rhinestone Eyes;Gorillaz;2
5216;Seattle Yodel;Gorillaz;2
5217;Severed Head (feat. Goldlink & Unknown Mortal Orchestra);Gorillaz;2
5218;Sex Murder Party;Gorillaz;2
5219;Simplicity (feat. Joan As Police Woman);Gorillaz;2
5220;Sorcererz;Gorillaz;2
5221;Sound Check (Gravity);Gorillaz;2
5222;Starshine;Gorillaz;2
5223;The Joplin Spider;Gorillaz;2
5224;The Parish of Space Dust;Gorillaz;2
5225;The Speak It Mountains;Gorillaz;2
5226;With Love To An Ex (feat. Moonchild Sanelly);Gorillaz;2
5227;Advice;Graham Coxon;2
5228;All Has Gone;Graham Coxon;2
5229;Bonfires;Graham Coxon;2
5230;Don't Think About Always;Graham Coxon;2
5231;Escape Song;Graham Coxon;2
5232;Hard + Slow;Graham Coxon;2
5233;I'm Goin' Away;Graham Coxon;2
5234;Jamie Thomas;Graham Coxon;2
5235;Keep Hope Alive;Graham Coxon;2
5236;Knife in The Cast;Graham Coxon;2
5237;Lake;Graham Coxon;2
5238;Leave Me Alone;Graham Coxon;2
5239;Look into the Light;Graham Coxon;2
5240;Me You, We Two;Graham Coxon;2
5241;Meet and Drink and Pollinate;Graham Coxon;2
5242;Mornin Blues;Graham Coxon;2
5243;My Idea of Hell;Graham Coxon;2
5244;Ooh, Yeh Yeh;Graham Coxon;2
5245;That's When I Reach for My Revolver;Graham Coxon;2
5246;Too Uptight;Graham Coxon;2
5247;Waiting;Graham Coxon;2
5248;Who The Fuck?;Graham Coxon;2
5249;Box of Rain;Grateful Dead;2
5250;Friend of the Devil;Grateful Dead;2
5251;Friend Of The Devil (Remastered Version);Grateful Dead;2
5252;Castaway;Green Day;2
5253;Deadbeat Holiday;Green Day;2
5254;Fashion Victim;Green Day;2
5255;Hitchin' a Ride;Green Day;2
5256;Hold On;Green Day;2
5257;Jackass;Green Day;2
5258;Jesus of Suburbia: Jesus of Suburbia/City of the Damned/I Don't Care;Green Day;2
5259;Macy's Day Parade;Green Day;2
5260;Minority;Green Day;2
5261;Misery;Green Day;2
5262;The Grouch;Green Day;2
5263;Uptight;Green Day;2
5264;Waiting;Green Day;2
5265;Warning;Green Day;2
5266;Anything Goes;Guns N' Roses;2
5267;Rocket Queen;Guns N' Roses;2
5268;Sweet Child o' Mine;Guns N' Roses;2
5269;You're Crazy;Guns N' Roses;2
5270;Basta;Hamlet;2
5271;Eso Sí Lo Haces Bien;Hamlet;2
5272;Repulsa Total;Hamlet;2
5273;I Close My Eyes;Hard-Fi;2
5274;I Shall Overcome;Hard-Fi;2
5275;Tonight;Hard-Fi;2
5276;Watch Me Fall Apart;Hard-Fi;2
5277;Agosto;Héroes del Silencio;2
5278;Derivas;Héroes del Silencio;2
5279;Flor Venenosa;Héroes del Silencio;2
5280;Fuente Esperanza;Héroes del Silencio;2
5281;Heroe de Leyenda;Héroes del Silencio;2
5282;La Chispa Adecuada;Héroes del Silencio;2
5283;Mar Adentro;Héroes del Silencio;2
5284;Tumbas De Sal;Héroes del Silencio;2
5285;Z;Héroes del Silencio;2
5286;¡Hola Mamoncete!;Ilegales;2
5287;África paga (reprise);Ilegales;2
5288;Algo Prepara Una Emboscada;Ilegales;2
5289;Bestia, Bestia;Ilegales;2
5290;Eres Una Puta;Ilegales;2
5291;Hacer mucho ruido;Ilegales;2
5292;Harto de Ser El Malo del Lugar;Ilegales;2
5293;Hombre Solitario;Ilegales;2
5294;Lavadora Blues;Ilegales;2
5295;Me Sueltan Mañana;Ilegales;2
5296;Sin Remedio;Ilegales;2
5297;Tengo Una Rana Metida En Una Lata;Ilegales;2
5298;Un Invasor En la Capital;Ilegales;2
5299;Un Marciano;Ilegales;2
5300;Yo soy quien espía los juegos de los niños;Ilegales;2
5301;Inside My Head;Inspiral Carpets;2
5302;Monkey On My Back;Inspiral Carpets;2
5303;Move;Inspiral Carpets;2
5304;Sackville;Inspiral Carpets;2
5305;She Comes in the Fall;Inspiral Carpets;2
5306;Sun Don't Shine;Inspiral Carpets;2
5307;No I in Threesome;Interpol;2
5308;Pace Is The Trick;Interpol;2
5309;The Heinrich Maneuver;Interpol;2
5310;The Scale;Interpol;2
5311;¿Dónde estás?;Jaime Urrutia;2
5312;Castillos En El Aire;Jaime Urrutia;2
5313;Completamente Feliz;Jaime Urrutia;2
5314;Escándalo de amores;Jaime Urrutia;2
5315;Nada Por Aquí;Jaime Urrutia;2
5316;Black Crow;Jamiroquai;2
5317;Blow Your Mind;Jamiroquai;2
5318;Corner of the Earth;Jamiroquai;2
5319;Didgin' Out;Jamiroquai;2
5320;Emergency on Planet Earth;Jamiroquai;2
5321;Feel So Good;Jamiroquai;2
5322;Half the Man;Jamiroquai;2
5323;Hooked Up;Jamiroquai;2
5324;If I Like It, I Do It;Jamiroquai;2
5325;Just Another Story;Jamiroquai;2
5326;Little L;Jamiroquai;2
5327;Love Foolosophy;Jamiroquai;2
5328;Main Vein;Jamiroquai;2
5329;Music of the Mind;Jamiroquai;2
5330;Picture of My Life;Jamiroquai;2
5331;Revolution 1993;Jamiroquai;2
5332;So Good to Feel Real;Jamiroquai;2
5333;Stillness in Time;Jamiroquai;2
5334;Stop Don't Panic;Jamiroquai;2
5335;Too Young to Die;Jamiroquai;2
5336;Twenty Zero One;Jamiroquai;2
5337;Use the Force;Jamiroquai;2
5338;Whatever It Is, I Just Can't Stop;Jamiroquai;2
5339;When You Gonna Learn (Digeridoo);Jamiroquai;2
5340;You Give Me Something;Jamiroquai;2
5341;Had a Dad;Jane's Addiction;2
5342;Idiots Rule;Jane's Addiction;2
5343;Jane Says;Jane's Addiction;2
5344;Mountain Song;Jane's Addiction;2
5345;Ocean Size;Jane's Addiction;2
5346;Pigs In Zen;Jane's Addiction;2
5347;Standing In The Shower... Thinking;Jane's Addiction;2
5348;Summertime Rolls;Jane's Addiction;2
5349;Ted, Just Admit It...;Jane's Addiction;2
5350;Thank You Boys;Jane's Addiction;2
5351;Up the Beach;Jane's Addiction;2
5352;Call on Me;Janis Joplin;2
5353;Big Julie;Jarvis Cocker;2
5354;From A To I;Jarvis Cocker;2
5355;loss adjuster (excerpt pt.2);Jarvis Cocker;2
5356;Quantum Theory;Jarvis Cocker;2
5357;Hard Knock Life (The Ghetto Anthem);JAY-Z;2
5358;Big Blon' Baby;Jerry Lee Lewis;2
5359;Cold Cold Heart;Jerry Lee Lewis;2
5360;Don't Be Cruel;Jerry Lee Lewis;2
5361;I'll Make It All up to You;Jerry Lee Lewis;2
5362;I'll Sail My Ship Alone;Jerry Lee Lewis;2
5363;I'm Feeling Sorry;Jerry Lee Lewis;2
5364;Jambalaya (On the Bayou);Jerry Lee Lewis;2
5365;Little Queenie;Jerry Lee Lewis;2
5366;Lovin' up a Storm;Jerry Lee Lewis;2
5367;Put Me Down;Jerry Lee Lewis;2
5368;Sweet Little Sixteen;Jerry Lee Lewis;2
5369;What'd I Say;Jerry Lee Lewis;2
5370;Wild One (Real Wild Child);Jerry Lee Lewis;2
5371;3rd Stone From the Sun;Jimi Hendrix;2
5372;Are You Experienced?;Jimi Hendrix;2
5373;Foxy Lady;Jimi Hendrix;2
5374;Carguen, apunten, fuego;Joaquín Sabina;2
5375;Eva tomando el sol;Joaquín Sabina;2
5376;Gulliver;Joaquín Sabina;2
5377;Juana la Loca;Joaquín Sabina;2
5378;La del pirata cojo;Joaquín Sabina;2
5379;Por el túnel;Joaquín Sabina;2
5380;Qué Demasiao (Una Cancion Para El Jaro);Joaquín Sabina;2
5381;Ring, ring, ring;Joaquín Sabina;2
5382;Una de romanos;Joaquín Sabina;2
5383;Have A Little Faith In Me;Joe Cocker;2
5384;What Becomes Of The Broken-Hearted;Joe Cocker;2
5385;With A Little Help From My Friends (Live);Joe Cocker;2
5386;You Can Leave Your Hat On;Joe Cocker;2
5387;Beautiful Boys;John Lennon;2
5388;Beef Jerky;John Lennon;2
5389;Borrowed Time;John Lennon;2
5390;Come Together;John Lennon;2
5391;Dear Yoko;John Lennon;2
5392;Every Man Has a Woman Who Loves Him;John Lennon;2
5393;Give Me Something;John Lennon;2
5394;Hard Times Are Over;John Lennon;2
5395;I'm Moving On;John Lennon;2
5396;Instant Karma;John Lennon;2
5397;Kiss Kiss Kiss;John Lennon;2
5398;Scared;John Lennon;2
5399;Surprise, Surprise (Sweet Bird of Paradox);John Lennon;2
5400;Ya Ya;John Lennon;2
5401;Yes, I'm Your Angel;John Lennon;2
5402;These Days;Joy Division;2
5403;All the Way;Judas Priest;2
5404;Desert Plains;Judas Priest;2
5405;Don't Go;Judas Priest;2
5406;Heading Out to the Highway;Judas Priest;2
5407;Hot Rockin';Judas Priest;2
5408;On the Run;Judas Priest;2
5409;Solar Angels;Judas Priest;2
5410;Troubleshooter;Judas Priest;2
5411;Turning Circles;Judas Priest;2
5412;You Say Yes;Judas Priest;2
5413;Oh My God;Kaiser Chiefs;2
5414;Ruby;Kaiser Chiefs;2
5415;Saturday Night;Kaiser Chiefs;2
5416;The Angry Mob;Kaiser Chiefs;2
5417;Empire;Kasabian;2
5418;I.D.;Kasabian;2
5419;Processed Beats;Kasabian;2
5420;Reason Is Treason;Kasabian;2
5421;Arizona;Kings of Leon;2
5422;Black Thumbnail;Kings of Leon;2
5423;Camaro;Kings of Leon;2
5424;Charmer;Kings of Leon;2
5425;Fans;Kings of Leon;2
5426;Knocked Up;Kings of Leon;2
5427;McFearless;Kings of Leon;2
5428;My Party;Kings of Leon;2
5429;On Call;Kings of Leon;2
5430;Ragoo;Kings of Leon;2
5431;The Runner;Kings of Leon;2
5432;True Love Way;Kings of Leon;2
5433;Trunk;Kings of Leon;2
5434;100,000 Years;Kiss;2
5435;Anything For My Baby;Kiss;2
5436;Beth;Kiss;2
5437;Black Diamond;Kiss;2
5438;C'mon And Love Me;Kiss;2
5439;Detroit Rock City;Kiss;2
5440;Deuce;Kiss;2
5441;Do You Love Me?;Kiss;2
5442;Flaming Youth;Kiss;2
5443;God of Thunder;Kiss;2
5444;Great Expectations;Kiss;2
5445;King of the Night Time World;Kiss;2
5446;Kissin' Time;Kiss;2
5447;Love Her All I Can;Kiss;2
5448;Love Theme from Kiss;Kiss;2
5449;Outro;Kiss;2
5450;Rock Bottom;Kiss;2
5451;She;Kiss;2
5452;Shout It Out Loud;Kiss;2
5453;Sweet Pain;Kiss;2
5454;As Above So Below;Klaxons;2
5455;Atlantis to Interzone;Klaxons;2
5456;Cypherspeed;Klaxons;2
5457;Echoes;Klaxons;2
5458;Extra Astronomical;Klaxons;2
5459;Flashover;Klaxons;2
5460;Forgotten Works;Klaxons;2
5461;Four Horsemen of 2012;Klaxons;2
5462;Future Memories;Klaxons;2
5463;Golden Skans;Klaxons;2
5464;Gravity's Rainbow;Klaxons;2
5465;Isle of Her;Klaxons;2
5466;It's Not Over Yet;Klaxons;2
5467;Magick;Klaxons;2
5468;Surfing the Void;Klaxons;2
5469;The Same Space;Klaxons;2
5470;Totem on the Timeline;Klaxons;2
5471;Twin Flames;Klaxons;2
5472;Two Receivers;Klaxons;2
5473;Valley of the Calm Trees;Klaxons;2
5474;Jungle Boogie;Kool & the Gang;2
5475;Chi;Korn;2
5476;Good God;Korn;2
5477;Lost;Korn;2
5478;Mr. Rogers;Korn;2
5479;Porno Creep;Korn;2
5480;Swallow;Korn;2
5481;Twist;Korn;2
5482;Metropolis;Kraftwerk;2
5483;Neon Lights;Kraftwerk;2
5484;Spacelab;Kraftwerk;2
5485;The Man Machine;Kraftwerk;2
5486;The Model;Kraftwerk;2
5487;The Robots;Kraftwerk;2
5488;Hush;Kula Shaker;2
5489;Babe I'm Gonna Leave You;Led Zeppelin;2
5490;Black Mountain Side;Led Zeppelin;2
5491;Communication Breakdown;Led Zeppelin;2
5492;Dazed and Confused;Led Zeppelin;2
5493;How Many More Times;Led Zeppelin;2
5494;You Shook Me;Led Zeppelin;2
5495;Your Time Is Gonna Come;Led Zeppelin;2
5496;La Fina;Leño;2
5497;Sisters of Mercy;Leonard Cohen;2
5498;The World Is Waiting for the Sunrise;Les Paul & Mary Ford;2
5499;A Nanny In Manhattan;Lilys;2
5500;My Way;Limp Bizkit;2
5501;Cadillac solitario;Loquillo y Trogloditas;2
5502;Enamorado De La Dependienta De Patatas Fritas;Loquillo y Trogloditas;2
5503;Hawai 5-0;Loquillo y Trogloditas;2
5504;Rocker city;Loquillo y Trogloditas;2
5505;Todos los Chicos en la Playa;Loquillo y Trogloditas;2
5506;Vaqueros Del Espacio;Loquillo y Trogloditas;2
5507;Disimular;Los Piratas;2
5508;Filofobia;Los Piratas;2
5509;Jugar con los Coches;Los Piratas;2
5510;10.000;Los Planetas;2
5511;Brigitte;Los Planetas;2
5512;Ciencia ficción;Los Planetas;2
5513;De Viaje;Los Planetas;2
5514;Desaparecer;Los Planetas;2
5515;Desorden;Los Planetas;2
5516;Estos últimos días;Los Planetas;2
5517;Flotando Sobre Loscos II;Los Planetas;2
5518;Jesús;Los Planetas;2
5519;La Caja Del Diablo;Los Planetas;2
5520;La Playa;Los Planetas;2
5521;Laboratorio Mágico;Los Planetas;2
5522;Montaсas De Basura;Los Planetas;2
5523;Parte De Lo Que Me Debes;Los Planetas;2
5524;Paseo Por El Parque;Los Planetas;2
5525;Plan De Fuga;Los Planetas;2
5526;Que No Sea Kang, Por Favor;Los Planetas;2
5527;Qué Puedo Hacer;Los Planetas;2
5528;Rey Sombra;Los Planetas;2
5529;Santos Que Yo Te Pinte;Los Planetas;2
5530;Segundo Premio;Los Planetas;2
5531;Si está bien;Los Planetas;2
5532;Tierras Altas;Los Planetas;2
5533;Toxicosmos;Los Planetas;2
5534;Un Mundo De Gente Incompleta;Los Planetas;2
5535;Algo Se Está Rompiendo;Los Rodríguez;2
5536;Demasiado Tarde;Los Rodríguez;2
5537;La Mirada Del Adiós;Los Rodríguez;2
5538;Na, Na, Na;Los Rodríguez;2
5539;Para no Olvidar;Los Rodríguez;2
5540;Peor Es Nada;Los Rodríguez;2
5541;Señorita;Los Rodríguez;2
5542;Sol y Sombra;Los Rodríguez;2
5543;Tormentas de Arena;Los Rodríguez;2
5544;Un Día Menos;Los Rodríguez;2
5545;Phútbol;Los Sencillos;2
5546;Chaquetas de Cuero;Los Suaves;2
5547;Esta vida me va a matar;Los Suaves;2
5548;Llegaste Hasta Mí;Los Suaves;2
5549;Mártires Del Rock And Roll;Los Suaves;2
5550;Muerte En El Rock;Los Suaves;2
5551;Peligrosa María;Los Suaves;2
5552;Viene El Tren;Los Suaves;2
5553;Bum Bum 1789;Los Toreros Muertos;2
5554;Dejadme Llorar;Los Toreros Muertos;2
5555;Hoy Es Domingo;Los Toreros Muertos;2
5556;Los Toreros Muertos;Los Toreros Muertos;2
5557;Necesito un Avalista;Los Toreros Muertos;2
5558;Twist'as Loca;Los Toreros Muertos;2
5559;Bottoming Out;Lou Reed;2
5560;Doin' The Things That We Want To;Lou Reed;2
5561;Downtown Dirt (Bonus);Lou Reed;2
5562;Endlessly Jealous;Lou Reed;2
5563;Heroin;Lou Reed;2
5564;How Do You Speak To An Angel;Lou Reed;2
5565;Intro-Sweet Jane;Lou Reed;2
5566;Metal Machine Music, Part I;Lou Reed;2
5567;My Red Joystick;Lou Reed;2
5568;White Light White Heat;Lou Reed;2
5569;Aleluya Nº 1;Luis Eduardo Aute;2
5570;Single Girl;Lush;2
5571;Call Me The Breeze;Lynyrd Skynyrd;2
5572;Free Bird;Lynyrd Skynyrd;2
5573;Poison Whiskey;Lynyrd Skynyrd;2
5574;Simple Man;Lynyrd Skynyrd;2
5575;The Needle And The Spoon;Lynyrd Skynyrd;2
5576;Things Goin' On;Lynyrd Skynyrd;2
5577;Black Holes For The Young [Bonus track for Japan];Manic Street Preachers;2
5578;Little Baby Nothing;Manic Street Preachers;2
5579;Motorcycle Emptiness;Manic Street Preachers;2
5580;Bixo Do Coco;Manu Chao;2
5581;Denia;Manu Chao;2
5582;El Dorado 1997;Manu Chao;2
5583;Homens;Manu Chao;2
5584;Infinta Tristeza;Manu Chao;2
5585;La chinita;Manu Chao;2
5586;La Primavera;Manu Chao;2
5587;Le Rendez Vous;Manu Chao;2
5588;Marea;Manu Chao;2
5589;Merry blues;Manu Chao;2
5590;Mi vida;Manu Chao;2
5591;Mr Bobby;Manu Chao;2
5592;Papito;Manu Chao;2
5593;Promiscuity;Manu Chao;2
5594;Trapped by love;Manu Chao;2
5595;Vacaloca;Manu Chao;2
5596;Architecture of Aggression;Megadeth;2
5597;Ashes in Your Mouth;Megadeth;2
5598;Bad Omen;Megadeth;2
5599;Captive Honour;Megadeth;2
5600;Countdown to Extinction;Megadeth;2
5601;Devils Island;Megadeth;2
5602;Foreclosure of a Dream;Megadeth;2
5603;Good Mourning / Black Friday;Megadeth;2
5604;High Speed Dirt;Megadeth;2
5605;I Ain't Superstitious;Megadeth;2
5606;My Last Words;Megadeth;2
5607;Peace Sells;Megadeth;2
5608;Psychotron;Megadeth;2
5609;Sweating Bullets;Megadeth;2
5610;The Conjuring;Megadeth;2
5611;This Was My Life;Megadeth;2
5612;Wake Up Dead;Megadeth;2
5613;A Drop In Time;Mercury Rev;2
5614;Hercules;Mercury Rev;2
5615;Lincoln's Eyes;Mercury Rev;2
5616;... And Justice For All;Metallica;2
5617;Battery;Metallica;2
5618;Blackened;Metallica;2
5619;Damage, Inc.;Metallica;2
5620;Disposable Heroes;Metallica;2
5621;Eye of the Beholder;Metallica;2
5622;Harvester of Sorrow;Metallica;2
5623;Leper Messiah;Metallica;2
5624;Master of Puppets;Metallica;2
5625;One;Metallica;2
5626;The Frayed Ends of Sanity;Metallica;2
5627;The Shortest Straw;Metallica;2
5628;The Thing That Should Not Be;Metallica;2
5629;To Live Is to Die;Metallica;2
5630;Welcome Home (Sanitarium);Metallica;2
5631;A Good Sadness;MGMT;2
5632;Alien Days;MGMT;2
5633;An Orphan of Fortune;MGMT;2
5634;Astro-Mancy;MGMT;2
5635;Cool Song No. 2;MGMT;2
5636;I Love You Too, Death;MGMT;2
5637;Introspection;MGMT;2
5638;Mystery Disease;MGMT;2
5639;Plenty of Girls in the Sea;MGMT;2
5640;Your Life Is a Lie;MGMT;2
5641;Beat It;Michael Jackson;2
5642;The Lady in My Life;Michael Jackson;2
5643;The Way You Make Me Feel;Michael Jackson;2
5644;01 - Tubular Bells. Part One;Mike Oldfield;2
5645;02 - Tubular Bells. Part Two;Mike Oldfield;2
5646;Moonlight Shadow;Mike Oldfield;2
5647;All Blues;Miles Davis;2
5648;Blue in Green;Miles Davis;2
5649;Flamenco Sketches;Miles Davis;2
5650;Freddie Freeloader;Miles Davis;2
5651;So What;Miles Davis;2
5652;Come Closer;Miles Kane;2
5653;Counting Down The Days;Miles Kane;2
5654;Happenstance;Miles Kane;2
5655;Inhaler;Miles Kane;2
5656;My Fantasy;Miles Kane;2
5657;Quicksand;Miles Kane;2
5658;Rearrange;Miles Kane;2
5659;Bloodfeast;Misfits;2
5660;Death Comes Ripping;Misfits;2
5661;Demonomania;Misfits;2
5662;Devilock;Misfits;2
5663;Earth A.D.;Misfits;2
5664;Green Hell;Misfits;2
5665;Hellhound;Misfits;2
5666;Queen Wasp;Misfits;2
5667;We Bite;Misfits;2
5668;Wolfsblood;Misfits;2
5669;18;Moby;2
5670;7;Moby;2
5671;Another Woman;Moby;2
5672;At Least We Tried;Moby;2
5673;Bodyrock;Moby;2
5674;Come on Baby;Moby;2
5675;Extreme Ways;Moby;2
5676;Face It;Moby;2
5677;Find My Baby;Moby;2
5678;Fireworks;Moby;2
5679;Great Escape;Moby;2
5680;Harbour;Moby;2
5681;Heavy Flow;Moby;2
5682;Honey;Moby;2
5683;In This World;Moby;2
5684;Jam for the Ladies;Moby;2
5685;Living;Moby;2
5686;Look Back In;Moby;2
5687;Love Song for My Mom;Moby;2
5688;Machete;Moby;2
5689;My Love Will Never Die;Moby;2
5690;Natural Blues;Moby;2
5691;Now I Let It Go;Moby;2
5692;One Of These Mornings;Moby;2
5693;Run On;Moby;2
5694;Rushing;Moby;2
5695;Say It's All Mine;Moby;2
5696;Signs of Love;Moby;2
5697;Sleep Alone;Moby;2
5698;Someone to Love;Moby;2
5699;South Side;Moby;2
5700;Sunday (The Day Before My Birthday);Moby;2
5701;That's When I Reach for My Revolver;Moby;2
5702;The Rafters;Moby;2
5703;We Are All Made of Stars;Moby;2
5704;You;Moby;2
5705;¿Por qué no te haces para allá?;Molotov;2
5706;Cerdo;Molotov;2
5707;Más vale Cholo;Molotov;2
5708;Mátate Tete;Molotov;2
5709;Molotov Cocktail Party;Molotov;2
5710;Parásito;Molotov;2
5711;Quitate Que Ma'sturbas (Perro Arrabalera);Molotov;2
5712;Use It Or Lose It;Molotov;2
5713;Voto Latino;Molotov;2
5714;All the Aces;Motörhead;2
5715;Bomber;Motörhead;2
5716;Dead Men Tell No Tales;Motörhead;2
5717;Dirty Love;Motörhead;2
5718;Emergency;Motörhead;2
5719;Lawman;Motörhead;2
5720;Please Don't Touch;Motörhead;2
5721;Poison;Motörhead;2
5722;Sharpshooter;Motörhead;2
5723;Step Down;Motörhead;2
5724;Sweet Revenge;Motörhead;2
5725;Talking Head;Motörhead;2
5726;Apocalypse Please;Muse;2
5727;Darkshines;Muse;2
5728;Falling Down;Muse;2
5729;Feeling Good;Muse;2
5730;Fillip;Muse;2
5731;Hate This & I'll Love You;Muse;2
5732;Madness;Muse;2
5733;Megalomania;Muse;2
5734;Micro Cuts;Muse;2
5735;Muscle Museum;Muse;2
5736;Overdue;Muse;2
5737;Screenager;Muse;2
5738;Sunburn;Muse;2
5739;Unintended;Muse;2
5740;Blown a Wish;my bloody valentine;2
5741;Come in Alone;my bloody valentine;2
5742;I Can See It (But I Can't Feel It);my bloody valentine;2
5743;I Only Said;my bloody valentine;2
5744;Loomer;my bloody valentine;2
5745;Nothing Much to Lose;my bloody valentine;2
5746;Only Shallow;my bloody valentine;2
5747;Several Girls Galore;my bloody valentine;2
5748;Sometimes;my bloody valentine;2
5749;Soon;my bloody valentine;2
5750;Sueisfine;my bloody valentine;2
5751;To Here Knows When;my bloody valentine;2
5752;Touched;my bloody valentine;2
5753;What You Want;my bloody valentine;2
5754;When You Sleep;my bloody valentine;2
5755;You Never Should;my bloody valentine;2
5756;Tell Me Why;Neil Young;2
5757;Bad Girl;New York Dolls;2
5758;Frankenstein (Orig.);New York Dolls;2
5759;Jet Boy;New York Dolls;2
5760;Lonely Planet Boy;New York Dolls;2
5761;Looking for a Kiss;New York Dolls;2
5762;Personality Crisis;New York Dolls;2
5763;Pills;New York Dolls;2
5764;Private World;New York Dolls;2
5765;Subway Train;New York Dolls;2
5766;Trash;New York Dolls;2
5767;Vietnamese Baby;New York Dolls;2
5768;Blind Lemon Jefferson;Nick Cave & the Bad Seeds;2
5769;Hey Joe;Nick Cave & the Bad Seeds;2
5770;Knockin' on Joe;Nick Cave & the Bad Seeds;2
5771;Say Goodbye to the Little Girl Tree;Nick Cave & the Bad Seeds;2
5772;The Six Strings That Drew Blood;Nick Cave & the Bad Seeds;2
5773;Ruiner;Nine Inch Nails;2
5774;Te Acuerdas, María;Nino Bravo;2
5775;Tú cambiarás;Nino Bravo;2
5776;Un Beso Y Una Flor;Nino Bravo;2
5777;Big Cheese;Nirvana;2
5778;Downer;Nirvana;2
5779;Jesus Doesn't Want Me For A Sunbe;Nirvana;2
5780;Love Buzz;Nirvana;2
5781;Mr. Moustache;Nirvana;2
5782;Negative Creep;Nirvana;2
5783;Paper Cuts;Nirvana;2
5784;Scoff;Nirvana;2
5785;Sifting;Nirvana;2
5786;Swap Meet;Nirvana;2
5787;The Man Who Sold the World;Nirvana;2
5788;Don't Speak;No Doubt;2
5789;End It on This;No Doubt;2
5790;Hey You;No Doubt;2
5791;Sunday Morning;No Doubt;2
5792;The Climb;No Doubt;2
5793;Tragic Kingdom;No Doubt;2
5794;World Go 'Round;No Doubt;2
5795;(I Wanna Live In A Dream In My) Record Machine;Noel Gallagher;2
5796;Everybody's On The Run;Noel Gallagher;2
5797;The Dying Of The Light;Noel Gallagher;2
5798;The Mexican;Noel Gallagher;2
5799;The Right Stuff;Noel Gallagher;2
5800;While the Song Remains the Same;Noel Gallagher;2
5801;You Know We Can't Go Back;Noel Gallagher;2
5802;The Cause;NOFX;2
5803;The Quass;NOFX;2
5804;(It's Good) To Be Free;Oasis;2
5805;Fuckin' in the Bushes;Oasis;2
5806;Gas Panic!;Oasis;2
5807;Go Let It Out;Oasis;2
5808;Half the World Away;Oasis;2
5809;Headshrinker;Oasis;2
5810;I Can See a Liar;Oasis;2
5811;Little James;Oasis;2
5812;Put Yer Money Where Yer Mouth Is;Oasis;2
5813;Roll It Over;Oasis;2
5814;Stay Young;Oasis;2
5815;Sunday Morning Call;Oasis;2
5816;Where Did It All Go Wrong?;Oasis;2
5817;Who Feels Love?;Oasis;2
5818;Pesadilla Nuclear;Obus;2
5819;Petrodolares;Obus;2
5820;Préstame Amigo Tu Cabeza;Obus;2
5821;Solo lo Hago en Mi Moto;Obus;2
5822;Dosis De Heavy Metal;Obús;2
5823;40 Past Midnight;Ocean Colour Scene;2
5824;Hundred Mile High City;Ocean Colour Scene;2
5825;Lining Your Pockets;Ocean Colour Scene;2
5826;The Circle;Ocean Colour Scene;2
5827;Travellers Tune;Ocean Colour Scene;2
5828;By Demons Be Driven;Pantera;2
5829;Hollow;Pantera;2
5830;Live in a Hole;Pantera;2
5831;Regular People (Conceit);Pantera;2
5832;Quiero Ser Santa;Parálisis Permanente;2
5833;Unidos;Parálisis Permanente;2
5834;Yo No;Parálisis Permanente;2
5835;Bogey Music;Paul McCartney;2
5836;Check My Machine;Paul McCartney;2
5837;Darkroom;Paul McCartney;2
5838;Eat at Home;Paul McCartney;2
5839;Front Parlour;Paul McCartney;2
5840;Frozen Jap;Paul McCartney;2
5841;Heart of the Country;Paul McCartney;2
5842;Long Haired Lady;Paul McCartney;2
5843;Nobody Knows;Paul McCartney;2
5844;One of These Days;Paul McCartney;2
5845;Secret Friend;Paul McCartney;2
5846;Summer's Day Song;Paul McCartney;2
5847;AT & T;Pavement;2
5848;Best Friend's Arm;Pavement;2
5849;Blue Hawaiian;Pavement;2
5850;Embassy Row;Pavement;2
5851;Fight This Generation;Pavement;2
5852;Fin;Pavement;2
5853;Flux = Rad;Pavement;2
5854;Grave Architecture;Pavement;2
5855;Half a Canyon;Pavement;2
5856;Kennel District;Pavement;2
5857;Passat Dream;Pavement;2
5858;Pueblo;Pavement;2
5859;Shady Lane / J vs. S;Pavement;2
5860;Starlings of the Slipstream;Pavement;2
5861;Stereo;Pavement;2
5862;Type Slowly;Pavement;2
5863;We Are Underused;Pavement;2
5864;Western Homes;Pavement;2
5865;Brain of J.;Pearl Jam;2
5866;Faithfull;Pearl Jam;2
5867;Hey Foxymophandlemama, That's Me;Pearl Jam;2
5868;No Way;Pearl Jam;2
5869;Courtesy Laughs;Phoenix;2
5870;I'm an Actor;Phoenix;2
5871;Napoleon Says;Phoenix;2
5872;North;Phoenix;2
5873;Rally;Phoenix;2
5874;Alan's Psychedelic Breakfast;Pink Floyd;2
5875;Atom Heart Mother;Pink Floyd;2
5876;If;Pink Floyd;2
5877;Pow R. Toc H.;Pink Floyd;2
5878;Summer '68;Pink Floyd;2
5879;Take Up Thy Stethoscope and Walk;Pink Floyd;2
5880;The Gnome;Pink Floyd;2
5881;Catfish Kate;Pixies;2
5882;Beautiful Feeling;PJ Harvey;2
5883;Nancy Boy;Placebo;2
5884;¿Qué Demonios?;Platero y tú;2
5885;Caminar Cuesta Arriba;Platero y tú;2
5886;Cigarrito;Platero y tú;2
5887;Déjame en paz;Platero y tú;2
5888;Entrando Cruzado;Platero y tú;2
5889;Entre Dos Mares;Platero y tú;2
5890;Humo de mis pies;Platero y tú;2
5891;Imanol;Platero y tú;2
5892;La maté porque era mía;Platero y tú;2
5893;Me Da Igual;Platero y tú;2
5894;Mendrugos;Platero y tú;2
5895;Mira Hacia Mí;Platero y tú;2
5896;Naufragio;Platero y tú;2
5897;Pero Al Ponerse El Sol;Platero y tú;2
5898;Por Detrás;Platero y tú;2
5899;Por Mí;Platero y tú;2
5900;Que Larga es La Noche;Platero y tú;2
5901;Rock'N'Roll;Platero y tú;2
5902;Salvaje;Platero y tú;2
5903;Si La Tocas Otra Vez;Platero y tú;2
5904;Si Miro A Las Nubes;Platero y tú;2
5905;Un abecedario sin letras;Platero y tú;2
5906;Un Ticket para cualquier lugar;Platero y tú;2
5907;Cancellation;Player;2
5908;Come on Out;Player;2
5909;Every Which Way;Player;2
5910;Goodbye (That's All I Ever Heard);Player;2
5911;Love is Where You Find it;Player;2
5912;Melanie;Player;2
5913;Movin' Up;Player;2
5914;This Time I'm In It For Love;Player;2
5915;Tryin to Write a Hit Song;Player;2
5916;Come Together (US Version);Primal Scream;2
5917;Higher Than the Sun (A Dub Symphony in Two Parts);Primal Scream;2
5918;I'm Comin' Down;Primal Scream;2
5919;Inner Flight (Instrumental);Primal Scream;2
5920;Loaded;Primal Scream;2
5921;Shine Like Stars;Primal Scream;2
5922;Albatross;Public Image Ltd.;2
5923;Careering;Public Image Ltd.;2
5924;Memories;Public Image Ltd.;2
5925;Swan Lake;Public Image Ltd.;2
5926;Bad Cover Version;Pulp;2
5927;Cocaine Socialism [#][Version];Pulp;2
5928;I Want You;Pulp;2
5929;Little Girl (With Blue Eyes);Pulp;2
5930;The Night That Minnie Timperley Died;Pulp;2
5931;Watching Nicky [#][*][Demo Previously Unreleased][Demo Version];Pulp;2
5932;Another One Bites the Dust;Queen;2
5933;Body Language;Queen;2
5934;Brighton Rock;Queen;2
5935;Bring Back That Leroy Brown;Queen;2
5936;Calling All Girls;Queen;2
5937;Dead on Time;Queen;2
5938;Dear Friends;Queen;2
5939;Doing All Right;Queen;2
5940;Dreamer's Ball;Queen;2
5941;Fat Bottomed Girls;Queen;2
5942;Flick of the Wrist;Queen;2
5943;Fun It;Queen;2
5944;Great King Rat;Queen;2
5945;If You Can't Beat Them;Queen;2
5946;In Only Seven Days;Queen;2
5947;In the Lap of the Gods;Queen;2
5948;In The Lap Of The Gods...Revisited;Queen;2
5949;Is This The World We Created...?;Queen;2
5950;It's a Hard Life;Queen;2
5951;Jealousy;Queen;2
5952;Jesus;Queen;2
5953;Keep Passing The Open Windows;Queen;2
5954;Keep Yourself Alive;Queen;2
5955;Killer Queen;Queen;2
5956;Las Palabras De Amor (The Words Of Love);Queen;2
5957;Leaving Home Ain't Easy;Queen;2
5958;Let Me Entertain You;Queen;2
5959;Liar;Queen;2
5960;Lily of the Valley;Queen;2
5961;Machines (Or 'Back to Humans');Queen;2
5962;Man On The Prowl;Queen;2
5963;Misfire;Queen;2
5964;Modern Times Rock 'n' Roll;Queen;2
5965;More of That Jazz;Queen;2
5966;Mustapha;Queen;2
5967;Now I'm Here;Queen;2
5968;One Year of Love;Queen;2
5969;Pain Is So Close To Pleasure;Queen;2
5970;Play the Game;Queen;2
5971;Princes of the Universe;Queen;2
5972;Radio Ga Ga;Queen;2
5973;She Makes Me;Queen;2
5974;Son & Daughter;Queen;2
5975;Stone Cold Crazy;Queen;2
5976;Tear It Up;Queen;2
5977;Tenement Funster;Queen;2
5978;The Night Comes Down;Queen;2
5979;Who Wants to Live Forever;Queen;2
5980;A Song for the Dead;Queens of the Stone Age;2
5981;Auto Pilot;Queens of the Stone Age;2
5982;Feel Good Hit of the Summer (Reprise);Queens of the Stone Age;2
5983;First It Giveth;Queens of the Stone Age;2
5984;I Think I Lost My Headache;Queens of the Stone Age;2
5985;Leg of Lamb;Queens of the Stone Age;2
5986;Lightning Song;Queens of the Stone Age;2
5987;Six Shooter;Queens of the Stone Age;2
5988;Tension Head;Queens of the Stone Age;2
5989;The Lost Art of Keeping a Secret;Queens of the Stone Age;2
5990;The Sky Is Fallin';Queens of the Stone Age;2
5991;You Think I Ain't Worth a Dollar, but I Feel Like a Millionaire;Queens of the Stone Age;2
5992;7 Chinese Bros.;R.E.M.;2
5993;Camera;R.E.M.;2
5994;Drive;R.E.M.;2
5995;Everybody Hurts;R.E.M.;2
5996;Find the River;R.E.M.;2
5997;Harborcoat;R.E.M.;2
5998;Ignoreland;R.E.M.;2
5999;Letter Never Sent;R.E.M.;2
6000;Little America;R.E.M.;2
6001;Lotus;R.E.M.;2
6002;Monty Got a Raw Deal;R.E.M.;2
6003;New Orleans Instrumental No. 1;R.E.M.;2
6004;Pretty Persuasion;R.E.M.;2
6005;Second Guessing;R.E.M.;2
6006;So. Central Rain;R.E.M.;2
6007;Star Me Kitten;R.E.M.;2
6008;Sweetness Follows;R.E.M.;2
6009;The Sidewinder Sleeps Tonite;R.E.M.;2
6010;Time After Time (Annelise);R.E.M.;2
6011;Try Not to Breathe;R.E.M.;2
6012;Cinco Semanas En Globo;Radio Futura;2
6013;Zombi;Radio Futura;2
6014;Dollars & Cents;Radiohead;2
6015;Hunting Bears;Radiohead;2
6016;I Might Be Wrong;Radiohead;2
6017;Knives Out;Radiohead;2
6018;Life in a Glass House;Radiohead;2
6019;Like Spinning Plates;Radiohead;2
6020;Morning Bell/Amnesiac;Radiohead;2
6021;Packt Like Sardines in a Crushd Tin Box;Radiohead;2
6022;Pulk/Pull Revolving Doors;Radiohead;2
6023;Pyramid Song;Radiohead;2
6024;You and Whose Army?;Radiohead;2
6025;Bück Dich;Rammstein;2
6026;Das alte Leid;Rammstein;2
6027;Du Hast (Remix by Clawfinger);Rammstein;2
6028;Eifersucht;Rammstein;2
6029;Klavier;Rammstein;2
6030;Moskau;Rammstein;2
6031;Cretin Hop;Ramones;2
6032;Gimme Gimme Shock Treatment;Ramones;2
6033;Glad to See You Go;Ramones;2
6034;I Don't Care (single version);Ramones;2
6035;I Remember You;Ramones;2
6036;Pinhead;Ramones;2
6037;Something to Believe In;Ramones;2
6038;We're a Happy Family;Ramones;2
6039;Breaking the Girl;Red Hot Chili Peppers;2
6040;Don't Forget Me;Red Hot Chili Peppers;2
6041;Dosed;Red Hot Chili Peppers;2
6042;Fire;Red Hot Chili Peppers;2
6043;Funky Monks;Red Hot Chili Peppers;2
6044;Good Time Boys;Red Hot Chili Peppers;2
6045;Higher Ground;Red Hot Chili Peppers;2
6046;I Could Have Lied;Red Hot Chili Peppers;2
6047;If You Have to Ask;Red Hot Chili Peppers;2
6048;Johnny, Kick a Hole in the Sky;Red Hot Chili Peppers;2
6049;Knock Me Down;Red Hot Chili Peppers;2
6050;Magic Johnson;Red Hot Chili Peppers;2
6051;Mellowship Slinky in B Major;Red Hot Chili Peppers;2
6052;Nobody Weird Like Me;Red Hot Chili Peppers;2
6053;Pretty Little Ditty;Red Hot Chili Peppers;2
6054;Punk Rock Classic;Red Hot Chili Peppers;2
6055;Sexy Mexican Maid;Red Hot Chili Peppers;2
6056;Stone Cold Bush;Red Hot Chili Peppers;2
6057;Subway to Venus;Red Hot Chili Peppers;2
6058;Suck My Kiss;Red Hot Chili Peppers;2
6059;Taste the Pain;Red Hot Chili Peppers;2
6060;The Power of Equality;Red Hot Chili Peppers;2
6061;This Is the Place;Red Hot Chili Peppers;2
6062;Universally Speaking;Red Hot Chili Peppers;2
6063;Ain't The Future So Bright;Richard Ashcroft;2
6064;Picture Of You;Richard Ashcroft;2
6065;Songs Of Experience;Richard Ashcroft;2
6066;Lonesome Town;Rick Nelson;2
6067;Decay;Ride;2
6068;Dreams Burn Down;Ride;2
6069;In a Different Place;Ride;2
6070;Kaleidoscope;Ride;2
6071;Paralysed;Ride;2
6072;Polar Bear;Ride;2
6073;Seagull;Ride;2
6074;Disco Volante;Righeira;2
6075;Jazz Musik;Righeira;2
6076;Kon Tiki;Righeira;2
6077;Le Rock Summer;Rinôçérôse;2
6078;Professeur Suicide;Rinôçérôse;2
6079;Lazy Days;Robbie Williams;2
6080;Rock DJ;Robbie Williams;2
6081;1-2-3-4-5-6;Rocket Juice & The Moon;2
6082;Hey, Shooter (feat. Erykah Badu);Rocket Juice & The Moon;2
6083;Lolo (feat. Fatoumata Diawara & M.anifest);Rocket Juice & The Moon;2
6084;Night Watch;Rocket Juice & The Moon;2
6085;Crest of a Wave;Rory Gallagher;2
6086;Don't Know Where I'm Going;Rory Gallagher;2
6087;I'm Not Awake Yet;Rory Gallagher;2
6088;In Your Town;Rory Gallagher;2
6089;Maybe I Will;Rory Gallagher;2
6090;Out of My Mind;Rory Gallagher;2
6091;Should've Learnt My Lesson;Rory Gallagher;2
6092;There's a Light;Rory Gallagher;2
6093;Used to Be;Rory Gallagher;2
6094;Whole Lot of People;Rory Gallagher;2
6095;A Pulso;Rosendo;2
6096;Ahora Pro Nobis;Rosendo;2
6097;Bailando Al Aire;Rosendo;2
6098;Bajo Cuerda;Rosendo;2
6099;Como El Pico de un Colchón;Rosendo;2
6100;Deja Que les Diga Que No!;Rosendo;2
6101;Different, Eso Sí;Rosendo;2
6102;Dos No Siempre Son Pares;Rosendo;2
6103;Échale Coraje!;Rosendo;2
6104;El Asa Del Cubo;Rosendo;2
6105;El Ganador;Rosendo;2
6106;Gota A Gota;Rosendo;2
6107;Introducción;Rosendo;2
6108;M'enamorao;Rosendo;2
6109;MArcha Atrás;Rosendo;2
6110;Masculino singular;Rosendo;2
6111;Nada Especial;Rosendo;2
6112;Por Meter Entre Mis Cosas La Nariz;Rosendo;2
6113;Puedo Ser Más Eficaz;Rosendo;2
6114;Quedan Los Bises;Rosendo;2
6115;Voluntad Pasiva;Rosendo;2
6116;Do the Strand;Roxy Music;2
6117;Editions of You;Roxy Music;2
6118;For Your Pleasure;Roxy Music;2
6119;Grey Lagoons;Roxy Music;2
6120;In Every Dream Home a Heartache;Roxy Music;2
6121;Ladytron;Roxy Music;2
6122;Strictly Confidential;Roxy Music;2
6123;The Bogus Man;Roxy Music;2
6124;Been So Long;Saint Etienne;2
6125;Erica America;Saint Etienne;2
6126;Goodnight Jack;Saint Etienne;2
6127;Lose That Girl;Saint Etienne;2
6128;Mr. Donut;Saint Etienne;2
6129;Postman;Saint Etienne;2
6130;Split Screen;Saint Etienne;2
6131;Sylvie;Saint Etienne;2
6132;The Bad Photographer;Saint Etienne;2
6133;Woodcabin;Saint Etienne;2
6134;Life's Like A River;Scorpions;2
6135;Top Of The Bill;Scorpions;2
6136;Something Else;Sid Vicious;2
6137;Empieza El Día En Tu Jardín;Sidonie;2
6138;Dögun;Sigur Rós;2
6139;Hún jörð ...;Sigur Rós;2
6140;Leit að lífi;Sigur Rós;2
6141;Sigur Rós;Sigur Rós;2
6142;Mrs. Robinson;Simon & Garfunkel;2
6143;The Sound of Silence;Simon & Garfunkel;2
6144;Ayatolah;Siniestro Total;2
6145;Hoy Voy a Asesinarte;Siniestro Total;2
6146;Miña Terra Galega;Siniestro Total;2
6147;Todos Los Ahorcados Mueren Empalmados;Siniestro Total;2
6148;Lie Detector;Sleeper;2
6149;What Do I Do Now;Sleeper;2
6150;Afterglow (Of Your Love);Small Faces;2
6151;Happiness Stan;Small Faces;2
6152;Happy Days Toy Town;Small Faces;2
6153;Lazy Sunday;Small Faces;2
6154;Long Agos And Worlds Apart;Small Faces;2
6155;Mad John;Small Faces;2
6156;Ogden's Nut Gone Flake;Small Faces;2
6157;Rene;Small Faces;2
6158;Rollin' Over;Small Faces;2
6159;Song Of A Baker;Small Faces;2
6160;The Hungry Intruder;Small Faces;2
6161;The Journey;Small Faces;2
6162;Tin Soldier [Live];Small Faces;2
6163;100%;Sonic Youth;2
6164;Chapel Hill;Sonic Youth;2
6165;Cinderella's Big Score;Sonic Youth;2
6166;Créme Brûlèe;Sonic Youth;2
6167;Death Valley '69;Sonic Youth;2
6168;Dirty Boots;Sonic Youth;2
6169;Disappearer;Sonic Youth;2
6170;Drunken Butterfly;Sonic Youth;2
6171;Echo Canyon;Sonic Youth;2
6172;Flower;Sonic Youth;2
6173;Hallowe'en;Sonic Youth;2
6174;JC;Sonic Youth;2
6175;Kool Thing;Sonic Youth;2
6176;Mary-Christ;Sonic Youth;2
6177;Mildred Pierce;Sonic Youth;2
6178;Mote;Sonic Youth;2
6179;My Friend Goo;Sonic Youth;2
6180;Nic Fit;Sonic Youth;2
6181;On the Strip;Sonic Youth;2
6182;Orange Rolls, Angel's Spit;Sonic Youth;2
6183;Purr;Sonic Youth;2
6184;Satan Is Boring;Sonic Youth;2
6185;Scooter + Jinx;Sonic Youth;2
6186;Shoot;Sonic Youth;2
6187;Sugar Kane;Sonic Youth;2
6188;Swimsuit Issue;Sonic Youth;2
6189;Theresa's Sound-World;Sonic Youth;2
6190;Titanium Exposé;Sonic Youth;2
6191;Tunic (Song for Karen);Sonic Youth;2
6192;Wish Fulfillment;Sonic Youth;2
6193;1 O'Clock;Space;2
6194;Charlie M.;Space;2
6195;Dark Clouds;Space;2
6196;Drop Dead;Space;2
6197;Growler;Space;2
6198;Kill Me;Space;2
6199;Lovechild of the Queen;Space;2
6200;Major Pager;Space;2
6201;No-One Understands;Space;2
6202;Voodoo Roller;Space;2
6203;Code of Love;Spandau Ballet;2
6204;Communication;Spandau Ballet;2
6205;Foundation;Spandau Ballet;2
6206;Heaven Is a Secret;Spandau Ballet;2
6207;Lifeline;Spandau Ballet;2
6208;Pleasure;Spandau Ballet;2
6209;True;Spandau Ballet;2
6210;Anamorphose;Stereolab;2
6211;Des Etoiles Electroniques;Stereolab;2
6212;Fiery Yellow;Stereolab;2
6213;International Colouring Contest;Stereolab;2
6214;L'Enfer Des Formes;Stereolab;2
6215;New Orthophony;Stereolab;2
6216;Nihilist Assault Group;Stereolab;2
6217;Outer Accelerator;Stereolab;2
6218;Ping Pong;Stereolab;2
6219;The Stars Our Destination;Stereolab;2
6220;Three Longers Later;Stereolab;2
6221;Three-Dee Melodie;Stereolab;2
6222;Transona Five;Stereolab;2
6223;Transporté Sans Bouger;Stereolab;2
6224;Wow and Flutter;Stereolab;2
6225;T-Shirt Sun Tan;Stereophonics;2
6226;All in Love Is Fair;Stevie Wonder;2
6227;Big Brother;Stevie Wonder;2
6228;Blame It on the Sun;Stevie Wonder;2
6229;Jesus Children of America;Stevie Wonder;2
6230;Lookin' for Another Pure Love;Stevie Wonder;2
6231;Maybe Your Baby;Stevie Wonder;2
6232;Superstition;Stevie Wonder;2
6233;Tuesday Heartbreak;Stevie Wonder;2
6234;You and I;Stevie Wonder;2
6235;You've Got It Bad Girl;Stevie Wonder;2
6236;The Fur & The Feathers;Suede;2
6237;When You Were Young;Suede;2
6238;Faraway;Supergrass;2
6239;Mama & Papa;Supergrass;2
6240;Mary;Supergrass;2
6241;Ain't Nobody But Me;Supertramp;2
6242;Another Man's Woman;Supertramp;2
6243;Bloody Well Right;Supertramp;2
6244;Easy Does It;Supertramp;2
6245;Just A Normal Day;Supertramp;2
6246;Lady;Supertramp;2
6247;School;Supertramp;2
6248;Sister Moonshine;Supertramp;2
6249;Soapbox Opera;Supertramp;2
6250;The Meaning;Supertramp;2
6251;Two of Us;Supertramp;2
6252;If It's in You;Syd Barrett;2
6253;Late Night;Syd Barrett;2
6254;Baby Boomerang;T. Rex;2
6255;Baby Strange;T. Rex;2
6256;Ballrooms of Mars;T. Rex;2
6257;Buick Mackane;T. Rex;2
6258;Metal Guru;T. Rex;2
6259;Mystic Lady;T. Rex;2
6260;Rabbit Fighter;T. Rex;2
6261;Rock On;T. Rex;2
6262;Spaceball Ricochet;T. Rex;2
6263;Telegram Sam;T. Rex;2
6264;The Slider;T. Rex;2
6265;Separate Ways;Tahiti 80;2
6266;Soul Deep;Tahiti 80;2
6267;Desire;Talk Talk;2
6268;Eden;Talk Talk;2
6269;I Believe in You;Talk Talk;2
6270;Inheritance;Talk Talk;2
6271;The Rainbow;Talk Talk;2
6272;Wealth;Talk Talk;2
6273;Wild Wild Life;Talking Heads;2
6274;About You;Teenage Fanclub;2
6275;Ain't That Enough;Teenage Fanclub;2
6276;Catholic Education;Teenage Fanclub;2
6277;Catholic Education 2;Teenage Fanclub;2
6278;Critical Mass;Teenage Fanclub;2
6279;Don't Look Back;Teenage Fanclub;2
6280;Don't Need a Drum;Teenage Fanclub;2
6281;Eternal Light;Teenage Fanclub;2
6282;Every Picture I Paint;Teenage Fanclub;2
6283;Everybody's Fool;Teenage Fanclub;2
6284;Heavy Metal;Teenage Fanclub;2
6285;Heavy Metall II;Teenage Fanclub;2
6286;Mellow Doubt;Teenage Fanclub;2
6287;The World'll Be OK;Teenage Fanclub;2
6288;Too Involved;Teenage Fanclub;2
6289;What You Do To Me;Teenage Fanclub;2
6290;Elevation;Television;2
6291;(I Want to Be Your) Mirror;Temples;2
6292;All Join In;Temples;2
6293;Born Into The Sunset;Temples;2
6294;Celebration;Temples;2
6295;Certainty;Temples;2
6296;How Would You Like To Go;Temples;2
6297;In My Pocket;Temples;2
6298;Mystery Of Pop;Temples;2
6299;Oh The Saviour;Temples;2
6300;Open Air;Temples;2
6301;Roman Godlike Man;Temples;2
6302;Strange Or Be Forgotten;Temples;2
6303;Summer Son;Texas;2
6304;All La Glory;The Band;2
6305;Daniel and the Sacred Harp;The Band;2
6306;Just Another Whistle Stop;The Band;2
6307;Sleeping;The Band;2
6308;Stage Fright;The Band;2
6309;Strawberry Wine;The Band;2
6310;The Rumor;The Band;2
6311;The Shape I'm In;The Band;2
6312;The W.S. Walcott Medicine Show;The Band;2
6313;Time to Kill;The Band;2
6314;All Together Now;The Beatles;2
6315;Anna (Go to Him);The Beatles;2
6316;Any Time at All;The Beatles;2
6317;Ask Me Why;The Beatles;2
6318;Baby's in Black;The Beatles;2
6319;Chains;The Beatles;2
6320;Day Tripper;The Beatles;2
6321;Don't Bother Me;The Beatles;2
6322;I Feel Fine;The Beatles;2
6323;I Saw Her Standing There;The Beatles;2
6324;I'll Be Back;The Beatles;2
6325;I'll Follow the Sun;The Beatles;2
6326;Paperback Writer;The Beatles;2
6327;Pepperland Laid Waste;The Beatles;2
6328;Please Please Me;The Beatles;2
6329;Rock and Roll Music;The Beatles;2
6330;Tell Me Why;The Beatles;2
6331;We Can Work It Out;The Beatles;2
6332;When I Get Home;The Beatles;2
6333;Words of Love;The Beatles;2
6334;You Can't Do That;The Beatles;2
6335;Barney (...And Me);The Boo Radleys;2
6336;Best Lose The Fear;The Boo Radleys;2
6337;Butterfly McQueen;The Boo Radleys;2
6338;I Hang Suspended;The Boo Radleys;2
6339;I've Lost The Reason;The Boo Radleys;2
6340;If You Want It, Take It;The Boo Radleys;2
6341;Leaves And Sand;The Boo Radleys;2
6342;One Is For;The Boo Radleys;2
6343;Rodney King (Song for Lenny Bruce);The Boo Radleys;2
6344;Run My Way Runway;The Boo Radleys;2
6345;Spun Around;The Boo Radleys;2
6346;Take The Time Around;The Boo Radleys;2
6347;The White Noise Revisited;The Boo Radleys;2
6348;Thinking Of Ways;The Boo Radleys;2
6349;Upon 9th And Fairchild;The Boo Radleys;2
6350;Wish I Was Skinny;The Boo Radleys;2
6351;Ignition;The Charlatans;2
6352;Page One;The Charlatans;2
6353;Subtitle;The Charlatans;2
6354;The End of Everything;The Charlatans;2
6355;The Only One I Know;The Charlatans;2
6356;Tremelo Song;The Charlatans;2
6357;Asleep From Day;The Chemical Brothers;2
6358;Block Rockin' Beats;The Chemical Brothers;2
6359;Chemical Beats;The Chemical Brothers;2
6360;Don't Stop the Rock;The Chemical Brothers;2
6361;Dream On;The Chemical Brothers;2
6362;Music: Response;The Chemical Brothers;2
6363;Orange Wedge;The Chemical Brothers;2
6364;Song to the Siren;The Chemical Brothers;2
6365;The Sunshine Underground;The Chemical Brothers;2
6366;The Test;The Chemical Brothers;2
6367;Under The Influence;The Chemical Brothers;2
6368;Clash City Rockers;The Clash;2
6369;Jail Guitar Doors;The Clash;2
6370;Jimmy Jazz;The Clash;2
6371;London Calling;The Clash;2
6372;Bad Man;The Coral;2
6373;Calendars and Clocks;The Coral;2
6374;Dreaming of You;The Coral;2
6375;Goodbye;The Coral;2
6376;Shadows Fall;The Coral;2
6377;Simon Diamond;The Coral;2
6378;Skeleton Key;The Coral;2
6379;Time Travel;The Coral;2
6380;Waiting for the Heartaches;The Coral;2
6381;Wildfire;The Coral;2
6382;Fever;The Cramps;2
6383;Garbageman;The Cramps;2
6384;I Was a Teenage Werewolf;The Cramps;2
6385;I'm Cramped;The Cramps;2
6386;Mystery Plane;The Cramps;2
6387;Rock on the Moon;The Cramps;2
6388;Strychnine;The Cramps;2
6389;Sunglasses After Dark;The Cramps;2
6390;Tear It Up;The Cramps;2
6391;The Mad Daddy;The Cramps;2
6392;TV Set;The Cramps;2
6393;What's Behind the Mask;The Cramps;2
6394;Zombie Dance;The Cramps;2
6395;A Night Like This;The Cure;2
6396;A Thousand Hours;The Cure;2
6397;All Cats Are Grey;The Cure;2
6398;All I Want;The Cure;2
6399;Another Day;The Cure;2
6400;Carnage Visors: The Soundtrack;The Cure;2
6401;Catch;The Cure;2
6402;Close to Me;The Cure;2
6403;Closedown;The Cure;2
6404;Doubt;The Cure;2
6405;Fight;The Cure;2
6406;Foxy Lady;The Cure;2
6407;Hey You !!!;The Cure;2
6408;Hot Hot Hot !!!;The Cure;2
6409;How Beautiful You Are;The Cure;2
6410;Icing Sugar;The Cure;2
6411;If Only Tonight We Could Sleep;The Cure;2
6412;Inbetween Days;The Cure;2
6413;It's Not You;The Cure;2
6414;Jumping Someone Else's Train;The Cure;2
6415;Just Like Heaven;The Cure;2
6416;Killing An Arab (Bonus Track);The Cure;2
6417;Kyoto Song;The Cure;2
6418;Like Cockatoos;The Cure;2
6419;Meathook;The Cure;2
6420;Object;The Cure;2
6421;One More Time;The Cure;2
6422;Other Voices;The Cure;2
6423;Pictures of You;The Cure;2
6424;Plainsong;The Cure;2
6425;Plastic Passion;The Cure;2
6426;Push;The Cure;2
6427;Screw;The Cure;2
6428;Shiver and Shake;The Cure;2
6429;Sinking;The Cure;2
6430;Six Different Ways;The Cure;2
6431;The Baby Screams;The Cure;2
6432;The Blood;The Cure;2
6433;The Drowning Man;The Cure;2
6434;The Holy Hour;The Cure;2
6435;The Kiss;The Cure;2
6436;The Perfect Girl;The Cure;2
6437;The Snakepit;The Cure;2
6438;The Weedy Burton;The Cure;2
6439;Torture;The Cure;2
6440;Why Can't I Be You;The Cure;2
6441;Bohemian Like You;The Dandy Warhols;2
6442;All Rise;The Delgados;2
6443;All You Need Is Hate;The Delgados;2
6444;Child Killers;The Delgados;2
6445;Favours;The Delgados;2
6446;If This Is A Plan;The Delgados;2
6447;Never Look At The Sun;The Delgados;2
6448;The Drowning Years;The Delgados;2
6449;The Light Before We Land;The Delgados;2
6450;Woke From Dreaming;The Delgados;2
6451;Come Home Billy Bird;The Divine Comedy;2
6452;Build Me A Woman;The Doors;2
6453;Love Hides;The Doors;2
6454;Wake Up;The Doors;2
6455;All We Have Is Now;The Flaming Lips;2
6456;Approaching Pavonis Mons By Balloon;The Flaming Lips;2
6457;Are You a Hypnotist??;The Flaming Lips;2
6458;Do You Realize??;The Flaming Lips;2
6459;Ego Tripping at the Gates of Hell;The Flaming Lips;2
6460;In the Morning of the Magicians;The Flaming Lips;2
6461;It's Summertime;The Flaming Lips;2
6462;Yoshimi Battles The Pink Robots (Part 2);The Flaming Lips;2
6463;History Song;The Good, the Bad & the Queen;2
6464;Kingdom of Doom;The Good, the Bad & the Queen;2
6465;Nature Springs;The Good, the Bad & the Queen;2
6466;The Good, the Bad & the Queen;The Good, the Bad & the Queen;2
6467;Changing The Rain;The Horrors;2
6468;Dive In;The Horrors;2
6469;Do You Remember;The Horrors;2
6470;Endless Blue;The Horrors;2
6471;I Can See Through You;The Horrors;2
6472;I Can't Control Myself;The Horrors;2
6473;I Only Think of You;The Horrors;2
6474;Mirror's Image;The Horrors;2
6475;Monica Gems;The Horrors;2
6476;Moving Further Away;The Horrors;2
6477;New Ice Age;The Horrors;2
6478;Oceans Burning;The Horrors;2
6479;Primary Colours;The Horrors;2
6480;Scarlet Fields;The Horrors;2
6481;Sea Within a Sea;The Horrors;2
6482;Still Life;The Horrors;2
6483;Three Decades;The Horrors;2
6484;Who Can Say;The Horrors;2
6485;Wild Eyed;The Horrors;2
6486;You Said;The Horrors;2
6487;'A' Bomb in Wardour Street;The Jam;2
6488;All Mod Cons;The Jam;2
6489;Billy Hunt;The Jam;2
6490;Boy About Town;The Jam;2
6491;Bricks and Mortar;The Jam;2
6492;Burning Sky;The Jam;2
6493;David Watts;The Jam;2
6494;Down in the Tube Station at Midnight;The Jam;2
6495;English Rose;The Jam;2
6496;Fly;The Jam;2
6497;Girl on the Phone;The Jam;2
6498;In the Crowd;The Jam;2
6499;It's Too Bad;The Jam;2
6500;Little Boy Soldiers;The Jam;2
6501;Mr. Clean;The Jam;2
6502;Private Hell;The Jam;2
6503;Saturday's Kids;The Jam;2
6504;Smithers-Jones;The Jam;2
6505;Takin' My Love;The Jam;2
6506;The Eton Rifles;The Jam;2
6507;The Place I Love;The Jam;2
6508;Thick as Thieves;The Jam;2
6509;To Be Someone (Didn't We Have a Nice Time);The Jam;2
6510;Wasteland;The Jam;2
6511;About You;The Jesus and Mary Chain;2
6512;April Skies;The Jesus and Mary Chain;2
6513;Cherry Came Too;The Jesus and Mary Chain;2
6514;Fall;The Jesus and Mary Chain;2
6515;Nine Million Rainy Days;The Jesus and Mary Chain;2
6516;On the Wall;The Jesus and Mary Chain;2
6517;All These Things That I've Done;The Killers;2
6518;Andy, You're a Star;The Killers;2
6519;Believe Me Natalie;The Killers;2
6520;Change Your Mind;The Killers;2
6521;Everything Will Be Alright;The Killers;2
6522;Midnight Show;The Killers;2
6523;On Top;The Killers;2
6524;Berkeley Mews;The Kinks;2
6525;Days;The Kinks;2
6526;Gotta Get the First Plane Home;The Kinks;2
6527;I  Don't Need You Any More (Previously Unrealeased);The Kinks;2
6528;I Gotta Go Now;The Kinks;2
6529;I Gotta Move;The Kinks;2
6530;I'm Not Like Everybody Else;The Kinks;2
6531;I've Got That Feeling;The Kinks;2
6532;Louie, Louie;The Kinks;2
6533;Milk Cow Blues;The Kinks;2
6534;Mr. Songbird;The Kinks;2
6535;Ring the Bells;The Kinks;2
6536;Things Are Getting Better;The Kinks;2
6537;This Is Where I Belong;The Kinks;2
6538;To Much Monkey Business (Unrealeased Alternate Take);The Kinks;2
6539;When I See That Girl of Mine;The Kinks;2
6540;You Do Something To Me;The Kinks;2
6541;You Still Want Me;The Kinks;2
6542;Bad Habit;The Offspring;2
6543;Come Out and Play;The Offspring;2
6544;Genocide;The Offspring;2
6545;Gotta Get Away;The Offspring;2
6546;It'll Be a Long Time;The Offspring;2
6547;Killboy Powerhead;The Offspring;2
6548;Nitro (Youth Energy);The Offspring;2
6549;Not the One;The Offspring;2
6550;Self Esteem;The Offspring;2
6551;Smash;The Offspring;2
6552;So Alone;The Offspring;2
6553;Something to Believe In;The Offspring;2
6554;What Happened to You?;The Offspring;2
6555;Bring On The Night;The Police;2
6556;Canary In A Coalmine;The Police;2
6557;Contact;The Police;2
6558;Darkness;The Police;2
6559;Deathwish;The Police;2
6560;Demolition Man;The Police;2
6561;Does Everyone Stare;The Police;2
6562;Every Little Thing She Does Is Magic;The Police;2
6563;Hungry For You (J'Aurais Toujours Faim De Toi);The Police;2
6564;Invisible Sun;The Police;2
6565;It's Alright For You;The Police;2
6566;Message in a Bottle;The Police;2
6567;No Time This Time;The Police;2
6568;Omegaman;The Police;2
6569;On Any Other Day;The Police;2
6570;One World (Not Three);The Police;2
6571;Reggatta De Blanc;The Police;2
6572;Rehumanize Yourself;The Police;2
6573;Secret Journey;The Police;2
6574;Spirits in the Material World;The Police;2
6575;The Bed's Too Big Without You;The Police;2
6576;Too Much Information;The Police;2
6577;Walking on the Moon;The Police;2
6578;Brass in Pocket;The Pretenders;2
6579;Precious;The Pretenders;2
6580;Private Life;The Pretenders;2
6581;Space Invader;The Pretenders;2
6582;Stop Your Sobbing;The Pretenders;2
6583;Tattooed Love Boys;The Pretenders;2
6584;The Phone Call;The Pretenders;2
6585;Up The Neck;The Pretenders;2
6586;3 Kilos;The Prodigy;2
6587;Break & Enter;The Prodigy;2
6588;Charly (Trip Into Drum and Bass version);The Prodigy;2
6589;Claustrophobic Sting;The Prodigy;2
6590;Death of the Prodigy Dancers (live);The Prodigy;2
6591;Everybody in the Place (155 and Rising);The Prodigy;2
6592;Fire (Sunrise version);The Prodigy;2
6593;Hyperspeed (G-Force Part 2);The Prodigy;2
6594;Intro;The Prodigy;2
6595;Music Reach 1/2/3/4;The Prodigy;2
6596;One Love (edit);The Prodigy;2
6597;Out of Space;The Prodigy;2
6598;Poison;The Prodigy;2
6599;Ruff in the Jungle Bizness;The Prodigy;2
6600;Skylined;The Prodigy;2
6601;Speedway (Theme from Fastlane);The Prodigy;2
6602;The Heat (The Energy);The Prodigy;2
6603;Their Law (Featuring Pop Will Eat Itself);The Prodigy;2
6604;Weather Experience;The Prodigy;2
6605;Wind It Up;The Prodigy;2
6606;Your Love (remix);The Prodigy;2
6607;Ain't Too Proud To Beg;The Rolling Stones;2
6608;Angie;The Rolling Stones;2
6609;Cherry Oh Baby;The Rolling Stones;2
6610;Crazy Mama;The Rolling Stones;2
6611;Dance Little Sister;The Rolling Stones;2
6612;Dear Doctor;The Rolling Stones;2
6613;Doncha Bother Me;The Rolling Stones;2
6614;Fingerprint File;The Rolling Stones;2
6615;Flight 505;The Rolling Stones;2
6616;Fool to Cry;The Rolling Stones;2
6617;Goin' Home;The Rolling Stones;2
6618;Hand Of Fate;The Rolling Stones;2
6619;Hey Negrita;The Rolling Stones;2
6620;Hot Stuff;The Rolling Stones;2
6621;If You Can't Rock Me;The Rolling Stones;2
6622;If You Really Want To Be My Friend;The Rolling Stones;2
6623;Just Me Imagination;The Rolling Stones;2
6624;Luxury;The Rolling Stones;2
6625;Melody;The Rolling Stones;2
6626;Memory Motel;The Rolling Stones;2
6627;Out of Time;The Rolling Stones;2
6628;Parachute Woman;The Rolling Stones;2
6629;Short And Curlies;The Rolling Stones;2
6630;Till The Next Goodbye;The Rolling Stones;2
6631;Time Waits For No One;The Rolling Stones;2
6632;Annie-Dog;The Smashing Pumpkins;2
6633;Appels + Oranjes;The Smashing Pumpkins;2
6634;Beautiful;The Smashing Pumpkins;2
6635;Behold! The Night Mare;The Smashing Pumpkins;2
6636;Blank Page;The Smashing Pumpkins;2
6637;Bury Me;The Smashing Pumpkins;2
6638;Crestfallen;The Smashing Pumpkins;2
6639;Crush;The Smashing Pumpkins;2
6640;Daydream;The Smashing Pumpkins;2
6641;Disarm;The Smashing Pumpkins;2
6642;Geek U.S.A.;The Smashing Pumpkins;2
6643;Hummer;The Smashing Pumpkins;2
6644;I Am One;The Smashing Pumpkins;2
6645;Luna;The Smashing Pumpkins;2
6646;Mayonaise;The Smashing Pumpkins;2
6647;Muzzle;The Smashing Pumpkins;2
6648;Porcelina of the Vast Oceans;The Smashing Pumpkins;2
6649;Pug;The Smashing Pumpkins;2
6650;Quiet;The Smashing Pumpkins;2
6651;Rhinoceros;The Smashing Pumpkins;2
6652;Rocket;The Smashing Pumpkins;2
6653;Shame;The Smashing Pumpkins;2
6654;Silverfuck;The Smashing Pumpkins;2
6655;Snail;The Smashing Pumpkins;2
6656;Spaceboy;The Smashing Pumpkins;2
6657;Stumbleine;The Smashing Pumpkins;2
6658;Suffer;The Smashing Pumpkins;2
6659;Sweet Sweet;The Smashing Pumpkins;2
6660;Take Me Down;The Smashing Pumpkins;2
6661;Tales of a Scorched Earth;The Smashing Pumpkins;2
6662;Tear;The Smashing Pumpkins;2
6663;The Tale of Dusty and Pistol Pete;The Smashing Pumpkins;2
6664;This Time;The Smashing Pumpkins;2
6665;Thru the Eyes of Ruby;The Smashing Pumpkins;2
6666;Tristessa;The Smashing Pumpkins;2
6667;Try, Try, Try;The Smashing Pumpkins;2
6668;We Only Come Out at Night;The Smashing Pumpkins;2
6669;Window Paine;The Smashing Pumpkins;2
6670;X.Y.U.;The Smashing Pumpkins;2
6671;Barbarism Begins at Home;The Smiths;2
6672;Bigmouth Strikes Again;The Smiths;2
6673;Cemetry Gates;The Smiths;2
6674;Death of a Disco Dancer;The Smiths;2
6675;Girlfriend in a Coma;The Smiths;2
6676;Handsome Devil;The Smiths;2
6677;I Started Something I Couldn't Finish;The Smiths;2
6678;I Won't Share You;The Smiths;2
6679;Last Night I Dreamt That Somebody Loved Me;The Smiths;2
6680;Meat Is Murder;The Smiths;2
6681;Never Had No One Ever;The Smiths;2
6682;Please, Please, Please, Let Me Get What I Want;The Smiths;2
6683;The Hand That Rocks the Cradle;The Smiths;2
6684;This Night Has Opened My Eyes;The Smiths;2
6685;Well I Wonder;The Smiths;2
6686;Blank Expression;The Specials;2
6687;Do the Dog;The Specials;2
6688;Enjoy Yourself;The Specials;2
6689;Man at C & A;The Specials;2
6690;Nite Klub;The Specials;2
6691;War Crimes;The Specials;2
6692;Why?;The Specials;2
6693;When It Started;The Strokes;2
6694;Bustin' Surfboards;The Tornadoes;2
6695;A New Decade;The Verve;2
6696;A Northern Soul;The Verve;2
6697;Brainstorm Interlude;The Verve;2
6698;Drive You Home;The Verve;2
6699;History;The Verve;2
6700;No Knock On My Door;The Verve;2
6701;On Your Own;The Verve;2
6702;So It Goes;The Verve;2
6703;This Is Music;The Verve;2
6704;1969;The Vines;2
6705;Ain't No Room;The Vines;2
6706;Autumn Shade;The Vines;2
6707;Country Yard;The Vines;2
6708;Factory;The Vines;2
6709;Homesick;The Vines;2
6710;In the Jungle;The Vines;2
6711;Sunshinin;The Vines;2
6712;Ball and Biscuit;The White Stripes;2
6713;A Legal Matter;The Who;2
6714;Athena;The Who;2
6715;Blue, Red and Grey;The Who;2
6716;Dreaming from the Waist;The Who;2
6717;How Many Friends;The Who;2
6718;However Much I Booze;The Who;2
6719;I'm a Man;The Who;2
6720;I'm Free;The Who;2
6721;Imagine a Man;The Who;2
6722;In a Hand or a Face;The Who;2
6723;It's Not True;The Who;2
6724;La-La-La Lies;The Who;2
6725;Much Too Much;The Who;2
6726;Out in the Street;The Who;2
6727;Please, Please, Please;The Who;2
6728;Run Run Run;The Who;2
6729;Slip Kid;The Who;2
6730;Squeeze Box;The Who;2
6731;Success Story;The Who;2
6732;The Good's Gone;The Who;2
6733;The Kids Are Alright;The Who;2
6734;The Ox;The Who;2
6735;They Are All in Love;The Who;2
6736;Good Morning Little School Girl;The Yardbirds;2
6737;I Got Love If You Want It;The Yardbirds;2
6738;Smokestack Lightnin';The Yardbirds;2
6739;Too Much Monkey Business;The Yardbirds;2
6740;A Song For While I'm Away;Thin Lizzy;2
6741;Little Girl In Bloom;Thin Lizzy;2
6742;Black Swan;Thom Yorke;2
6743;Skip Divided;Thom Yorke;2
6744;The Clock;Thom Yorke;2
6745;4 Degrees;Tool;2
6746;Bottom;Tool;2
6747;Crawl Away;Tool;2
6748;Disgustipated;Tool;2
6749;Flood;Tool;2
6750;Intolerance;Tool;2
6751;Prison Sex;Tool;2
6752;Sober;Tool;2
6753;Swamp Song;Tool;2
6754;Undertow;Tool;2
6755;All I Want To Do Is Rock;Travis;2
6756;Good Day to Die;Travis;2
6757;The Line Is Fine;Travis;2
6758;U16 Girls;Travis;2
6759;Abbaon Fat Tracks;Tricky;2
6760;Aftermath;Tricky;2
6761;Black Steel;Tricky;2
6762;Brand New You're Retro;Tricky;2
6763;Feed Me;Tricky;2
6764;Hell Is Around The Corner;Tricky;2
6765;Overcome;Tricky;2
6766;Ponderosa;Tricky;2
6767;Pumpkin;Tricky;2
6768;Strugglin';Tricky;2
6769;Suffocated Love;Tricky;2
6770;You Don't;Tricky;2
6771;Discotheque;U2;2
6772;Exit;U2;2
6773;Some Days Are Better Than Others;U2;2
6774;A-Punk;Vampire Weekend;2
6775;Walcott;Vampire Weekend;2
6776;And It Stoned Me;Van Morrison;2
6777;Baby Please Don't Go;Van Morrison;2
6778;Bright Side Of The Road;Van Morrison;2
6779;Brown Eyed Girl;Van Morrison;2
6780;Did Ye Get Healed;Van Morrison;2
6781;Domino;Van Morrison;2
6782;Full Force Gale;Van Morrison;2
6783;Gloria;Van Morrison;2
6784;Have I Told You Lately;Van Morrison;2
6785;Here Comes The Night;Van Morrison;2
6786;Jackie Wilson Said;Van Morrison;2
6787;Moondance;Van Morrison;2
6788;Sweet Thing;Van Morrison;2
6789;Warm Love;Van Morrison;2
6790;Wonderful Remark;Van Morrison;2
6791;Vivir Para Contarlo;Violadores del Verso;2
6792;We're Just Friends;Wilco;2
6793;Bring da Ruckus;Wu-Tang Clan;2
6794;C.R.E.A.M.;Wu-Tang Clan;2
6795;Can It Be All So Simple;Wu-Tang Clan;2
6796;Clan in da Front;Wu-Tang Clan;2
6797;Da Mystery of Chessboxin';Wu-Tang Clan;2
6798;Shame on a Nigga;Wu-Tang Clan;2
6799;Wu-Tang Clan Ain't Nuthing Ta F' Wit;Wu-Tang Clan;2
6800;Wu-Tang: 7th Chamber;Wu-Tang Clan;2
6801;All Along the Watchtower;XTC;2
6802;Cross Wires;XTC;2
6803;Do What You Do;XTC;2
6804;I'll Set Myself On Fire;XTC;2
6805;I'm Bugged;XTC;2
6806;Into the Atom Age;XTC;2
6807;New Town Animal In A Furnished Cage;XTC;2
6808;Radios in Motion;XTC;2
6809;Statue Of Liberty;XTC;2
6810;This Is Pop;XTC;2
6811;Dragon Queen;Yeah Yeah Yeahs;2
6812;Dull Life;Yeah Yeah Yeahs;2
6813;Hysteric;Yeah Yeah Yeahs;2
6814;Little Shadow;Yeah Yeah Yeahs;2
6815;Runaway;Yeah Yeah Yeahs;2
6816;Shame and Fortune;Yeah Yeah Yeahs;2
6817;Skeletons;Yeah Yeah Yeahs;2
6818;Soft Shock;Yeah Yeah Yeahs;2
6819;America;Yes;2
6820;Cans and Brahms;Yes;2
6821;Five Per Cent for Nothing;Yes;2
6822;Heart of the Sunrise;Yes;2
6823;Long Distance Runaround;Yes;2
6824;Mood for a Day;Yes;2
6825;Roundabout;Yes;2
6826;Roundabout (early rough mix);Yes;2
6827;South Side of the Sky;Yes;2
6828;The Fish (Schindleria Praematurus);Yes;2
6829;We Have Heaven;Yes;2
6830;Cowboys;Portishead;1
6831;Elysium;Portishead;1
6832;Undenied;Portishead;1
6833;Europe Endless;Kraftwerk;1
6834;The Hall of Mirrors;Kraftwerk;1
6835;Showroom Dummies;Kraftwerk;1
6836;Metal on Metal;Kraftwerk;1
6837;Scarecrow;Pink Floyd;1
6838;Cybele's Reverie;Stereolab;1
6839;Les Yper-sound;Stereolab;1
6840;Spark Plug;Stereolab;1
6841;Emperor Tomato Ketchup;Stereolab;1
6842;Slow Fast Hazel;Stereolab;1
6843;Airwaves;Kraftwerk;1
6844;Antenna;Kraftwerk;1
6845;Geiger Counter;Kraftwerk;1
6846;Intermission;Kraftwerk;1
6847;News;Kraftwerk;1
6848;Ohm Sweet Ohm;Kraftwerk;1
6849;Radioland;Kraftwerk;1
6850;The Voice of Energy;Kraftwerk;1
6851;Transistor;Kraftwerk;1
6852;Uranium;Kraftwerk;1
6853;Gimme Danger;The Stooges;1
6854;I Need Somebody;The Stooges;1
6855;Ladies and Gentlemen We Are Floating in Space;Spiritualized;1
6856;So Long, Marianne;Leonard Cohen;1
6857;Ain't No Right;Jane's Addiction;1
6858;Obvious;Jane's Addiction;1
6859;Atmosphere;Joy Division;1
6860;Dead Souls;Joy Division;1
6861;Novelty;Joy Division;1
6862;Transmission;Joy Division;1
6863;Hallo Spaceboy;David Bowie;1
6864;O Maria;Beck;1
6865;Runners Dial Zero;Beck;1
6866;Sing It Again;Beck;1
6867;Static;Beck;1
6868;Search and Destroy;The Stooges;1
6869;Intro;De La Soul;1
6870;Old to Begin;Pavement;1
6871;Transport Is Arranged;Pavement;1
6872;Ágætis byrjun;Sigur Rós;1
6873;Avalon;Sigur Rós;1
6874;Flugufrelsarinn;Sigur Rós;1
6875;Intro;Sigur Rós;1
6876;Olsen Olsen;Sigur Rós;1
6877;Svefn-g-englar;Sigur Rós;1
6878;Secret Girl;Sonic Youth;1
6879;A Warm Place;Nine Inch Nails;1
6880;Something I Can Never Have;Nine Inch Nails;1
6881;Eye Know;De La Soul;1
6882;Hold It Now, Hit It;Beastie Boys;1
6883;The Ballad of John and Yoko;The Beatles;1
6884;Pimpf;Depeche Mode;1
6885;Something to Do;Depeche Mode;1
6886;Stripped;Depeche Mode;1
6887;Blasphemous Rumours;Depeche Mode;1
6888;Master and Servant;Depeche Mode;1
6889;People Are People;Depeche Mode;1
6890;Somebody;Depeche Mode;1
6891;Always On My Mind;Elvis Presley;1
6892;Don't Cry Daddy;Elvis Presley;1
6893;King Creole;Elvis Presley;1
6894;Moody Blue;Elvis Presley;1
6895;Wear My Ring Around Your Neck;Elvis Presley;1
6896;Part of the Process;Morcheeba;1
6897;Side;Travis;1
6898;After the Gold Rush;Neil Young;1
6899;Birds;Neil Young;1
6900;Cripple Creek Ferry;Neil Young;1
6901;Don't Let It Bring You Down;Neil Young;1
6902;Oh, Lonesome Me;Neil Young;1
6903;Only Love Can Break Your Heart;Neil Young;1
6904;Southern Man;Neil Young;1
6905;Till the Morning Comes;Neil Young;1
6906;I Believe in You;Neil Young;1
6907;A Man Needs a Maid;Neil Young;1
6908;Harvest;Neil Young;1
6909;Heart of Gold;Neil Young;1
6910;Old Man;Neil Young;1
6911;The Needle and the Damage Done;Neil Young;1
6912;Alabama;Neil Young;1
6913;Are You Ready for the Country?;Neil Young;1
6914;Out on the Weekend;Neil Young;1
6915;There's a World;Neil Young;1
6916;Horses in My Dreams;PJ Harvey;1
6917;Kamikaze;PJ Harvey;1
6918;This Is Love;PJ Harvey;1
6919;We Float;PJ Harvey;1
6920;You Said Something;PJ Harvey;1
6921;A Scanner Darkly;Primal Scream;1
6922;Autobahn 66;Primal Scream;1
6923;City;Primal Scream;1
6924;Deep Hit of Morning Sun;Primal Scream;1
6925;Detroit;Primal Scream;1
6926;Rise;Primal Scream;1
6927;Skull X;Primal Scream;1
6928;Some Velvet Morning;Primal Scream;1
6929;Space Blues #2;Primal Scream;1
6930;The Lord Is My Shotgun;Primal Scream;1
6931;Apache Rose Peacock;Red Hot Chili Peppers;1
6932;Blood Sugar Sex Magik;Red Hot Chili Peppers;1
6933;Give It Away;Red Hot Chili Peppers;1
6934;My Lovely Man;Red Hot Chili Peppers;1
6935;Naked in the Rain;Red Hot Chili Peppers;1
6936;The Greeting Song;Red Hot Chili Peppers;1
6937;The Righteous & The Wicked;Red Hot Chili Peppers;1
6938;Under the Bridge;Red Hot Chili Peppers;1
6939;4th of July;Soundgarden;1
6940;Fell on Black Days;Soundgarden;1
6941;Fresh Tendrils;Soundgarden;1
6942;Half;Soundgarden;1
6943;Head Down;Soundgarden;1
6944;Kickstand;Soundgarden;1
6945;Let Me Drown;Soundgarden;1
6946;Like Suicide;Soundgarden;1
6947;Limo Wreck;Soundgarden;1
6948;Mailman;Soundgarden;1
6949;My Wave;Soundgarden;1
6950;She Likes Surprises;Soundgarden;1
6951;Spoonman;Soundgarden;1
6952;Superunknown;Soundgarden;1
6953;The Day I Tried to Live;Soundgarden;1
6954;Crime of the Century;Supertramp;1
6955;Dreamer;Supertramp;1
6956;Rudy;Supertramp;1
6957;Life's An Ocean;The Verve;1
6958;Stormy Clouds;The Verve;1
6959;Expecting;The White Stripes;1
6960;Fell in Love With a Girl;The White Stripes;1
6961;Hotel Yorba;The White Stripes;1
6962;I Think I Smell a Rat;The White Stripes;1
6963;Little Room;The White Stripes;1
6964;Offend in Every Way;The White Stripes;1
6965;The Union Forever;The White Stripes;1
6966;We're Going to Be Friends;The White Stripes;1
6967;A quai;Yann Tiersen;1
6968;L'autre valse d'Amelie;Yann Tiersen;1
6969;Le Moulin;Yann Tiersen;1
6970;A Question of Lust;Depeche Mode;1
6971;A Question of Time;Depeche Mode;1
6972;Policy of Truth;Depeche Mode;1
6973;World in My Eyes;Depeche Mode;1
6974;Intro;Limp Bizkit;1
6975;Outro;Limp Bizkit;1
6976;Crazy Little Thing Called Love;Queen;1
6977;Flash;Queen;1
6978;Save Me;Queen;1
6979;Celebration Of The Lizard;The Doors;1
6980;Gloria;The Doors;1
6981;The Time Is Now;Moloko;1
6982;Candy Perfume Girl;Madonna;1
6983;Frozen;Madonna;1
6984;Little Star;Madonna;1
6985;Mer Girl;Madonna;1
6986;Nothing Really Matters;Madonna;1
6987;Ray of Light;Madonna;1
6988;Skin;Madonna;1
6989;Sky Fits Heaven;Madonna;1
6990;Swim;Madonna;1
6991;To Have and Not to Hold;Madonna;1
6992;4st 7lb;Manic Street Preachers;1
6993;Archives of Pain;Manic Street Preachers;1
6994;Mausoleum;Manic Street Preachers;1
6995;Of Walking Abortion;Manic Street Preachers;1
6996;Revol;Manic Street Preachers;1
6997;She Is Suffering;Manic Street Preachers;1
6998;Yes;Manic Street Preachers;1
6999;Give Me It;The Cure;1
7000;One Hundred Years;The Cure;1
7001;Hole in My Head;Australian Blonde;1
7002;Howlin' Down;Australian Blonde;1
7003;I'm Really Famous;Australian Blonde;1
7004;In Town;Australian Blonde;1
7005;It´s over;Australian Blonde;1
7006;My House;Australian Blonde;1
7007;Precious Love;Australian Blonde;1
7008;You Came;Australian Blonde;1
7009;Delivery;Babyshambles;1
7010;Anxiety;Bad Religion;1
7011;Automatic Man;Bad Religion;1
7012;Big Bang;Bad Religion;1
7013;Billy;Bad Religion;1
7014;Change of Ideas;Bad Religion;1
7015;Forbidden Beat;Bad Religion;1
7016;Henchman;Bad Religion;1
7017;I Want Something More;Bad Religion;1
7018;I Want to Conquer the World;Bad Religion;1
7019;It Must Look Pretty Appealing;Bad Religion;1
7020;Land of Competition;Bad Religion;1
7021;No Control;Bad Religion;1
7022;Progress;Bad Religion;1
7023;Sanity;Bad Religion;1
7024;Sometimes I Feel Like;Bad Religion;1
7025;The World Won't Stop;Bad Religion;1
7026;You;Bad Religion;1
7027;Casi Me Mato;Barón Rojo;1
7028;El Malo;Barón Rojo;1
7029;África;Barricada;1
7030;Alicia;Barricada;1
7031;Cada Noche;Barricada;1
7032;Da Igual Donde Acabar;Barricada;1
7033;Deja Que Esto No Acabe Nunca;Barricada;1
7034;Derriba;Barricada;1
7035;El Mejor De Tus Días;Barricada;1
7036;La Araña;Barricada;1
7037;La puerta de atrás;Barricada;1
7038;Ninguna Bandera;Barricada;1
7039;No Sé Bien Porqué;Barricada;1
7040;Para Llegar A Tu Cita;Barricada;1
7041;Revuelta De Piedras;Barricada;1
7042;Romper Mi Corazón;Barricada;1
7043;Sin Poderme Encontrar;Barricada;1
7044;Soy Tuyo;Barricada;1
7045;Tu Nombre;Barricada;1
7046;Vieja satisfacción;Barricada;1
7047;Dark Entries;Bauhaus;1
7048;Dive;Bauhaus;1
7049;Double Dare;Bauhaus;1
7050;God in an Alcove;Bauhaus;1
7051;In the Flat Field;Bauhaus;1
7052;Nerves;Bauhaus;1
7053;Small Talk Stinks;Bauhaus;1
7054;Spy in the Cab;Bauhaus;1
7055;St. Vitus Dance;Bauhaus;1
7056;Stigmata Martyr;Bauhaus;1
7057;Brass Monkey;Beastie Boys;1
7058;Girls;Beastie Boys;1
7059;Hold It Now, Hit It;Beastie Boys;1
7060;No Sleep Till Brooklyn;Beastie Boys;1
7061;Paul Revere;Beastie Boys;1
7062;Posse in Effect;Beastie Boys;1
7063;Rhymin and Stealin;Beastie Boys;1
7064;She's Crafty;Beastie Boys;1
7065;Slow Ride;Beastie Boys;1
7066;The New Style;Beastie Boys;1
7067;Derelict;Beck;1
7068;Devils Haircut;Beck;1
7069;Diskobox (International Only Bonus Track);Beck;1
7070;High 5 (Rock The Catskills);Beck;1
7071;Hotwax;Beck;1
7072;Jack-Ass;Beck;1
7073;Lord Only Knows;Beck;1
7074;Minus;Beck;1
7075;O Maria;Beck;1
7076;Ramshackle;Beck;1
7077;Readymade;Beck;1
7078;Runners Dial Zero;Beck;1
7079;Sing It Again;Beck;1
7080;Sissyneck;Beck;1
7081;Static;Beck;1
7082;The New Pollution;Beck;1
7083;Where It's At;Beck;1
7084;Country Lanes;Bee Gees;1
7085;Living Eyes;Bee Gees;1
7086;Stop (Think Again);Bee Gees;1
7087;Ease Your Feet in the Sea;Belle and Sebastian;1
7088;Is It Wicked Not to Care?;Belle and Sebastian;1
7089;It Could Have Been a Brilliant Career;Belle and Sebastian;1
7090;Sleep the Clock Around;Belle and Sebastian;1
7091;Eyes Without a Face;Billy Idol;1
7092;Reverend Black Grape;Black Grape;1
7093;All Moving Parts (Stand Still);Black Sabbath;1
7094;Am I Going Insane (Radio);Black Sabbath;1
7095;Back Street Kids;Black Sabbath;1
7096;Dirty Women;Black Sabbath;1
7097;Fairies Wear Boots;Black Sabbath;1
7098;Gypsy;Black Sabbath;1
7099;It's Alright;Black Sabbath;1
7100;Rock 'N' Roll Doctor;Black Sabbath;1
7101;She's Gone;Black Sabbath;1
7102;Shock Wave;Black Sabbath;1
7103;Sleeping Village;Black Sabbath;1
7104;The Writ + Blow on a Jug;Black Sabbath;1
7105;Warning;Black Sabbath;1
7106;You Won't Change Me;Black Sabbath;1
7107;A Past and Future Secret;Blind Guardian;1
7108;And the Story Ends;Blind Guardian;1
7109;Another Holy War;Blind Guardian;1
7110;Born In A Mourning Hall;Blind Guardian;1
7111;Bright Eyes;Blind Guardian;1
7112;I'm Alive;Blind Guardian;1
7113;Imaginations from the Other Side;Blind Guardian;1
7114;Mordred's Song;Blind Guardian;1
7115;The Script for My Requiem;Blind Guardian;1
7116;What's My Age Again?;blink-182;1
7117;(I'm Always Touched By Your) Presence Dear;Blondie;1
7118;A Shark In Jets Clothing;Blondie;1
7119;Accidents Never Happen;Blondie;1
7120;Bermuda Triangle Blues (Flight 45);Blondie;1
7121;Cautious Lip;Blondie;1
7122;Contact in Red Square;Blondie;1
7123;Denis;Blondie;1
7124;Detroit 442;Blondie;1
7125;Die Young Stay Pretty;Blondie;1
7126;Eat to the Beat;Blondie;1
7127;Fan Mail;Blondie;1
7128;I Didn't Have the Nerve to Say No;Blondie;1
7129;I'm on E;Blondie;1
7130;In the Flesh;Blondie;1
7131;In the Sun;Blondie;1
7132;Kidnapper;Blondie;1
7133;Kung Fu Girls;Blondie;1
7134;Little Girl Lies;Blondie;1
7135;Living In The Real World;Blondie;1
7136;Look Good in Blue;Blondie;1
7137;Love at the Pier;Blondie;1
7138;Man Overboard;Blondie;1
7139;No Imagination;Blondie;1
7140;Rifle Range;Blondie;1
7141;Rip Her to Shreds;Blondie;1
7142;Slow Motion;Blondie;1
7143;Sound-A-Sleep;Blondie;1
7144;The Attack Of The Giant Ants;Blondie;1
7145;Victor;Blondie;1
7146;X Offender;Blondie;1
7147;Youth Nabbed as Sniper;Blondie;1
7148;Bang (Extended Version);Blur;1
7149;Beagle 2;Blur;1
7150;Beetlebum (Live Acoustic Version);Blur;1
7151;Beetlebum (Moby's Mix);Blur;1
7152;Chemical World (including 'Intermission');Blur;1
7153;Colin Zeal [Live At Wolverhampton Civic Hall 6-9-2012];Blur;1
7154;Country House (Live);Blur;1
7155;Death of a Party (7'' Remix);Blur;1
7156;Eine Kleine Lift Musik;Blur;1
7157;End of a Century (Acoustic Version);Blur;1
7158;Es Schmecht;Blur;1
7159;For Tomorrow (Live);Blur;1
7160;French Song;Blur;1
7161;Girls And Boys (Live);Blur;1
7162;Girls and Boys (Pet Shop Boys 12'' Remix);Blur;1
7163;Hanging Over;Blur;1
7164;I Got Law (Demo);Blur;1
7165;Jubilee (Acoustic, BBC Live Version);Blur;1
7166;Maggie May;Blur;1
7167;Me, White Noise (Alternate Version);Blur;1
7168;Morricone;Blur;1
7169;Movin' On (William Orbit Mix);Blur;1
7170;Mr Briggs [BBC Maida Vale Session];Blur;1
7171;Parklife (Acoustic, BBC Live Version);Blur;1
7172;Red Necks;Blur;1
7173;So You;Blur;1
7174;Some Glad Morning;Blur;1
7175;The Man Who Left Himself;Blur;1
7176;The Outsider;Blur;1
7177;The Puritan [Live from 13 - Matt Butcher Mix];Blur;1
7178;There's No Other Way (Blur Remix);Blur;1
7179;To the End (French Version);Blur;1
7180;Trade Stylee (Alex's Bugman Remix);Blur;1
7181;Under the Westway (acoustic);Blur;1
7182;Under The Westway (Instrumental);Blur;1
7183;Under the Westway [Live from 13 - Matt Butcher Mix];Blur;1
7184;Under the Westway/Commercial Break;Blur;1
7185;When the Cows Come Home;Blur;1
7186;Young & Lovely;Blur;1
7187;Young and Lovely [Live At Wolverhampton Civic Hall 6-9-2012];Blur;1
7188;A Hard Rain's a-Gonna Fall;Bob Dylan;1
7189;Blowin' in the Wind;Bob Dylan;1
7190;Bob Dylan's 115th Dream;Bob Dylan;1
7191;Bob Dylan's Blues;Bob Dylan;1
7192;Boots of Spanish Leather;Bob Dylan;1
7193;Down the Highway;Bob Dylan;1
7194;Gates of Eden;Bob Dylan;1
7195;Girl From the North Country;Bob Dylan;1
7196;It's All Over Now, Baby Blue;Bob Dylan;1
7197;It's Alright, Ma (I'm Only Bleeding);Bob Dylan;1
7198;Love Minus Zero, No Limit;Bob Dylan;1
7199;Maggie's Farm;Bob Dylan;1
7200;Masters of War;Bob Dylan;1
7201;Mr. Tambourine Man;Bob Dylan;1
7202;North Country Blues;Bob Dylan;1
7203;On the Road Again;Bob Dylan;1
7204;One Too Many Mornings;Bob Dylan;1
7205;Only a Pawn in Their Game;Bob Dylan;1
7206;Outlaw Blues;Bob Dylan;1
7207;Restless Farewell;Bob Dylan;1
7208;She Belongs to Me;Bob Dylan;1
7209;Subterranean Homesick Blues;Bob Dylan;1
7210;The Lonesome Death of Hattie Carroll;Bob Dylan;1
7211;When the Ship Comes In;Bob Dylan;1
7212;Cría Cuervos;Boikot;1
7213;Cuentos Immorales;Boikot;1
7214;El Anarka De Noe;Boikot;1
7215;El Estado del ''Malestar'';Boikot;1
7216;Fausto Holokausto;Boikot;1
7217;Happy Money;Boikot;1
7218;La Noche Más Larga;Boikot;1
7219;La Pantera Roja;Boikot;1
7220;Los Ojos de la Calle;Boikot;1
7221;Piromanía;Boikot;1
7222;Saltando Ska-Lones;Boikot;1
7223;Segunda Sesión;Boikot;1
7224;SerrindeMadriz;Boikot;1
7225;Sinfonía de Pitos y Claxones;Boikot;1
7226;4th of July, Asbury Park;Bruce Springsteen;1
7227;Adam Raised a Cain;Bruce Springsteen;1
7228;Badlands;Bruce Springsteen;1
7229;Bobby Jean;Bruce Springsteen;1
7230;Cadillac Ranch;Bruce Springsteen;1
7231;Candy's Room;Bruce Springsteen;1
7232;Cover Me;Bruce Springsteen;1
7233;Dancing in the Dark;Bruce Springsteen;1
7234;Darkness on the Edge of Town;Bruce Springsteen;1
7235;Darlington County;Bruce Springsteen;1
7236;Does This Bus Stop At 82nd Street;Bruce Springsteen;1
7237;Downbound Train;Bruce Springsteen;1
7238;Drive All Night;Bruce Springsteen;1
7239;Factory;Bruce Springsteen;1
7240;Fade Away;Bruce Springsteen;1
7241;For You;Bruce Springsteen;1
7242;Glory Days;Bruce Springsteen;1
7243;I'm a Rocker;Bruce Springsteen;1
7244;I'm Goin' Down;Bruce Springsteen;1
7245;I'm on Fire;Bruce Springsteen;1
7246;Incident on 57th Street;Bruce Springsteen;1
7247;Independence Day;Bruce Springsteen;1
7248;It's Hard to Be a Saint in the City;Bruce Springsteen;1
7249;Jackson Cage;Bruce Springsteen;1
7250;Kitty's Back;Bruce Springsteen;1
7251;Lost in the Flood;Bruce Springsteen;1
7252;Mary Queen of Arkansas;Bruce Springsteen;1
7253;My Hometown;Bruce Springsteen;1
7254;New York City Serenade;Bruce Springsteen;1
7255;No Surrender;Bruce Springsteen;1
7256;Point Blank;Bruce Springsteen;1
7257;Prove It All Night;Bruce Springsteen;1
7258;Racing in the Street;Bruce Springsteen;1
7259;Ramrod;Bruce Springsteen;1
7260;Rosalita (Come Out Tonight);Bruce Springsteen;1
7261;Sherry Darling;Bruce Springsteen;1
7262;Something in the Night;Bruce Springsteen;1
7263;Spirit in the Night;Bruce Springsteen;1
7264;Stolen Car;Bruce Springsteen;1
7265;Streets of Fire;Bruce Springsteen;1
7266;The Angel;Bruce Springsteen;1
7267;The E Street Shuffle;Bruce Springsteen;1
7268;The Price You Pay;Bruce Springsteen;1
7269;The Promised Land;Bruce Springsteen;1
7270;The Ties That Bind;Bruce Springsteen;1
7271;Two Hearts;Bruce Springsteen;1
7272;Wild Billy's Circus Story;Bruce Springsteen;1
7273;Working on the Highway;Bruce Springsteen;1
7274;Wreck on the Highway;Bruce Springsteen;1
7275;Zed's Dead, Baby/Bullwinkle,;Bruce Willis;1
7276;(You're so Square) Baby I Don't Care;Buddy Holly;1
7277;Early In The Morning;Buddy Holly;1
7278;Everyday;Buddy Holly;1
7279;Fool's Paradise;Buddy Holly;1
7280;Girl On My Mind;Buddy Holly;1
7281;Heartbeat;Buddy Holly;1
7282;I'm Gonna Love You Too;Buddy Holly;1
7283;I'm Lookin' for Someone to Love;Buddy Holly;1
7284;It Doesn't Matter Anymore;Buddy Holly;1
7285;It's so Easy;Buddy Holly;1
7286;It's Too Late;Buddy Holly;1
7287;Last Night;Buddy Holly;1
7288;Listen To Me;Buddy Holly;1
7289;Little Baby;Buddy Holly;1
7290;Lonesome Tears;Buddy Holly;1
7291;Look At Me;Buddy Holly;1
7292;Love Me;Buddy Holly;1
7293;Midnight Shift;Buddy Holly;1
7294;Not Fade Away;Buddy Holly;1
7295;Now We're One;Buddy Holly;1
7296;Oh, Boy!;Buddy Holly;1
7297;Rave On;Buddy Holly;1
7298;Ready Teddy;Buddy Holly;1
7299;Rock Around With Ollie Vee (No Saxophone);Buddy Holly;1
7300;Send Me Some Lovin';Buddy Holly;1
7301;Take Your Time;Buddy Holly;1
7302;Tell Me How;Buddy Holly;1
7303;That'll Be The Day (1957 Million Selling Version);Buddy Holly;1
7304;Ting-A-Ling;Buddy Holly;1
7305;Valley Of Tears;Buddy Holly;1
7306;Well... All Right;Buddy Holly;1
7307;Words Of Love;Buddy Holly;1
7308;You Are My One Desire;Buddy Holly;1
7309;Jim Dinamita;Burning;1
7310;loco por ti (penny);Burning;1
7311;Madrid;Burning;1
7312;Miéntelas;Burning;1
7313;Rock 'n' Roll Mama;Burning;1
7314;Sin Tiempo para Vivir;Burning;1
7315;El perdido;Café Quijano;1
7316;En algún rincón;Café Quijano;1
7317;En Aquel Hotel Jamaicano;Café Quijano;1
7318;En mis Besos;Café Quijano;1
7319;Falsas promesas;Café Quijano;1
7320;Hablando a un cristal;Café Quijano;1
7321;Lágrimas de miel;Café Quijano;1
7322;Los locos;Café Quijano;1
7323;Morenita;Café Quijano;1
7324;Otra Vez (Qué pena de mí);Café Quijano;1
7325;Qué le Debo a la Vida;Café Quijano;1
7326;Qué Poca Cosa;Café Quijano;1
7327;Sangre Negra;Café Quijano;1
7328;Vete de mí;Café Quijano;1
7329;Algo más;Camilo Sesto;1
7330;Con el Viento a Tu Favor;Camilo Sesto;1
7331;Day After Day (Aleluya);Camilo Sesto;1
7332;El Amor De Mi Vida;Camilo Sesto;1
7333;En Valencia;Camilo Sesto;1
7334;Llueve Sobre Mojado;Camilo Sesto;1
7335;Qué difícil es ser feliz;Camilo Sesto;1
7336;Recuérdame;Camilo Sesto;1
7337;Todo por Nada;Camilo Sesto;1
7338;Vagabundo;Camilo Sesto;1
7339;Andou Voce;Carlos Lyra;1
7340;18th Avenue (Kansas City Nightmare);Cat Stevens;1
7341;Freezing Steel;Cat Stevens;1
7342;O' Caritas;Cat Stevens;1
7343;¿Qué voy a hacer yo?;Celtas Cortos;1
7344;A Saber;Celtas Cortos;1
7345;Cadencia de Lava;Celtas Cortos;1
7346;Cuéntame un Cuento (Con Willy de Ville);Celtas Cortos;1
7347;En estos días inciertos;Celtas Cortos;1
7348;Frontera;Celtas Cortos;1
7349;Hacha de Guerra (Remix);Celtas Cortos;1
7350;Botes De Humo;Cicatriz;1
7351;Cuidado Burócratas;Cicatriz;1
7352;Desobediencia;Cicatriz;1
7353;En Comisaría;Cicatriz;1
7354;Enemigo Público;Cicatriz;1
7355;Esto Saldrá Bien;Cicatriz;1
7356;Fuck Furcias;Cicatriz;1
7357;Goma 2;Cicatriz;1
7358;Horacio;Cicatriz;1
7359;Hoy En Un Lugar;Cicatriz;1
7360;Inadaptados;Cicatriz;1
7361;Loco;Cicatriz;1
7362;Reggae del vómito;Cicatriz;1
7363;Sacrilegio;Cicatriz;1
7364;Txota;Cicatriz;1
7365;Freddy, My Love;Cindy Bullens;1
7366;It's Raining On Prom Night;Cindy Bullens;1
7367;Mooning;Cindy Bullens;1
7368;A Message;Coldplay;1
7369;Amsterdam;Coldplay;1
7370;How You See The World (Bonus Track);Coldplay;1
7371;Square One;Coldplay;1
7372;The Scientist;Coldplay;1
7373;Warning Sign;Coldplay;1
7374;Brimful of Asha [Norman Cook Remix];Cornershop;1
7375;Blue Condition;Cream;1
7376;Mother's Lament;Cream;1
7377;Outside Woman Blues;Cream;1
7378;SWLABR (She Was Like A Bearded Rainbow);Cream;1
7379;Take It Back;Cream;1
7380;Tales of Brave Ulysses;Cream;1
7381;We're Going Wrong;Cream;1
7382;Born To Move;Creedence Clearwater Revival;1
7383;Chameleon;Creedence Clearwater Revival;1
7384;Door To Door;Creedence Clearwater Revival;1
7385;Have You Ever Seen the Rain;Creedence Clearwater Revival;1
7386;Hello Mary Lou;Creedence Clearwater Revival;1
7387;Hey Tonight;Creedence Clearwater Revival;1
7388;Hideaway (I Wish I Could);Creedence Clearwater Revival;1
7389;It's Just A Thought;Creedence Clearwater Revival;1
7390;Molina;Creedence Clearwater Revival;1
7391;Need Someone To Hold;Creedence Clearwater Revival;1
7392;Rude Awakening #2;Creedence Clearwater Revival;1
7393;Sailor's Lament;Creedence Clearwater Revival;1
7394;Someday Never Comes;Creedence Clearwater Revival;1
7395;Sweet Hitch-Hiker;Creedence Clearwater Revival;1
7396;Take It Like A Friend;Creedence Clearwater Revival;1
7397;Tearin' Up The Country;Creedence Clearwater Revival;1
7398;What Are You Gonna Do;Creedence Clearwater Revival;1
7399;Can't Carry On;Crowded House;1
7400;Hole in the River;Crowded House;1
7401;I Walk Away;Crowded House;1
7402;Love You 'Til the Day I Die;Crowded House;1
7403;Something So Strong;Crowded House;1
7404;That's What I Call Love;Crowded House;1
7405;Tombstone;Crowded House;1
7406;Child I Will Hurt You;Crystal Castles;1
7407;Mercenary;Crystal Castles;1
7408;Telepath;Crystal Castles;1
7409;Insane in the Brain;Cypress Hill;1
7410;Alive;Daft Punk;1
7411;Emotion;Daft Punk;1
7412;Funk Ad;Daft Punk;1
7413;Human After All;Daft Punk;1
7414;Make Love;Daft Punk;1
7415;Robot Rock;Daft Punk;1
7416;Steam Machine;Daft Punk;1
7417;Technologic;Daft Punk;1
7418;Television Rules the Nation;Daft Punk;1
7419;The Brainwasher;Daft Punk;1
7420;The Prime Time of Your Life;Daft Punk;1
7421;Apple Carts;Damon Albarn;1
7422;Le Relax;Damon Albarn;1
7423;Makelekele;Damon Albarn;1
7424;O Spirit, Animate Us;Damon Albarn;1
7425;Spoons;Damon Albarn;1
7426;The Djembe;Damon Albarn;1
7427;The Golden Dawn;Damon Albarn;1
7428;The Marvelous Dream;Damon Albarn;1
7429;The Moon Exalted;Damon Albarn;1
7430;The Nearer the Fountain the More Pure the Stream Flows;Damon Albarn;1
7431;'87 and Cry;David Bowie;1
7432;(You Will) Set the World on Fire;David Bowie;1
7433;01.Speed Of Life;David Bowie;1
7434;04.Sound and Vision;David Bowie;1
7435;06.Be My Wife;David Bowie;1
7436;06.Wild IsThe Wind;David Bowie;1
7437;07.A New Career In A New Town;David Bowie;1
7438;Abdulmajid (Previously unreleased, 1976-79);David Bowie;1
7439;All Saints (Bonus Track);David Bowie;1
7440;An Occasional Dream;David Bowie;1
7441;Bang Bang;David Bowie;1
7442;Battle for Britain (The Letter);David Bowie;1
7443;Beat Of Your Drum;David Bowie;1
7444;Boss of Me;David Bowie;1
7445;Brilliant Adventure;David Bowie;1
7446;Cygnet Committee;David Bowie;1
7447;Dancing Out in Space;David Bowie;1
7448;Day-In Day-Out;David Bowie;1
7449;Dead Man Walking;David Bowie;1
7450;Dirty Boys;David Bowie;1
7451;Girls;David Bowie;1
7452;Glass Spider;David Bowie;1
7453;Hallo Spaceboy;David Bowie;1
7454;Heat;David Bowie;1
7455;How Does the Grass Grow?;David Bowie;1
7456;I Can't Explain;David Bowie;1
7457;I'm Afraid of Americans;David Bowie;1
7458;I’d Rather Be High;David Bowie;1
7459;If You Can See Me;David Bowie;1
7460;Joe The Lion (Remix Version, 1991);David Bowie;1
7461;John, I'm Only Dancing Again (Single A-Side Recorded 1974);David Bowie;1
7462;Julie;David Bowie;1
7463;Law (Earthlings on Fire);David Bowie;1
7464;Little Bombadier;David Bowie;1
7465;Looking for Satellites;David Bowie;1
7466;Love Is Lost;David Bowie;1
7467;Love You Till Tuesday;David Bowie;1
7468;Memory of a Free Festival;David Bowie;1
7469;Never Let Me Down;David Bowie;1
7470;New Angels Of Promise;David Bowie;1
7471;New York's In Love;David Bowie;1
7472;Quicksand (2);David Bowie;1
7473;Rubber Band;David Bowie;1
7474;Sell Me a Coat;David Bowie;1
7475;Seven Years in Tibet;David Bowie;1
7476;Shining Star (Makin' My Love);David Bowie;1
7477;Some Are (bonus track);David Bowie;1
7478;Sound and Vision (remix);David Bowie;1
7479;Space Oddity (Demo);David Bowie;1
7480;Telling Lies;David Bowie;1
7481;The Bewlay Brothers (2);David Bowie;1
7482;The Dreamers;David Bowie;1
7483;The Last Thing You Should Do;David Bowie;1
7484;The Next Day;David Bowie;1
7485;The Pretty Things Are Going To Hell;David Bowie;1
7486;The Stars (Are Out Tonight);David Bowie;1
7487;There Is a Happy Land;David Bowie;1
7488;Time Will Crawl;David Bowie;1
7489;Uncle Arthur;David Bowie;1
7490;We Are Hungry Men;David Bowie;1
7491;What's Really Happening?;David Bowie;1
7492;When I Live My Dream;David Bowie;1
7493;When the Wind Blows;David Bowie;1
7494;You Feel So Lonely You Could Die;David Bowie;1
7495;Zeroes;David Bowie;1
7496;A Little Bit of Soap;De La Soul;1
7497;Buddy;De La Soul;1
7498;Can U Keep a Secret;De La Soul;1
7499;Change in Speak;De La Soul;1
7500;Cool Breeze on the Rocks;De La Soul;1
7501;D.A.I.S.Y. Age;De La Soul;1
7502;De La Orgee;De La Soul;1
7503;Description;De La Soul;1
7504;Do as De La Does;De La Soul;1
7505;Eye Know;De La Soul;1
7506;Ghetto Thang;De La Soul;1
7507;I Can Do Anything (Delacratic);De La Soul;1
7508;Intro;De La Soul;1
7509;Jenifa Taught Me (Derwin's Revenge);De La Soul;1
7510;Me Myself and I;De La Soul;1
7511;Plug Tunin;De La Soul;1
7512;Plug Tunin (Last Chance To Comprehend);De La Soul;1
7513;Potholes in My Lawn;De La Soul;1
7514;Say No Go;De La Soul;1
7515;Take It Off;De La Soul;1
7516;This is a Recording 4 Living in a Fulltime Era (L.I.F.E.);De La Soul;1
7517;Transmitting Live From Mars;De La Soul;1
7518;Tread Water;De La Soul;1
7519;A Lack of Color;Death Cab for Cutie;1
7520;Death of an Interior Decorator;Death Cab for Cutie;1
7521;Expo '86;Death Cab for Cutie;1
7522;Passenger Seat;Death Cab for Cutie;1
7523;The Sound of Settling;Death Cab for Cutie;1
7524;Tiny Vessels;Death Cab for Cutie;1
7525;Title and Registration;Death Cab for Cutie;1
7526;Transatlanticism;Death Cab for Cutie;1
7527;We Looked Like Giants;Death Cab for Cutie;1
7528;El Sexo Tenía Un Precio;Decibelios;1
7529;Fill de Puta;Decibelios;1
7530;Local 15 Visitante 0;Decibelios;1
7531;Matar o Morir;Decibelios;1
7532;Mi barrio;Decibelios;1
7533;Putrefacto;Decibelios;1
7534;Seminarista y los Boy-scouts;Decibelios;1
7535;Soc Un Upstart;Decibelios;1
7536;Voca Da Dios;Decibelios;1
7537;Voca De Dios;Decibelios;1
7538;Bloodsucker;Deep Purple;1
7539;Child in Time;Deep Purple;1
7540;Flight of the Rat;Deep Purple;1
7541;Hard Lovin' Man;Deep Purple;1
7542;Into The Fire;Deep Purple;1
7543;Living Wreck;Deep Purple;1
7544;Mary Long;Deep Purple;1
7545;Our Lady;Deep Purple;1
7546;Place in Line;Deep Purple;1
7547;Rat Bat Blue;Deep Purple;1
7548;Smooth Dancer;Deep Purple;1
7549;Speed King;Deep Purple;1
7550;Super Trouper;Deep Purple;1
7551;Woman From Tokyo;Deep Purple;1
7552;Armas pal pueblo;Def con Dos;1
7553;Capitán Araña;Def con Dos;1
7554;Ciudadano Terrorista;Def con Dos;1
7555;Coprofagia;Def con Dos;1
7556;De Cacería;Def con Dos;1
7557;Def Con Dos (1ª Parte);Def con Dos;1
7558;Def Con Dos (2ª Parte);Def con Dos;1
7559;Duro y a la encía;Def con Dos;1
7560;El Asesino del Mes;Def con Dos;1
7561;El Coche No;Def con Dos;1
7562;Errores médicos I;Def con Dos;1
7563;Errores médicos II;Def con Dos;1
7564;Fight For Your Right (Bebe y Lucha);Def con Dos;1
7565;G.I. Joe.;Def con Dos;1
7566;Garaipena;Def con Dos;1
7567;Juguemos con objetos punzantes;Def con Dos;1
7568;La Cotorra Criolla;Def con Dos;1
7569;Los reyes son los padres;Def con Dos;1
7570;Magnicidio;Def con Dos;1
7571;Mensaje;Def con Dos;1
7572;No Me Siga, Tonto;Def con Dos;1
7573;Que Dice La Gente IV;Def con Dos;1
7574;Que Te Fagorishen;Def con Dos;1
7575;Quiero la Cabeza de Alfredo García;Def con Dos;1
7576;Salman Rushdie;Def con Dos;1
7577;Toponoto blues;Def con Dos;1
7578;Tu Si Que Eres Tontorron;Def con Dos;1
7579;Vasos Comunicantes;Def con Dos;1
7580;Victoria;Def con Dos;1
7581;Comin' Under Fire;Def Leppard;1
7582;Foolin';Def Leppard;1
7583;Rock of Ages;Def Leppard;1
7584;7 Words;Deftones;1
7585;Birthmark;Deftones;1
7586;Bored;Deftones;1
7587;Engine No. 9;Deftones;1
7588;Fireal;Deftones;1
7589;Fist;Deftones;1
7590;Lifter;Deftones;1
7591;Minus Blindfold;Deftones;1
7592;Nosebleed;Deftones;1
7593;One Weak;Deftones;1
7594;Root;Deftones;1
7595;A Question of Lust;Depeche Mode;1
7596;A Question of Time;Depeche Mode;1
7597;Black Celebration;Depeche Mode;1
7598;Blasphemous Rumours;Depeche Mode;1
7599;Blue Dress;Depeche Mode;1
7600;Clean;Depeche Mode;1
7601;Dressed in Black;Depeche Mode;1
7602;Fly on the Windscreen (Final);Depeche Mode;1
7603;Halo;Depeche Mode;1
7604;Here Is the House;Depeche Mode;1
7605;If You Want;Depeche Mode;1
7606;It Doesn't Matter;Depeche Mode;1
7607;It Doesn't Matter Two;Depeche Mode;1
7608;Lie To Me;Depeche Mode;1
7609;Master and Servant;Depeche Mode;1
7610;New Dress;Depeche Mode;1
7611;People Are People;Depeche Mode;1
7612;Pimpf;Depeche Mode;1
7613;Policy of Truth;Depeche Mode;1
7614;Somebody;Depeche Mode;1
7615;Something to Do;Depeche Mode;1
7616;Sometimes;Depeche Mode;1
7617;Stories of Old;Depeche Mode;1
7618;Stripped;Depeche Mode;1
7619;Sweetest Perfection;Depeche Mode;1
7620;To Have and to Hold;Depeche Mode;1
7621;World Full of Nothing;Depeche Mode;1
7622;World in My Eyes;Depeche Mode;1
7623;Don't;Dinosaur Jr.;1
7624;Keep The Glove;Dinosaur Jr.;1
7625;Let It Ride;Dinosaur Jr.;1
7626;Yeah We Know;Dinosaur Jr.;1
7627;Bring Out the Gimp/Comanche;Duane Whitaker;1
7628;Son of a Preacher Man;Dusty Springfield;1
7629;All That Jazz;Echo & the Bunnymen;1
7630;Angels and Devils;Echo & the Bunnymen;1
7631;Clay;Echo & the Bunnymen;1
7632;Crocodiles;Echo & the Bunnymen;1
7633;Crystal Days;Echo & the Bunnymen;1
7634;Do It Clean;Echo & the Bunnymen;1
7635;Going Up;Echo & the Bunnymen;1
7636;Happy Death Men;Echo & the Bunnymen;1
7637;Heads Will Roll;Echo & the Bunnymen;1
7638;Higher Hell;Echo & the Bunnymen;1
7639;Monkeys;Echo & the Bunnymen;1
7640;My Kingdom;Echo & the Bunnymen;1
7641;My White Devil;Echo & the Bunnymen;1
7642;Nocturnal Me;Echo & the Bunnymen;1
7643;Nothing Lasts Forever;Echo & the Bunnymen;1
7644;Ocean Rain;Echo & the Bunnymen;1
7645;Pictures on My Wall;Echo & the Bunnymen;1
7646;Porcupine;Echo & the Bunnymen;1
7647;Pride;Echo & the Bunnymen;1
7648;Read It in Books;Echo & the Bunnymen;1
7649;Rescue;Echo & the Bunnymen;1
7650;Ripeness;Echo & the Bunnymen;1
7651;Silver;Echo & the Bunnymen;1
7652;Simple Stuff;Echo & the Bunnymen;1
7653;Stars Are Stars;Echo & the Bunnymen;1
7654;The Back of Love;Echo & the Bunnymen;1
7655;The Cutter;Echo & the Bunnymen;1
7656;The Yo Yo Man;Echo & the Bunnymen;1
7657;Thorn of Crowns;Echo & the Bunnymen;1
7658;Villiers Terrace;Echo & the Bunnymen;1
7659;Avant nous;Édith Piaf;1
7660;Bravo pour le clown;Édith Piaf;1
7661;C'est l'amour;Édith Piaf;1
7662;Hymne à l'amour;Édith Piaf;1
7663;L'Accordéoniste;Édith Piaf;1
7664;Le Bleu De Tes Yeux;Édith Piaf;1
7665;Le Goulante De Pauvre Jean;Édith Piaf;1
7666;Les croix;Édith Piaf;1
7667;Non, je ne regrette rien;Édith Piaf;1
7668;Notre-Dame de Paris;Édith Piaf;1
7669;Sous le ciel de Paris;Édith Piaf;1
7670;T'es beau tu sais;Édith Piaf;1
7671;Nuclear, sí;El Aviador Dro;1
7672;9:30 El Remix;El Club de los Poetas Violentos;1
7673;9:30 p.m.;El Club de los Poetas Violentos;1
7674;De cacería;El Club de los Poetas Violentos;1
7675;El Funeral;El Club de los Poetas Violentos;1
7676;El Parto;El Club de los Poetas Violentos;1
7677;El Vertedero de Palabras;El Club de los Poetas Violentos;1
7678;Extremaunción;El Club de los Poetas Violentos;1
7679;Jazz, El Descerebrador;El Club de los Poetas Violentos;1
7680;La Fundación de la Rima;El Club de los Poetas Violentos;1
7681;Madrid;El Club de los Poetas Violentos;1
7682;Mente;El Club de los Poetas Violentos;1
7683;No Creo, Eh;El Club de los Poetas Violentos;1
7684;Psicópata;El Club de los Poetas Violentos;1
7685;Rimadero;El Club de los Poetas Violentos;1
7686;Sánchez;El Club de los Poetas Violentos;1
7687;Scratchapella;El Club de los Poetas Violentos;1
7688;Zona Bruta;El Club de los Poetas Violentos;1
7689;Baby I Apologise (Session Outtake);Electric Light Orchestra;1
7690;Down Home Town;Electric Light Orchestra;1
7691;From the Sun to the World (Boogie No.1);Electric Light Orchestra;1
7692;In Old England Town (instrumental);Electric Light Orchestra;1
7693;On The Run (Previously Unissued Home Demo 1979);Electric Light Orchestra;1
7694;One Summer Dream;Electric Light Orchestra;1
7695;Poker;Electric Light Orchestra;1
7696;Second Time Around (Previously Unissued Home Demo 1979);Electric Light Orchestra;1
7697;The Quick And The Daft (Previously Unreleased);Electric Light Orchestra;1
7698;Waterfall;Electric Light Orchestra;1
7699;(Gotta Get a) Meal Ticket;Elton John;1
7700;Better Off Dead;Elton John;1
7701;Bitter Fingers;Elton John;1
7702;Curtains;Elton John;1
7703;Lucy In The Sky With Diamonds;Elton John;1
7704;One More Arrow;Elton John;1
7705;Saint;Elton John;1
7706;Someone Saved My Life Tonight;Elton John;1
7707;Tell Me When the Whistle Blows;Elton John;1
7708;Tower of Babel;Elton John;1
7709;We All Fall in Love Sometimes;Elton John;1
7710;Whipping Boy;Elton John;1
7711;Writing;Elton John;1
7712;2001 a Space Odyessey;Elvis Presley;1
7713;A Little Less Conversation [*][Edit][JXL Radio Edit Remix];Elvis Presley;1
7714;Always On My Mind;Elvis Presley;1
7715;Big Hunk O' Love;Elvis Presley;1
7716;Blue Hawaii;Elvis Presley;1
7717;Don't Cry Daddy;Elvis Presley;1
7718;Early Morning Rain;Elvis Presley;1
7719;Hawaiian Wedding Song;Elvis Presley;1
7720;I Forgot to Remember to Forget;Elvis Presley;1
7721;I Got Stung;Elvis Presley;1
7722;If I Can Dream;Elvis Presley;1
7723;Introductions & Credits;Elvis Presley;1
7724;King Creole;Elvis Presley;1
7725;Ku U I Po;Elvis Presley;1
7726;Little Sister;Elvis Presley;1
7727;Long Tall Sally-Whole Lotta Shakin';Elvis Presley;1
7728;Loving You;Elvis Presley;1
7729;Mean Woman Blues;Elvis Presley;1
7730;Memories;Elvis Presley;1
7731;Moody Blue;Elvis Presley;1
7732;No More;Elvis Presley;1
7733;Promised Land;Elvis Presley;1
7734;See See Rider;Elvis Presley;1
7735;Treat Me Nice;Elvis Presley;1
7736;Trouble;Elvis Presley;1
7737;Viva Las Vegas;Elvis Presley;1
7738;Wear My Ring Around Your Neck;Elvis Presley;1
7739;Welcome To My World;Elvis Presley;1
7740;You Don't Have To Say You Love Me;Elvis Presley;1
7741;Kill You;Eminem;1
7742;The Real Slim Shady;Eminem;1
7743;The Way I Am;Eminem;1
7744;Who Knew;Eminem;1
7745;Il Buono, Il Cattivo, Il Brutto (The Good, The Bad And The Ugly) (Main Title);Ennio Morricone;1
7746;Il Tramonto (The Sundown);Ennio Morricone;1
7747;Sentenza;Ennio Morricone;1
7748;¿Dudar?, Quizás;Enrique Bunbury;1
7749;... Y al final;Enrique Bunbury;1
7750;Algo en común;Enrique Bunbury;1
7751;Aquí;Enrique Bunbury;1
7752;bujias para el dolor;Enrique Bunbury;1
7753;Canción Cruel;Enrique Bunbury;1
7754;Ciudad De Las Bajas Pasiones;Enrique Bunbury;1
7755;Contar contigo;Enrique Bunbury;1
7756;Doscientos Huesos Y Un Collar De Calaveras;Enrique Bunbury;1
7757;El Club De Los Imposibles;Enrique Bunbury;1
7758;El hombre delgado que no flaqueará jamas;Enrique Bunbury;1
7759;El Porqué De Tus Silencios;Enrique Bunbury;1
7760;El Rescate;Enrique Bunbury;1
7761;Enganchado a ti;Enrique Bunbury;1
7762;Hay Muy Poca Gente;Enrique Bunbury;1
7763;Hermoso y malditos;Enrique Bunbury;1
7764;Hoy no estoy para nadie;Enrique Bunbury;1
7765;Infinito;Enrique Bunbury;1
7766;Irremediablemente Cotidiano;Enrique Bunbury;1
7767;Lejos de la tristeza;Enrique Bunbury;1
7768;Mundo feliz;Enrique Bunbury;1
7769;No se fíe;Enrique Bunbury;1
7770;One, Two, Tree;Enrique Bunbury;1
7771;Porque Las Cosas Cambian;Enrique Bunbury;1
7772;Sácame De Aquí;Enrique Bunbury;1
7773;San Cosme y San Damian;Enrique Bunbury;1
7774;Sí;Enrique Bunbury;1
7775;Si No Fuera Por Ti;Enrique Bunbury;1
7776;Sólo Si Me Perdonas;Enrique Bunbury;1
7777;Todos Lo Haremos Mejor En El Futuro;Enrique Bunbury;1
7778;Un bastón para tu corazón;Enrique Bunbury;1
7779;¡Tamara!;Eskorbuto;1
7780;Anti Todo;Eskorbuto;1
7781;Anti-Todo;Eskorbuto;1
7782;Cuando los dinosaurios dominaban la tierra;Eskorbuto;1
7783;EL FIN;Eskorbuto;1
7784;ha llegado el momento;Eskorbuto;1
7785;Ha Llegado el Momento (el Fin);Eskorbuto;1
7786;Haciendo Bobadas;Eskorbuto;1
7787;mas alla del cementerio;Eskorbuto;1
7788;Mata La Música;Eskorbuto;1
7789;No Quiero Cambiar;Eskorbuto;1
7790;Tamara;Eskorbuto;1
7791;Demonios;Estopa;1
7792;Destrangis In The Night;Estopa;1
7793;El Blade;Estopa;1
7794;Jardín Del Olvido;Estopa;1
7795;Luna Lunera;Estopa;1
7796;Nasío pa' la alegría;Estopa;1
7797;Partiendo La Pana;Estopa;1
7798;Te Vi Te Vi;Estopa;1
7799;Vino Tinto;Estopa;1
7800;¡Qué Sonrisa Tan Rara!;Extremoduro;1
7801;ábreme el pecho y registra;Extremoduro;1
7802;Amor Castúo;Extremoduro;1
7803;Bri, bri, bli, bli;Extremoduro;1
7804;Bribribliblí (En el más sucio rincón de mi negro corazón);Extremoduro;1
7805;Bulerías de la Sangre Caliente;Extremoduro;1
7806;Cabezabajo;Extremoduro;1
7807;Calle Esperanza s/n;Extremoduro;1
7808;Coda Flamenca (Otra Realidad);Extremoduro;1
7809;Con un Latido del Reloj;Extremoduro;1
7810;Cuarto Movimiento: La Realidad;Extremoduro;1
7811;Desarraigo;Extremoduro;1
7812;El Duende del Parque;Extremoduro;1
7813;érase una vez;Extremoduro;1
7814;Estado Policial;Extremoduro;1
7815;Estoy Muy Bien;Extremoduro;1
7816;Historias Prohibidas (Nos Tiramos a Joder);Extremoduro;1
7817;Islero, Shirlero o Ladrón;Extremoduro;1
7818;Los Tengo Todos;Extremoduro;1
7819;Lucha Contigo;Extremoduro;1
7820;Malos Pensamientos;Extremoduro;1
7821;Me Estoy Quitando;Extremoduro;1
7822;Mi espíritu imperecedero;Extremoduro;1
7823;No Me Calientes Que Me Hundo;Extremoduro;1
7824;Otra inútil canción para la paz;Extremoduro;1
7825;Papel Secante;Extremoduro;1
7826;Pedrá;Extremoduro;1
7827;Pepe Botika (¿Dónde están mis amigos?);Extremoduro;1
7828;Posado En Un Nenufar;Extremoduro;1
7829;Prometeo;Extremoduro;1
7830;Segundo Movimiento: Lo de Fuera;Extremoduro;1
7831;Si te vas;Extremoduro;1
7832;Sin Dios Ni Amo;Extremoduro;1
7833;Sol de invierno;Extremoduro;1
7834;Su Culo Es Miel;Extremoduro;1
7835;Tango suicida;Extremoduro;1
7836;Tercer Movimiento: Lo de Dentro;Extremoduro;1
7837;Todos Me Dicen;Extremoduro;1
7838;última generación;Extremoduro;1
7839;Villancico del Rey de Extremadura;Extremoduro;1
7840;Volando Solo;Extremoduro;1
7841;Acid 8000;Fatboy Slim;1
7842;Gangster Tripping;Fatboy Slim;1
7843;In Heaven;Fatboy Slim;1
7844;Kalifornia;Fatboy Slim;1
7845;Right Here Right Now;Fatboy Slim;1
7846;Right Here, Right Now;Fatboy Slim;1
7847;Soul Surfing;Fatboy Slim;1
7848;You're Not from Brighton;Fatboy Slim;1
7849;Fraternity;Foo Fighters;1
7850;M.I.A.;Foo Fighters;1
7851;Any Way The Wind Blows;Frank Zappa;1
7852;Go Cry On Somebody Else's Shoulder;Frank Zappa;1
7853;Help, I'm A Rock;Frank Zappa;1
7854;I'm Not Satisfied;Frank Zappa;1
7855;It Can't Happen Here;Frank Zappa;1
7856;Motherly Love;Frank Zappa;1
7857;The Return Of The Son Of Monster Magnet;Frank Zappa;1
7858;Trouble Every Day;Frank Zappa;1
7859;Who Are the Brain Police;Frank Zappa;1
7860;You Didn't Try to Call Me;Frank Zappa;1
7861;You're Probably Wondering Why I'm Here;Frank Zappa;1
7862;Beauty School Dropout;Frankie Avalon;1
7863;My Eyes Adored You;Frankie Valli;1
7864;Brief Encounters;Franz Ferdinand;1
7865;Evil and a Heathen;Franz Ferdinand;1
7866;Fade Together;Franz Ferdinand;1
7867;Goodbye Lovers & Friends;Franz Ferdinand;1
7868;I'm Your Villain;Franz Ferdinand;1
7869;Outsiders;Franz Ferdinand;1
7870;Take Me Out (Daft Punk remix);Franz Ferdinand;1
7871;The Fallen;Franz Ferdinand;1
7872;The Universe Expanded;Franz Ferdinand;1
7873;This Boy;Franz Ferdinand;1
7874;Well, That Was Easy;Franz Ferdinand;1
7875;What You Meant;Franz Ferdinand;1
7876;You Could Have It So Much Better;Franz Ferdinand;1
7877;You're the Reason I'm Leaving;Franz Ferdinand;1
7878;Amor Prohibido;Gabinete Caligari;1
7879;Cancion Del Pollino;Gabinete Caligari;1
7880;Como Un Pez;Gabinete Caligari;1
7881;El Extranjero;Gabinete Caligari;1
7882;Esta Cancion No Existe;Gabinete Caligari;1
7883;Juego y el Juguete;Gabinete Caligari;1
7884;La niña Frank;Gabinete Caligari;1
7885;La sangre de tu tristesa;Gabinete Caligari;1
7886;Más dura será la caída;Gabinete Caligari;1
7887;me tengo que concentrar;Gabinete Caligari;1
7888;Mentir;Gabinete Caligari;1
7889;Nadie ma va añorar;Gabinete Caligari;1
7890;Olor a Carne Quemada;Gabinete Caligari;1
7891;Palabra De Honor;Gabinete Caligari;1
7892;Pecados Más Dulces Que Un Zapato De Raso;Gabinete Caligari;1
7893;Profesional;Gabinete Caligari;1
7894;Sangre Española;Gabinete Caligari;1
7895;Saravá;Gabinete Caligari;1
7896;Tócala, Uli;Gabinete Caligari;1
7897;Truena;Gabinete Caligari;1
7898;A Stroke of Luck;Garbage;1
7899;As Heaven Is Wide;Garbage;1
7900;Dog New Tricks;Garbage;1
7901;Fix Me Now;Garbage;1
7902;Milk;Garbage;1
7903;My Lover's Box;Garbage;1
7904;Not My Idea;Garbage;1
7905;Only Happy When It Rains;Garbage;1
7906;Queer;Garbage;1
7907;Stupid Girl;Garbage;1
7908;Supervixen;Garbage;1
7909;Vow;Garbage;1
7910;After the Ordeal;Genesis;1
7911;Can-Utility And The Coastliner;Genesis;1
7912;Dancing With the Moonlit Knight;Genesis;1
7913;For Absent Friends;Genesis;1
7914;Get'em Out By Friday;Genesis;1
7915;Harlequin;Genesis;1
7916;Harold the Barrel;Genesis;1
7917;Horizons;Genesis;1
7918;I Know What I Like (In Your Wardrobe);Genesis;1
7919;Seven Stones;Genesis;1
7920;Supper's Ready;Genesis;1
7921;The Battle of Epping Forest;Genesis;1
7922;The Cinema Show;Genesis;1
7923;The Fountain of Salmacis;Genesis;1
7924;The Musical Box;Genesis;1
7925;The Return of the Giant Hogweed;Genesis;1
7926;Time Table;Genesis;1
7927;Watcher of the Skies;Genesis;1
7928;08 - isn't it a pity (version two);George Harrison;1
7929;Art of Dying;George Harrison;1
7930;A Different Corner;George Michael;1
7931;A Moment With You;George Michael;1
7932;As;George Michael;1
7933;Careless Whisper;George Michael;1
7934;Cowboys and Angels;George Michael;1
7935;Desafinado;George Michael;1
7936;Don't Let the Sun Go Down on Me;George Michael;1
7937;Faith;George Michael;1
7938;Fantasy;George Michael;1
7939;Father Figure;George Michael;1
7940;Freedom! '90;George Michael;1
7941;Heal the Pain;George Michael;1
7942;I Can't Make You Love Me;George Michael;1
7943;I Knew You Were Waiting (For Me);George Michael;1
7944;I Want Your Sex, Pt. 2;George Michael;1
7945;Jesus to a Child;George Michael;1
7946;Killer / Papa Was A Rollin' Stone;George Michael;1
7947;Kissing a Fool;George Michael;1
7948;One More Try;George Michael;1
7949;Outside;George Michael;1
7950;Praying For Time;George Michael;1
7951;Somebody to Love;George Michael;1
7952;Spinning the Wheel;George Michael;1
7953;Star People '97;George Michael;1
7954;The Strangest Thing '97;George Michael;1
7955;Too Funky;George Michael;1
7956;Waiting for That Day;George Michael;1
7957;You Have Been Loved;George Michael;1
7958;But I'm Not / Outro;Gilbert O'Sullivan;1
7959;Ooh-Wakka-Doo-Wakka-Day;Gilbert O'Sullivan;1
7960;Out Of The Question;Gilbert O'Sullivan;1
7961;The Golden Rule;Gilbert O'Sullivan;1
7962;What Could Be Nicer (Mum the Kettle's Boiling);Gilbert O'Sullivan;1
7963;Who Was It;Gilbert O'Sullivan;1
7964;Daddy's Gone;Glasvegas;1
7965;Ice Cream Van;Glasvegas;1
7966;Polmont On My Mind;Glasvegas;1
7967;S.A.D. Light;Glasvegas;1
7968;Stabbed;Glasvegas;1
7969;A Handful Of Stars;Glenn Miller;1
7970;A Nightingale Sang in Berkeley Square;Glenn Miller;1
7971;Alice Blue Gown;Glenn Miller;1
7972;Along the Santa Fe Trail;Glenn Miller;1
7973;Beat Me Daddy Eight to the Bar;Glenn Miller;1
7974;Blue Evening;Glenn Miller;1
7975;Bugle Call Rag;Glenn Miller;1
7976;Don't Be That Way;Glenn Miller;1
7977;Elmer's Tune;Glenn Miller;1
7978;Falling Leaves;Glenn Miller;1
7979;Five O'Clock Whistle;Glenn Miller;1
7980;Flow Gently, Sweet Afton - Moondreams - Don't Be That Way - Blue Champagne;Glenn Miller;1
7981;Fresh as a Daisy;Glenn Miller;1
7982;Goin' Home - Goodnight, Wherever You Are - I Can't Give You Anything But Love;Glenn Miller;1
7983;Hallelujah I Just Love Her So;Glenn Miller;1
7984;I Dream of Jeanie - I Couldn't Sleep a Wink Last Night - Alexander's Ragtim;Glenn Miller;1
7985;I Know Why;Glenn Miller;1
7986;I'd Know You Anywhere;Glenn Miller;1
7987;In The Gloaming - For The First Time - Stompin' At The Savoy - Deep Purple;Glenn Miller;1
7988;It Happened in Sun Valley;Glenn Miller;1
7989;Juke Box Saturday Night;Glenn Miller;1
7990;Limehouse Blues;Glenn Miller;1
7991;Londonberry Air - Shoo-Shoo Baby - The Way You Look Tonight - Blue Danube;Glenn Miller;1
7992;Long, Long Ago - The Music Stopped - The Dipsey Doodle - Wabash Blues;Glenn Miller;1
7993;Measure for Measure;Glenn Miller;1
7994;Mine;Glenn Miller;1
7995;Missouri Waltz;Glenn Miller;1
7996;Moonlight Cocktail;Glenn Miller;1
7997;My Melancholy Baby - Moon Love - Stompin' at the Savoy - Blue Moon;Glenn Miller;1
7998;Nickel Serenade;Glenn Miller;1
7999;People Like You and Me;Glenn Miller;1
8000;Perfidia;Glenn Miller;1
8001;Ring, Telephone, Ring;Glenn Miller;1
8002;Song of the Volga Boatmen;Glenn Miller;1
8003;Sun Valley Jump;Glenn Miller;1
8004;That Old Black Magic;Glenn Miller;1
8005;The Call of the Canyon;Glenn Miller;1
8006;The Spirit Is Willing;Glenn Miller;1
8007;Whistle Stop;Glenn Miller;1
8008;Yesterthoughts;Glenn Miller;1
8009;You've Got Me This Way;Glenn Miller;1
8010;No mires a los ojos de la gente;Golpes Bajos;1
8011;68 State;Gorillaz;1
8012;Ascension (ft. Vince Staples);Gorillaz;1
8013;Bill Murray;Gorillaz;1
8014;Broken;Gorillaz;1
8015;Carnival (feat. Anthony Hamilton);Gorillaz;1
8016;Charger (feat. Grace Jones);Gorillaz;1
8017;Cloud of Unknowing;Gorillaz;1
8018;Empire Ants;Gorillaz;1
8019;Hong Kong;Gorillaz;1
8020;Hongkongaton;Gorillaz;1
8021;How Far? (feat. Tony Allen & Skepta);Gorillaz;1
8022;Latin Simone (Que Pasa Contigo);Gorillaz;1
8023;Let Me Out (feat. Mavis Staples & Pusha T);Gorillaz;1
8024;Man Research (Clapper);Gorillaz;1
8025;MLS (feat. JPEGMAFIA & CHAI);Gorillaz;1
8026;Momentz (feat. De La Soul);Gorillaz;1
8027;Orchestral Intro;Gorillaz;1
8028;Pirate Jet;Gorillaz;1
8029;Sex Murder Party (feat. Jamie Principle & Zebra Katz);Gorillaz;1
8030;She's My Collar (feat. Kali Uchis);Gorillaz;1
8031;Strobelite (feat. Peven Everett);Gorillaz;1
8032;Submission (feat. Danny Brown & Kelela);Gorillaz;1
8033;Sweepstakes;Gorillaz;1
8034;To Binge;Gorillaz;1
8035;White Flag;Gorillaz;1
8036;A Place for Grief;Graham Coxon;1
8037;Hurt Prone;Graham Coxon;1
8038;Thank God for the Rain;Graham Coxon;1
8039;Tired;Graham Coxon;1
8040;You Never Will Be;Graham Coxon;1
8041;Brokedown Palace;Grateful Dead;1
8042;Candyman;Grateful Dead;1
8043;China Cat Sunflower;Grateful Dead;1
8044;Cosmic Charlie;Grateful Dead;1
8045;Doin' That Rag;Grateful Dead;1
8046;Dupree's Diamond Blues;Grateful Dead;1
8047;Mountains of the Moon;Grateful Dead;1
8048;Operator;Grateful Dead;1
8049;Ripple;Grateful Dead;1
8050;Rosemary;Grateful Dead;1
8051;St. Stephen;Grateful Dead;1
8052;Sugar Magnolia;Grateful Dead;1
8053;Till The Morning Comes;Grateful Dead;1
8054;What's Become of the Baby;Grateful Dead;1
8055;American Idiot;Green Day;1
8056;Boulevard of Broken Dreams;Green Day;1
8057;Good Riddance (Time of Your Life);Green Day;1
8058;Holiday;Green Day;1
8059;Prosthetic Head;Green Day;1
8060;Reject;Green Day;1
8061;Scattered;Green Day;1
8062;If Everybody Looked the Same;Groove Armada;1
8063;14 Years;Guns N' Roses;1
8064;Back Off Bitch;Guns N' Roses;1
8065;Bad Obsession;Guns N' Roses;1
8066;Breakdown;Guns N' Roses;1
8067;Civil War;Guns N' Roses;1
8068;Don't Cry;Guns N' Roses;1
8069;Don't Cry [Alternate Lyrics];Guns N' Roses;1
8070;Don't Damn Me;Guns N' Roses;1
8071;Double Talkin' Jive;Guns N' Roses;1
8072;Dust n' Bones;Guns N' Roses;1
8073;Estranged;Guns N' Roses;1
8074;Garden of Eden;Guns N' Roses;1
8075;Get in the Ring;Guns N' Roses;1
8076;Knockin' on Heaven's Door;Guns N' Roses;1
8077;Live and Let Die;Guns N' Roses;1
8078;Locomotive;Guns N' Roses;1
8079;My World;Guns N' Roses;1
8080;November Rain;Guns N' Roses;1
8081;Perfect Crime;Guns N' Roses;1
8082;Pretty Tied Up;Guns N' Roses;1
8083;Right Next Door to Hell;Guns N' Roses;1
8084;Shotgun Blues;Guns N' Roses;1
8085;So Fine;Guns N' Roses;1
8086;The Garden;Guns N' Roses;1
8087;Yesterdays;Guns N' Roses;1
8088;You Ain't the First;Guns N' Roses;1
8089;You Could Be Mine;Guns N' Roses;1
8090;Discriminación;Hamlet;1
8091;Step On;Happy Mondays;1
8092;Can't Get Along (Without You);Hard-Fi;1
8093;Help Me Please;Hard-Fi;1
8094;Little Angel;Hard-Fi;1
8095;The King;Hard-Fi;1
8096;We Need Love;Hard-Fi;1
8097;I Can;Helloween;1
8098;...16;Héroes del Silencio;1
8099;Apuesta por el R'n'R;Héroes del Silencio;1
8100;Bendecida;Héroes del Silencio;1
8101;Dias De Borrasca;Héroes del Silencio;1
8102;El Estanque;Héroes del Silencio;1
8103;Hace Tiempo;Héroes del Silencio;1
8104;La herida (edit);Héroes del Silencio;1
8105;La Isla De Las Iguanas;Héroes del Silencio;1
8106;La Lluvia Gris;Héroes del Silencio;1
8107;La Visión De Vuestras Almas;Héroes del Silencio;1
8108;No Mas Lagrimas;Héroes del Silencio;1
8109;No Mas Lagrimas (Live);Héroes del Silencio;1
8110;Opio (Live);Héroes del Silencio;1
8111;Oracion (Live);Héroes del Silencio;1
8112;Awful;Hole;1
8113;Dying;Hole;1
8114;Hit So Hard;Hole;1
8115;Malibu;Hole;1
8116;Reasons to Be Beautiful;Hole;1
8117;Use Once & Destroy;Hole;1
8118;Corpses;Ian Brown;1
8119;African Man;Iggy Pop;1
8120;Angel;Iggy Pop;1
8121;Billy Is a Runaway;Iggy Pop;1
8122;Curiosity;Iggy Pop;1
8123;Don't Look Down;Iggy Pop;1
8124;Five Foot One;Iggy Pop;1
8125;Girls;Iggy Pop;1
8126;How Do Ya Fix a Broken Part;Iggy Pop;1
8127;I'm Bored;Iggy Pop;1
8128;New Values;Iggy Pop;1
8129;Tell Me A Story;Iggy Pop;1
8130;The Endless Sea;Iggy Pop;1
8131;¡Cuánta Belleza!;Ilegales;1
8132;A prueba de marcas;Ilegales;1
8133;Al Borde;Ilegales;1
8134;Cara Al Peligro;Ilegales;1
8135;Caramelos Podridos;Ilegales;1
8136;Chicos Pálidos Para La Máquina;Ilegales;1
8137;Con la Niebla;Ilegales;1
8138;Dextroanfetamina - No Quiero I;Ilegales;1
8139;Drogas Duras Llenan Sepulturas;Ilegales;1
8140;El Fantasma De La Autopista;Ilegales;1
8141;El Jardín Del Pecado;Ilegales;1
8142;En El Pasado;Ilegales;1
8143;Instrumental;Ilegales;1
8144;La edad del pavo;Ilegales;1
8145;La rabia de vivir;Ilegales;1
8146;Mala Suerte;Ilegales;1
8147;No Puedo Controlarme;Ilegales;1
8148;Oración;Ilegales;1
8149;Todos somos traidores;Ilegales;1
8150;Verano Del 93;Ilegales;1
8151;Vuelven los problemas;Ilegales;1
8152;A Certain Shade of Green;Incubus;1
8153;Battlestar Scralatchtica;Incubus;1
8154;Calgone;Incubus;1
8155;Clean;Incubus;1
8156;Consequence;Incubus;1
8157;Deep Inside;Incubus;1
8158;Drive;Incubus;1
8159;Favorite Things;Incubus;1
8160;Glass;Incubus;1
8161;I Miss You;Incubus;1
8162;Idiot Box;Incubus;1
8163;Magic Medicine;Incubus;1
8164;Make Yourself;Incubus;1
8165;Nebula;Incubus;1
8166;New Skin;Incubus;1
8167;Nowhere Fast;Incubus;1
8168;Out From Under;Incubus;1
8169;Pardon Me;Incubus;1
8170;Privilege;Incubus;1
8171;Redefine;Incubus;1
8172;Stellar;Incubus;1
8173;Summer Romance (Anti-Gravity Love Song);Incubus;1
8174;The Warmth;Incubus;1
8175;Vitamin;Incubus;1
8176;When It Comes;Incubus;1
8177;All Fired Up;Interpol;1
8178;Pioneer to the Falls;Interpol;1
8179;Rest My Chemistry;Interpol;1
8180;The Lighthouse;Interpol;1
8181;2 Minutes to Midnight;Iron Maiden;1
8182;Aces High;Iron Maiden;1
8183;Back in the Village;Iron Maiden;1
8184;Charlotte the Harlot;Iron Maiden;1
8185;Die With Your Boots On;Iron Maiden;1
8186;Flash of the Blade;Iron Maiden;1
8187;Flight of Icarus;Iron Maiden;1
8188;Iron Maiden;Iron Maiden;1
8189;Losfer Words (Big 'Orra);Iron Maiden;1
8190;Phantom of the Opera;Iron Maiden;1
8191;Powerslave;Iron Maiden;1
8192;Prowler;Iron Maiden;1
8193;Quest for Fire;Iron Maiden;1
8194;Remember Tomorrow;Iron Maiden;1
8195;Revelations;Iron Maiden;1
8196;Rime of the Ancient Mariner;Iron Maiden;1
8197;Running Free;Iron Maiden;1
8198;Sanctuary;Iron Maiden;1
8199;Still Life;Iron Maiden;1
8200;Strange World;Iron Maiden;1
8201;Sun and Steel;Iron Maiden;1
8202;The Duellists;Iron Maiden;1
8203;The Trooper;Iron Maiden;1
8204;To Tame a Land;Iron Maiden;1
8205;Transylvania;Iron Maiden;1
8206;Where Eagles Dare;Iron Maiden;1
8207;Cariño;Jaime Urrutia;1
8208;El Hombre Que Hay En Mí;Jaime Urrutia;1
8209;Si la vida te lo da;Jaime Urrutia;1
8210;Didjerama;Jamiroquai;1
8211;Digital Vibrations;Jamiroquai;1
8212;Do You Know Where You're Coming From [Bonus Track];Jamiroquai;1
8213;Funktion [Bonus Track];Jamiroquai;1
8214;Journey to Arnhemland;Jamiroquai;1
8215;Light Years;Jamiroquai;1
8216;Manifest Destiny;Jamiroquai;1
8217;Morning Glory;Jamiroquai;1
8218;Mr Moon;Jamiroquai;1
8219;Scam;Jamiroquai;1
8220;Space Cowboy;Jamiroquai;1
8221;The Kids;Jamiroquai;1
8222;You Are My Love;Jamiroquai;1
8223;Ain't No Right;Jane's Addiction;1
8224;No One's Leaving;Jane's Addiction;1
8225;Obvious;Jane's Addiction;1
8226;Stop;Jane's Addiction;1
8227;Three Days;Jane's Addiction;1
8228;A Woman Left Lonely;Janis Joplin;1
8229;All Is Loneliness;Janis Joplin;1
8230;Blindman;Janis Joplin;1
8231;Buried Alive in the Blues;Janis Joplin;1
8232;Bye, Bye Baby;Janis Joplin;1
8233;Caterpillar;Janis Joplin;1
8234;Coo Coo;Janis Joplin;1
8235;Cry Baby;Janis Joplin;1
8236;Down on Me;Janis Joplin;1
8237;Easy Rider;Janis Joplin;1
8238;Get It While You Can;Janis Joplin;1
8239;Half Moon;Janis Joplin;1
8240;Intruder;Janis Joplin;1
8241;Light Is Faster than Sound;Janis Joplin;1
8242;Me and Bobby McGee;Janis Joplin;1
8243;Mercedes Benz;Janis Joplin;1
8244;Move Over;Janis Joplin;1
8245;My Baby;Janis Joplin;1
8246;One Good Man;Janis Joplin;1
8247;Summertime (live) [bonus track];Janis Joplin;1
8248;The Last Time;Janis Joplin;1
8249;To Love Somebody;Janis Joplin;1
8250;Trust Me;Janis Joplin;1
8251;Try (Just a Little Bit Harder);Janis Joplin;1
8252;Women Is Losers;Janis Joplin;1
8253;Bonito;Jarabe de Palo;1
8254;Depende;Jarabe de Palo;1
8255;Dueño De Mi Silencio;Jarabe de Palo;1
8256;El Bosque De Palo;Jarabe de Palo;1
8257;El Lado Oscuro;Jarabe de Palo;1
8258;Grita;Jarabe de Palo;1
8259;La Canción Del Desamor;Jarabe de Palo;1
8260;La Flaca;Jarabe de Palo;1
8261;No Suelo Compararme;Jarabe de Palo;1
8262;Quiero Ser Poeta;Jarabe de Palo;1
8263;Quítame la vida;Jarabe de Palo;1
8264;Tiempo;Jarabe de Palo;1
8265;Vuela;Jarabe de Palo;1
8266;Leftovers;Jarvis Cocker;1
8267;Good Shepherd;Jefferson Airplane;1
8268;Hey Fredrick;Jefferson Airplane;1
8269;Meadowlands;Jefferson Airplane;1
8270;The Farm;Jefferson Airplane;1
8271;Turn My Life Down;Jefferson Airplane;1
8272;Volunteers;Jefferson Airplane;1
8273;We Can Be Together;Jefferson Airplane;1
8274;Wooden Ships;Jefferson Airplane;1
8275;A New Day Yesterday;Jethro Tull;1
8276;Aqualung;Jethro Tull;1
8277;Back to the Family;Jethro Tull;1
8278;Cheap Day Return;Jethro Tull;1
8279;Cross-Eyed Mary;Jethro Tull;1
8280;Fat Man;Jethro Tull;1
8281;For a Thousand Mothers;Jethro Tull;1
8282;Hymn 43;Jethro Tull;1
8283;Jeffrey Goes to Leicester Square;Jethro Tull;1
8284;Locomotive Breath;Jethro Tull;1
8285;Look Into the Sun;Jethro Tull;1
8286;Mother Goose;Jethro Tull;1
8287;My God;Jethro Tull;1
8288;Nothing Is Easy;Jethro Tull;1
8289;Reasons for Waiting;Jethro Tull;1
8290;Slipstream;Jethro Tull;1
8291;Up to Me;Jethro Tull;1
8292;Wind Up;Jethro Tull;1
8293;Wond'ring Aloud;Jethro Tull;1
8294;Alone at a Drive-In Movie;Jim Jacobs;1
8295;There Are Worse Things I Could Do;Jim Jacobs;1
8296;Chega de Saudade;João Gilberto;1
8297;Desafinado;João Gilberto;1
8298;Insensatez;João Gilberto;1
8299;O Amor em Paz;João Gilberto;1
8300;Samba De Uma Nota;João Gilberto;1
8301;¡Al Ladrón, al Ladrón!;Joaquín Sabina;1
8302;Amores eternos;Joaquín Sabina;1
8303;Así estoy yo sin ti;Joaquín Sabina;1
8304;Besos de Judas;Joaquín Sabina;1
8305;Con un par;Joaquín Sabina;1
8306;Cuernos;Joaquín Sabina;1
8307;El muro de BerlÍn;Joaquín Sabina;1
8308;Hotel, dulce hotel;Joaquín Sabina;1
8309;Juegos de Azar;Joaquín Sabina;1
8310;Los perros del amanecer;Joaquín Sabina;1
8311;Mentiras piadosas;Joaquín Sabina;1
8312;Mónica;Joaquín Sabina;1
8313;Oiga, doctor;Joaquín Sabina;1
8314;Pacto entre caballeros;Joaquín Sabina;1
8315;Peligro de Incendio;Joaquín Sabina;1
8316;Ponme un trago más;Joaquín Sabina;1
8317;Que se llama soledad;Joaquín Sabina;1
8318;Rap del Optimista;Joaquín Sabina;1
8319;Delta Lady;Joe Cocker;1
8320;Don't Let Me Be Misunderstood;Joe Cocker;1
8321;Don't You Love Me Anymore;Joe Cocker;1
8322;Let The Healing Begin;Joe Cocker;1
8323;Night Calls;Joe Cocker;1
8324;That's All I Need To Know (Live) Duet With Eros Ramazzotti;Joe Cocker;1
8325;Tonight;Joe Cocker;1
8326;Unchain My Heart;Joe Cocker;1
8327;When The Night Comes;Joe Cocker;1
8328;You Are So Beautiful;Joe Cocker;1
8329;New York City;John Lennon;1
8330;Sunday Bloody Sunday;John Lennon;1
8331;Well, Well, Well;John Lennon;1
8332;Greased Lightnin';John Travolta;1
8333;Personality Goes A Long Way;John Travolta;1
8334;Royale With Cheese;John Travolta;1
8335;Sandy;John Travolta;1
8336;Summer Nights;John Travolta;1
8337;We Go Together;John Travolta;1
8338;You're The One That I Want;John Travolta;1
8339;(Ghost) Riders in the Sky;Johnny Cash;1
8340;A Boy Named Sue;Johnny Cash;1
8341;Daddy Sang Bass;Johnny Cash;1
8342;Don't Take Your Guns to Town;Johnny Cash;1
8343;Flesh And Blood;Johnny Cash;1
8344;Folsom Prison Blues;Johnny Cash;1
8345;I Still Miss Someone;Johnny Cash;1
8346;I Walk the Line;Johnny Cash;1
8347;In the Jailhouse Now;Johnny Cash;1
8348;Man in Black;Johnny Cash;1
8349;One Piece at a Time;Johnny Cash;1
8350;Ring of Fire;Johnny Cash;1
8351;Sunday Morning Coming Down;Johnny Cash;1
8352;The Ballad of Ira Hayes;Johnny Cash;1
8353;The Legend Of John Henry's Hammer;Johnny Cash;1
8354;Understand Your Man;Johnny Cash;1
8355;European Me;Johnny Marr;1
8356;Generate! Generate!;Johnny Marr;1
8357;I Want the Heartbeat;Johnny Marr;1
8358;Lockdown;Johnny Marr;1
8359;Say Demesne;Johnny Marr;1
8360;The Messenger;Johnny Marr;1
8361;The Right Thing Right;Johnny Marr;1
8362;¿Y cómo es él?;José Luis Perales;1
8363;Quisiera Decir Tu Nombre;José Luis Perales;1
8364;Un Velero Llamado Libertad;José Luis Perales;1
8365;Y Te Vas;José Luis Perales;1
8366;Atmosphere;Joy Division;1
8367;Autosuggestion;Joy Division;1
8368;Dead Souls;Joy Division;1
8369;Digital;Joy Division;1
8370;Failures;Joy Division;1
8371;From Safety to Where;Joy Division;1
8372;Glass;Joy Division;1
8373;Incubation;Joy Division;1
8374;Komakino;Joy Division;1
8375;Leaders of Men;Joy Division;1
8376;No Love Lost;Joy Division;1
8377;Novelty;Joy Division;1
8378;Transmission;Joy Division;1
8379;Warsaw;Joy Division;1
8380;Blood Red Skies;Judas Priest;1
8381;Come and Get It;Judas Priest;1
8382;Hard as Iron;Judas Priest;1
8383;Heavy Metal;Judas Priest;1
8384;I'm a Rocker;Judas Priest;1
8385;Johnny B. Goode;Judas Priest;1
8386;Love You to Death;Judas Priest;1
8387;Love Zone;Judas Priest;1
8388;Monsters of Rock;Judas Priest;1
8389;Ram It Down;Judas Priest;1
8390;D.A.N.C.E.;Justice;1
8391;Born to Be a Dancer;Kaiser Chiefs;1
8392;Caroline, Yes;Kaiser Chiefs;1
8393;Everything Is Average Nowadays;Kaiser Chiefs;1
8394;Learnt My Lesson Well;Kaiser Chiefs;1
8395;Love's Not A Competition;Kaiser Chiefs;1
8396;Modern Way;Kaiser Chiefs;1
8397;Time Honoured Tradition;Kaiser Chiefs;1
8398;What Did I Ever Give You?;Kaiser Chiefs;1
8399;Apnoea;Kasabian;1
8400;Butcher Blues;Kasabian;1
8401;Cutt Off;Kasabian;1
8402;L.S.F. (Lost Souls Forever);Kasabian;1
8403;Last Trip (In Flight);Kasabian;1
8404;Me Plus One;Kasabian;1
8405;Orange;Kasabian;1
8406;Ovary Stripe;Kasabian;1
8407;Pinch Roller;Kasabian;1
8408;Running Battle;Kasabian;1
8409;Shoot the Runner;Kasabian;1
8410;Sun Rise Light Flies;Kasabian;1
8411;Test Transmission;Kasabian;1
8412;Punka;Kenickie;1
8413;Charon;King Diamond;1
8414;Dressed in White;King Diamond;1
8415;Halloween;King Diamond;1
8416;Haunted;King Diamond;1
8417;Lurking in the Dark;King Diamond;1
8418;No Presents For Christmas [Bonus Track];King Diamond;1
8419;The Candle;King Diamond;1
8420;The Jonah;King Diamond;1
8421;The Lake [Bonus Track];King Diamond;1
8422;The Portrait;King Diamond;1
8423;Voices from the Past;King Diamond;1
8424;Baby Driver;Kiss;1
8425;Calling Dr. Love;Kiss;1
8426;Hard Luck Woman;Kiss;1
8427;I Want You;Kiss;1
8428;Ladies Room;Kiss;1
8429;Love 'Em And Leave 'Em;Kiss;1
8430;Makin' Love;Kiss;1
8431;Mr. Speed;Kiss;1
8432;See You In Your Dreams;Kiss;1
8433;Take Me;Kiss;1
8434;Ball Tongue;Korn;1
8435;Blind;Korn;1
8436;Clown;Korn;1
8437;Divine;Korn;1
8438;Faget;Korn;1
8439;K@#0%!;Korn;1
8440;Need To;Korn;1
8441;No Place to Hide;Korn;1
8442;Airwaves;Kraftwerk;1
8443;Antenna;Kraftwerk;1
8444;Endless Endless;Kraftwerk;1
8445;Europe Endless;Kraftwerk;1
8446;Franz Schubert;Kraftwerk;1
8447;Geiger Counter;Kraftwerk;1
8448;Intermission;Kraftwerk;1
8449;Metal on Metal;Kraftwerk;1
8450;News;Kraftwerk;1
8451;Ohm Sweet Ohm;Kraftwerk;1
8452;Radio Stars;Kraftwerk;1
8453;Radioactivity;Kraftwerk;1
8454;Radioland;Kraftwerk;1
8455;Showroom Dummies;Kraftwerk;1
8456;The Hall of Mirrors;Kraftwerk;1
8457;The Voice of Energy;Kraftwerk;1
8458;Trans-Europe Express;Kraftwerk;1
8459;Transistor;Kraftwerk;1
8460;Uranium;Kraftwerk;1
8461;108 Battles;Kula Shaker;1
8462;Golden Avatar;Kula Shaker;1
8463;Great Hosannah;Kula Shaker;1
8464;I'm Still Here;Kula Shaker;1
8465;Last Farewell;Kula Shaker;1
8466;Mystical Machine Gun;Kula Shaker;1
8467;Radhe Radhe;Kula Shaker;1
8468;Red Balloon;Kula Shaker;1
8469;Shower Your Love;Kula Shaker;1
8470;SOS;Kula Shaker;1
8471;Sound Of Drums;Kula Shaker;1
8472;Tattva (Lucky 13 Mix);Kula Shaker;1
8473;Timeworm;Kula Shaker;1
8474;¿Y?;La Habitación Roja;1
8475;Algún día;La Habitación Roja;1
8476;Despertar;La Habitación Roja;1
8477;J. marco;La Habitación Roja;1
8478;James Stewart;La Habitación Roja;1
8479;Jueves;La Habitación Roja;1
8480;Mentiras;La Habitación Roja;1
8481;Mi habitación;La Habitación Roja;1
8482;Nadie;La Habitación Roja;1
8483;Polaroid;La Habitación Roja;1
8484;Polideportivo;La Habitación Roja;1
8485;Sofá;La Habitación Roja;1
8486;Sol;La Habitación Roja;1
8487;Te Quiero;La Habitación Roja;1
8488;Así Casca la Basca;La Polla Records;1
8489;Canción de Cuna;La Polla Records;1
8490;chica yeye;La Polla Records;1
8491;Come Mierda;La Polla Records;1
8492;Críticos;La Polla Records;1
8493;Delincuencia;La Polla Records;1
8494;Demócrata y cristiano;La Polla Records;1
8495;El 7º De Michigan;La Polla Records;1
8496;El Ataque De Los Hambrientos;La Polla Records;1
8497;El Gurú;La Polla Records;1
8498;El Sitio Donde Yo Vivo;La Polla Records;1
8499;En Londres;La Polla Records;1
8500;Era Un Hombre;La Polla Records;1
8501;Es Política;La Polla Records;1
8502;Estrella Del Rock;La Polla Records;1
8503;Herpes, talco y tecno-pop;La Polla Records;1
8504;La Revolución;La Polla Records;1
8505;Los Siete Enanitos;La Polla Records;1
8506;Lucky man for you;La Polla Records;1
8507;Moriréis Como Imbéciles;La Polla Records;1
8508;Muy Punk;La Polla Records;1
8509;no hay jabalix en urbasa;La Polla Records;1
8510;No Más Presos;La Polla Records;1
8511;Nuestra Alegre Juventud;La Polla Records;1
8512;Porno en Acción;La Polla Records;1
8513;Revistas del Corazón;La Polla Records;1
8514;Salve;La Polla Records;1
8515;Tope Bwana;La Polla Records;1
8516;Tú alucinas;La Polla Records;1
8517;Txus;La Polla Records;1
8518;Ven y ve;La Polla Records;1
8519;Venganza;La Polla Records;1
8520;Vuestra MaldicióN;La Polla Records;1
8521;Achilles Last Stand;Led Zeppelin;1
8522;Bonzo's Montreux;Led Zeppelin;1
8523;Candy Store Rock;Led Zeppelin;1
8524;Darlene;Led Zeppelin;1
8525;For Your Life;Led Zeppelin;1
8526;Hots on for Nowhere;Led Zeppelin;1
8527;Nobody's Fault but Mine;Led Zeppelin;1
8528;Ozone Baby;Led Zeppelin;1
8529;Poor Tom;Led Zeppelin;1
8530;Royal Orleans;Led Zeppelin;1
8531;Tea for One;Led Zeppelin;1
8532;Walter's Walk;Led Zeppelin;1
8533;We're Gonna Groove;Led Zeppelin;1
8534;Wearing & Tearing;Led Zeppelin;1
8535;Release the Pressure;Leftfield;1
8536;¡Que Tire La Toalla!;Leño;1
8537;Hey, That's No Way to Say Goodbye;Leonard Cohen;1
8538;One of Us Cannot Be Wrong;Leonard Cohen;1
8539;So Long, Marianne;Leonard Cohen;1
8540;Stories of the Street;Leonard Cohen;1
8541;Teachers;Leonard Cohen;1
8542;Boiler;Limp Bizkit;1
8543;Full Nelson;Limp Bizkit;1
8544;Getcha Groove On Feat. Xzibit;Limp Bizkit;1
8545;Hold On;Limp Bizkit;1
8546;Hot Dog;Limp Bizkit;1
8547;Intro;Limp Bizkit;1
8548;It'll Be OK;Limp Bizkit;1
8549;Livin' It Up;Limp Bizkit;1
8550;My Generation;Limp Bizkit;1
8551;Outro;Limp Bizkit;1
8552;Rollin' (Air Raid Vehicle);Limp Bizkit;1
8553;Rollin' (Urban Assault Vehicle) feat. Method Man, Redman and DMX;Limp Bizkit;1
8554;Take a Look Around;Limp Bizkit;1
8555;The One;Limp Bizkit;1
8556;Rumble;Link Wray & His Wraymen;1
8557;She Said;Longpigs;1
8558;El ritmo del garage;Loquillo y Trogloditas;1
8559;Me convertí en hombre-lobo por culpa de Los Rebeldes;Loquillo y Trogloditas;1
8560;No surf;Loquillo y Trogloditas;1
8561;Quiero un camión;Loquillo y Trogloditas;1
8562;Tejanos rellenos;Loquillo y Trogloditas;1
8563;A Tope de Amor y Lujo;Los Coronas;1
8564;Correvuela;Los Coronas;1
8565;Drama West;Los Coronas;1
8566;Essaouira;Los Coronas;1
8567;La Fiebre;Los Coronas;1
8568;Lady Rolla;Los Coronas;1
8569;Mulas Huyendo de una Hostia Consagrada;Los Coronas;1
8570;Sierra Yeguas;Los Coronas;1
8571;Tono Viejo;Los Coronas;1
8572;Colores;Los Piratas;1
8573;Cuando Te Duermas;Los Piratas;1
8574;El Cielo de lo Nuestro;Los Piratas;1
8575;Muertos;Los Piratas;1
8576;Teching;Los Piratas;1
8577;Ultrasónica;Los Piratas;1
8578;8;Los Planetas;1
8579;Aeropuerto;Los Planetas;1
8580;Cancion para ligar (o para que no me dejes);Los Planetas;1
8581;Canción para ligar (o para que no me dejes);Los Planetas;1
8582;Ciudad Azul;Los Planetas;1
8583;Cumpleaсos Total;Los Planetas;1
8584;David y Claudia;Los Planetas;1
8585;DB;Los Planetas;1
8586;dulces sueсos;Los Planetas;1
8587;El Espíritu De La Navidad;Los Planetas;1
8588;Himno Generacional #83;Los Planetas;1
8589;Jose Y Yo;Los Planetas;1
8590;La Copa De Europa;Los Planetas;1
8591;La máquina de escribir;Los Planetas;1
8592;Línea 1;Los Planetas;1
8593;Mil Millones De Veces;Los Planetas;1
8594;Mis Problemas Con La Justicia;Los Planetas;1
8595;Nosotros Somos los Zíngaros;Los Planetas;1
8596;Ondas Del Espacio Exterior;Los Planetas;1
8597;Punk;Los Planetas;1
8598;San Juan De La Cruz;Los Planetas;1
8599;Temporalmente;Los Planetas;1
8600;Una Nueva Prensa Musical;Los Planetas;1
8601;7 Segundos;Los Rodríguez;1
8602;Aquí no Podemos Hacerlo;Los Rodríguez;1
8603;Especies Que Desaparecen;Los Rodríguez;1
8604;Hasta Que El Sueño Venga;Los Rodríguez;1
8605;La Mujer de 1 Amigo;Los Rodríguez;1
8606;Mala Suerte;Los Rodríguez;1
8607;Mi Rock Perdido;Los Rodríguez;1
8608;Palabras más, Palabras Menos;Los Rodríguez;1
8609;Pequeño Salto Mortal;Los Rodríguez;1
8610;Salud (Dinero y Amor);Los Rodríguez;1
8611;Dolores se llamaba Lola;Los Suaves;1
8612;Pilar;Los Toreros Muertos;1
8613;Beginning of a Great Adventure;Lou Reed;1
8614;Betrayed;Lou Reed;1
8615;Busload of Faith;Lou Reed;1
8616;Coney Island Baby (Bonus);Lou Reed;1
8617;Crazy Feeling (Bonus);Lou Reed;1
8618;Dime Store Mystery;Lou Reed;1
8619;Dirty Blvd.;Lou Reed;1
8620;Don't Talk To Me About Work;Lou Reed;1
8621;Down At The Arcade;Lou Reed;1
8622;Endless Cycle;Lou Reed;1
8623;Fly Into The Sun;Lou Reed;1
8624;Good Evening Mr. Waldheim;Lou Reed;1
8625;Growing Up In Public;Lou Reed;1
8626;Halloween Parade;Lou Reed;1
8627;High In The City;Lou Reed;1
8628;Hold On;Lou Reed;1
8629;Home Of The Brave;Lou Reed;1
8630;I Love You, Suzanne;Lou Reed;1
8631;Last Great American Whale;Lou Reed;1
8632;Leave Me Alone (Bonus);Lou Reed;1
8633;Legendary Hearts;Lou Reed;1
8634;Love Is Here To Stay;Lou Reed;1
8635;Make Up My Mind;Lou Reed;1
8636;Martial Law;Lou Reed;1
8637;Pow Wow;Lou Reed;1
8638;Rock 'n' Roll;Lou Reed;1
8639;Romeo Had Juliette;Lou Reed;1
8640;Rooftop Garden;Lou Reed;1
8641;She's My Best Friend (Bonus);Lou Reed;1
8642;Sick of You;Lou Reed;1
8643;Smiles;Lou Reed;1
8644;So Alone;Lou Reed;1
8645;Standing On Ceremony;Lou Reed;1
8646;Strawman;Lou Reed;1
8647;Teach The Gifted Children;Lou Reed;1
8648;The Last Shot;Lou Reed;1
8649;The Power Of Positive Drinking;Lou Reed;1
8650;There Is No Time;Lou Reed;1
8651;Think It Over;Lou Reed;1
8652;Turn Out The Light;Lou Reed;1
8653;Turn To Me;Lou Reed;1
8654;What Becomes A Legend Most;Lou Reed;1
8655;Xmas in February;Lou Reed;1
8656;Rock & Roll Party Queen;Louis St. Louis;1
8657;A día de hoy;Luis Eduardo Aute;1
8658;A Por El Mar;Luis Eduardo Aute;1
8659;Alone With You;Luis Eduardo Aute;1
8660;Amor Te Digo Esta Palabra;Luis Eduardo Aute;1
8661;Anda;Luis Eduardo Aute;1
8662;De Tripas Corazón;Luis Eduardo Aute;1
8663;El Ascensor;Luis Eduardo Aute;1
8664;El resto es humo;Luis Eduardo Aute;1
8665;Esta Noche;Luis Eduardo Aute;1
8666;Imaginación;Luis Eduardo Aute;1
8667;Las Cuatro Y Diez;Luis Eduardo Aute;1
8668;Na De Na;Luis Eduardo Aute;1
8669;Naves Quemadas;Luis Eduardo Aute;1
8670;No Sé Qué Coño Me Pasa Hoy;Luis Eduardo Aute;1
8671;No Te Desnudes Todavía;Luis Eduardo Aute;1
8672;Paraules d'amor;Luis Eduardo Aute;1
8673;Pasaba por aquí;Luis Eduardo Aute;1
8674;Recordándote;Luis Eduardo Aute;1
8675;Rojo Sobre Negro;Luis Eduardo Aute;1
8676;Rosas En El Mar;Luis Eduardo Aute;1
8677;Te doy una canción;Luis Eduardo Aute;1
8678;Vailima;Luis Eduardo Aute;1
8679;500;Lush;1
8680;Ciao!;Lush;1
8681;Heavenly Nobodies;Lush;1
8682;I've Been Here Before;Lush;1
8683;Ladykillers;Lush;1
8684;Last Night;Lush;1
8685;Olympia;Lush;1
8686;Papasan;Lush;1
8687;Runaway;Lush;1
8688;The Childcatcher;Lush;1
8689;Tralala;Lush;1
8690;Am I Losin';Lynyrd Skynyrd;1
8691;Cheatin' Woman;Lynyrd Skynyrd;1
8692;I'm A Country Boy;Lynyrd Skynyrd;1
8693;Made In The Shade;Lynyrd Skynyrd;1
8694;On The Hunt;Lynyrd Skynyrd;1
8695;Railroad Song;Lynyrd Skynyrd;1
8696;Saturday Night Special;Lynyrd Skynyrd;1
8697;Whiskey Rock-A-Roller;Lynyrd Skynyrd;1
8698;02- My Girl;Madness;1
8699;08- Int The Middle Of The Night;Madness;1
8700;Candy Perfume Girl;Madonna;1
8701;Drowned World / Substitute for Love;Madonna;1
8702;Frozen;Madonna;1
8703;Little Star;Madonna;1
8704;Mer Girl;Madonna;1
8705;Nothing Really Matters;Madonna;1
8706;Ray of Light;Madonna;1
8707;Shanti / Ashtangi;Madonna;1
8708;Skin;Madonna;1
8709;Sky Fits Heaven;Madonna;1
8710;Swim;Madonna;1
8711;The Power of Good-Bye;Madonna;1
8712;To Have and Not to Hold;Madonna;1
8713;4st 7lb;Manic Street Preachers;1
8714;Another Invented Disease;Manic Street Preachers;1
8715;Archives of Pain;Manic Street Preachers;1
8716;Born to End;Manic Street Preachers;1
8717;Condemned to Rock 'n' Roll;Manic Street Preachers;1
8718;Crucifix Kiss;Manic Street Preachers;1
8719;Damn Dog;Manic Street Preachers;1
8720;Drug Drug Druggy;Manic Street Preachers;1
8721;Gold Against the Soul;Manic Street Preachers;1
8722;Ifwhiteamericatoldthetruthforjustonedayit'sworldwouldfallapart;Manic Street Preachers;1
8723;La Tristesse Durera (Scream to a Sigh);Manic Street Preachers;1
8724;Life Becoming a Landslide;Manic Street Preachers;1
8725;Love's Sweet Exile;Manic Street Preachers;1
8726;Mausoleum;Manic Street Preachers;1
8727;Methadone Pretty;Manic Street Preachers;1
8728;Nat West-Barclays-Midlands-Lloyds;Manic Street Preachers;1
8729;Nostalgic Pushead;Manic Street Preachers;1
8730;Of Walking Abortion;Manic Street Preachers;1
8731;Repeat (Stars and Stripes);Manic Street Preachers;1
8732;Repeat (UK);Manic Street Preachers;1
8733;Revol;Manic Street Preachers;1
8734;Roses in the Hospital;Manic Street Preachers;1
8735;She Is Suffering;Manic Street Preachers;1
8736;Slash 'n' Burn;Manic Street Preachers;1
8737;Sleepflower;Manic Street Preachers;1
8738;So Dead;Manic Street Preachers;1
8739;Spectators of Suicide;Manic Street Preachers;1
8740;Stay Beautiful;Manic Street Preachers;1
8741;Symphony of Tourette;Manic Street Preachers;1
8742;Tennessee;Manic Street Preachers;1
8743;Yes;Manic Street Preachers;1
8744;Yourself;Manic Street Preachers;1
8745;Contaré Hasta Mil;Marc Parrot;1
8746;If Love Is a Red Dress (Hang Me in Rags);Maria McKee;1
8747;The Beautiful People;Marilyn Manson;1
8748;Boda en londres;Mecano;1
8749;Cenando en París;Mecano;1
8750;Hoy no me puedo levantar;Mecano;1
8751;La máquina de vapor;Mecano;1
8752;Maquillaje;Mecano;1
8753;Me colé en una fiesta;Mecano;1
8754;Me voy de casa;Mecano;1
8755;No me enseñen la lección;Mecano;1
8756;Perdido en mi habitación;Mecano;1
8757;502;Megadeth;1
8758;Chosen Ones;Megadeth;1
8759;Hook in Mouth;Megadeth;1
8760;In My Darkest Hour;Megadeth;1
8761;Into the Lungs of Hell;Megadeth;1
8762;Killing Is My Business... and Business Is Good;Megadeth;1
8763;Last Rites/Loved to Death;Megadeth;1
8764;Liar;Megadeth;1
8765;Looking Down The Cross;Megadeth;1
8766;Mary Jane;Megadeth;1
8767;Mechanix;Megadeth;1
8768;Rattlehead;Megadeth;1
8769;Set the World Afire;Megadeth;1
8770;Skull Beneath the Skin;Megadeth;1
8771;These Boots;Megadeth;1
8772;(Anesthesia) Pulling Teeth;Metallica;1
8773;2 X 4;Metallica;1
8774;Ain't My Bitch;Metallica;1
8775;Bleeding Me;Metallica;1
8776;Creeping Death;Metallica;1
8777;Cure;Metallica;1
8778;Escape;Metallica;1
8779;Fade to Black;Metallica;1
8780;Fight Fire With Fire;Metallica;1
8781;For Whom the Bell Tolls;Metallica;1
8782;Hero of the Day;Metallica;1
8783;Hit the Lights;Metallica;1
8784;Holier Than Thou;Metallica;1
8785;Jump in the Fire;Metallica;1
8786;King Nothing;Metallica;1
8787;Mama Said;Metallica;1
8788;Metal Militia;Metallica;1
8789;Motorbreath;Metallica;1
8790;No Remorse;Metallica;1
8791;Phantom Lord;Metallica;1
8792;Poor Twisted Me;Metallica;1
8793;Ride the Lightning;Metallica;1
8794;Ronnie;Metallica;1
8795;Seek and Destroy;Metallica;1
8796;The Call of Ktulu;Metallica;1
8797;The Four Horsemen;Metallica;1
8798;The House Jack Built;Metallica;1
8799;The Outlaw Torn;Metallica;1
8800;Thorn Within;Metallica;1
8801;Trapped Under Ice;Metallica;1
8802;Until It Sleeps;Metallica;1
8803;Wasting My Hate;Metallica;1
8804;Whiplash;Metallica;1
8805;Another Part of Me;Michael Jackson;1
8806;Dirty Diana;Michael Jackson;1
8807;I Just Can't Stop Loving You;Michael Jackson;1
8808;Just Good Friends;Michael Jackson;1
8809;Leave Me Alone;Michael Jackson;1
8810;Liberian Girl;Michael Jackson;1
8811;Man in the Mirror;Michael Jackson;1
8812;Smooth Criminal;Michael Jackson;1
8813;Speed Demon;Michael Jackson;1
8814;Grace Kelly;Mika;1
8815;Lollipop;Mika;1
8816;Love Today;Mika;1
8817;My Interpretation;Mika;1
8818;Relax, Take It Easy;Mika;1
8819;Blue Saloon;Mike Oldfield;1
8820;Clear Light;Mike Oldfield;1
8821;Dark Star;Mike Oldfield;1
8822;Incantations Part I;Mike Oldfield;1
8823;Incantations Part II;Mike Oldfield;1
8824;Incantations Part III;Mike Oldfield;1
8825;Incantations Part IV;Mike Oldfield;1
8826;Ommadawn Part One;Mike Oldfield;1
8827;Ommadawn Part Two;Mike Oldfield;1
8828;Red Dawn;Mike Oldfield;1
8829;Sentinel;Mike Oldfield;1
8830;Sunjammer;Mike Oldfield;1
8831;The Bell;Mike Oldfield;1
8832;Bess, Oh Where's My Bess;Miles Davis;1
8833;Bess, You Is My Woman Now;Miles Davis;1
8834;Fisherman, Strawberry and Devil Crab;Miles Davis;1
8835;Gone;Miles Davis;1
8836;Gone, Gone, Gone;Miles Davis;1
8837;My Man's Gone Now;Miles Davis;1
8838;Prayer;Miles Davis;1
8839;Summertime;Miles Davis;1
8840;The Buzzard Song;Miles Davis;1
8841;Better Left Invisible;Miles Kane;1
8842;Better Than That;Miles Kane;1
8843;Bombshells;Miles Kane;1
8844;Colour Of The Trap;Miles Kane;1
8845;Darkness in Our Hearts;Miles Kane;1
8846;Don't Forget Who You Are;Miles Kane;1
8847;Fire in My Heart;Miles Kane;1
8848;Give Up;Miles Kane;1
8849;Kingcrawler;Miles Kane;1
8850;Take The Night From Me;Miles Kane;1
8851;Taking Over;Miles Kane;1
8852;Telepathy;Miles Kane;1
8853;Tonight;Miles Kane;1
8854;What Condition am I In?;Miles Kane;1
8855;You're Gonna Get It;Miles Kane;1
8856;Down Slow;Moby;1
8857;Everloving;Moby;1
8858;Guitar Flute & String;Moby;1
8859;If Things Were Perfect;Moby;1
8860;Inside;Moby;1
8861;My Weakness;Moby;1
8862;Soft;Moby;1
8863;The Sky Is Broken;Moby;1
8864;A Drop in the Ocean;Moloko;1
8865;Absent Minded Friends;Moloko;1
8866;Being Is Bewildering;Moloko;1
8867;Dumb Inc.;Moloko;1
8868;Indigo;Moloko;1
8869;It's Nothing;Moloko;1
8870;It's Your Problem;Moloko;1
8871;Mother;Moloko;1
8872;Pure Pleasure Seeker;Moloko;1
8873;Remain the Same;Moloko;1
8874;Somebody Somewhere;Moloko;1
8875;The Time Is Now;Moloko;1
8876;Blindfold;Morcheeba;1
8877;Bullet Proof;Morcheeba;1
8878;Let Me See;Morcheeba;1
8879;Part of the Process;Morcheeba;1
8880;Shoulder Holster;Morcheeba;1
8881;The Sea;Morcheeba;1
8882;Bastard;Mötley Crüe;1
8883;City Boy Blues;Mötley Crüe;1
8884;Danger;Mötley Crüe;1
8885;Fight For Your Rights;Mötley Crüe;1
8886;God Bless the Children of the Beast;Mötley Crüe;1
8887;Helter Skelter;Mötley Crüe;1
8888;Home Sweet Home;Mötley Crüe;1
8889;In the Beginning;Mötley Crüe;1
8890;Keep Your Eye On The Money;Mötley Crüe;1
8891;Knock 'Em Dead, Kid;Mötley Crüe;1
8892;Looks That Kill;Mötley Crüe;1
8893;Louder Than Hell;Mötley Crüe;1
8894;Raise Your Hands To Rock;Mötley Crüe;1
8895;Red Hot;Mötley Crüe;1
8896;Save Our Souls;Mötley Crüe;1
8897;Shout at the Devil;Mötley Crüe;1
8898;Smokin' In The Boys Room;Mötley Crüe;1
8899;Ten Seconds to Love;Mötley Crüe;1
8900;Tonight (We Need A Lover);Mötley Crüe;1
8901;Too Young to Fall in Love;Mötley Crüe;1
8902;Use It Or Lose It;Mötley Crüe;1
8903;(I Won't) Pay Your Price;Motörhead;1
8904;Capricorn;Motörhead;1
8905;Damage Case;Motörhead;1
8906;I'll Be Your Sister;Motörhead;1
8907;Limb from Limb;Motörhead;1
8908;Metropolis;Motörhead;1
8909;No Class;Motörhead;1
8910;Overkill;Motörhead;1
8911;Stay Clean;Motörhead;1
8912;Stone Dead Forever;Motörhead;1
8913;Tear Ya Down;Motörhead;1
8914;Citizen Erased;Muse;1
8915;Guiding Light;Muse;1
8916;Hysteria;Muse;1
8917;MK Ultra;Muse;1
8918;Resistance;Muse;1
8919;Undisclosed Desires;Muse;1
8920;United States of Eurasia (+Collateral Damage);Muse;1
8921;Uprising;Muse;1
8922;The Law;Museum;1
8923;A Man Needs a Maid;Neil Young;1
8924;After the Gold Rush;Neil Young;1
8925;Alabama;Neil Young;1
8926;Are You Ready for the Country?;Neil Young;1
8927;Birds;Neil Young;1
8928;Cripple Creek Ferry;Neil Young;1
8929;Don't Let It Bring You Down;Neil Young;1
8930;Harvest;Neil Young;1
8931;Heart of Gold;Neil Young;1
8932;I Believe in You;Neil Young;1
8933;Oh, Lonesome Me;Neil Young;1
8934;Old Man;Neil Young;1
8935;Only Love Can Break Your Heart;Neil Young;1
8936;Out on the Weekend;Neil Young;1
8937;Southern Man;Neil Young;1
8938;The Needle and the Damage Done;Neil Young;1
8939;There's a World;Neil Young;1
8940;Till the Morning Comes;Neil Young;1
8941;When You Dance You Can Really Love;Neil Young;1
8942;Words (Between the Lines of Age);Neil Young;1
8943;586;New Order;1
8944;Age of Consent;New Order;1
8945;All Day Long;New Order;1
8946;Angel Dust;New Order;1
8947;As It Is When It Was;New Order;1
8948;Bizarre Love Triangle;New Order;1
8949;Broken Promise;New Order;1
8950;Chosen Time;New Order;1
8951;Denial;New Order;1
8952;Doubts Even Here;New Order;1
8953;Dreams Never End;New Order;1
8954;Ecstacy;New Order;1
8955;Every Little Counts;New Order;1
8956;ICB;New Order;1
8957;Leave Me Alone;New Order;1
8958;Paradise;New Order;1
8959;Regret;New Order;1
8960;Senses;New Order;1
8961;The Him;New Order;1
8962;The Village;New Order;1
8963;Truth;New Order;1
8964;Ultraviolence;New Order;1
8965;Way of Life;New Order;1
8966;We All Stand;New Order;1
8967;Weirdo;New Order;1
8968;Your Silent Face;New Order;1
8969;(There's Gonna Be A) Showdown;New York Dolls;1
8970;Babylon;New York Dolls;1
8971;Bad Detective;New York Dolls;1
8972;Chatterbox;New York Dolls;1
8973;Don't Start Me Talkin';New York Dolls;1
8974;Human Being;New York Dolls;1
8975;It's Too Late;New York Dolls;1
8976;Puss 'n' Boots;New York Dolls;1
8977;Stranded in the Jungle;New York Dolls;1
8978;Who Are the Mystery Girls?;New York Dolls;1
8979;Black Betty;Nick Cave & the Bad Seeds;1
8980;Foi Na Cruz;Nick Cave & the Bad Seeds;1
8981;Hard On for Love;Nick Cave & the Bad Seeds;1
8982;I'm Gonna Kill That Woman;Nick Cave & the Bad Seeds;1
8983;Jack's Shadow;Nick Cave & the Bad Seeds;1
8984;Lament;Nick Cave & the Bad Seeds;1
8985;Long Black Veil;Nick Cave & the Bad Seeds;1
8986;Long Time Man;Nick Cave & the Bad Seeds;1
8987;Lucy;Nick Cave & the Bad Seeds;1
8988;Muddy Water;Nick Cave & the Bad Seeds;1
8989;Sad Waters;Nick Cave & the Bad Seeds;1
8990;Scum;Nick Cave & the Bad Seeds;1
8991;She Fell Away;Nick Cave & the Bad Seeds;1
8992;Sleeping Annaleah;Nick Cave & the Bad Seeds;1
8993;Sorrow's Child;Nick Cave & the Bad Seeds;1
8994;Stranger Than Kindness;Nick Cave & the Bad Seeds;1
8995;The Carny;Nick Cave & the Bad Seeds;1
8996;The Good Son;Nick Cave & the Bad Seeds;1
8997;The Hammer Song;Nick Cave & the Bad Seeds;1
8998;The Mercy Seat;Nick Cave & the Bad Seeds;1
8999;The Ship Song;Nick Cave & the Bad Seeds;1
9000;The Singer;Nick Cave & the Bad Seeds;1
9001;The Weeping Song;Nick Cave & the Bad Seeds;1
9002;The Witness Song;Nick Cave & the Bad Seeds;1
9003;Tupelo (single version);Nick Cave & the Bad Seeds;1
9004;Your Funeral, My Trial;Nick Cave & the Bad Seeds;1
9005;A Warm Place;Nine Inch Nails;1
9006;Big Man With a Gun;Nine Inch Nails;1
9007;Closer;Nine Inch Nails;1
9008;Down in It;Nine Inch Nails;1
9009;Eraser;Nine Inch Nails;1
9010;Head Like a Hole;Nine Inch Nails;1
9011;Heresy;Nine Inch Nails;1
9012;Hurt;Nine Inch Nails;1
9013;I Do Not Want This;Nine Inch Nails;1
9014;Kinda I Want To;Nine Inch Nails;1
9015;March of the Pigs;Nine Inch Nails;1
9016;Mr Self Destruct;Nine Inch Nails;1
9017;Piggy;Nine Inch Nails;1
9018;Reptile;Nine Inch Nails;1
9019;Ringfinger;Nine Inch Nails;1
9020;Sanctified;Nine Inch Nails;1
9021;Sin;Nine Inch Nails;1
9022;Something I Can Never Have;Nine Inch Nails;1
9023;Terrible Lie;Nine Inch Nails;1
9024;That's What I Get;Nine Inch Nails;1
9025;The Becoming;Nine Inch Nails;1
9026;The Downward Spiral;Nine Inch Nails;1
9027;The Only Time;Nine Inch Nails;1
9028;Aquel Atardecer;Nino Bravo;1
9029;Arena De Otoño;Nino Bravo;1
9030;Cartas Amarillas;Nino Bravo;1
9031;Como Todos;Nino Bravo;1
9032;Contigo Soy Feliz;Nino Bravo;1
9033;En Libertad;Nino Bravo;1
9034;Es El Viento;Nino Bravo;1
9035;Esa Será Mi Casa;Nino Bravo;1
9036;La Niña Es Ya Mujer;Nino Bravo;1
9037;Libre;Nino Bravo;1
9038;Mi Gran Amor;Nino Bravo;1
9039;Mi Querida Mamá;Nino Bravo;1
9040;No Debo Pensar En Ti;Nino Bravo;1
9041;Noelia;Nino Bravo;1
9042;Nuestro Hogar Será El Mundo;Nino Bravo;1
9043;Para darte mi corazón;Nino Bravo;1
9044;Para qué seguir;Nino Bravo;1
9045;Por Fin Mañana;Nino Bravo;1
9046;Por Fin Mi Amor;Nino Bravo;1
9047;Te Quiero, Te Quiero;Nino Bravo;1
9048;Voy Buscando;Nino Bravo;1
9049;Vuelvo A Estar Sin Ti;Nino Bravo;1
9050;Yo Te Quiero Dar;Nino Bravo;1
9051;(Stranded On) The Wrong Beach;Noel Gallagher;1
9052;A Simple Game Of Genius;Noel Gallagher;1
9053;AKA... Broken Arrow;Noel Gallagher;1
9054;Soldier Boys and Jesus Freaks;Noel Gallagher;1
9055;Stop the Clocks;Noel Gallagher;1
9056;The good rebel;Noel Gallagher;1
9057;Don't Call Me White;NOFX;1
9058;Dying Degree;NOFX;1
9059;Fleas;NOFX;1
9060;Happy Guy;NOFX;1
9061;Jeff Wears Birkenstocks;NOFX;1
9062;Linoleum;NOFX;1
9063;Lori Meyers;NOFX;1
9064;My Heart Is Yearning;NOFX;1
9065;Perfect Government;NOFX;1
9066;Punk Guy;NOFX;1
9067;Reeko;NOFX;1
9068;Scavenger Type;NOFX;1
9069;The Brews;NOFX;1
9070;Cállate;Obus;1
9071;La Escalera;Obus;1
9072;Va a Estallar el Obús;Obus;1
9073;Cállate;Obús;1
9074;La Escalera;Obús;1
9075;Va A Estallar El Obús;Obús;1
9076;All Up;Ocean Colour Scene;1
9077;Besides Yourself;Ocean Colour Scene;1
9078;Big Star;Ocean Colour Scene;1
9079;Biggest Thing;Ocean Colour Scene;1
9080;Can't Get Back to the Baseline;Ocean Colour Scene;1
9081;Debris Road;Ocean Colour Scene;1
9082;Fleeting Mind;Ocean Colour Scene;1
9083;Foxy's Folk Faced;Ocean Colour Scene;1
9084;Get Away;Ocean Colour Scene;1
9085;Get Blown Away;Ocean Colour Scene;1
9086;Give Me a Letter;Ocean Colour Scene;1
9087;Half a Dream Away;Ocean Colour Scene;1
9088;If I Gave You My Heart;Ocean Colour Scene;1
9089;In My Field;Ocean Colour Scene;1
9090;It's a Beautiful Thing;Ocean Colour Scene;1
9091;It's My Shadow;Ocean Colour Scene;1
9092;July;Ocean Colour Scene;1
9093;Mechanical Wonder;Ocean Colour Scene;1
9094;One for the Road;Ocean Colour Scene;1
9095;Policemen & Pirates;Ocean Colour Scene;1
9096;Sail on My Boat;Ocean Colour Scene;1
9097;Something For Me;Ocean Colour Scene;1
9098;Spark and Cindy;Ocean Colour Scene;1
9099;Tele He's Not Talking;Ocean Colour Scene;1
9100;The Downstream;Ocean Colour Scene;1
9101;We Made It More;Ocean Colour Scene;1
9102;You Are Amazing;Ocean Colour Scene;1
9103;You've Got It Bad;Ocean Colour Scene;1
9104;Hopelessly Devoted To You;Olivia Newton-John;1
9105;Look at Me, I'm Sandra Dee;Olivia Newton-John;1
9106;Between Angels And Insects;Papa Roach;1
9107;Binge;Papa Roach;1
9108;Blood Brothers;Papa Roach;1
9109;Broken Home;Papa Roach;1
9110;Dead Cell;Papa Roach;1
9111;Infest;Papa Roach;1
9112;Last Resort;Papa Roach;1
9113;Never Enough;Papa Roach;1
9114;Revenge;Papa Roach;1
9115;Snakes;Papa Roach;1
9116;Thrown Away;Papa Roach;1
9117;Adictos a la lujuria;Parálisis Permanente;1
9118;Bacanal;Parálisis Permanente;1
9119;El acto;Parálisis Permanente;1
9120;Esto no es;Parálisis Permanente;1
9121;Héroes;Parálisis Permanente;1
9122;Jugando a las cartas;Parálisis Permanente;1
9123;Nacidos Para Dominar;Parálisis Permanente;1
9124;Quiero ser tu perro;Parálisis Permanente;1
9125;Te gustará;Parálisis Permanente;1
9126;Tengo un precio;Parálisis Permanente;1
9127;Todo el mundo;Parálisis Permanente;1
9128;Un día en Texas;Parálisis Permanente;1
9129;Vamos a jugar;Parálisis Permanente;1
9130;The Reeling;Passion Pit;1
9131;My Generation [bonus track];Patti Smith;1
9132;Love Is a Many Splendored Thing;Paul Francis Webster;1
9133;Every Night;Paul McCartney;1
9134;Hot As Sunglasses;Paul McCartney;1
9135;Junk;Paul McCartney;1
9136;Man We Was Lonely;Paul McCartney;1
9137;Momma Miss America;Paul McCartney;1
9138;Oo You;Paul McCartney;1
9139;That Would Be Something;Paul McCartney;1
9140;The Lovely Linda;Paul McCartney;1
9141;Valentine Day;Paul McCartney;1
9142;The Changingman;Paul Weller;1
9143;5 - 4 = Unity;Pavement;1
9144;Date w/ IKEA;Pavement;1
9145;Elevate Me Later;Pavement;1
9146;Fillmore Jive;Pavement;1
9147;Gold Soundz;Pavement;1
9148;Heaven Is a Truck;Pavement;1
9149;Hit the Plane Down;Pavement;1
9150;Newark Wilder;Pavement;1
9151;Old to Begin;Pavement;1
9152;Range Life;Pavement;1
9153;Silence Kit;Pavement;1
9154;Stop Breathin';Pavement;1
9155;Transport Is Arranged;Pavement;1
9156;Unfair;Pavement;1
9157;(Untitled);Pearl Jam;1
9158;Alive;Pearl Jam;1
9159;All Those Yesterdays;Pearl Jam;1
9160;Animal;Pearl Jam;1
9161;Aye Davanita;Pearl Jam;1
9162;Better Man;Pearl Jam;1
9163;Black;Pearl Jam;1
9164;Blood;Pearl Jam;1
9165;Bugs;Pearl Jam;1
9166;Corduroy;Pearl Jam;1
9167;Daughter;Pearl Jam;1
9168;Deep;Pearl Jam;1
9169;Dirty Frank;Pearl Jam;1
9170;Dissident;Pearl Jam;1
9171;Even Flow;Pearl Jam;1
9172;Garden;Pearl Jam;1
9173;Given to Fly;Pearl Jam;1
9174;Glorified G;Pearl Jam;1
9175;Go;Pearl Jam;1
9176;I've Got a Feeling;Pearl Jam;1
9177;Immortality;Pearl Jam;1
9178;In Hiding;Pearl Jam;1
9179;Indifference;Pearl Jam;1
9180;Jeremy;Pearl Jam;1
9181;Last Exit;Pearl Jam;1
9182;Leash;Pearl Jam;1
9183;Low Light;Pearl Jam;1
9184;Master/Slave;Pearl Jam;1
9185;MFC;Pearl Jam;1
9186;Not for You;Pearl Jam;1
9187;Nothingman;Pearl Jam;1
9188;Oceans;Pearl Jam;1
9189;Once;Pearl Jam;1
9190;Pilate;Pearl Jam;1
9191;Porch;Pearl Jam;1
9192;Pry, To;Pearl Jam;1
9193;Push Me, Pull Me;Pearl Jam;1
9194;Rats;Pearl Jam;1
9195;Rearviewmirror;Pearl Jam;1
9196;Release;Pearl Jam;1
9197;Satan's Bed;Pearl Jam;1
9198;Tremor Christ;Pearl Jam;1
9199;W.M.A.;Pearl Jam;1
9200;Whipping;Pearl Jam;1
9201;Why Go;Pearl Jam;1
9202;Wishlist;Pearl Jam;1
9203;Canción del Odio;Peor Impossible;1
9204;Garota de Ipanema;Pery Ribeiro;1
9205;Alphabetical;Phoenix;1
9206;If It's Not With You;Phoenix;1
9207;Astronomy Domine;Pink Floyd;1
9208;Bike;Pink Floyd;1
9209;Chapter 24;Pink Floyd;1
9210;Dogs;Pink Floyd;1
9211;Flaming;Pink Floyd;1
9212;Lucifer Sam;Pink Floyd;1
9213;Matilda Mother;Pink Floyd;1
9214;Pigs (Three Different Ones);Pink Floyd;1
9215;Pigs on the Wing (Part One);Pink Floyd;1
9216;Pigs on the Wing (Part Two);Pink Floyd;1
9217;Scarecrow;Pink Floyd;1
9218;Sheep;Pink Floyd;1
9219;All I Think About Now;Pixies;1
9220;All The Saints;Pixies;1
9221;Andro Queen;Pixies;1
9222;Another Toe In the Ocean;Pixies;1
9223;Baal's Back;Pixies;1
9224;Bagboy;Pixies;1
9225;Bailey's Walk;Pixies;1
9226;Bel Esprit;Pixies;1
9227;Bird of Prey;Pixies;1
9228;Blue Eyed Hexe;Pixies;1
9229;Build High;Pixies;1
9230;Classic Masher;Pixies;1
9231;Dancing the Manta Ray;Pixies;1
9232;Daniel Boone;Pixies;1
9233;Death Horizon;Pixies;1
9234;Evil Hearted You;Pixies;1
9235;Greens and Blues;Pixies;1
9236;Head Carrier;Pixies;1
9237;I've Been Waiting for You;Pixies;1
9238;In the Arms of Mrs. Mark of Cain;Pixies;1
9239;Indie Cindy;Pixies;1
9240;Into the White;Pixies;1
9241;Jaime Bravo;Pixies;1
9242;Long Rider;Pixies;1
9243;Los Surfers Muertos;Pixies;1
9244;Magdalena 318;Pixies;1
9245;Make Believe;Pixies;1
9246;Manta Ray;Pixies;1
9247;Might As Well Be Gone;Pixies;1
9248;On Graveyard Hill;Pixies;1
9249;Oona;Pixies;1
9250;Plaster Of Paris;Pixies;1
9251;Ready for Love;Pixies;1
9252;Ring the Bell;Pixies;1
9253;Santo;Pixies;1
9254;Silver Bullet;Pixies;1
9255;Silver Snail;Pixies;1
9256;Snakes;Pixies;1
9257;St. Nazaire;Pixies;1
9258;Talent;Pixies;1
9259;Tenement Song;Pixies;1
9260;The Thing;Pixies;1
9261;Theme From Narc;Pixies;1
9262;This Is My Fate;Pixies;1
9263;Um Chagga Lagga;Pixies;1
9264;Vamos (live);Pixies;1
9265;Velvety Instrumental Version;Pixies;1
9266;Wave of Mutilation (UK Surf);Pixies;1
9267;Weird at My School;Pixies;1
9268;What Goes Boom;Pixies;1
9269;Winterlong;Pixies;1
9270;Horses in My Dreams;PJ Harvey;1
9271;Kamikaze;PJ Harvey;1
9272;The Whores Hustle and the Hustlers Whore;PJ Harvey;1
9273;This Is Love;PJ Harvey;1
9274;We Float;PJ Harvey;1
9275;You Said Something;PJ Harvey;1
9276;36 Degrees;Placebo;1
9277;Bionic;Placebo;1
9278;Blue American;Placebo;1
9279;Bruise Pristine;Placebo;1
9280;Come Home;Placebo;1
9281;Commercial for Levi;Placebo;1
9282;Days Before You Came;Placebo;1
9283;Haemoglobin;Placebo;1
9284;Hang on to Your IQ;Placebo;1
9285;I Know;Placebo;1
9286;Lady of the Flowers;Placebo;1
9287;Narcoleptic;Placebo;1
9288;Passive Aggressive;Placebo;1
9289;Peeping Tom;Placebo;1
9290;Spite & Malice;Placebo;1
9291;Swallow;Placebo;1
9292;Taste in Men;Placebo;1
9293;Teenage Angst;Placebo;1
9294;A un tipo listo;Platero y tú;1
9295;Al Cantar;Platero y tú;1
9296;Bebiendo Del Mismo Vaso;Platero y tú;1
9297;Bobo;Platero y tú;1
9298;Esta noche yo haría;Platero y tú;1
9299;Hay Poco Rock & Roll;Platero y tú;1
9300;La Noche;Platero y tú;1
9301;Lo que os merecéis;Platero y tú;1
9302;Magia;Platero y tú;1
9303;Maldita Mujer;Platero y tú;1
9304;Marabao;Platero y tú;1
9305;Mari Madalenas;Platero y tú;1
9306;Me dan miedo las noches;Platero y tú;1
9307;Mírame;Platero y tú;1
9308;No estoy loco;Platero y tú;1
9309;No me hagas soplar;Platero y tú;1
9310;Por Fin...!!!;Platero y tú;1
9311;R&R batzokian;Platero y tú;1
9312;Somos los plateros;Platero y tú;1
9313;Tenemos Que Entrar;Platero y tú;1
9314;Tras la barra;Platero y tú;1
9315;Forever;Player;1
9316;I Just Wanna Be With You;Player;1
9317;I've Been Thinkin';Player;1
9318;Join In The Dance;Player;1
9319;Let Me Down Easy;Player;1
9320;Love In The Danger Zone;Player;1
9321;Prisoner of Your Love;Player;1
9322;Silver Lining;Player;1
9323;All Mine;Portishead;1
9324;Cowboys;Portishead;1
9325;Elysium;Portishead;1
9326;Half Day Closing;Portishead;1
9327;Humming;Portishead;1
9328;Mourning Air;Portishead;1
9329;Only You;Portishead;1
9330;Over;Portishead;1
9331;Seven Months;Portishead;1
9332;Undenied;Portishead;1
9333;Western Eyes;Portishead;1
9334;A Scanner Darkly;Primal Scream;1
9335;Autobahn 66;Primal Scream;1
9336;City;Primal Scream;1
9337;Deep Hit of Morning Sun;Primal Scream;1
9338;Detroit;Primal Scream;1
9339;Rise;Primal Scream;1
9340;Rocks;Primal Scream;1
9341;Skull X;Primal Scream;1
9342;Some Velvet Morning;Primal Scream;1
9343;Space Blues #2;Primal Scream;1
9344;The Lord Is My Shotgun;Primal Scream;1
9345;I Wanna Be Your Lover;Prince;1
9346;Raspberry Beret;Prince;1
9347;Soft and Wet;Prince;1
9348;Uptown;Prince;1
9349;Why You Wanna Treat Me So Bad?;Prince;1
9350;Being Followed Home;Pulp;1
9351;Death Goes to the Disco (Bonus Track);Pulp;1
9352;Don't You Know;Pulp;1
9353;Don't You Want Me Anymore?;Pulp;1
9354;Fairground;Pulp;1
9355;Live On [#][*][Bbc Mark Goodier Session];Pulp;1
9356;Looking for Life;Pulp;1
9357;Master Of The Universe;Pulp;1
9358;My Erection [#][Demo Previously Unreleased][Demo Version];Pulp;1
9359;My Legendary Girlfriend;Pulp;1
9360;Please Don't Worry;Pulp;1
9361;Seconds;Pulp;1
9362;Separations;Pulp;1
9363;She's Dead;Pulp;1
9364;Space [#][*][Bbc Hit the North Session Soundcheck];Pulp;1
9365;Weeds;Pulp;1
9366;Weeds II (The Origin of the Species);Pulp;1
9367;Wickerman;Pulp;1
9368;You're Not Blind [#][*][Demo Previously Unreleased][Demo Version];Pulp;1
9369;A Kind Of  'A Kind Of Magic';Queen;1
9370;Coming Soon;Queen;1
9371;Crazy Little Thing Called Love;Queen;1
9372;Don't Lose Your Head;Queen;1
9373;Don't Try Suicide;Queen;1
9374;Dragon Attack;Queen;1
9375;Flash;Queen;1
9376;Forever;Queen;1
9377;Friends Will Be Friends Will Be Friends...;Queen;1
9378;Gimme the Prize;Queen;1
9379;Innuendo;Queen;1
9380;My Fairy King;Queen;1
9381;Need Your Loving Tonight;Queen;1
9382;Party;Queen;1
9383;Rock It (Prime Jive);Queen;1
9384;Sail Away Sweet Sister;Queen;1
9385;Save Me;Queen;1
9386;The Invisible Man;Queen;1
9387;The Miracle;Queen;1
9388;Do It Again;Queens of the Stone Age;1
9389;Go With the Flow;Queens of the Stone Age;1
9390;Gonna Leave You;Queens of the Stone Age;1
9391;Hangin' Tree;Queens of the Stone Age;1
9392;1,000,000;R.E.M.;1
9393;9-9;R.E.M.;1
9394;Carnival Of Sorts (Boxcars);R.E.M.;1
9395;Catapult;R.E.M.;1
9396;Gardening At Night (Live);R.E.M.;1
9397;Get Up;R.E.M.;1
9398;Laughing;R.E.M.;1
9399;Moral Kiosk;R.E.M.;1
9400;Orange Crush;R.E.M.;1
9401;Perfect Circle;R.E.M.;1
9402;Pilgrimage;R.E.M.;1
9403;Pop Song 89;R.E.M.;1
9404;Radio Free Europe;R.E.M.;1
9405;Shaking Through;R.E.M.;1
9406;Sitting Still;R.E.M.;1
9407;Stand;R.E.M.;1
9408;Stumble;R.E.M.;1
9409;Talk About the Passion;R.E.M.;1
9410;The Wrong Child;R.E.M.;1
9411;Turn You Inside-Out;R.E.M.;1
9412;We Walk;R.E.M.;1
9413;West of the Fields;R.E.M.;1
9414;What's the Frequency, Kenneth?;R.E.M.;1
9415;Wolves, Lower;R.E.M.;1
9416;World Leader Pretend;R.E.M.;1
9417;You Are the Everything;R.E.M.;1
9418;37 Grados;Radio Futura;1
9419;A Cara O Cruz;Radio Futura;1
9420;Annabel Lee;Radio Futura;1
9421;Divina (Los bailes de Marte);Radio Futura;1
9422;El Canto del Gallo;Radio Futura;1
9423;El Hombre De Papel;Radio Futura;1
9424;El Tonto Simón;Radio Futura;1
9425;el viento de áfrica;Radio Futura;1
9426;En Alas De La Mentira;Radio Futura;1
9427;En El Chino;Radio Futura;1
9428;En Un Baile De Perros;Radio Futura;1
9429;Escuela de calor;Radio Futura;1
9430;Hadaly;Radio Futura;1
9431;Han Caído Los Dos;Radio Futura;1
9432;Ivonne (Rendez-vous);Radio Futura;1
9433;Jarama;Radio Futura;1
9434;La Ciudad Interior;Radio Futura;1
9435;La Mala Hora;Radio Futura;1
9436;La maquina;Radio Futura;1
9437;La Negra Flor;Radio Futura;1
9438;La Vida En La Frontera;Radio Futura;1
9439;Las líneas de la mano;Radio Futura;1
9440;Lluvia Del Porvenir;Radio Futura;1
9441;Luna De Agosto;Radio Futura;1
9442;Muchachita;Radio Futura;1
9443;No Tocarte;Radio Futura;1
9444;Regreso a las minas del Rey Salomon;Radio Futura;1
9445;Tormenta de arena;Radio Futura;1
9446;Trepidación;Radio Futura;1
9447;Un Vaso De Agua (Al Enemigo);Radio Futura;1
9448;Bulls on Parade;Rage Against the Machine;1
9449;Down Rodeo;Rage Against the Machine;1
9450;People of the Sun;Rage Against the Machine;1
9451;Revolver;Rage Against the Machine;1
9452;Roll Right;Rage Against the Machine;1
9453;Snakecharmer;Rage Against the Machine;1
9454;Tire Me;Rage Against the Machine;1
9455;Vietnow;Rage Against the Machine;1
9456;Wind Below;Rage Against the Machine;1
9457;Without a Face;Rage Against the Machine;1
9458;Year of tha Boomerang;Rage Against the Machine;1
9459;Adiós;Rammstein;1
9460;Alter Mann;Rammstein;1
9461;Amerika;Rammstein;1
9462;Amour;Rammstein;1
9463;Dalai Lama;Rammstein;1
9464;Fever Frei!;Rammstein;1
9465;Ich will;Rammstein;1
9466;Keine Lust;Rammstein;1
9467;Küss mich (Fellfrosch);Rammstein;1
9468;Links 2-3-4;Rammstein;1
9469;Los;Rammstein;1
9470;Mein Herz brennt;Rammstein;1
9471;Mein Teil;Rammstein;1
9472;Morgenstern;Rammstein;1
9473;Mutter;Rammstein;1
9474;Nebel;Rammstein;1
9475;Ohne dich;Rammstein;1
9476;Rammstein (Eskimos & Egypt Radio Edit);Rammstein;1
9477;Rein Raus;Rammstein;1
9478;Reise, Reise;Rammstein;1
9479;Sonne;Rammstein;1
9480;Spieluhr;Rammstein;1
9481;Stein um Stein;Rammstein;1
9482;Wilder Wein;Rammstein;1
9483;Wollt Ihr das Bett in Flammen sehen;Rammstein;1
9484;Zwitter;Rammstein;1
9485;Do You Remember Rock 'n' Roll Radio;Ramones;1
9486;Do You Wanna Dance?;Ramones;1
9487;I Can't Give You Anything;Ramones;1
9488;I Don't Care;Ramones;1
9489;I Wanna Be Well;Ramones;1
9490;It's Not My Place (In the 9 to 5 World);Ramones;1
9491;Locket Love;Ramones;1
9492;Now I Wanna Be a Good Boy;Ramones;1
9493;Ramona;Ramones;1
9494;Rock 'n' Roll High School (Ed Stasium mix);Ramones;1
9495;Somebody Put Something in My Drink;Ramones;1
9496;Swallow My Pride (Single Version);Ramones;1
9497;Tomorrow She Goes Away;Ramones;1
9498;Why Is It Always This Way?;Ramones;1
9499;Adina;Rancid;1
9500;Animosity;Rancid;1
9501;Another Night;Rancid;1
9502;Detroit;Rancid;1
9503;Get Out Of My Way;Rancid;1
9504;Holiday Sunrise;Rancid;1
9505;Hyena;Rancid;1
9506;Injury;Rancid;1
9507;Outta My Mind;Rancid;1
9508;Rats In The Hallway;Rancid;1
9509;Rejected;Rancid;1
9510;Situation;Rancid;1
9511;The Bottle;Rancid;1
9512;Trenches;Rancid;1
9513;Unwritten Rules;Rancid;1
9514;Whirlwind;Rancid;1
9515;Apache Rose Peacock;Red Hot Chili Peppers;1
9516;Blood Sugar Sex Magik;Red Hot Chili Peppers;1
9517;Cabron;Red Hot Chili Peppers;1
9518;Can't Stop;Red Hot Chili Peppers;1
9519;Give It Away;Red Hot Chili Peppers;1
9520;I Could Die for You;Red Hot Chili Peppers;1
9521;Midnight;Red Hot Chili Peppers;1
9522;Minor Thing;Red Hot Chili Peppers;1
9523;My Lovely Man;Red Hot Chili Peppers;1
9524;Naked in the Rain;Red Hot Chili Peppers;1
9525;On Mercury;Red Hot Chili Peppers;1
9526;Tear;Red Hot Chili Peppers;1
9527;The Greeting Song;Red Hot Chili Peppers;1
9528;The Righteous & The Wicked;Red Hot Chili Peppers;1
9529;The Zephyr Song;Red Hot Chili Peppers;1
9530;Throw Away Your Television;Red Hot Chili Peppers;1
9531;Under the Bridge;Red Hot Chili Peppers;1
9532;Venice Queen;Red Hot Chili Peppers;1
9533;Warm Tape;Red Hot Chili Peppers;1
9534;Bacalao;Reincidentes;1
9535;Carmen;Reincidentes;1
9536;Cartas Desde El Asilo;Reincidentes;1
9537;Dos Colegas;Reincidentes;1
9538;El Cuento Del Alfajor;Reincidentes;1
9539;El Sur;Reincidentes;1
9540;En el útero;Reincidentes;1
9541;En Mi Interior;Reincidentes;1
9542;Mi Barrio;Reincidentes;1
9543;Nazis nunca más;Reincidentes;1
9544;Okupa;Reincidentes;1
9545;Sal de tus trincheras;Reincidentes;1
9546;Sin Ganas de Olvidar;Reincidentes;1
9547;Todo para tÍ;Reincidentes;1
9548;Beneath;Ride;1
9549;Here and Now;Ride;1
9550;Nowhere;Ride;1
9551;Sennen;Ride;1
9552;Taste;Ride;1
9553;Today;Ride;1
9554;Unfamiliar;Ride;1
9555;Vapour Trail;Ride;1
9556;Dead Flowers;Rinôçérôse;1
9557;It's Time To Go Now!;Rinôçérôse;1
9558;Lost Love;Rinôçérôse;1
9559;Résurrection D'une Idôle Pop;Rinôçérôse;1
9560;Baby Girl Window;Robbie Williams;1
9561;Better Man;Robbie Williams;1
9562;By All Means Necessary;Robbie Williams;1
9563;Clean;Robbie Williams;1
9564;Ego a Go Go;Robbie Williams;1
9565;Forever Texas;Robbie Williams;1
9566;If It's Hurting You;Robbie Williams;1
9567;Kids;Robbie Williams;1
9568;Killing Me;Robbie Williams;1
9569;Knutsford City Limits;Robbie Williams;1
9570;Let Love Be Your Energy;Robbie Williams;1
9571;Let Me Entertain You;Robbie Williams;1
9572;Life Thru A Lens;Robbie Williams;1
9573;Love Calling Earth;Robbie Williams;1
9574;One Of God's Better People;Robbie Williams;1
9575;Singing for the Lonely;Robbie Williams;1
9576;South of the Border;Robbie Williams;1
9577;Supreme;Robbie Williams;1
9578;The Road to Mandalay;Robbie Williams;1
9579;Benko (feat. Fatoumata Diawara & Damon Albarn);Rocket Juice & The Moon;1
9580;Check Out;Rocket Juice & The Moon;1
9581;Chop Up (feat. M.anifest & M3nsa);Rocket Juice & The Moon;1
9582;Dam(n) [feat. Erykah Badu & M.anifest];Rocket Juice & The Moon;1
9583;Extinguished (feat. Cheick Tidiane Seck);Rocket Juice & The Moon;1
9584;Fatala (Bonus Track) [feat. Fatoumata Diawara];Rocket Juice & The Moon;1
9585;Fatherless;Rocket Juice & The Moon;1
9586;Follow-Fashion (feat. Fatoumata Diawara & M.anifest);Rocket Juice & The Moon;1
9587;Forward Sweep;Rocket Juice & The Moon;1
9588;Leave-Taking;Rocket Juice & The Moon;1
9589;Manuela (Bonus Track) [feat. Erykah Badu];Rocket Juice & The Moon;1
9590;Rotary Connection;Rocket Juice & The Moon;1
9591;The Unfadable (feat. M.anifest);Rocket Juice & The Moon;1
9592;There;Rocket Juice & The Moon;1
9593;Worries;Rocket Juice & The Moon;1
9594;Persuasion (bonus track);Rory Gallagher;1
9595;¿Qué Me Das?;Rosendo;1
9596;A La Sombra De Una Mentira;Rosendo;1
9597;A Las Lombrices;Rosendo;1
9598;Ah!;Rosendo;1
9599;Andar Por Casa;Rosendo;1
9600;Bacilo, vacila!;Rosendo;1
9601;Borrachuzos;Rosendo;1
9602;Calidez;Rosendo;1
9603;Cara A Cara;Rosendo;1
9604;Control... Memeces!;Rosendo;1
9605;Dando Vueltas A Un Farol;Rosendo;1
9606;De Repente;Rosendo;1
9607;Del Pulmón;Rosendo;1
9608;En Agua Caliente;Rosendo;1
9609;Entre dientes;Rosendo;1
9610;Go Home!;Rosendo;1
9611;Jugar Al Gua;Rosendo;1
9612;La Tortuga;Rosendo;1
9613;Majete!;Rosendo;1
9614;Mala Vida;Rosendo;1
9615;Menú de la Cuneta;Rosendo;1
9616;No Es Lo Mismo;Rosendo;1
9617;No Me Apetece!;Rosendo;1
9618;Pagando Residencia;Rosendo;1
9619;Para Cuando Desatino;Rosendo;1
9620;Para Nada;Rosendo;1
9621;Puede Que...;Rosendo;1
9622;Que te acompañe la suerte;Rosendo;1
9623;Quincalla, o no!;Rosendo;1
9624;Sufrido;Rosendo;1
9625;Sumisión;Rosendo;1
9626;Tierra de Nadie;Rosendo;1
9627;Todo El Mundo a Sus Quehaceres;Rosendo;1
9628;Unos Golpes de Cincel;Rosendo;1
9629;Ven y ve!;Rosendo;1
9630;Yo También!;Rosendo;1
9631;2 H.B.;Roxy Music;1
9632;Bitters End;Roxy Music;1
9633;Chance Meeting;Roxy Music;1
9634;If There Is Something;Roxy Music;1
9635;Re-Make-Re-Model;Roxy Music;1
9636;Sea Breezes;Roxy Music;1
9637;The Bob (medley);Roxy Music;1
9638;Would You Believe?;Roxy Music;1
9639;Only Love Can Break Your Heart;Saint Etienne;1
9640;Ezekiel 25:17;Samuel L. Jackson;1
9641;Always Somewhere;Scorpions;1
9642;Another Piece Of Meat;Scorpions;1
9643;Backstage Queen;Scorpions;1
9644;Can't Get Enough;Scorpions;1
9645;Catch Your Train;Scorpions;1
9646;Coast To Coast;Scorpions;1
9647;Crying Days;Scorpions;1
9648;Drifting Sun;Scorpions;1
9649;Evening Wind;Scorpions;1
9650;Far Away;Scorpions;1
9651;Fly People Fly;Scorpions;1
9652;Fly To The Rainbow;Scorpions;1
9653;Hell Cat;Scorpions;1
9654;Holiday;Scorpions;1
9655;In Your Park;Scorpions;1
9656;Is There Anybody There?;Scorpions;1
9657;Living And Dying;Scorpions;1
9658;Lovedrive;Scorpions;1
9659;Loving You Sunday Morning;Scorpions;1
9660;No One Like You;Scorpions;1
9661;Pictured Life;Scorpions;1
9662;Polar Night;Scorpions;1
9663;Robot Man;Scorpions;1
9664;Speedy's Coming;Scorpions;1
9665;Sun In My Hand;Scorpions;1
9666;They Need A Million;Scorpions;1
9667;This Is My Song;Scorpions;1
9668;Virgin Killer;Scorpions;1
9669;Yellow Raven;Scorpions;1
9670;EMI (Unlimited Edition);Sex Pistols;1
9671;Blue Moon;Sha Na Na;1
9672;Born to Hand Jive;Sha Na Na;1
9673;Hound Dog;Sha Na Na;1
9674;Rock & Roll Is Here to Stay;Sha Na Na;1
9675;Tears on My Pillow;Sha Na Na;1
9676;Those Magic Changes;Sha Na Na;1
9677;A La Vera Del Mar;Sidonie;1
9678;Al viento;Sidonie;1
9679;Algo nos pasará;Sidonie;1
9680;El Adiós;Sidonie;1
9681;El Incendio;Sidonie;1
9682;Empiza El Dia En Tu Jardin;Sidonie;1
9683;En Mi Garganta;Sidonie;1
9684;La Sombra;Sidonie;1
9685;Nueva York;Sidonie;1
9686;Por Ti;Sidonie;1
9687;Sin Querer;Sidonie;1
9688;Un día más en la vida;Sidonie;1
9689;Viva El Loco Que Inventó El Amor;Sidonie;1
9690;Ágætis byrjun;Sigur Rós;1
9691;Avalon;Sigur Rós;1
9692;Flugufrelsarinn;Sigur Rós;1
9693;Hafssól;Sigur Rós;1
9694;Hjartað hamast (bamm bamm bamm);Sigur Rós;1
9695;Intro;Sigur Rós;1
9696;Mistur;Sigur Rós;1
9697;Myrkur;Sigur Rós;1
9698;Ný batterí;Sigur Rós;1
9699;Olsen Olsen;Sigur Rós;1
9700;Rukrym;Sigur Rós;1
9701;Starálfur;Sigur Rós;1
9702;Svefn-g-englar;Sigur Rós;1
9703;Syndir Guðs (opinberun frelsarans);Sigur Rós;1
9704;Veröld ný og óð;Sigur Rós;1
9705;Viðrar vel til loftárása;Sigur Rós;1
9706;Von;Sigur Rós;1
9707;¿Qué tal, homosexual?;Siniestro Total;1
9708;¿Quiénes Somos, De Donde Venimos, Adónde Vamos?;Siniestro Total;1
9709;Al Final;Siniestro Total;1
9710;Assumpta;Siniestro Total;1
9711;aunque este en el frenopatico te tirare del atico;Siniestro Total;1
9712;Ayatollah, Number 9;Siniestro Total;1
9713;Bailaré Sobre tu Tumba;Siniestro Total;1
9714;Cada Día Somos Más;Siniestro Total;1
9715;Can't Get Enough;Siniestro Total;1
9716;Chochos voladores;Siniestro Total;1
9717;Cobrador loco;Siniestro Total;1
9718;Demasiado Lejos;Siniestro Total;1
9719;E.L.E.V.E.N. (El famoso encuentro de Matt Murdock y Ray Charles);Siniestro Total;1
9720;Emilio Cao;Siniestro Total;1
9721;Fuera Las Manos Chinas del Vietnam Socialista;Siniestro Total;1
9722;Hey, Hey, Vigo;Siniestro Total;1
9723;Juegas Al Palé;Siniestro Total;1
9724;Kalahari;Siniestro Total;1
9725;Keke Rosberg;Siniestro Total;1
9726;La Matanza de Taxis;Siniestro Total;1
9727;La Revista;Siniestro Total;1
9728;Las Tetas de Mi Novia;Siniestro Total;1
9729;Los Esqueletos No Tienen Pilila;Siniestro Total;1
9730;Mártires de Uganda;Siniestro Total;1
9731;Más Vale Ser Punki Que Maricón De Playa;Siniestro Total;1
9732;Matar Hippies En las Cies;Siniestro Total;1
9733;Menea el Bullarengue;Siniestro Total;1
9734;Mongoloide;Siniestro Total;1
9735;No Me Lavo en la Vida;Siniestro Total;1
9736;No me mates con tomate;Siniestro Total;1
9737;Nocilla que Merendilla;Siniestro Total;1
9738;Oh, Qué Raro Soy;Siniestro Total;1
9739;Ponte En Mi Lugar;Siniestro Total;1
9740;Que Corra La Nicotina;Siniestro Total;1
9741;Rock En Samil;Siniestro Total;1
9742;Señor, ilumina mi corazón;Siniestro Total;1
9743;Sexo Chungo;Siniestro Total;1
9744;Si Yo Canto;Siniestro Total;1
9745;Sonorice su templo;Siniestro Total;1
9746;Te Quiero;Siniestro Total;1
9747;Tipi, dulce Tipi;Siniestro Total;1
9748;Vamos al Kway;Siniestro Total;1
9749;Viene El Verano;Siniestro Total;1
9750;We Are the World;Siniestro Total;1
9751;Ye-Ye;Siniestro Total;1
9752;Arabian Knights;Siouxsie and the Banshees;1
9753;Halloween;Siouxsie and the Banshees;1
9754;Head Cut;Siouxsie and the Banshees;1
9755;Into the Light;Siouxsie and the Banshees;1
9756;Monitor;Siouxsie and the Banshees;1
9757;Night Shift;Siouxsie and the Banshees;1
9758;Sin In My Heart;Siouxsie and the Banshees;1
9759;Spellbound;Siouxsie and the Banshees;1
9760;Voodoo Dolly;Siouxsie and the Banshees;1
9761;Aggressive Perfector;Slayer;1
9762;Altar of Sacrifice;Slayer;1
9763;Angel of Death;Slayer;1
9764;Black Magic;Slayer;1
9765;Criminally Insane;Slayer;1
9766;Crionics;Slayer;1
9767;Die by the Sword;Slayer;1
9768;Epidemic;Slayer;1
9769;Evil Has No Boundaries;Slayer;1
9770;Fight Till Death;Slayer;1
9771;Jesus Saves;Slayer;1
9772;Metalstorm_Face the Slayer;Slayer;1
9773;Necrophobic;Slayer;1
9774;Piece By Piece;Slayer;1
9775;Postmortem;Slayer;1
9776;Raining Blood;Slayer;1
9777;Reborn;Slayer;1
9778;Show No Mercy;Slayer;1
9779;The Antichrist;Slayer;1
9780;The Final Command;Slayer;1
9781;Tormentor;Slayer;1
9782;Bang Someone Out;Sleaford Mods;1
9783;Kebab Spider;Sleaford Mods;1
9784;Nudge It;Sleaford Mods;1
9785;Shortcummings;Sleaford Mods;1
9786;Click...Off...Gone;Sleeper;1
9787;Dress Like Your Mother;Sleeper;1
9788;Factor 41;Sleeper;1
9789;Feeling Peaky;Sleeper;1
9790;Glue Ears;Sleeper;1
9791;Good Luck Mr Gorsky;Sleeper;1
9792;Nice Guy Eddie;Sleeper;1
9793;Shrinkwrapped;Sleeper;1
9794;Statuesque;Sleeper;1
9795;Stop Your Crying;Sleeper;1
9796;Bubblegum;Sonic Youth;1
9797;Death to Our Friends;Sonic Youth;1
9798;Expressway to Yr. Skull;Sonic Youth;1
9799;Green Light;Sonic Youth;1
9800;In the Kingdom #19;Sonic Youth;1
9801;Marilyn Moore;Sonic Youth;1
9802;Secret Girl;Sonic Youth;1
9803;Shadow of a Doubt;Sonic Youth;1
9804;Star Power;Sonic Youth;1
9805;Tom Violence;Sonic Youth;1
9806;4th of July;Soundgarden;1
9807;Fell on Black Days;Soundgarden;1
9808;Fresh Tendrils;Soundgarden;1
9809;Half;Soundgarden;1
9810;Head Down;Soundgarden;1
9811;Kickstand;Soundgarden;1
9812;Let Me Drown;Soundgarden;1
9813;Like Suicide;Soundgarden;1
9814;Limo Wreck;Soundgarden;1
9815;Mailman;Soundgarden;1
9816;My Wave;Soundgarden;1
9817;She Likes Surprises;Soundgarden;1
9818;Spoonman;Soundgarden;1
9819;Superunknown;Soundgarden;1
9820;The Day I Tried to Live;Soundgarden;1
9821;A Liddle Biddy Help From Elvis;Space;1
9822;Avenging Angels;Space;1
9823;Bad Day's;Space;1
9824;Be There;Space;1
9825;Begin Again;Space;1
9826;Disco Dolly;Space;1
9827;Fran In Japan;Space;1
9828;Piggies;Space;1
9829;The Ballad Of Tom Jones;Space;1
9830;The Man;Space;1
9831;The Unluckiest Man In The World;Space;1
9832;There's No You;Space;1
9833;Ladies and Gentlemen We Are Floating in Space;Spiritualized;1
9834;Anonymous Collective;Stereolab;1
9835;Cybele's Reverie;Stereolab;1
9836;Emperor Tomato Ketchup;Stereolab;1
9837;Les Yper-sound;Stereolab;1
9838;Metronomic Underground;Stereolab;1
9839;Monstre Sacre;Stereolab;1
9840;Motoroller Scalatron;Stereolab;1
9841;OLV 26;Stereolab;1
9842;Percolator;Stereolab;1
9843;Slow Fast Hazel;Stereolab;1
9844;Spark Plug;Stereolab;1
9845;The Noise of Carpet;Stereolab;1
9846;Tomorrow Is Already Here;Stereolab;1
9847;I Believe (When I Fall in Love It Will Be Forever);Stevie Wonder;1
9848;They Won't Go When I Go;Stevie Wonder;1
9849;Look at Me, I'm Sandra Dee;Stockard Channing;1
9850;Army Ants;Stone Temple Pilots;1
9851;Big Empty;Stone Temple Pilots;1
9852;Interstate Love Song;Stone Temple Pilots;1
9853;Kitchenware & Candybars;Stone Temple Pilots;1
9854;Lounge Fly;Stone Temple Pilots;1
9855;Meat Plow;Stone Temple Pilots;1
9856;Pretty Penny;Stone Temple Pilots;1
9857;Silvergun Superman;Stone Temple Pilots;1
9858;Still Remains;Stone Temple Pilots;1
9859;Ungived;Stone Temple Pilots;1
9860;Vasoline;Stone Temple Pilots;1
9861;Astrogirl;Suede;1
9862;Beautiful Loser;Suede;1
9863;Lonely Girls;Suede;1
9864;Lost in TV;Suede;1
9865;Positivity;Suede;1
9866;Stay Together;Suede;1
9867;Streetlife;Suede;1
9868;untitled... morning;Suede;1
9869;When the Rain Falls;Suede;1
9870;Crime of the Century;Supertramp;1
9871;Dreamer;Supertramp;1
9872;If Everyone Was Listening;Supertramp;1
9873;Rudy;Supertramp;1
9874;Baby Lemonade;Syd Barrett;1
9875;Dominoes;Syd Barrett;1
9876;Effervescing Elephant;Syd Barrett;1
9877;Gigolo Aunt;Syd Barrett;1
9878;I Never Lied to You;Syd Barrett;1
9879;It Is Obvious;Syd Barrett;1
9880;Love Song;Syd Barrett;1
9881;Maisie;Syd Barrett;1
9882;Rats;Syd Barrett;1
9883;Waving My Arms in the Air;Syd Barrett;1
9884;Wined and Dined;Syd Barrett;1
9885;Wolfpack;Syd Barrett;1
9886;Corcovado;Sylvia Telles;1
9887;Dindi;Sylvia Telles;1
9888;Discussão;Sylvia Telles;1
9889;Fotografia;Sylvia Telles;1
9890;Sucedeu Assim;Sylvia Telles;1
9891;Chariot Choogle;T. Rex;1
9892;Main Man;T. Rex;1
9893;Don't Look Below;Tahiti 80;1
9894;Memories Of The Past;Tahiti 80;1
9895;The Other Side;Tahiti 80;1
9896;Wallpaper For The Soul;Tahiti 80;1
9897;(Nothing But) Flowers;Talking Heads;1
9898;And She Was;Talking Heads;1
9899;Blind;Talking Heads;1
9900;Burning Down the House;Talking Heads;1
9901;Girlfriend Is Better;Talking Heads;1
9902;Love → Building on Fire;Talking Heads;1
9903;Road to Nowhere;Talking Heads;1
9904;This Must Be the Place (Naive Melody);Talking Heads;1
9905;Alcoholiday;Teenage Fanclub;1
9906;December;Teenage Fanclub;1
9907;Did I Say;Teenage Fanclub;1
9908;Discolite;Teenage Fanclub;1
9909;Empty Space;Teenage Fanclub;1
9910;Going Places;Teenage Fanclub;1
9911;Guiding Star;Teenage Fanclub;1
9912;Hang On;Teenage Fanclub;1
9913;Hardcore/Ballad;Teenage Fanclub;1
9914;I Don't Know;Teenage Fanclub;1
9915;I Don't Want Control Of You;Teenage Fanclub;1
9916;I Gotta Know;Teenage Fanclub;1
9917;I Need Direction;Teenage Fanclub;1
9918;I'll Make It Clear;Teenage Fanclub;1
9919;Is This Music?;Teenage Fanclub;1
9920;Metal Baby;Teenage Fanclub;1
9921;Neil Jung;Teenage Fanclub;1
9922;Pet Rock;Teenage Fanclub;1
9923;Satan;Teenage Fanclub;1
9924;Say No;Teenage Fanclub;1
9925;Sidewinder;Teenage Fanclub;1
9926;Star Sign;Teenage Fanclub;1
9927;Starsign;Teenage Fanclub;1
9928;Tears;Teenage Fanclub;1
9929;Verisimilitude;Teenage Fanclub;1
9930;Glory;Television;1
9931;Discotheque Wreck;Terrorvision;1
9932;Middleman;Terrorvision;1
9933;Oblivion;Terrorvision;1
9934;Pretend Best Friend;Terrorvision;1
9935;Some People Say;Terrorvision;1
9936;Stab in the Back;Terrorvision;1
9937;Still the Rhythm;Terrorvision;1
9938;Stop the Bus;Terrorvision;1
9939;Ten Shades of Grey;Terrorvision;1
9940;Time O' The Signs;Terrorvision;1
9941;What Makes You Tick;Terrorvision;1
9942;What the Doctor Ordered;Terrorvision;1
9943;Day After Day;Texas;1
9944;Girl;Texas;1
9945;In Our Lifetime;Texas;1
9946;Move In;Texas;1
9947;Saint;Texas;1
9948;Sunday Afternoon;Texas;1
9949;Tell Me The Answer;Texas;1
9950;The Day Before I Went Away;Texas;1
9951;The Hush;Texas;1
9952;When We Are Together;Texas;1
9953;Zero Zero;Texas;1
9954;All I've Got to Do;The Beatles;1
9955;Baby You're a Rich Man;The Beatles;1
9956;Blue Jay Way;The Beatles;1
9957;Devil in Her Heart;The Beatles;1
9958;Every Little Thing;The Beatles;1
9959;Everybody's Trying to Be My Baby;The Beatles;1
9960;Flying;The Beatles;1
9961;"Help! [from the Film ""Help! ""]";The Beatles;1
9962;Hold Me Tight;The Beatles;1
9963;Honey Don't;The Beatles;1
9964;I Am the Walrus;The Beatles;1
9965;"I Am the Walrus [from the Film ""Magical Mystery Tour""]";The Beatles;1
9966;I Don't Want to Spoil the Party;The Beatles;1
9967;I Wanna Be Your Man;The Beatles;1
9968;Kansas City/Hey-Hey-Hey-Hey! [Medley];The Beatles;1
9969;Little Child;The Beatles;1
9970;Money (That's What I Want);The Beatles;1
9971;No Reply;The Beatles;1
9972;Not a Second Time;The Beatles;1
9973;Please Mister Postman;The Beatles;1
9974;Roll Over Beethoven;The Beatles;1
9975;The Ballad of John and Yoko;The Beatles;1
9976;Till There Was You;The Beatles;1
9977;What You're Doing;The Beatles;1
9978;You Really Got a Hold on Me;The Beatles;1
9979;Your Mother Should Know;The Beatles;1
9980;Slight Return;The Bluetones;1
9981;4am Conversation;The Boo Radleys;1
9982;Charles Bukowski Is Dead;The Boo Radleys;1
9983;Fairfax Scene;The Boo Radleys;1
9984;Find The Answer Within;The Boo Radleys;1
9985;It's Lulu;The Boo Radleys;1
9986;Joel;The Boo Radleys;1
9987;Martin, Doom! It's Seven O'Clock;The Boo Radleys;1
9988;Reaching Out From Here;The Boo Radleys;1
9989;Stuck On Amber;The Boo Radleys;1
9990;Twinside;The Boo Radleys;1
9991;Wake Up Boo!;The Boo Radleys;1
9992;Wilder;The Boo Radleys;1
9993;I Am a Pilgrim;The Byrds;1
9994;03.45: No Sleep;The Cardigans;1
9995;A Good Horse;The Cardigans;1
9996;And Then You Kissed Me;The Cardigans;1
9997;Been It;The Cardigans;1
9998;Choke;The Cardigans;1
9999;Communication;The Cardigans;1
10000;Couldn't Care Less;The Cardigans;1
10001;Feathers And Down;The Cardigans;1
10002;For What It's Worth;The Cardigans;1
10003;Great Divide;The Cardigans;1
10004;Happy Meal II;The Cardigans;1
10005;Heartbreaker;The Cardigans;1
10006;Iron Man;The Cardigans;1
10007;Lead Me Into The Night;The Cardigans;1
10008;Live and Learn;The Cardigans;1
10009;Losers;The Cardigans;1
10010;Never Recover;The Cardigans;1
10011;Please Sister;The Cardigans;1
10012;Step On Me;The Cardigans;1
10013;You're the Storm;The Cardigans;1
10014;Your New Cuckoo;The Cardigans;1
10015;(No One) Not Even the Rain;The Charlatans;1
10016;109 pt2;The Charlatans;1
10017;Area 51;The Charlatans;1
10018;Believe You Me;The Charlatans;1
10019;Can't Even Be Bothered;The Charlatans;1
10020;Chewing Gum Weekend;The Charlatans;1
10021;Flower;The Charlatans;1
10022;Get on It;The Charlatans;1
10023;How Can You Leave Us;The Charlatans;1
10024;How High;The Charlatans;1
10025;North Country Boy;The Charlatans;1
10026;One to Another;The Charlatans;1
10027;Only Teethin';The Charlatans;1
10028;Opportunity;The Charlatans;1
10029;Polar Bear;The Charlatans;1
10030;Rob's Theme;The Charlatans;1
10031;Sonic;The Charlatans;1
10032;Sproston Green;The Charlatans;1
10033;Tellin' Stories;The Charlatans;1
10034;Then;The Charlatans;1
10035;Title Fight;The Charlatans;1
10036;Two of Us;The Charlatans;1
10037;Weirdo;The Charlatans;1
10038;White Shirt;The Charlatans;1
10039;With No Shoes;The Charlatans;1
10040;You're a Big Girl Now;The Charlatans;1
10041;You're Not Very Well;The Charlatans;1
10042;Alive Alone;The Chemical Brothers;1
10043;Chico's Groove;The Chemical Brothers;1
10044;Come With Us;The Chemical Brothers;1
10045;Denmark;The Chemical Brothers;1
10046;Dig Your Own Hole;The Chemical Brothers;1
10047;Elektrobank;The Chemical Brothers;1
10048;Fuck Up Beats;The Chemical Brothers;1
10049;Galaxy Bounce;The Chemical Brothers;1
10050;Galvanize;The Chemical Brothers;1
10051;Get Up On It Like This;The Chemical Brothers;1
10052;Hoops;The Chemical Brothers;1
10053;It Began In Afrika;The Chemical Brothers;1
10054;It Doesn't Matter;The Chemical Brothers;1
10055;Life Is Sweet;The Chemical Brothers;1
10056;Lost in the K-hole;The Chemical Brothers;1
10057;My Elastic Eye;The Chemical Brothers;1
10058;One Too Many Mornings;The Chemical Brothers;1
10059;Piku;The Chemical Brothers;1
10060;Pioneer Skies;The Chemical Brothers;1
10061;Playground for a Wedgeless Firm;The Chemical Brothers;1
10062;The Private Psychedelic Reel;The Chemical Brothers;1
10063;The State We're In;The Chemical Brothers;1
10064;Three Little Birdies Down Beat;The Chemical Brothers;1
10065;Where Do I Begin;The Chemical Brothers;1
10066;Clampdown;The Clash;1
10067;Corner Soul;The Clash;1
10068;Four Horsemen;The Clash;1
10069;Hateful;The Clash;1
10070;Hitsville U.K.;The Clash;1
10071;Ivan Meets G.I. Joe;The Clash;1
10072;Junco Partner;The Clash;1
10073;Lets Go Crazy;The Clash;1
10074;Lightning Strikes (Not Once but Twice);The Clash;1
10075;Look Here;The Clash;1
10076;One More Dub;The Clash;1
10077;One More Time;The Clash;1
10078;Rebel Waltz;The Clash;1
10079;Somebody Got Murdered;The Clash;1
10080;Something about England;The Clash;1
10081;The Card Cheat;The Clash;1
10082;The Crooked Beat;The Clash;1
10083;The Leader;The Clash;1
10084;The Magnificent Seven;The Clash;1
10085;The Right Profile;The Clash;1
10086;Up in Heaven (Not Only Here);The Clash;1
10087;Wrong 'Em Boyo;The Clash;1
10088;Beautiful Garden;The Cramps;1
10089;Can't Find My Mind;The Cramps;1
10090;Caveman;The Cramps;1
10091;Don't Eat Stuff Off The Sidewalk;The Cramps;1
10092;Goo Goo Muck;The Cramps;1
10093;Green Door;The Cramps;1
10094;Green Fuz;The Cramps;1
10095;Jungle Hop;The Cramps;1
10096;Primitive;The Cramps;1
10097;Rockin' Bones;The Cramps;1
10098;The Crusher;The Cramps;1
10099;The Natives Are Restless;The Cramps;1
10100;Under The Wires;The Cramps;1
10101;Voodoo Idol;The Cramps;1
10102;Bosnia;The Cranberries;1
10103;Daffodil Lament;The Cranberries;1
10104;Disappointment;The Cranberries;1
10105;Dreaming My Dreams;The Cranberries;1
10106;Electric Blue;The Cranberries;1
10107;Empty;The Cranberries;1
10108;Everything I Said;The Cranberries;1
10109;Forever Yellow Skies;The Cranberries;1
10110;Free to Decide;The Cranberries;1
10111;Hollywood;The Cranberries;1
10112;I Can't Be with You;The Cranberries;1
10113;I Just Shot John Lennon;The Cranberries;1
10114;I'm Still Remembering;The Cranberries;1
10115;Joe;The Cranberries;1
10116;No Need to Argue;The Cranberries;1
10117;Ode to My Family;The Cranberries;1
10118;Ridiculous Thoughts;The Cranberries;1
10119;The Icicle Melts;The Cranberries;1
10120;The Rebels;The Cranberries;1
10121;Twenty One;The Cranberries;1
10122;War Child;The Cranberries;1
10123;When You're Gone;The Cranberries;1
10124;Will You Remember?;The Cranberries;1
10125;Yeat's Grave;The Cranberries;1
10126;Zombie;The Cranberries;1
10127;A Short Term Effect;The Cure;1
10128;A Strange Day;The Cure;1
10129;Bananafishbones;The Cure;1
10130;Bird Mad Girl;The Cure;1
10131;Cold;The Cure;1
10132;Disintegration;The Cure;1
10133;Dressing Up;The Cure;1
10134;Fascination Street;The Cure;1
10135;Friday I'm in Love;The Cure;1
10136;Give Me It;The Cure;1
10137;Homesick;The Cure;1
10138;Last Dance;The Cure;1
10139;Lovesong;The Cure;1
10140;Lullaby;The Cure;1
10141;One Hundred Years;The Cure;1
10142;Piggy in the Mirror;The Cure;1
10143;Pornography;The Cure;1
10144;Prayers for Rain;The Cure;1
10145;Shake Dog Shake;The Cure;1
10146;Siamese Twins;The Cure;1
10147;The Caterpillar;The Cure;1
10148;The Empty World;The Cure;1
10149;The Figurehead;The Cure;1
10150;The Hanging Garden;The Cure;1
10151;The Same Deep Water as You;The Cure;1
10152;The Top;The Cure;1
10153;Untitled;The Cure;1
10154;Wailing Wall;The Cure;1
10155;We Used to Be Friends;The Dandy Warhols;1
10156;Alabama Song (Whiskey Bar);The Doors;1
10157;Break On Through #2 (Celebration Of The Lizard);The Doors;1
10158;Celebration Of The Lizard;The Doors;1
10159;Dead Cats, Dead Rats;The Doors;1
10160;Down on the Farm;The Doors;1
10161;Gloria;The Doors;1
10162;Hang on to Your Life;The Doors;1
10163;House Announcer;The Doors;1
10164;I'm Horny, I'm Stoned;The Doors;1
10165;Light My Fire (Including Graveyard Poem);The Doors;1
10166;Lions in the Street;The Doors;1
10167;Petition the Lord With Prayer;The Doors;1
10168;Ships w/ Sails;The Doors;1
10169;Texas Radio & The Big Beat;The Doors;1
10170;The Hill Dwellers;The Doors;1
10171;Tightrope Ride;The Doors;1
10172;Universal Mind;The Doors;1
10173;Unknown Soldier;The Doors;1
10174;Variety Is the Spice of Life;The Doors;1
10175;Wandering Musician;The Doors;1
10176;Who Do You Love (medley);The Doors;1
10177;Chelsea Dagger;The Fratellis;1
10178;Flathead;The Fratellis;1
10179;Ole Black 'n' Blue Eyes;The Fratellis;1
10180;Ladyflash;The Go! Team;1
10181;A Get Together to Tear It Apart;The Hives;1
10182;Declare Guerre Nucleaire;The Hives;1
10183;Die, All Right!;The Hives;1
10184;Find Another Girl;The Hives;1
10185;Hate to Say I Told You So;The Hives;1
10186;Inspection Wise 1999;The Hives;1
10187;Introduce the Metric System in Time;The Hives;1
10188;Knock Knock;The Hives;1
10189;Main Offender;The Hives;1
10190;Outsmarted;The Hives;1
10191;Statecontrol;The Hives;1
10192;Supply and Demand;The Hives;1
10193;A Train Roars;The Horrors;1
10194;Count In Fives;The Horrors;1
10195;Death At The Chapel (UK Bonus Track);The Horrors;1
10196;Draw Japan;The Horrors;1
10197;Excellent Choice;The Horrors;1
10198;Gil Sleeping;The Horrors;1
10199;Gloves;The Horrors;1
10200;Jack The Ripper;The Horrors;1
10201;Little Victories;The Horrors;1
10202;She Is The New Thing;The Horrors;1
10203;Sheena Is A Parasite;The Horrors;1
10204;Thunderclaps;The Horrors;1
10205;But I'm Different Now;The Jam;1
10206;Dreamtime;The Jam;1
10207;Man in the Corner Shop;The Jam;1
10208;Music for the Last Couple;The Jam;1
10209;Pretty Green;The Jam;1
10210;Scrape Away;The Jam;1
10211;Set the House Ablaze;The Jam;1
10212;Start!;The Jam;1
10213;That's Entertainment;The Jam;1
10214;Darklands;The Jesus and Mary Chain;1
10215;Deep One Perfect Morning;The Jesus and Mary Chain;1
10216;Down on Me;The Jesus and Mary Chain;1
10217;Happy When It Rains;The Jesus and Mary Chain;1
10218;20th Century Man;The Kinks;1
10219;Acute Schizophrenia Paranoia Blues;The Kinks;1
10220;Alcohol;The Kinks;1
10221;Apeman (Alternate Mix, Mono);The Kinks;1
10222;Complicated Life;The Kinks;1
10223;Have A Cuppa Tea;The Kinks;1
10224;Here Come The People In Grey;The Kinks;1
10225;Holiday;The Kinks;1
10226;Holloway Jail;The Kinks;1
10227;Kentucky Moon;The Kinks;1
10228;Lola (Single A-Side 1970, Mono);The Kinks;1
10229;Muswell Hillbilly;The Kinks;1
10230;Oklahoma U.S.A.;The Kinks;1
10231;Powerman (demo);The Kinks;1
10232;Skin & Bone;The Kinks;1
10233;Till the End of the Day;The Kinks;1
10234;Uncle Son;The Kinks;1
10235;Village Green (no strings version);The Kinks;1
10236;My Sharona;The Knack;1
10237;Into Your Arms;The Lemonheads;1
10238;It's a Shame about Ray;The Lemonheads;1
10239;The Great Big NO;The Lemonheads;1
10240;Hidden Track;The Libertines;1
10241;Surf Rider;The Lively Ones;1
10242;Swallow Tattoo;The Long Blondes;1
10243;Out Of Limits;The Marketts;1
10244;Hypnotize;The Notorious B.I.G.;1
10245;All I Want;The Offspring;1
10246;Amazed;The Offspring;1
10247;Americana;The Offspring;1
10248;Change the World;The Offspring;1
10249;Cool to Hate;The Offspring;1
10250;Disclaimer;The Offspring;1
10251;Don't Pick It Up;The Offspring;1
10252;Feelings;The Offspring;1
10253;Gone Away;The Offspring;1
10254;Have You Ever;The Offspring;1
10255;I Choose;The Offspring;1
10256;Intermission;The Offspring;1
10257;Leave It Behind;The Offspring;1
10258;Me & My Old Lady;The Offspring;1
10259;Mota;The Offspring;1
10260;No Brakes;The Offspring;1
10261;Pay the Man;The Offspring;1
10262;Pretty Fly (For a White Guy);The Offspring;1
10263;She's Got Issues;The Offspring;1
10264;Staring at the Sun;The Offspring;1
10265;The End of the Line;The Offspring;1
10266;The Kids Aren't Alright;The Offspring;1
10267;The Meaning of Life;The Offspring;1
10268;Walla Walla;The Offspring;1
10269;Way Down the Line;The Offspring;1
10270;Why Don't You Get a Job?;The Offspring;1
10271;Behind My Camel;The Police;1
10272;Bombs Away;The Police;1
10273;De Do Do Do, De Da Da Da;The Police;1
10274;Don't Stand So Close to Me;The Police;1
10275;Driven To Tears;The Police;1
10276;Every Breath You Take;The Police;1
10277;King of Pain;The Police;1
10278;Man In A Suitcase;The Police;1
10279;Miss Gradenko;The Police;1
10280;Mother;The Police;1
10281;Murder By Numbers;The Police;1
10282;O My God;The Police;1
10283;Shadows In The Rain;The Police;1
10284;Synchronicity I;The Police;1
10285;Synchronicity II;The Police;1
10286;Tea in the Sahara;The Police;1
10287;The Other Way of Stopping;The Police;1
10288;Voices Inside My Head;The Police;1
10289;Walking in Your Footsteps;The Police;1
10290;When the World Is Running Down, You Make the Best of What's Still;The Police;1
10291;Wrapped Around Your Finger;The Police;1
10292;Bad Boys Get Spanked;The Pretenders;1
10293;Birds of Paradise;The Pretenders;1
10294;Day After Day;The Pretenders;1
10295;I Go To Sleep;The Pretenders;1
10296;Jealous Dogs;The Pretenders;1
10297;Louie Louie;The Pretenders;1
10298;Lovers Of Today;The Pretenders;1
10299;Message of Love;The Pretenders;1
10300;Mystery Achievement;The Pretenders;1
10301;Pack It Up;The Pretenders;1
10302;Talk Of The Town;The Pretenders;1
10303;The Adultress;The Pretenders;1
10304;The English Roses;The Pretenders;1
10305;Waste Not Want Not;The Pretenders;1
10306;Hotride;The Prodigy;1
10307;Since I First Met You;The Robins;1
10308;100 Years Ago;The Rolling Stones;1
10309;Already Over Me;The Rolling Stones;1
10310;Always Suffering;The Rolling Stones;1
10311;Anybody Seen My Baby;The Rolling Stones;1
10312;Black Limousine;The Rolling Stones;1
10313;Can You Hear The Music;The Rolling Stones;1
10314;Coming Down Again;The Rolling Stones;1
10315;Dancing with Mr. D.;The Rolling Stones;1
10316;Doo Doo Doo Doo Doo (Heartbreaker);The Rolling Stones;1
10317;Fight;The Rolling Stones;1
10318;Flip the Switch;The Rolling Stones;1
10319;Gunface;The Rolling Stones;1
10320;Hang Fire;The Rolling Stones;1
10321;Harlem Shuffle;The Rolling Stones;1
10322;Heaven;The Rolling Stones;1
10323;Hide Your Love;The Rolling Stones;1
10324;High and Dry;The Rolling Stones;1
10325;Hold Back;The Rolling Stones;1
10326;How Can I Stop;The Rolling Stones;1
10327;I Am Waiting;The Rolling Stones;1
10328;In Another Land;The Rolling Stones;1
10329;It's Not Easy;The Rolling Stones;1
10330;It's Only Rock 'n' Roll (But I Like It);The Rolling Stones;1
10331;Little T & A;The Rolling Stones;1
10332;Low Down;The Rolling Stones;1
10333;Might As Well Get Juiced;The Rolling Stones;1
10334;Neighbors;The Rolling Stones;1
10335;No Use in Crying;The Rolling Stones;1
10336;One Hit (To The Body);The Rolling Stones;1
10337;Out of Control;The Rolling Stones;1
10338;Saint of Me;The Rolling Stones;1
10339;Silver Train;The Rolling Stones;1
10340;Slave;The Rolling Stones;1
10341;Some Girls;The Rolling Stones;1
10342;Star Star;The Rolling Stones;1
10343;Start Me Up;The Rolling Stones;1
10344;Take It or Leave It;The Rolling Stones;1
10345;Thief in the Night;The Rolling Stones;1
10346;Think;The Rolling Stones;1
10347;Too Rude;The Rolling Stones;1
10348;Too Tight;The Rolling Stones;1
10349;Tops;The Rolling Stones;1
10350;Waiting on a Friend;The Rolling Stones;1
10351;What To Do;The Rolling Stones;1
10352;Winter;The Rolling Stones;1
10353;Worried About You;The Rolling Stones;1
10354;You Don't Have To Mean It;The Rolling Stones;1
10355;Age of Innocence;The Smashing Pumpkins;1
10356;Blue Skies Bring Tears;The Smashing Pumpkins;1
10357;Glass and the Ghost Children;The Smashing Pumpkins;1
10358;Heavy Metal Machine;The Smashing Pumpkins;1
10359;I of the Mourning;The Smashing Pumpkins;1
10360;Lily (My One and Only);The Smashing Pumpkins;1
10361;Raindrops + Sunshowers;The Smashing Pumpkins;1
10362;The Crying Tree Of Mercury;The Smashing Pumpkins;1
10363;The Everlasting Gaze;The Smashing Pumpkins;1
10364;The Imploding Voice;The Smashing Pumpkins;1
10365;The Sacred and Profane;The Smashing Pumpkins;1
10366;With Every Light;The Smashing Pumpkins;1
10367;Wound;The Smashing Pumpkins;1
10368;A Rush and a Push and the Land Is Ours;The Smiths;1
10369;Back to the Old House;The Smiths;1
10370;Death at One's Elbow;The Smiths;1
10371;Girl Afraid;The Smiths;1
10372;Paint a Vulgar Picture;The Smiths;1
10373;Panic;The Smiths;1
10374;Some Girls Are Bigger Than Others;The Smiths;1
10375;Stop Me If You Think You've Heard This One Before;The Smiths;1
10376;The Boy With The Thorn In His Side;The Smiths;1
10377;Unhappy Birthday;The Smiths;1
10378;Vicar in a Tutu;The Smiths;1
10379;Little Bitch;The Specials;1
10380;Flowers on the Wall;The Statler Brothers;1
10381;Fools Gold;The Stone Roses;1
10382;Death Trip;The Stooges;1
10383;Gimme Danger;The Stooges;1
10384;I Need Somebody;The Stooges;1
10385;Penetration;The Stooges;1
10386;Raw Power;The Stooges;1
10387;Search and Destroy;The Stooges;1
10388;Shake Appeal;The Stooges;1
10389;Your Pretty Face Is Going to Hell;The Stooges;1
10390;12:51;The Strokes;1
10391;Automatic Stop;The Strokes;1
10392;Between Love & Hate;The Strokes;1
10393;I Can't Win;The Strokes;1
10394;Meet Me in the Bathroom;The Strokes;1
10395;The End Has No End;The Strokes;1
10396;The Way It Is;The Strokes;1
10397;What Ever Happened?;The Strokes;1
10398;You Talk Way Too Much;The Strokes;1
10399;Reward;The Teardrop Explodes;1
10400;Here She Comes Now;The Velvet Underground;1
10401;I Heard Her Call My Name;The Velvet Underground;1
10402;Lady Godiva's Operation;The Velvet Underground;1
10403;Sister Ray;The Velvet Underground;1
10404;The Gift;The Velvet Underground;1
10405;White Light - White Heat;The Velvet Underground;1
10406;Life's An Ocean;The Verve;1
10407;Stormy Clouds;The Verve;1
10408;Stormy Clouds (Reprise);The Verve;1
10409;Animal Machine;The Vines;1
10410;Ride;The Vines;1
10411;6th Avenue Heartache;The Wallflowers;1
10412;Bleeders;The Wallflowers;1
10413;Invisible City;The Wallflowers;1
10414;Josephine;The Wallflowers;1
10415;Laughing Out Loud;The Wallflowers;1
10416;The Difference;The Wallflowers;1
10417;Three Marlenas;The Wallflowers;1
10418;As Ugly as I Seem;The White Stripes;1
10419;Blue Orchid;The White Stripes;1
10420;Dead Leaves and the Dirty Ground;The White Stripes;1
10421;Expecting;The White Stripes;1
10422;Fell in Love With a Girl;The White Stripes;1
10423;Forever for Her (Is Over for Me);The White Stripes;1
10424;Girl, You Have No Faith in Medicine;The White Stripes;1
10425;Hotel Yorba;The White Stripes;1
10426;Hypnotize;The White Stripes;1
10427;I Think I Smell a Rat;The White Stripes;1
10428;I'm Finding It Harder to Be a Gentleman;The White Stripes;1
10429;I'm Lonely (But I Ain't That Lonely Yet);The White Stripes;1
10430;Instinct Blues;The White Stripes;1
10431;Little Acorns;The White Stripes;1
10432;Little Ghost;The White Stripes;1
10433;Little Room;The White Stripes;1
10434;My Doorbell;The White Stripes;1
10435;Offend in Every Way;The White Stripes;1
10436;Passive Manipulation;The White Stripes;1
10437;Red Rain;The White Stripes;1
10438;Take, Take, Take;The White Stripes;1
10439;The Air Near My Fingers;The White Stripes;1
10440;The Denial Twist;The White Stripes;1
10441;The Hardest Button to Button;The White Stripes;1
10442;The Nurse;The White Stripes;1
10443;The Same Boy You've Always Known;The White Stripes;1
10444;The Union Forever;The White Stripes;1
10445;We're Going to Be Friends;The White Stripes;1
10446;Well It's True That We Love One Another;The White Stripes;1
10447;White Moon;The White Stripes;1
10448;1921;The Who;1
10449;A Quick One, While He's Away;The Who;1
10450;Amazing Journey;The Who;1
10451;Christmas;The Who;1
10452;Cobwebs and Strange;The Who;1
10453;Cousin Kevin;The Who;1
10454;Don't Look Away;The Who;1
10455;Eyesight to the Blind (The Haw;The Who;1
10456;Fiddle About;The Who;1
10457;Go to the Mirror!;The Who;1
10458;Heat Wave;The Who;1
10459;I Need You;The Who;1
10460;It's a Boy;The Who;1
10461;It's Hard;The Who;1
10462;Overture;The Who;1
10463;Pinball Wizard;The Who;1
10464;Sally Simpson;The Who;1
10465;See Me, Feel Me/Listening to You;The Who;1
10466;See My Way;The Who;1
10467;Sensation;The Who;1
10468;Smash the Mirror;The Who;1
10469;So Sad About Us;The Who;1
10470;Sparks;The Who;1
10471;The Acid Queen;The Who;1
10472;Tommy, Can You Hear Me?;The Who;1
10473;Tommy's Holiday Camp;The Who;1
10474;Underture;The Who;1
10475;We're Not Gonna Take It;The Who;1
10476;Welcome;The Who;1
10477;Whiskey Man;The Who;1
10478;Welcome to the Cheap Seats;The Wonder Stuff;1
10479;Black Boys;Thin Lizzy;1
10480;Broken Dreams;Thin Lizzy;1
10481;Gonna Creep Up on You;Thin Lizzy;1
10482;Randolph's Tango;Thin Lizzy;1
10483;Slow Blues;Thin Lizzy;1
10484;The hero and madman;Thin Lizzy;1
10485;The Rocker;Thin Lizzy;1
10486;Vagabond Of The Western World;Thin Lizzy;1
10487;Atoms for Peace;Thom Yorke;1
10488;Disposition;Tool;1
10489;Eon Blue Apocalypse;Tool;1
10490;Faaip de Oiad;Tool;1
10491;Lateralus;Tool;1
10492;Mantra;Tool;1
10493;Parabol;Tool;1
10494;Parabola;Tool;1
10495;Reflection;Tool;1
10496;Schism;Tool;1
10497;The Grudge;Tool;1
10498;The Patient;Tool;1
10499;Ticks & Leeches;Tool;1
10500;Triad;Tool;1
10501;Falling Down;Travis;1
10502;Funny Thing;Travis;1
10503;Good Feeling;Travis;1
10504;Happy;Travis;1
10505;I Love You Anyways;Travis;1
10506;Midsummer Nights Dreamin';Travis;1
10507;More Than Us;Travis;1
10508;Side;Travis;1
10509;Tied To The 90's;Travis;1
10510;Babyface;U2;1
10511;Daddy's Gonna Pay For Your Crashed Car;U2;1
10512;Dirty Day;U2;1
10513;Lemon;U2;1
10514;Numb;U2;1
10515;Stay (Faraway, So Close!);U2;1
10516;The First Time;U2;1
10517;The Wanderer;U2;1
10518;Zooropa;U2;1
10519;Born Slippy;Underworld;1
10520;Girl, You'll Be a Woman Soon;Urge Overkill;1
10521;Campus;Vampire Weekend;1
10522;Bottoms Up!;Van Halen;1
10523;Dance the Night Away;Van Halen;1
10524;Runnin' With the Devil;Van Halen;1
10525;Somebody Get Me a Doctor;Van Halen;1
10526;Spanish Fly;Van Halen;1
10527;You're No Good;Van Halen;1
10528;Cleaning Windows;Van Morrison;1
10529;Dweller On The Threshold;Van Morrison;1
10530;Queen Of The Slipstream;Van Morrison;1
10531;Whenever God Shines His Light;Van Morrison;1
10532;Wild Night;Van Morrison;1
10533;Pela Luz Dos Olhos Teus;Vinícius de Moraes;1
10534;A Las Cosas Por Su Nombre;Violadores del Verso;1
10535;Asómate;Violadores del Verso;1
10536;Filosofía y Letras;Violadores del Verso;1
10537;Nada más;Violadores del Verso;1
10538;Pura Droga Sin Cortar;Violadores del Verso;1
10539;American Gigolo;Weezer;1
10540;Burndt Jamb;Weezer;1
10541;Crab;Weezer;1
10542;Death and Destruction;Weezer;1
10543;December;Weezer;1
10544;Dope Nose;Weezer;1
10545;Fall Together;Weezer;1
10546;Glorious Day;Weezer;1
10547;Island in the Sun;Weezer;1
10548;Keep Fishin';Weezer;1
10549;Knock-Down Drag-Out;Weezer;1
10550;Love Explosion;Weezer;1
10551;O Girlfriend;Weezer;1
10552;Photograph;Weezer;1
10553;Possibilities;Weezer;1
10554;Simple Pages;Weezer;1
10555;Slave;Weezer;1
10556;Slob;Weezer;1
10557;Smile;Weezer;1
10558;Space Rock;Weezer;1
10559;Take Control;Weezer;1
10560;A Shot In The Arm;Wilco;1
10561;How To Fight Loneliness;Wilco;1
10562;I Can't Stand It;Wilco;1
10563;I'm Always In Love;Wilco;1
10564;In A Future Age;Wilco;1
10565;My Darling;Wilco;1
10566;Nothing'severgonnastandinmyway(again);Wilco;1
10567;Pieholden Suite;Wilco;1
10568;She's A Jar;Wilco;1
10569;Summer Teeth;Wilco;1
10570;Via Chicago;Wilco;1
10571;When You Wake Up Feeling Old;Wilco;1
10572;Band On The Run;Wings;1
10573;Bip Bop;Wings;1
10574;Bip Bop Link (instrumental);Wings;1
10575;Dear Friend;Wings;1
10576;Helen Wheels;Wings;1
10577;I Am Your Singer;Wings;1
10578;Let Me Roll It;Wings;1
10579;Love Is Strange;Wings;1
10580;Mamunia;Wings;1
10581;Mrs. Vandebilt;Wings;1
10582;Mumbo;Wings;1
10583;Nineteen Hundred Eighty Five;Wings;1
10584;No Words;Wings;1
10585;Picasso's Last Words (Drink To;Wings;1
10586;Some People Never Know;Wings;1
10587;Tomorrow;Wings;1
10588;Wild Life;Wings;1
10589;Conclusion;Wu-Tang Clan;1
10590;Method Man [Skunk Mix];Wu-Tang Clan;1
10591;Tearz;Wu-Tang Clan;1
10592;Wu-Tang 7th Chamber - Part 2;Wu-Tang Clan;1
10593;A quai;Yann Tiersen;1
10594;Comptine d'un autre été, l'après midi;Yann Tiersen;1
10595;G. Khan, R.A.Whiting, H. Akst / Guilty;Yann Tiersen;1
10596;J'y suis jamais allé;Yann Tiersen;1
10597;L'autre valse d'Amelie;Yann Tiersen;1
10598;La Noyée;Yann Tiersen;1
10599;La Valse d'Amélie;Yann Tiersen;1
10600;Le Moulin;Yann Tiersen;1
10601;Please Sister;The Cardigans;1
10602;A Good Horse;The Cardigans;1
10603;Couldn't Care Less;The Cardigans;1
10604;For What It's Worth;The Cardigans;1
10605;Lead Me Into The Night;The Cardigans;1
10606;Feathers And Down;The Cardigans;1
10607;Piku;The Chemical Brothers;1
10608;You Talk Way Too Much;The Strokes;1
10609;Automatic Stop;The Strokes;1
10610;The State We're In;The Chemical Brothers;1
10611;Dig Your Own Hole;The Chemical Brothers;1
10612;Elektrobank;The Chemical Brothers;1
10613;Where Do I Begin;The Chemical Brothers;1
10614;Life Is Sweet;The Chemical Brothers;1
10615;It Doesn't Matter;The Chemical Brothers;1
10616;The Bob (medley);Roxy Music;1
10617;Fuck Up Beats;The Chemical Brothers;1
10618;Playground for a Wedgeless Firm;The Chemical Brothers;1
10619;For Absent Friends;Genesis;1
10620;Chance Meeting;Roxy Music;1
10621;Seven Stones;Genesis;1
10622;Bitters End;Roxy Music;1
10623;Three Little Birdies Down Beat;The Chemical Brothers;1
10624;Can-Utility And The Coastliner;Genesis;1
10625;03.45: No Sleep;The Cardigans;1
10626;Mr. Speed;Kiss;1
10627;Sea Breezes;Roxy Music;1
10628;18th Avenue (Kansas City Nightmare);Cat Stevens;1
10629;Re-Make-Re-Model;Roxy Music;1
10630;Would You Believe?;Roxy Music;1
10631;O' Caritas;Cat Stevens;1
10632;Galvanize;The Chemical Brothers;1
10633;02- My Girl;Madness;1
10634;08- Int The Middle Of The Night;Madness;1
